order_id,customer_id,order_date,status,sales_channel,shipping_city
O000001,C0096,2026-08-26,Delivered,Marketplace,Multan
O000002,C0492,2026-02-07,Delivered,Website,Karachi
O000003,C0002,2026-01-26,Delivered,Website,Karachi
O000004,C0444,2026-08-17,Delivered,Website,Lahore
O000005,C0170,2026-08-23,Delivered,Mobile App,Karachi
O000006,C0577,2026-02-10,Delivered,Website,Lahore
O000007,C0286,2026-04-08,Returned,Website,Islamabad
O000008,C0163,2026-06-02,Delivered,Mobile App,Islamabad
O000009,C0146,2026-02-17,Delivered,Website,Rawalpindi
O000010,C0496,2026-03-21,Delivered,Mobile App,Karachi
O000011,C0242,2026-04-07,Cancelled,Website,Karachi
O000012,C0212,2026-06-05,Delivered,Website,Peshawar
O000013,C0442,2026-03-16,Delivered,Website,Karachi
O000014,C0323,2026-04-11,Cancelled,Website,Karachi
O000015,C0399,2026-03-12,Delivered,Mobile App,Lahore
O000016,C0268,2026-07-04,Returned,Website,Rawalpindi
O000017,C0039,2026-02-07,Delivered,Mobile App,Karachi
O000018,C0004,2026-02-26,Delivered,Mobile App,Multan
O000019,C0024,2026-03-02,Shipped,Website,Karachi
O000020,C0345,,Cancelled,Marketplace,Multan
O000021,C0309,2026-08-18,Delivered,Marketplace,Karachi
O000022,C0449,2026-05-02,Delivered,Website,Rawalpindi
O000023,C0537,2026-02-08,Delivered,Marketplace,Lahore
O000024,C0105,2026-07-03,Delivered,Website,Peshawar
O000025,C0575,2026-04-30,Delivered,Mobile App,Lahore
O000026,C0559,2026-07-26,Delivered,Website,Peshawar
O000027,C0370,2026-03-29,Delivered,Mobile App,Rawalpindi
O000028,C0319,2026-08-31,Delivered,Mobile App,Islamabad
O000029,C0106,2026-07-16,Delivered,Marketplace,Karachi
O000030,C0107,2026-02-24,Delivered,Marketplace,Karachi
O000031,C0012,2026-06-26,Delivered,Website,Multan
O000032,C0388,2026-03-11,Delivered,Mobile App,Multan
O000033,C0260,2026-03-26,Delivered,Website,Karachi
O000034,C0116,2026-03-02,Delivered,Website,Karachi
O000035,C0081,2026-06-15,Delivered,Website,Karachi
O000036,C0039,2026-03-05,Delivered,Marketplace,Karachi
O000037,C0385,2026-06-05,Delivered,Mobile App,Karachi
O000038,C0412,2026-05-22,Delivered,Website,Peshawar
O000039,C0379,2026-07-02,Delivered,Marketplace,Karachi
O000040,C0067,2026-08-30,Delivered,Mobile App,Multan
O000041,C0025,2026-01-03,Delivered,Website,Multan
O000042,C0064,2026-08-29,Delivered,Website,Karachi
O000043,C0451,2026-01-27,Delivered,Mobile App,Lahore
O000044,C0444,2026-05-09,Delivered,Mobile App,Lahore
O000045,C0177,2026-03-24,Delivered,Website,Karachi
O000046,C0034,2026-06-05,Delivered,Mobile App,Rawalpindi
O000047,C0192,2026-06-25,Delivered,Website,Islamabad
O000048,C0486,2026-07-28,Delivered,Mobile App,Karachi
O000049,C0087,2026-04-08,Delivered,Website,Multan
O000050,C0478,2026-08-15,Delivered,Website,Karachi
O000051,C0279,2026-03-20,Delivered,Website,Karachi
O000052,C0085,2026-02-19,Delivered,Mobile App,Multan
O000053,C0561,2026-04-03,Delivered,Website,Karachi
O000054,C0312,2026-05-09,Delivered,Website,Karachi
O000055,C0403,2026-06-12,Delivered,Website,Karachi
O000056,C0058,2026-07-22,Delivered,Marketplace,Karachi
O000057,C0223,2026-02-24,Delivered,Website,Lahore
O000058,C0380,2026-03-15,Returned,Website,Islamabad
O000059,C0388,2026-08-17,Delivered,Website,Lahore
O000060,C0038,2026-04-17,Delivered,Mobile App,Lahore
O000061,C0363,2026-02-28,Delivered,Website,Karachi
O000062,C0567,2026-08-28,Delivered,Website,Lahore
O000063,C0472,2026-04-20,Delivered,Marketplace,Multan
O000064,C0125,2026-08-28,Delivered,Mobile App,Rawalpindi
O000065,C0548,2026-08-12,Delivered,Mobile App,Rawalpindi
O000066,C0410,2026-08-09,Delivered,Website,Karachi
O000067,C0035,2026-05-22,Delivered,Marketplace,Lahore
O000068,C0077,2026-07-14,Delivered,Marketplace,Peshawar
O000069,C0553,2026-08-22,Returned,Mobile App,Multan
O000070,C0126,2026-03-07,Delivered,Mobile App,Rawalpindi
O000071,C0059,2026-01-10,Delivered,Marketplace,Lahore
O000072,C0271,2026-03-19,Delivered,Marketplace,Karachi
O000073,C0316,2026-06-04,Delivered,Website,Karachi
O000074,C0344,2026-05-13,Shipped,Marketplace,Karachi
O000075,C0396,2026-01-20,Delivered,Mobile App,Lahore
O000076,C0600,2026-05-17,Delivered,Mobile App,Karachi
O000077,C0456,2026-02-12,Delivered,Website,Lahore
O000078,C0016,2026-05-03,Shipped,Website,Islamabad
O000079,C0054,2026-05-20,Delivered,Mobile App,Islamabad
O000080,C0001,2026-06-04,Cancelled,Mobile App,Lahore
O000081,C0238,2026-04-11,Shipped,Website,Karachi
O000082,C0211,2026-04-10,Delivered,Mobile App,Lahore
O000083,C0561,2026-06-14,Shipped,Website,Multan
O000084,C0220,2026-07-02,Cancelled,Mobile App,Lahore
O000085,C0019,2026-07-16,Delivered,Mobile App,Peshawar
O000086,C0531,2026-03-23,Delivered,Mobile App,Lahore
O000087,C0157,2026-04-14,Delivered,Website,Islamabad
O000088,C0548,2026-03-22,Delivered,Website,Lahore
O000089,C0465,2026-05-09,Delivered,Website,Islamabad
O000090,C0529,2026-01-31,Delivered,Mobile App,Multan
O000091,C0492,2026-04-15,Delivered,Marketplace,Lahore
O000092,C0086,2026-02-15,Delivered,Mobile App,Rawalpindi
O000093,C0376,2026-05-10,Delivered,Mobile App,Multan
O000094,C0248,2026-07-26,Delivered,Website,Rawalpindi
O000095,C0378,2026-08-28,Delivered,Website,Karachi
O000096,C0448,2026-04-19,Delivered,Marketplace,Karachi
O000097,C0301,2026-01-14,Delivered,Mobile App,Multan
O000098,C0188,2026-02-25,Delivered,Website,Rawalpindi
O000099,C0550,2026-01-26,Delivered,Mobile App,Multan
O000100,C0398,2026-07-04,Cancelled,Mobile App,Karachi
O000101,C0532,2026-08-28,Delivered,Website,Rawalpindi
O000102,C0143,2026-05-15,Delivered,Website,Peshawar
O000103,C0503,2026-02-12,Delivered,Mobile App,Peshawar
O000104,C0195,2026-01-06,Delivered,Website,Rawalpindi
O000105,C0277,2026-08-26,Delivered,Website,Karachi
O000106,C0517,2026-03-18,Delivered,Mobile App,Islamabad
O000107,C0213,2026-01-28,Delivered,Marketplace,Islamabad
O000108,C0151,2026-02-13,Delivered,Website,Karachi
O000109,C0550,2026-03-04,Delivered,Website,Karachi
O000110,C0579,2026-06-09,Delivered,Mobile App,Multan
O000111,C0187,2026-08-05,Delivered,Website,Karachi
O000112,C0184,2026-03-08,Returned,Marketplace,Lahore
O000113,C0137,2026-06-16,Delivered,Mobile App,Islamabad
O000114,C0015,2026-01-16,Cancelled,Website,Multan
O000115,C0332,2026-01-03,Delivered,Mobile App,Islamabad
O000116,C0153,2026-01-14,Delivered,Website,Karachi
O000117,C0510,2026-08-13,Delivered,Mobile App,Karachi
O000118,C0103,2026-05-22,Delivered,Marketplace,Karachi
O000119,C0382,2026-07-15,Delivered,Website,Karachi
O000120,C0305,2026-01-06,Shipped,Website,Peshawar
O000121,C0368,2026-01-06,Delivered,Marketplace,Lahore
O000122,C0068,2026-07-26,Delivered,Website,Karachi
O000123,C0280,2026-01-25,Delivered,Website,Peshawar
O000124,C0376,2026-02-07,Delivered,Website,Karachi
O000125,C0205,2026-05-07,Delivered,Website,Karachi
O000126,C0525,2026-05-28,Delivered,Mobile App,Lahore
O000127,C0318,2026-02-25,Delivered,Website,Karachi
O000128,C0218,2026-04-19,Delivered,Website,Karachi
O000129,C0019,2026-06-13,Delivered,Website,Multan
O000130,C0102,2026-04-18,Delivered,Mobile App,Peshawar
O000131,C0286,2026-04-03,Delivered,Marketplace,Rawalpindi
O000132,C0241,2026-01-18,Delivered,Mobile App,Islamabad
O000133,C0523,2026-04-20,Shipped,Mobile App,Karachi
O000134,C0472,2026-07-15,Returned,Mobile App,Peshawar
O000135,C0096,2026-06-02,Delivered,Website,Lahore
O000136,C0355,2026-08-06,Delivered,Website,Karachi
O000137,C0273,2026-01-31,Delivered,Website,Karachi
O000138,C0061,2026-01-03,Delivered,Website,Lahore
O000139,C0400,2026-05-14,Delivered,Marketplace,Karachi
O000140,C0323,2026-02-13,Delivered,Website,Karachi
O000141,C0053,2026-05-25,Delivered,Marketplace,Karachi
O000142,C0281,2026-08-08,Returned,Website,Lahore
O000143,C0440,2026-03-23,Delivered,Website,Karachi
O000144,C0197,2026-05-14,Returned,Website,Lahore
O000145,C0215,2026-06-15,Delivered,Website,Karachi
O000146,C0067,2026-02-06,Delivered,Website,Islamabad
O000147,C0123,2026-08-07,Delivered,Mobile App,Karachi
O000148,C0589,2026-02-19,Delivered,Mobile App,Lahore
O000149,C0373,2026-07-16,Delivered,Mobile App,Islamabad
O000150,C0106,2026-06-10,Delivered,Marketplace,Islamabad
O000151,C0290,2026-02-04,Delivered,Mobile App,Karachi
O000152,C0116,2026-06-26,Delivered,Marketplace,Lahore
O000153,C0266,2026-02-17,Delivered,Website,Peshawar
O000154,C0088,2026-05-26,Delivered,Website,Karachi
O000155,C0372,2026-08-22,Delivered,Website,Lahore
O000156,C0343,2026-08-20,Delivered,Mobile App,Lahore
O000157,C0381,2026-07-31,Delivered,Mobile App,Peshawar
O000158,C0267,2026-05-01,Delivered,Mobile App,Lahore
O000159,C0172,2026-05-16,Delivered,Marketplace,Multan
O000160,C0150,2026-03-14,Cancelled,Website,Islamabad
O000161,C0130,2026-08-12,Delivered,Mobile App,Lahore
O000162,C0258,2026-04-26,Delivered,Mobile App,Karachi
O000163,C0271,2026-07-07,Delivered,Mobile App,Islamabad
O000164,C0405,2026-03-29,Shipped,Website,Karachi
O000165,C0032,2026-06-29,Delivered,Website,Lahore
O000166,C0170,2026-02-24,Delivered,Website,Karachi
O000167,C0512,2026-06-28,Delivered,Mobile App,Islamabad
O000168,C0550,2026-01-12,Delivered,Website,Rawalpindi
O000169,C0559,2026-01-26,Cancelled,Website,Multan
O000170,C0184,2026-03-27,Delivered,Mobile App,Karachi
O000171,C0083,2026-04-28,Delivered,Mobile App,Multan
O000172,C0119,2026-06-22,Delivered,Marketplace,Peshawar
O000173,C0080,2026-03-29,Delivered,Mobile App,Peshawar
O000174,C0573,2026-01-05,Delivered,Mobile App,Rawalpindi
O000175,C0531,2026-03-21,Returned,Website,Karachi
O000176,C0487,2026-04-17,Returned,Mobile App,Peshawar
O000177,C0438,2026-05-13,Delivered,Website,Islamabad
O000178,C0206,2026-06-06,Delivered,Website,Rawalpindi
O000179,C0286,2026-03-02,Returned,Marketplace,Karachi
O000180,C0505,2026-05-29,Delivered,Mobile App,Karachi
O000181,C0489,2026-06-03,Delivered,Mobile App,Karachi
O000182,C0312,2026-07-08,Delivered,Mobile App,Lahore
O000183,C0503,2026-05-07,Delivered,Mobile App,Lahore
O000184,C0209,2026-07-16,Delivered,Website,Multan
O000185,C0249,2026-02-23,Returned,Website,Karachi
O000186,C0504,2026-06-22,Delivered,Website,Karachi
O000187,C0226,2026-01-12,Delivered,Website,Karachi
O000188,C0452,2026-01-25,Delivered,Website,Karachi
O000189,C0272,2026-07-30,Delivered,Mobile App,Lahore
O000190,C0179,2026-04-26,Delivered,Website,Rawalpindi
O000191,C0132,2026-05-31,Delivered,Mobile App,Multan
O000192,C0365,2026-05-27,Shipped,Marketplace,Karachi
O000193,C0288,2026-06-18,Delivered,Website,Karachi
O000194,C0222,2026-03-01,Delivered,Mobile App,Rawalpindi
O000195,C0446,2026-02-13,Delivered,Website,Karachi
O000196,C0001,2026-01-11,Delivered,Marketplace,Rawalpindi
O000197,C0056,2026-07-30,Delivered,Mobile App,Islamabad
O000198,C0578,2026-02-24,Cancelled,Website,Peshawar
O000199,C0399,2026-05-20,Delivered,Website,Karachi
O000200,C0330,2026-04-21,Delivered,Marketplace,Multan
O000201,C0009,2026-02-09,Delivered,Website,Multan
O000202,C0360,2026-04-11,Delivered,Mobile App,Karachi
O000203,C0261,2026-01-21,Delivered,Website,Lahore
O000204,C0360,2026-02-12,Delivered,Mobile App,Lahore
O000205,C0025,2026-02-03,Delivered,Website,Karachi
O000206,C0331,2026-07-20,Delivered,Website,Multan
O000207,C0347,2026-05-18,Delivered,Website,Karachi
O000208,C0175,2026-08-13,Delivered,Website,Karachi
O000209,C0033,2026-04-16,Delivered,Mobile App,Karachi
O000210,C0583,2026-02-18,Delivered,Mobile App,Islamabad
O000211,C0426,2026-05-28,Delivered,Website,Peshawar
O000212,C0374,2026-08-14,Delivered,Website,Islamabad
O000213,C0461,2026-05-10,Delivered,Website,Islamabad
O000214,C0403,2026-01-05,Delivered,Mobile App,Karachi
O000215,C0081,2026-03-15,Delivered,Mobile App,Rawalpindi
O000216,C0273,2026-08-13,Shipped,Marketplace,Lahore
O000217,C0534,2026-05-06,Delivered,Marketplace,Lahore
O000218,C0173,2026-08-20,Delivered,Website,Islamabad
O000219,C0584,2026-05-04,Returned,Website,Multan
O000220,C0039,2026-01-03,Delivered,Marketplace,Rawalpindi
O000221,C0199,2026-08-01,Delivered,Website,Islamabad
O000222,C0211,2026-07-05,Shipped,Website,Lahore
O000223,C0371,2026-06-23,Delivered,Website,Karachi
O000224,C0106,2026-08-24,Delivered,Mobile App,Lahore
O000225,C0138,2026-02-17,Delivered,Mobile App,Islamabad
O000226,C0398,2026-08-09,Shipped,Marketplace,Rawalpindi
O000227,C0171,2026-02-26,Shipped,Website,Islamabad
O000228,C0528,2026-08-24,Shipped,Website,Karachi
O000229,C0523,2026-02-16,Delivered,Website,Karachi
O000230,C0182,2026-05-14,Delivered,Mobile App,Karachi
O000231,C0336,2026-07-11,Cancelled,Website,Rawalpindi
O000232,C0200,2026-01-19,Delivered,Marketplace,Multan
O000233,C0207,2026-01-17,Delivered,Mobile App,Lahore
O000234,C0403,2026-07-26,Delivered,Mobile App,Islamabad
O000235,C0176,2026-01-15,Shipped,Mobile App,Rawalpindi
O000236,C0090,2026-05-30,Delivered,Website,Karachi
O000237,C0156,2026-08-16,Delivered,Mobile App,Karachi
O000238,C0558,2026-05-30,Cancelled,Website,Karachi
O000239,C0156,2026-04-27,Cancelled,Mobile App,Multan
O000240,C0219,2026-04-12,Returned,Mobile App,Karachi
O000241,C0378,2026-06-05,Delivered,Mobile App,Lahore
O000242,C0061,2026-05-19,Delivered,Website,Lahore
O000243,C0162,2026-05-02,Delivered,Marketplace,Islamabad
O000244,C0105,2026-02-07,Delivered,Marketplace,Karachi
O000245,C0555,2026-06-11,Shipped,Mobile App,Multan
O000246,C0560,2026-06-29,Delivered,Marketplace,Karachi
O000247,C0454,2026-06-22,Delivered,Mobile App,Multan
O000248,C0149,2026-01-19,Delivered,Website,Islamabad
O000249,C0370,2026-06-20,Delivered,Website,Lahore
O000250,C0398,2026-06-27,Shipped,Website,Rawalpindi
O000251,C0522,2026-02-14,Delivered,Mobile App,Lahore
O000252,C0094,2026-07-26,Delivered,Mobile App,Karachi
O000253,C0442,2026-05-08,Delivered,Website,Rawalpindi
O000254,C0117,2026-04-25,Delivered,Website,Islamabad
O000255,C0342,2026-06-25,Delivered,Mobile App,Lahore
O000256,C0528,2026-05-04,Cancelled,Mobile App,Rawalpindi
O000257,C0038,2026-05-13,Delivered,Marketplace,Islamabad
O000258,C0089,2026-03-17,Delivered,Website,Lahore
O000259,C0488,2026-08-14,Delivered,Mobile App,Karachi
O000260,C0012,2026-08-24,Delivered,Website,Karachi
O000261,C0412,2026-02-01,Delivered,Website,Islamabad
O000262,C0301,2026-06-28,Delivered,Mobile App,Karachi
O000263,C0208,2026-01-06,Delivered,Website,Karachi
O000264,C0518,2026-03-31,Delivered,Mobile App,Rawalpindi
O000265,C0510,2026-08-24,Shipped,Website,Karachi
O000266,C0196,2026-02-12,Cancelled,Website,Karachi
O000267,C0003,2026-04-02,Delivered,Mobile App,Peshawar
O000268,C0077,2026-02-23,Delivered,Website,Rawalpindi
O000269,C0065,2026-06-26,Delivered,Website,Rawalpindi
O000270,C0590,2026-04-23,Delivered,Website,Lahore
O000271,C0359,2026-05-25,Delivered,Website,Islamabad
O000272,C0407,2026-08-18,Delivered,Mobile App,Multan
O000273,C0139,2026-05-07,Delivered,Website,Karachi
O000274,C0511,2026-06-28,Cancelled,Mobile App,Karachi
O000275,C0434,2026-01-24,Shipped,Mobile App,Karachi
O000276,C0452,2026-02-22,Delivered,Mobile App,Multan
O000277,C0281,2026-08-19,Delivered,Mobile App,Karachi
O000278,C0419,2026-07-28,Delivered,Mobile App,Lahore
O000279,C0327,2026-06-09,Delivered,Marketplace,Lahore
O000280,C0231,2026-04-02,Delivered,Website,Multan
O000281,C0357,2026-02-18,Delivered,Mobile App,Karachi
O000282,C0195,2026-07-26,Delivered,Website,Lahore
O000283,C0572,2026-07-10,Delivered,Mobile App,Multan
O000284,C0431,2026-02-28,Delivered,Mobile App,Karachi
O000285,C0444,2026-05-24,Delivered,Website,Islamabad
O000286,C0431,2026-05-31,Delivered,Website,Karachi
O000287,C0270,2026-04-27,Delivered,Website,Karachi
O000288,C0571,2026-08-14,Delivered,Website,Karachi
O000289,C0125,2026-01-31,Delivered,Mobile App,Karachi
O000290,C0342,2026-03-04,Delivered,Website,Karachi
O000291,C0042,2026-01-24,Delivered,Mobile App,Peshawar
O000292,C0177,2026-06-18,Delivered,Marketplace,Lahore
O000293,C0345,2026-06-06,Delivered,Website,Lahore
O000294,C0294,2026-08-28,Delivered,Website,Rawalpindi
O000295,C0565,2026-05-12,Delivered,Website,Multan
O000296,C0369,2026-02-06,Delivered,Marketplace,Karachi
O000297,C0247,2026-04-20,Delivered,Website,Karachi
O000298,C0257,2026-01-22,Delivered,Website,Karachi
O000299,C0367,2026-06-13,Delivered,Marketplace,Peshawar
O000300,C0475,2026-06-13,Delivered,Mobile App,Peshawar
O000301,C0166,2026-07-28,Delivered,Website,Lahore
O000302,C0351,2026-03-24,Delivered,Marketplace,Karachi
O000303,C0345,2026-03-17,Delivered,Marketplace,Lahore
O000304,C0006,2026-01-18,Delivered,Mobile App,Islamabad
O000305,C0548,2026-04-11,Delivered,Website,Karachi
O000306,C0342,2026-04-26,Delivered,Mobile App,Karachi
O000307,C0146,2026-07-03,Delivered,Website,Karachi
O000308,C0381,2026-07-03,Delivered,Website,Rawalpindi
O000309,C0407,2026-02-04,Delivered,Website,Multan
O000310,C0550,2026-03-11,Delivered,Mobile App,Karachi
O000311,C0021,2026-05-05,Delivered,Mobile App,Multan
O000312,C0249,2026-03-23,Delivered,Marketplace,Lahore
O000313,C0109,2026-01-07,Delivered,Mobile App,Islamabad
O000314,C0345,2026-07-25,Delivered,Website,Peshawar
O000315,C0301,2026-06-27,Returned,Website,Lahore
O000316,C0285,2026-05-07,Delivered,Mobile App,Karachi
O000317,C0590,2026-03-19,Delivered,Website,Karachi
O000318,C0319,2026-07-24,Delivered,Website,Peshawar
O000319,C0247,2026-01-09,Delivered,Mobile App,Lahore
O000320,C0041,2026-04-19,Delivered,Website,Karachi
O000321,C0174,2026-07-14,Delivered,Website,Islamabad
O000322,C0539,2026-08-20,Delivered,Mobile App,Karachi
O000323,C0272,2026-03-03,Delivered,Marketplace,Karachi
O000324,C0547,2026-06-08,Delivered,Mobile App,Peshawar
O000325,C0320,2026-02-16,Delivered,Website,Lahore
O000326,C0329,2026-01-29,Delivered,Mobile App,Karachi
O000327,C0258,2026-03-27,Delivered,Marketplace,Lahore
O000328,C0334,2026-08-04,Delivered,Website,Multan
O000329,C0041,2026-06-17,Shipped,Mobile App,Karachi
O000330,C0035,2026-04-29,Delivered,Mobile App,Karachi
O000331,C0286,2026-03-10,Delivered,Mobile App,Lahore
O000332,C0359,2026-02-04,Cancelled,Website,Karachi
O000333,C0331,2026-03-07,Delivered,Marketplace,Karachi
O000334,C0258,2026-02-07,Delivered,Website,Karachi
O000335,C0177,2026-02-15,Returned,Website,Karachi
O000336,C0426,2026-06-17,Delivered,Website,Islamabad
O000337,C0363,2026-02-02,Delivered,Website,Karachi
O000338,C0029,2026-01-12,Delivered,Website,Lahore
O000339,C0272,2026-05-12,Delivered,Mobile App,Rawalpindi
O000340,C0427,2026-03-11,Delivered,Marketplace,Karachi
O000341,C0471,2026-04-21,Delivered,Website,Karachi
O000342,C0173,2026-02-03,Cancelled,Mobile App,Multan
O000343,C0555,2026-02-21,Delivered,Marketplace,Islamabad
O000344,C0392,2026-04-18,Delivered,Website,Islamabad
O000345,C0263,2026-06-17,Shipped,Mobile App,Lahore
O000346,C0377,2026-04-11,Delivered,Marketplace,Multan
O000347,C0523,2026-05-12,Delivered,Mobile App,Karachi
O000348,C0137,2026-05-07,Delivered,Mobile App,Karachi
O000349,C0091,2026-03-07,Delivered,Marketplace,Peshawar
O000350,C0265,2026-03-09,Shipped,Mobile App,Karachi
O000351,C0051,2026-04-14,Delivered,Website,Lahore
O000352,C0502,2026-01-08,Delivered,Website,Karachi
O000353,C0583,2026-06-16,Delivered,Mobile App,Karachi
O000354,C0364,2026-05-30,Delivered,Website,Islamabad
O000355,C0588,2026-03-16,Delivered,Website,Lahore
O000356,C0042,2026-04-01,Shipped,Website,Lahore
O000357,C0380,2026-03-21,Delivered,Mobile App,Karachi
O000358,C0266,2026-06-08,Delivered,Mobile App,Karachi
O000359,C0167,2026-07-04,Delivered,Website,Rawalpindi
O000360,C0188,2026-01-27,Delivered,Website,Karachi
O000361,C0328,2026-04-11,Delivered,Website,Islamabad
O000362,C0385,2026-01-04,Delivered,Website,Lahore
O000363,C0099,2026-04-20,Delivered,Mobile App,Karachi
O000364,C0369,2026-03-02,Delivered,Website,Karachi
O000365,C0556,2026-03-23,Delivered,Marketplace,Peshawar
O000366,C0007,2026-04-21,Delivered,Website,Lahore
O000367,C0528,2026-03-20,Delivered,Website,Karachi
O000368,C0365,2026-04-06,Delivered,Marketplace,Multan
O000369,C0206,2026-07-05,Delivered,Website,Karachi
O000370,C0441,2026-07-16,Delivered,Website,Peshawar
O000371,C0371,2026-01-02,Delivered,Website,Karachi
O000372,C0462,2026-04-02,Cancelled,Mobile App,Lahore
O000373,C0049,2026-07-25,Shipped,Website,Lahore
O000374,C0036,2026-05-09,Delivered,Mobile App,Karachi
O000375,C0386,2026-02-19,Delivered,Mobile App,Rawalpindi
O000376,C0183,2026-05-25,Delivered,Marketplace,Karachi
O000377,C0143,2026-02-05,Delivered,Mobile App,Lahore
O000378,C0253,2026-01-06,Returned,Mobile App,Peshawar
O000379,C0436,2026-06-03,Delivered,Mobile App,Islamabad
O000380,C0108,2026-05-06,Delivered,Website,Lahore
O000381,C0584,2026-07-03,Delivered,Mobile App,Karachi
O000382,C0253,2026-03-25,Delivered,Mobile App,Karachi
O000383,C0091,2026-07-27,Delivered,Website,Multan
O000384,C0043,2026-04-13,Delivered,Mobile App,Islamabad
O000385,C0515,2026-06-29,Delivered,Website,Islamabad
O000386,C0068,2026-01-25,Delivered,Mobile App,Lahore
O000387,C0252,2026-01-24,Delivered,Website,Lahore
O000388,C0402,2026-07-10,Delivered,Website,Karachi
O000389,C0308,2026-07-22,Delivered,Website,Karachi
O000390,C0158,2026-08-18,Delivered,Website,Lahore
O000391,C0065,2026-03-20,Delivered,Website,Karachi
O000392,C0427,2026-01-06,Delivered,Website,Karachi
O000393,C0295,2026-08-27,Delivered,Mobile App,Lahore
O000394,C0029,2026-05-27,Delivered,Website,Lahore
O000395,C0109,2026-03-02,Delivered,Marketplace,Lahore
O000396,C0338,2026-07-05,Delivered,Mobile App,Rawalpindi
O000397,C0102,2026-08-08,Delivered,Website,Islamabad
O000398,C0235,2026-03-11,Delivered,Website,Karachi
O000399,C0075,2026-07-07,Delivered,Website,Rawalpindi
O000400,C0479,2026-07-11,Cancelled,Website,Lahore
O000401,C0379,2026-05-02,Delivered,Mobile App,Lahore
O000402,C0471,2026-06-03,Delivered,Mobile App,Multan
O000403,C0032,2026-03-07,Delivered,Mobile App,Karachi
O000404,C0226,2026-08-14,Delivered,Website,Islamabad
O000405,C0161,2026-08-27,Delivered,Mobile App,Karachi
O000406,C0374,2026-08-27,Delivered,Website,Karachi
O000407,C0493,2026-06-29,Delivered,Mobile App,Lahore
O000408,C0137,2026-01-11,Delivered,Marketplace,Karachi
O000409,C0462,2026-03-31,Cancelled,Website,Karachi
O000410,C0349,2026-04-19,Delivered,Mobile App,Lahore
O000411,C0495,2026-08-22,Delivered,Mobile App,Karachi
O000412,C0049,2026-05-13,Delivered,Mobile App,Lahore
O000413,C0595,2026-05-11,Delivered,Website,Karachi
O000414,C0261,2026-02-05,Delivered,Mobile App,Lahore
O000415,C0169,2026-07-12,Delivered,Website,Lahore
O000416,C0110,2026-03-23,Delivered,Website,Lahore
O000417,C0591,2026-01-23,Delivered,Mobile App,Rawalpindi
O000418,C0531,2026-08-28,Returned,Website,Multan
O000419,C0079,2026-02-16,Shipped,Website,Karachi
O000420,C0267,2026-01-04,Delivered,Marketplace,Lahore
O000421,C0441,2026-01-19,Delivered,Website,Peshawar
O000422,C0355,2026-04-20,Delivered,Mobile App,Islamabad
O000423,C0114,2026-01-26,Returned,Mobile App,Multan
O000424,C0217,2026-07-24,Delivered,Website,Rawalpindi
O000425,C0221,2026-05-05,Delivered,Mobile App,Rawalpindi
O000426,C0174,2026-03-20,Delivered,Mobile App,Karachi
O000427,C0577,2026-01-01,Delivered,Mobile App,Karachi
O000428,C0122,2026-04-27,Delivered,Mobile App,Islamabad
O000429,C0424,2026-02-06,Delivered,Marketplace,Lahore
O000430,C0548,2026-08-26,Delivered,Marketplace,Rawalpindi
O000431,C0477,2026-03-12,Delivered,Website,Multan
O000432,C0480,2026-04-26,Delivered,Website,Karachi
O000433,C0096,2026-01-05,Delivered,Mobile App,Lahore
O000434,C0080,2026-02-01,Returned,Marketplace,Peshawar
O000435,C0470,2026-02-20,Delivered,Mobile App,Peshawar
O000436,C0449,2026-01-13,Delivered,Website,Peshawar
O000437,C0446,2026-06-26,Delivered,Marketplace,Islamabad
O000438,C0252,2026-08-18,Delivered,Website,Multan
O000439,C0315,2026-08-28,Cancelled,Website,Lahore
O000440,C0010,2026-03-06,Delivered,Mobile App,Karachi
O000441,C0175,2026-07-11,Returned,Website,Karachi
O000442,C0318,2026-05-03,Delivered,Mobile App,Lahore
O000443,C0076,2026-01-12,Delivered,Website,Peshawar
O000444,C0079,2026-01-23,Delivered,Mobile App,Lahore
O000445,C0028,2026-05-14,Delivered,Marketplace,Islamabad
O000446,C0126,2026-04-13,Delivered,Website,Lahore
O000447,C0596,2026-01-03,Cancelled,Mobile App,Rawalpindi
O000448,C0418,2026-08-15,Shipped,Mobile App,Karachi
O000449,C0569,2026-06-27,Delivered,Website,Lahore
O000450,C0155,2026-05-03,Cancelled,Mobile App,Karachi
O000451,C0360,2026-08-28,Shipped,Mobile App,Lahore
O000452,C0536,2026-08-24,Delivered,Website,Lahore
O000453,C0212,2026-08-25,Delivered,Marketplace,Islamabad
O000454,C0395,2026-03-04,Delivered,Website,Lahore
O000455,C0416,2026-08-03,Delivered,Website,Multan
O000456,C0500,2026-05-03,Delivered,Website,Multan
O000457,C0582,2026-06-26,Returned,Mobile App,Karachi
O000458,C0370,2026-07-28,Delivered,Marketplace,Karachi
O000459,C0350,2026-02-09,Delivered,Website,Karachi
O000460,C0522,2026-04-19,Delivered,Website,Karachi
O000461,C0411,2026-02-01,Delivered,Website,Karachi
O000462,C0218,2026-03-09,Delivered,Mobile App,Multan
O000463,C0379,2026-04-11,Delivered,Website,Multan
O000464,C0330,2026-07-27,Delivered,Website,Karachi
O000465,C0138,2026-07-29,Delivered,Website,Rawalpindi
O000466,C0310,2026-04-05,Delivered,Website,Peshawar
O000467,C0375,2026-03-21,Delivered,Mobile App,Lahore
O000468,C0543,2026-05-09,Delivered,Mobile App,Peshawar
O000469,C0349,2026-08-10,Delivered,Website,Multan
O000470,C0099,2026-08-26,Delivered,Mobile App,Multan
O000471,C0593,2026-02-25,Delivered,Website,Rawalpindi
O000472,C0347,2026-02-15,Delivered,Mobile App,Lahore
O000473,C0173,2026-06-21,Delivered,Website,Karachi
O000474,C0453,2026-03-15,Cancelled,Website,Multan
O000475,C0231,2026-02-18,Shipped,Mobile App,Karachi
O000476,C0223,2026-01-08,Delivered,Website,Lahore
O000477,C0504,2026-04-08,Delivered,Mobile App,Karachi
O000478,C0521,2026-04-06,Delivered,Website,Lahore
O000479,C0315,2026-05-17,Cancelled,Website,Karachi
O000480,C0224,2026-02-18,Delivered,Mobile App,Peshawar
O000481,C0518,2026-06-23,Delivered,Website,Lahore
O000482,C0104,2026-06-15,Delivered,Website,Lahore
O000483,C0449,2026-04-23,Delivered,Mobile App,Lahore
O000484,C0351,2026-02-14,Delivered,Website,Islamabad
O000485,C0513,2026-05-04,Delivered,Marketplace,Rawalpindi
O000486,C0253,2026-06-13,Delivered,Website,Multan
O000487,C0500,2026-04-01,Delivered,Marketplace,Peshawar
O000488,C0010,2026-03-06,Delivered,Mobile App,Lahore
O000489,C0455,2026-05-04,Delivered,Website,Peshawar
O000490,C0042,2026-03-28,Delivered,Mobile App,Lahore
O000491,C0386,2026-04-08,Cancelled,Mobile App,Islamabad
O000492,C0118,2026-03-26,Delivered,Mobile App,Islamabad
O000493,C0579,2026-03-15,Cancelled,Website,Lahore
O000494,C0462,2026-06-24,Delivered,Marketplace,Lahore
O000495,C0063,2026-04-22,Shipped,Mobile App,Rawalpindi
O000496,C0536,2026-04-24,Delivered,Marketplace,Karachi
O000497,C0152,2026-06-08,Delivered,Mobile App,Rawalpindi
O000498,C0328,2026-03-29,Delivered,Mobile App,Lahore
O000499,C0052,2026-01-25,Returned,Mobile App,Islamabad
O000500,C0064,2026-07-27,Cancelled,Mobile App,Peshawar
O000501,C0145,2026-01-14,Delivered,Marketplace,Karachi
O000502,C0321,2026-05-19,Delivered,Mobile App,Karachi
O000503,C0326,2026-03-06,Delivered,Website,Lahore
O000504,C0514,2026-02-21,Delivered,Mobile App,Karachi
O000505,C0100,2026-01-11,Delivered,Website,Karachi
O000506,C0450,2026-08-07,Delivered,Marketplace,Rawalpindi
O000507,C0004,2026-04-15,Delivered,Mobile App,Karachi
O000508,C0175,2026-03-25,Delivered,Mobile App,Islamabad
O000509,C0106,2026-06-30,Cancelled,Website,Karachi
O000510,C0075,2026-01-10,Delivered,Mobile App,Karachi
O000511,C0351,2026-05-18,Delivered,Website,Lahore
O000512,C0541,2026-05-01,Delivered,Mobile App,Multan
O000513,C0401,2026-05-15,Delivered,Mobile App,Lahore
O000514,C0513,2026-01-31,Delivered,Mobile App,Karachi
O000515,C0355,2026-08-20,Delivered,Website,Lahore
O000516,C0033,2026-02-27,Delivered,Mobile App,Lahore
O000517,C0208,2026-06-14,Delivered,Website,Islamabad
O000518,C0495,2026-07-01,Delivered,Marketplace,Karachi
O000519,C0027,2026-03-25,Delivered,Marketplace,Karachi
O000520,C0059,2026-02-01,Delivered,Mobile App,Lahore
O000521,C0501,2026-03-14,Delivered,Website,Islamabad
O000522,C0038,2026-07-16,Delivered,Website,Peshawar
O000523,C0576,2026-08-09,Delivered,Marketplace,Islamabad
O000524,C0456,2026-08-16,Delivered,Marketplace,Rawalpindi
O000525,C0400,2026-02-24,Delivered,Website,Lahore
O000526,C0322,2026-05-28,Delivered,Mobile App,Lahore
O000527,C0054,2026-02-06,Delivered,Website,Islamabad
O000528,C0249,2026-06-22,Delivered,Website,Karachi
O000529,C0485,2026-04-12,Delivered,Marketplace,Multan
O000530,C0543,2026-06-23,Delivered,Marketplace,Karachi
O000531,C0269,2026-06-16,Delivered,Marketplace,Islamabad
O000532,C0504,2026-08-30,Delivered,Website,Lahore
O000533,C0466,2026-04-29,Delivered,Mobile App,Peshawar
O000534,C0035,2026-03-24,Delivered,Marketplace,Karachi
O000535,C0373,2026-05-09,Delivered,Mobile App,Multan
O000536,C0370,2026-02-09,Delivered,Website,Karachi
O000537,C0326,2026-01-28,Delivered,Mobile App,Karachi
O000538,C0464,2026-05-07,Delivered,Website,Peshawar
O000539,C0534,2026-07-20,Delivered,Mobile App,Karachi
O000540,C0331,2026-05-10,Delivered,Marketplace,Islamabad
O000541,C0193,2026-07-10,Delivered,Website,Lahore
O000542,C0590,2026-02-13,Delivered,Website,Multan
O000543,C0579,2026-04-20,Delivered,Mobile App,Rawalpindi
O000544,C0412,2026-05-29,Shipped,Mobile App,Karachi
O000545,C0385,2026-03-26,Delivered,Website,Peshawar
O000546,C0063,2026-01-04,Delivered,Website,Karachi
O000547,C0241,2026-01-18,Delivered,Mobile App,Islamabad
O000548,C0119,2026-08-14,Delivered,Website,Rawalpindi
O000549,C0309,2026-05-28,Delivered,Mobile App,Rawalpindi
O000550,C0496,2026-03-06,Delivered,Mobile App,Islamabad
O000551,C0135,2026-03-04,Cancelled,Website,Peshawar
O000552,C0599,2026-01-10,Delivered,Mobile App,Lahore
O000553,C0078,2026-08-18,Delivered,Mobile App,Multan
O000554,C0060,2026-01-27,Delivered,Mobile App,Karachi
O000555,C0585,2026-07-04,Delivered,Mobile App,Lahore
O000556,C0061,2026-02-28,Delivered,Website,Rawalpindi
O000557,C0442,2026-03-23,Delivered,Website,Karachi
O000558,C0459,2026-03-08,Delivered,Mobile App,Lahore
O000559,C0199,2026-07-20,Delivered,Website,Rawalpindi
O000560,C0039,2026-01-08,Delivered,Website,Lahore
O000561,C0186,2026-03-27,Delivered,Website,Karachi
O000562,C0042,2026-03-09,Delivered,Mobile App,Karachi
O000563,C0404,2026-03-08,Delivered,Website,Karachi
O000564,C0534,2026-02-16,Cancelled,Marketplace,Karachi
O000565,C0599,2026-08-10,Delivered,Mobile App,Karachi
O000566,C0481,2026-04-03,Delivered,Website,Peshawar
O000567,C0465,2026-04-12,Returned,Mobile App,Karachi
O000568,C0529,2026-04-04,Delivered,Website,Peshawar
O000569,C0462,2026-08-27,Cancelled,Marketplace,Multan
O000570,C0391,2026-03-24,Delivered,Marketplace,Karachi
O000571,C0598,2026-03-25,Delivered,Mobile App,Multan
O000572,C0194,2026-03-21,Delivered,Mobile App,Karachi
O000573,C0248,2026-03-21,Delivered,Marketplace,Islamabad
O000574,C0544,2026-01-22,Delivered,Mobile App,Multan
O000575,C0187,2026-05-27,Delivered,Marketplace,Peshawar
O000576,C0180,2026-01-07,Delivered,Website,Karachi
O000577,C0092,2026-02-24,Delivered,Marketplace,Karachi
O000578,C0166,2026-02-19,Delivered,Mobile App,Karachi
O000579,C0357,2026-03-12,Delivered,Website,Multan
O000580,C0532,2026-07-03,Delivered,Marketplace,Karachi
O000581,C0082,2026-05-26,Cancelled,Mobile App,Lahore
O000582,C0409,2026-08-29,Delivered,Marketplace,Karachi
O000583,C0460,2026-03-27,Delivered,Website,Lahore
O000584,C0538,2026-08-14,Delivered,Mobile App,Lahore
O000585,C0451,2026-01-11,Delivered,Mobile App,Karachi
O000586,C0094,2026-05-03,Delivered,Website,Islamabad
O000587,C0294,2026-07-14,Cancelled,Mobile App,Lahore
O000588,C0572,2026-05-10,Delivered,Mobile App,Lahore
O000589,C0546,2026-08-15,Delivered,Website,Lahore
O000590,C0368,2026-03-18,Cancelled,Mobile App,Lahore
O000591,C0578,2026-01-09,Delivered,Website,Rawalpindi
O000592,C0401,2026-07-08,Delivered,Mobile App,Lahore
O000593,C0039,2026-01-17,Delivered,Marketplace,Lahore
O000594,C0549,2026-07-05,Delivered,Mobile App,Karachi
O000595,C0101,2026-06-28,Delivered,Mobile App,Karachi
O000596,C0229,2026-07-25,Delivered,Website,Peshawar
O000597,C0143,2026-04-27,Delivered,Website,Peshawar
O000598,C0432,2026-08-06,Delivered,Marketplace,Karachi
O000599,C0018,2026-02-11,Delivered,Website,Lahore
O000600,C0385,2026-04-16,Delivered,Website,Lahore
O000601,C0519,2026-01-30,Shipped,Website,Islamabad
O000602,C0473,2026-07-06,Delivered,Mobile App,Karachi
O000603,C0185,2026-06-23,Shipped,Mobile App,Multan
O000604,C0539,2026-07-15,Delivered,Website,Karachi
O000605,C0218,2026-07-05,Delivered,Website,Multan
O000606,C0409,2026-03-16,Delivered,Website,Karachi
O000607,C0305,2026-01-17,Delivered,Website,Karachi
O000608,C0041,2026-08-14,Delivered,Website,Karachi
O000609,C0002,2026-04-30,Shipped,Mobile App,Karachi
O000610,C0110,2026-01-23,Delivered,Mobile App,Multan
O000611,C0561,2026-08-14,Delivered,Website,Lahore
O000612,C0573,2026-08-30,Delivered,Mobile App,Karachi
O000613,C0247,2026-04-19,Shipped,Mobile App,Multan
O000614,C0582,2026-07-07,Delivered,Website,Karachi
O000615,C0030,2026-01-09,Delivered,Website,Karachi
O000616,C0581,2026-01-23,Delivered,Mobile App,Karachi
O000617,C0139,2026-03-09,Cancelled,Website,Lahore
O000618,C0023,2026-06-09,Delivered,Mobile App,Multan
O000619,C0455,2026-02-02,Delivered,Mobile App,Karachi
O000620,C0230,2026-01-09,Delivered,Marketplace,Rawalpindi
O000621,C0176,2026-06-12,Delivered,Website,Karachi
O000622,C0456,2026-07-07,Delivered,Website,Karachi
O000623,C0200,2026-06-29,Delivered,Marketplace,Rawalpindi
O000624,C0452,2026-07-14,Delivered,Website,Rawalpindi
O000625,C0118,2026-07-15,Cancelled,Website,Lahore
O000626,C0052,2026-05-27,Returned,Mobile App,Karachi
O000627,C0195,2026-05-07,Cancelled,Website,Karachi
O000628,C0366,2026-07-28,Shipped,Mobile App,Rawalpindi
O000629,C0135,2026-03-26,Delivered,Marketplace,Islamabad
O000630,C0086,2026-01-24,Cancelled,Mobile App,Lahore
O000631,C0450,2026-07-02,Cancelled,Website,Karachi
O000632,C0296,2026-03-09,Delivered,Marketplace,Rawalpindi
O000633,C0259,2026-08-26,Delivered,Mobile App,Karachi
O000634,C0144,2026-04-11,Delivered,Website,Islamabad
O000635,C0011,2026-07-26,Delivered,Mobile App,Islamabad
O000636,C0032,2026-01-11,Delivered,Website,Karachi
O000637,C0409,2026-06-10,Delivered,Website,Lahore
O000638,C0049,2026-04-19,Delivered,Mobile App,Lahore
O000639,C0149,2026-04-23,Delivered,Website,Islamabad
O000640,C0547,2026-03-06,Delivered,Website,Multan
O000641,C0207,2026-08-25,Cancelled,Mobile App,Lahore
O000642,C0447,2026-04-06,Delivered,Website,Karachi
O000643,C0206,2026-07-26,Delivered,Mobile App,Karachi
O000644,C0560,2026-04-14,Delivered,Website,Islamabad
O000645,C0494,2026-01-12,Shipped,Mobile App,Karachi
O000646,C0282,2026-08-02,Shipped,Marketplace,Rawalpindi
O000647,C0411,2026-02-14,Delivered,Website,Karachi
O000648,C0248,2026-03-07,Delivered,Mobile App,Karachi
O000649,C0567,2026-07-29,Delivered,Website,Karachi
O000650,C0216,2026-08-06,Delivered,Website,Peshawar
O000651,C0502,2026-08-11,Delivered,Website,Islamabad
O000652,C0370,2026-04-14,Delivered,Website,Lahore
O000653,C0387,2026-07-03,Delivered,Website,Karachi
O000654,C0211,2026-03-21,Delivered,Mobile App,Multan
O000655,C0500,2026-06-29,Delivered,Mobile App,Multan
O000656,C0448,2026-05-03,Delivered,Marketplace,Lahore
O000657,C0490,2026-01-13,Delivered,Marketplace,Rawalpindi
O000658,C0481,2026-04-12,Delivered,Website,Multan
O000659,C0095,2026-04-24,Delivered,Website,Karachi
O000660,C0526,2026-03-04,Delivered,Website,Karachi
O000661,C0506,2026-04-01,Returned,Mobile App,Lahore
O000662,C0146,2026-05-03,Delivered,Marketplace,Lahore
O000663,C0589,2026-01-13,Delivered,Website,Rawalpindi
O000664,C0317,2026-02-06,Delivered,Website,Lahore
O000665,C0194,2026-07-06,Delivered,Website,Karachi
O000666,C0135,2026-03-27,Cancelled,Marketplace,Lahore
O000667,C0219,2026-05-28,Delivered,Website,Islamabad
O000668,C0023,2026-05-18,Delivered,Mobile App,Karachi
O000669,C0415,2026-05-14,Delivered,Website,Karachi
O000670,C0425,2026-04-11,Delivered,Website,Karachi
O000671,C0401,2026-04-28,Shipped,Website,Peshawar
O000672,C0330,2026-07-20,Delivered,Mobile App,Karachi
O000673,C0218,2026-08-23,Delivered,Mobile App,Karachi
O000674,C0435,2026-03-04,Delivered,Website,Rawalpindi
O000675,C0523,2026-06-12,Delivered,Website,Karachi
O000676,C0053,2026-08-24,Delivered,Website,Islamabad
O000677,C0230,2026-01-02,Shipped,Website,Lahore
O000678,C0598,2026-07-10,Delivered,Website,Peshawar
O000679,C0518,2026-05-01,Delivered,Website,Karachi
O000680,C0597,2026-08-24,Returned,Mobile App,Karachi
O000681,C0110,2026-05-21,Delivered,Mobile App,Karachi
O000682,C0279,2026-07-23,Delivered,Mobile App,Multan
O000683,C0079,2026-02-10,Delivered,Mobile App,Peshawar
O000684,C0520,2026-02-04,Delivered,Marketplace,Karachi
O000685,C0312,2026-08-14,Delivered,Marketplace,Karachi
O000686,C0147,2026-05-08,Delivered,Website,Karachi
O000687,C0055,2026-05-16,Delivered,Website,Karachi
O000688,C0443,2026-02-11,Cancelled,Website,Karachi
O000689,C0488,2026-02-25,Delivered,Marketplace,Multan
O000690,C0528,2026-07-18,Delivered,Website,Karachi
O000691,C0583,2026-03-15,Returned,Website,Multan
O000692,C0489,2026-05-22,Delivered,Mobile App,Karachi
O000693,C0472,2026-03-18,Delivered,Mobile App,Peshawar
O000694,C0488,2026-03-06,Delivered,Mobile App,Lahore
O000695,C0600,2026-02-10,Delivered,Mobile App,Karachi
O000696,C0278,2026-08-14,Delivered,Mobile App,Peshawar
O000697,C0456,2026-08-17,Delivered,Marketplace,Karachi
O000698,C0492,2026-01-28,Delivered,Website,Peshawar
O000699,C0070,2026-03-27,Delivered,Marketplace,Rawalpindi
O000700,C0415,2026-05-18,Delivered,Mobile App,Multan
O000701,C0204,2026-04-04,Delivered,Website,Peshawar
O000702,C0080,2026-06-25,Delivered,Marketplace,Karachi
O000703,C0103,2026-03-05,Delivered,Marketplace,Lahore
O000704,C0069,2026-01-15,Delivered,Mobile App,Rawalpindi
O000705,C0539,2026-03-23,Delivered,Marketplace,Karachi
O000706,C0464,2026-05-26,Shipped,Website,Lahore
O000707,C0062,2026-02-13,Delivered,Website,Karachi
O000708,C0376,2026-07-18,Delivered,Website,Islamabad
O000709,C0397,2026-01-03,Cancelled,Marketplace,Karachi
O000710,C0312,2026-01-17,Shipped,Mobile App,Karachi
O000711,C0364,2026-05-04,Delivered,Marketplace,Multan
O000712,C0545,2026-05-05,Delivered,Mobile App,Peshawar
O000713,C0312,2026-03-13,Delivered,Mobile App,Karachi
O000714,C0396,2026-03-04,Delivered,Website,Karachi
O000715,C0343,2026-01-17,Delivered,Website,Rawalpindi
O000716,C0238,2026-06-11,Delivered,Website,Karachi
O000717,C0535,2026-04-03,Delivered,Mobile App,Islamabad
O000718,C0249,2026-01-29,Delivered,Website,Rawalpindi
O000719,C0480,2026-04-08,Shipped,Marketplace,Karachi
O000720,C0364,2026-08-16,Delivered,Mobile App,Karachi
O000721,C0411,2026-03-05,Delivered,Website,Karachi
O000722,C0457,2026-08-06,Delivered,Marketplace,Karachi
O000723,C0442,2026-03-04,Delivered,Mobile App,Islamabad
O000724,C0339,2026-02-15,Delivered,Mobile App,Karachi
O000725,C0370,2026-03-05,Delivered,Website,Multan
O000726,C0306,2026-03-20,Delivered,Website,Rawalpindi
O000727,C0204,2026-01-30,Delivered,Website,Karachi
O000728,C0437,2026-05-23,Delivered,Mobile App,Lahore
O000729,C0528,2026-03-23,Delivered,Mobile App,Lahore
O000730,C0424,2026-06-24,Delivered,Marketplace,Lahore
O000731,C0464,2026-04-30,Delivered,Marketplace,Lahore
O000732,C0499,2026-04-18,Delivered,Website,Karachi
O000733,C0221,2026-04-25,Delivered,Marketplace,Karachi
O000734,C0038,2026-02-07,Delivered,Website,Karachi
O000735,C0203,2026-06-23,Delivered,Website,Karachi
O000736,C0453,2026-01-26,Delivered,Mobile App,Islamabad
O000737,C0490,2026-06-25,Delivered,Marketplace,Multan
O000738,C0309,2026-08-31,Delivered,Marketplace,Islamabad
O000739,C0468,2026-07-05,Delivered,Mobile App,Multan
O000740,C0045,2026-04-21,Delivered,Website,Islamabad
O000741,C0387,2026-03-18,Delivered,Website,Karachi
O000742,C0408,2026-08-01,Delivered,Website,Peshawar
O000743,C0305,2026-03-04,Delivered,Mobile App,Karachi
O000744,C0430,2026-04-28,Delivered,Mobile App,Karachi
O000745,C0295,2026-07-07,Delivered,Website,Multan
O000746,C0315,2026-08-13,Delivered,Website,Islamabad
O000747,C0363,2026-08-12,Delivered,Mobile App,Multan
O000748,C0477,2026-01-22,Shipped,Mobile App,Karachi
O000749,C0150,2026-08-07,Delivered,Website,Rawalpindi
O000750,C0181,2026-01-28,Delivered,Website,Karachi
O000751,C0252,2026-05-23,Delivered,Mobile App,Karachi
O000752,C0122,2026-08-14,Delivered,Mobile App,Multan
O000753,C0201,2026-06-09,Delivered,Website,Lahore
O000754,C0211,2026-08-19,Delivered,Website,Islamabad
O000755,C0189,2026-03-25,Delivered,Marketplace,Multan
O000756,C0247,2026-03-18,Delivered,Mobile App,Peshawar
O000757,C0303,2026-03-21,Delivered,Website,Karachi
O000758,C0418,2026-03-28,Delivered,Mobile App,Karachi
O000759,C0182,2026-06-15,Delivered,Mobile App,Multan
O000760,C0508,2026-04-20,Delivered,Website,Lahore
O000761,C0288,2026-06-29,Delivered,Website,Lahore
O000762,C0433,2026-04-12,Delivered,Marketplace,Karachi
O000763,C0069,2026-03-16,Delivered,Mobile App,Karachi
O000764,C0105,2026-02-16,Shipped,Website,Multan
O000765,C0273,2026-05-14,Delivered,Mobile App,Lahore
O000766,C0220,2026-08-07,Delivered,Website,Rawalpindi
O000767,C0298,2026-07-28,Delivered,Mobile App,Karachi
O000768,C0096,2026-03-03,Delivered,Website,Karachi
O000769,C0285,2026-04-27,Delivered,Website,Lahore
O000770,C0413,2026-06-21,Delivered,Website,Peshawar
O000771,C0438,2026-05-29,Delivered,Marketplace,Karachi
O000772,C0149,2026-01-17,Delivered,Mobile App,Karachi
O000773,C0207,2026-05-24,Cancelled,Mobile App,Lahore
O000774,C0316,2026-01-10,Delivered,Website,Karachi
O000775,C0311,2026-01-29,Delivered,Mobile App,Lahore
O000776,C0476,2026-06-08,Delivered,Mobile App,Lahore
O000777,C0235,2026-01-25,Delivered,Mobile App,Karachi
O000778,C0403,2026-03-24,Shipped,Website,Islamabad
O000779,C0531,2026-05-23,Delivered,Mobile App,Karachi
O000780,C0180,2026-06-09,Cancelled,Website,Rawalpindi
O000781,C0494,2026-04-19,Delivered,Website,Peshawar
O000782,C0200,2026-01-23,Delivered,Mobile App,Peshawar
O000783,C0201,2026-07-14,Delivered,Website,Islamabad
O000784,C0393,2026-08-19,Delivered,Website,Lahore
O000785,C0374,2026-08-04,Shipped,Marketplace,Karachi
O000786,C0330,2026-07-01,Delivered,Website,Lahore
O000787,C0139,2026-04-08,Delivered,Mobile App,Karachi
O000788,C0058,2026-08-01,Delivered,Mobile App,Rawalpindi
O000789,C0546,2026-04-29,Delivered,Mobile App,Karachi
O000790,C0525,2026-02-03,Delivered,Website,Lahore
O000791,C0533,2026-07-26,Delivered,Mobile App,Lahore
O000792,C0308,2026-03-19,Delivered,Mobile App,Islamabad
O000793,C0531,2026-08-17,Shipped,Website,Karachi
O000794,C0285,2026-03-31,Delivered,Mobile App,Lahore
O000795,C0046,2026-07-31,Delivered,Marketplace,Islamabad
O000796,C0120,2026-05-11,Delivered,Website,Multan
O000797,C0164,2026-04-24,Shipped,Website,Islamabad
O000798,C0227,2026-03-14,Cancelled,Mobile App,Karachi
O000799,C0564,2026-07-23,Delivered,Website,Peshawar
O000800,C0200,2026-01-15,Delivered,Mobile App,Karachi
O000801,C0368,2026-04-24,Delivered,Website,Karachi
O000802,C0163,2026-03-31,Delivered,Website,Karachi
O000803,C0386,2026-05-13,Delivered,Mobile App,Lahore
O000804,C0341,2026-03-03,Delivered,Marketplace,Islamabad
O000805,C0091,2026-06-11,Delivered,Website,Lahore
O000806,C0278,2026-04-04,Delivered,Marketplace,Peshawar
O000807,C0064,2026-02-15,Delivered,Website,Lahore
O000808,C0534,2026-02-17,Delivered,Website,Karachi
O000809,C0423,2026-06-19,Delivered,Mobile App,Lahore
O000810,C0565,2026-03-05,Delivered,Website,Rawalpindi
O000811,C0526,2026-03-16,Delivered,Mobile App,Lahore
O000812,C0132,2026-06-02,Delivered,Website,Lahore
O000813,C0425,2026-03-22,Delivered,Mobile App,Lahore
O000814,C0061,2026-04-05,Delivered,Website,Lahore
O000815,C0577,2026-03-01,Delivered,Mobile App,Karachi
O000816,C0472,2026-03-25,Delivered,Marketplace,Peshawar
O000817,C0409,2026-06-18,Delivered,Website,Karachi
O000818,C0597,2026-05-10,Delivered,Website,Karachi
O000819,C0509,2026-08-31,Delivered,Marketplace,Rawalpindi
O000820,C0519,2026-07-07,Delivered,Website,Peshawar
O000821,C0061,2026-01-05,Delivered,Mobile App,Islamabad
O000822,C0015,2026-04-03,Cancelled,Mobile App,Lahore
O000823,C0577,2026-03-12,Delivered,Marketplace,Multan
O000824,C0151,2026-05-23,Delivered,Website,Lahore
O000825,C0256,2026-03-06,Delivered,Website,Lahore
O000826,C0027,2026-08-23,Delivered,Website,Islamabad
O000827,C0374,2026-03-14,Delivered,Website,Lahore
O000828,C0493,2026-05-07,Cancelled,Website,Lahore
O000829,C0506,2026-01-30,Delivered,Marketplace,Multan
O000830,C0349,2026-08-10,Delivered,Website,Karachi
O000831,C0397,2026-08-10,Delivered,Website,Karachi
O000832,C0309,2026-07-12,Delivered,Website,Lahore
O000833,C0268,2026-03-27,Delivered,Website,Lahore
O000834,C0333,2026-01-15,Delivered,Mobile App,Rawalpindi
O000835,C0562,2026-06-22,Delivered,Website,Multan
O000836,C0152,2026-04-15,Shipped,Mobile App,Islamabad
O000837,C0283,2026-08-29,Delivered,Mobile App,Multan
O000838,C0361,2026-06-19,Delivered,Website,Karachi
O000839,C0343,2026-05-11,Delivered,Mobile App,Karachi
O000840,C0019,2026-08-28,Delivered,Website,Karachi
O000841,C0173,2026-07-14,Delivered,Website,Rawalpindi
O000842,C0388,2026-04-22,Delivered,Marketplace,Karachi
O000843,C0417,2026-01-05,Delivered,Marketplace,Karachi
O000844,C0441,2026-01-23,Shipped,Website,Lahore
O000845,C0595,2026-04-18,Delivered,Mobile App,Karachi
O000846,C0404,2026-05-17,Delivered,Website,Islamabad
O000847,C0348,2026-01-08,Delivered,Mobile App,Multan
O000848,C0200,2026-01-31,Cancelled,Mobile App,Karachi
O000849,C0223,2026-06-21,Delivered,Website,Lahore
O000850,C0496,2026-07-02,Delivered,Marketplace,Karachi
O000851,C0282,2026-01-08,Delivered,Mobile App,Karachi
O000852,C0430,2026-05-04,Shipped,Website,Karachi
O000853,C0075,2026-01-20,Delivered,Marketplace,Islamabad
O000854,C0077,2026-06-25,Delivered,Mobile App,Lahore
O000855,C0130,2026-07-22,Delivered,Website,Islamabad
O000856,C0118,2026-07-31,Delivered,Mobile App,Peshawar
O000857,C0365,2026-05-26,Delivered,Marketplace,Karachi
O000858,C0383,2026-06-02,Cancelled,Marketplace,Rawalpindi
O000859,C0335,2026-08-14,Delivered,Website,Islamabad
O000860,C0174,2026-05-29,Delivered,Mobile App,Karachi
O000861,C0347,2026-04-19,Delivered,Marketplace,Karachi
O000862,C0072,2026-07-03,Delivered,Marketplace,Karachi
O000863,C0284,2026-05-24,Delivered,Website,Karachi
O000864,C0093,2026-07-24,Delivered,Mobile App,Karachi
O000865,C0047,2026-05-08,Delivered,Marketplace,Karachi
O000866,C0100,2026-07-31,Delivered,Website,Multan
O000867,C0067,2026-01-11,Delivered,Website,Multan
O000868,C0287,2026-01-09,Shipped,Mobile App,Islamabad
O000869,C0328,2026-01-25,Delivered,Mobile App,Rawalpindi
O000870,C0365,2026-05-16,Delivered,Mobile App,Multan
O000871,C0264,2026-06-22,Shipped,Website,Lahore
O000872,C0106,2026-02-22,Delivered,Mobile App,Lahore
O000873,C0013,2026-02-07,Delivered,Website,Islamabad
O000874,C0428,2026-07-29,Delivered,Mobile App,Multan
O000875,C0590,2026-07-02,Delivered,Website,Peshawar
O000876,C0169,2026-06-07,Delivered,Website,Karachi
O000877,C0123,2026-04-29,Delivered,Marketplace,Rawalpindi
O000878,C0187,2026-04-13,Shipped,Mobile App,Karachi
O000879,C0129,2026-01-05,Delivered,Website,Karachi
O000880,C0135,2026-02-15,Delivered,Website,Lahore
O000881,C0297,2026-08-06,Delivered,Mobile App,Rawalpindi
O000882,C0472,2026-03-24,Delivered,Marketplace,Karachi
O000883,C0428,2026-06-21,Delivered,Website,Karachi
O000884,C0576,2026-06-21,Returned,Marketplace,Rawalpindi
O000885,C0215,2026-03-17,Delivered,Website,Karachi
O000886,C0296,2026-02-19,Delivered,Mobile App,Peshawar
O000887,C0229,2026-06-18,Delivered,Website,Lahore
O000888,C0026,2026-01-23,Delivered,Website,Islamabad
O000889,C0234,2026-05-01,Delivered,Marketplace,Karachi
O000890,C0157,2026-08-04,Delivered,Website,Multan
O000891,C0288,2026-06-22,Delivered,Marketplace,Multan
O000892,C0095,2026-07-05,Delivered,Website,Karachi
O000893,C0445,2026-01-21,Shipped,Website,Islamabad
O000894,C0506,2026-02-18,Delivered,Marketplace,Peshawar
O000895,C0577,2026-03-08,Delivered,Mobile App,Karachi
O000896,C0051,2026-03-13,Delivered,Website,Islamabad
O000897,C0071,2026-02-17,Delivered,Mobile App,Peshawar
O000898,C0580,2026-08-25,Delivered,Website,Lahore
O000899,C0509,2026-02-10,Shipped,Marketplace,Multan
O000900,C0354,2026-06-22,Delivered,Website,Karachi
O000901,C0193,2026-05-23,Delivered,Mobile App,Multan
O000902,C0311,2026-05-29,Delivered,Website,Multan
O000903,C0322,2026-02-22,Delivered,Mobile App,Karachi
O000904,C0509,2026-03-16,Delivered,Marketplace,Lahore
O000905,C0318,2026-05-28,Delivered,Mobile App,Islamabad
O000906,C0017,2026-03-14,Delivered,Website,Multan
O000907,C0420,2026-06-18,Delivered,Website,Karachi
O000908,C0467,2026-01-10,Delivered,Website,Karachi
O000909,C0179,2026-01-18,Delivered,Marketplace,Peshawar
O000910,C0070,2026-06-27,Returned,Website,Lahore
O000911,C0086,2026-05-30,Delivered,Mobile App,Islamabad
O000912,C0505,2026-01-11,Delivered,Website,Lahore
O000913,C0269,2026-08-07,Delivered,Marketplace,Multan
O000914,C0318,2026-01-02,Delivered,Mobile App,Karachi
O000915,C0577,2026-08-21,Delivered,Mobile App,Multan
O000916,C0037,2026-06-27,Delivered,Marketplace,Lahore
O000917,C0124,2026-08-29,Delivered,Marketplace,Multan
O000918,C0500,2026-08-19,Delivered,Mobile App,Karachi
O000919,C0325,2026-03-18,Delivered,Mobile App,Islamabad
O000920,C0017,2026-07-03,Delivered,Mobile App,Peshawar
O000921,C0422,2026-02-21,Delivered,Website,Rawalpindi
O000922,C0084,2026-04-25,Returned,Website,Karachi
O000923,C0470,2026-02-28,Delivered,Mobile App,Lahore
O000924,C0479,2026-04-29,Delivered,Mobile App,Karachi
O000925,C0495,2026-07-31,Delivered,Website,Karachi
O000926,C0279,2026-04-16,Delivered,Website,Rawalpindi
O000927,C0161,2026-01-23,Delivered,Mobile App,Multan
O000928,C0529,2026-03-20,Delivered,Website,Islamabad
O000929,C0336,2026-07-11,Delivered,Mobile App,Karachi
O000930,C0382,2026-05-07,Delivered,Mobile App,Karachi
O000931,C0082,2026-05-17,Returned,Website,Lahore
O000932,C0375,2026-04-15,Delivered,Website,Karachi
O000933,C0349,2026-03-13,Delivered,Website,Peshawar
O000934,C0176,2026-05-26,Delivered,Website,Karachi
O000935,C0461,2026-06-03,Delivered,Mobile App,Karachi
O000936,C0081,2026-08-07,Shipped,Mobile App,Rawalpindi
O000937,C0432,2026-05-31,Delivered,Marketplace,Karachi
O000938,C0577,2026-08-30,Delivered,Website,Lahore
O000939,C0341,2026-07-20,Delivered,Mobile App,Lahore
O000940,C0063,2026-01-20,Delivered,Website,Karachi
O000941,C0332,2026-04-06,Returned,Mobile App,Lahore
O000942,C0318,2026-04-04,Delivered,Website,Lahore
O000943,C0332,2026-01-01,Delivered,Mobile App,Islamabad
O000944,C0164,2026-02-13,Cancelled,Mobile App,Karachi
O000945,C0376,2026-07-05,Delivered,Website,Lahore
O000946,C0159,2026-03-27,Delivered,Marketplace,Islamabad
O000947,C0335,2026-02-05,Delivered,Website,Karachi
O000948,C0357,2026-03-11,Delivered,Website,Karachi
O000949,C0388,2026-03-08,Delivered,Mobile App,Karachi
O000950,C0479,2026-02-12,Delivered,Mobile App,Karachi
O000951,C0530,2026-01-25,Delivered,Website,Karachi
O000952,C0467,2026-07-05,Delivered,Website,Multan
O000953,C0478,2026-07-20,Delivered,Website,Lahore
O000954,C0522,2026-05-01,Delivered,Marketplace,Lahore
O000955,C0146,2026-05-30,Delivered,Mobile App,Karachi
O000956,C0176,2026-08-12,Delivered,Website,Karachi
O000957,C0320,2026-07-24,Delivered,Website,Rawalpindi
O000958,C0280,2026-01-08,Delivered,Marketplace,Rawalpindi
O000959,C0422,2026-08-20,Delivered,Marketplace,Multan
O000960,C0006,2026-01-17,Delivered,Website,Karachi
O000961,C0084,2026-01-07,Delivered,Mobile App,Karachi
O000962,C0449,2026-04-08,Delivered,Website,Rawalpindi
O000963,C0494,2026-07-01,Delivered,Website,Karachi
O000964,C0182,2026-01-20,Delivered,Marketplace,Karachi
O000965,C0187,2026-03-13,Delivered,Marketplace,Karachi
O000966,C0337,2026-03-05,Returned,Website,Karachi
O000967,C0287,2026-04-07,Delivered,Marketplace,Peshawar
O000968,C0102,2026-08-28,Delivered,Mobile App,Peshawar
O000969,C0301,2026-03-22,Delivered,Mobile App,Islamabad
O000970,C0492,2026-02-20,Delivered,Mobile App,Lahore
O000971,C0438,2026-01-30,Delivered,Mobile App,Rawalpindi
O000972,C0491,2026-02-18,Delivered,Marketplace,Islamabad
O000973,C0387,2026-02-02,Cancelled,Website,Peshawar
O000974,C0527,2026-05-20,Delivered,Mobile App,Lahore
O000975,C0150,2026-04-13,Delivered,Website,Multan
O000976,C0028,2026-05-02,Delivered,Mobile App,Karachi
O000977,C0069,2026-07-22,Delivered,Website,Islamabad
O000978,C0596,2026-05-22,Delivered,Website,Peshawar
O000979,C0385,2026-02-07,Delivered,Mobile App,Multan
O000980,C0149,2026-04-02,Delivered,Website,Multan
O000981,C0513,2026-03-17,Delivered,Website,Lahore
O000982,C0186,2026-07-20,Returned,Website,Rawalpindi
O000983,C0359,2026-03-16,Delivered,Mobile App,Karachi
O000984,C0150,2026-02-03,Delivered,Website,Islamabad
O000985,C0057,2026-06-28,Cancelled,Website,Karachi
O000986,C0161,2026-04-15,Delivered,Mobile App,Lahore
O000987,C0137,2026-01-24,Shipped,Marketplace,Multan
O000988,C0332,2026-06-17,Delivered,Mobile App,Peshawar
O000989,C0013,2026-02-21,Delivered,Website,Lahore
O000990,C0144,2026-07-30,Delivered,Marketplace,Karachi
O000991,C0341,2026-07-22,Delivered,Mobile App,Lahore
O000992,C0237,2026-03-31,Delivered,Mobile App,Karachi
O000993,C0382,2026-05-16,Returned,Mobile App,Karachi
O000994,C0394,2026-05-18,Cancelled,Website,Multan
O000995,C0580,2026-06-08,Shipped,Mobile App,Lahore
O000996,C0502,2026-01-17,Delivered,Mobile App,Karachi
O000997,C0137,2026-03-20,Delivered,Website,Rawalpindi
O000998,C0416,2026-02-11,Delivered,Website,Karachi
O000999,C0377,2026-06-19,Delivered,Website,Lahore
O001000,C0357,2026-01-17,Delivered,Mobile App,Karachi
O001001,C0480,2026-05-06,Delivered,Website,Karachi
O001002,C0089,2026-06-26,Delivered,Mobile App,Lahore
O001003,C0226,2026-08-19,Delivered,Mobile App,Rawalpindi
O001004,C0490,2026-03-11,Delivered,Website,Lahore
O001005,C0536,2026-01-02,Delivered,Website,Peshawar
O001006,C0023,2026-06-25,Delivered,Website,Multan
O001007,C0283,2026-01-01,Cancelled,Website,Peshawar
O001008,C0159,2026-01-17,Delivered,Mobile App,Multan
O001009,C0101,2026-08-29,Delivered,Mobile App,Multan
O001010,C0035,2026-07-29,Delivered,Marketplace,Peshawar
O001011,C0323,2026-06-21,Delivered,Marketplace,Karachi
O001012,C0401,2026-07-23,Delivered,Website,Karachi
O001013,C0319,2026-01-19,Delivered,Mobile App,Rawalpindi
O001014,C0222,2026-01-22,Delivered,Website,Peshawar
O001015,C0463,2026-03-15,Delivered,Mobile App,Peshawar
O001016,C0392,2026-01-06,Delivered,Website,Islamabad
O001017,C0546,2026-08-04,Delivered,Website,Peshawar
O001018,C0209,2026-01-14,Returned,Mobile App,Rawalpindi
O001019,C0144,2026-05-13,Shipped,Mobile App,Islamabad
O001020,C0274,2026-07-27,Delivered,Website,Karachi
O001021,C0305,2026-06-28,Delivered,Website,Lahore
O001022,C0275,2026-02-27,Delivered,Mobile App,Karachi
O001023,C0500,2026-04-25,Delivered,Mobile App,Karachi
O001024,C0028,2026-05-14,Cancelled,Mobile App,Lahore
O001025,C0317,2026-07-06,Delivered,Website,Karachi
O001026,C0259,2026-04-14,Cancelled,Website,Multan
O001027,C0127,2026-03-11,Delivered,Mobile App,Lahore
O001028,C0385,2026-07-13,Delivered,Mobile App,Rawalpindi
O001029,C0481,2026-08-04,Delivered,Website,Karachi
O001030,C0328,2026-04-29,Shipped,Website,Peshawar
O001031,C0051,2026-01-07,Delivered,Website,Lahore
O001032,C0046,2026-05-02,Delivered,Mobile App,Lahore
O001033,C0253,2026-08-05,Delivered,Website,Islamabad
O001034,C0401,2026-08-29,Delivered,Mobile App,Lahore
O001035,C0189,2026-04-08,Delivered,Marketplace,Lahore
O001036,C0186,2026-02-06,Delivered,Website,Rawalpindi
O001037,C0517,2026-05-20,Delivered,Website,Peshawar
O001038,C0009,2026-07-21,Delivered,Website,Karachi
O001039,C0048,2026-08-18,Delivered,Website,Multan
O001040,C0094,2026-01-13,Delivered,Marketplace,Lahore
O001041,C0591,2026-03-12,Delivered,Marketplace,Karachi
O001042,C0299,2026-04-27,Cancelled,Website,Karachi
O001043,C0095,2026-01-24,Delivered,Marketplace,Lahore
O001044,C0187,2026-08-04,Delivered,Website,Karachi
O001045,C0582,2026-01-28,Delivered,Mobile App,Peshawar
O001046,C0417,2026-06-11,Delivered,Mobile App,Lahore
O001047,C0135,2026-08-12,Delivered,Website,Multan
O001048,C0145,2026-06-16,Delivered,Mobile App,Karachi
O001049,C0045,2026-07-05,Delivered,Mobile App,Islamabad
O001050,C0464,2026-03-05,Delivered,Website,Karachi
O001051,C0083,2026-07-21,Delivered,Marketplace,Lahore
O001052,C0172,2026-04-12,Delivered,Website,Lahore
O001053,C0210,2026-01-15,Shipped,Website,Islamabad
O001054,C0373,2026-03-31,Delivered,Marketplace,Rawalpindi
O001055,C0364,2026-03-27,Delivered,Website,Karachi
O001056,C0480,2026-05-07,Returned,Website,Karachi
O001057,C0179,2026-03-06,Delivered,Website,Lahore
O001058,C0232,2026-04-23,Delivered,Website,Karachi
O001059,C0234,2026-04-14,Returned,Website,Islamabad
O001060,C0029,2026-03-21,Delivered,Website,Lahore
O001061,C0443,2026-06-19,Cancelled,Mobile App,Peshawar
O001062,C0322,2026-03-16,Delivered,Website,Multan
O001063,C0286,2026-07-06,Delivered,Marketplace,Lahore
O001064,C0598,2026-03-02,Delivered,Marketplace,Multan
O001065,C0108,2026-07-30,Delivered,Website,Rawalpindi
O001066,C0582,2026-03-30,Cancelled,Marketplace,Karachi
O001067,C0409,2026-01-10,Shipped,Marketplace,Peshawar
O001068,C0133,2026-02-06,Delivered,Marketplace,Lahore
O001069,C0408,2026-07-15,Delivered,Mobile App,Rawalpindi
O001070,C0454,2026-07-31,Delivered,Website,Rawalpindi
O001071,C0218,2026-02-21,Delivered,Website,Multan
O001072,C0207,2026-05-27,Shipped,Marketplace,Rawalpindi
O001073,C0502,2026-05-20,Delivered,Mobile App,Peshawar
O001074,C0097,2026-02-02,Delivered,Marketplace,Karachi
O001075,C0009,2026-04-20,Cancelled,Mobile App,Multan
O001076,C0400,2026-06-18,Delivered,Website,Islamabad
O001077,C0544,2026-08-24,Delivered,Website,Rawalpindi
O001078,C0301,2026-07-25,Delivered,Marketplace,Peshawar
O001079,C0081,2026-01-24,Delivered,Website,Karachi
O001080,C0324,2026-02-27,Delivered,Mobile App,Karachi
O001081,C0152,2026-04-17,Delivered,Marketplace,Peshawar
O001082,C0497,2026-02-06,Delivered,Website,Multan
O001083,C0368,2026-05-19,Delivered,Website,Rawalpindi
O001084,C0202,2026-01-03,Delivered,Mobile App,Lahore
O001085,C0375,2026-01-28,Delivered,Mobile App,Karachi
O001086,C0401,2026-01-12,Cancelled,Mobile App,Lahore
O001087,C0408,2026-03-13,Delivered,Website,Lahore
O001088,C0220,2026-07-05,Delivered,Website,Multan
O001089,C0343,2026-02-13,Shipped,Website,Lahore
O001090,C0026,2026-08-28,Delivered,Website,Lahore
O001091,C0243,2026-03-07,Delivered,Website,Lahore
O001092,C0227,2026-01-11,Shipped,Mobile App,Multan
O001093,C0321,2026-03-23,Delivered,Website,Islamabad
O001094,C0571,2026-07-01,Delivered,Mobile App,Karachi
O001095,C0573,2026-01-26,Delivered,Marketplace,Lahore
O001096,C0290,2026-01-18,Delivered,Mobile App,Lahore
O001097,C0388,2026-07-26,Delivered,Mobile App,Karachi
O001098,C0065,2026-05-24,Delivered,Website,Rawalpindi
O001099,C0290,2026-03-25,Delivered,Mobile App,Karachi
O001100,C0413,2026-07-03,Delivered,Website,Lahore
O001101,C0410,2026-07-25,Delivered,Website,Lahore
O001102,C0579,2026-03-29,Delivered,Mobile App,Lahore
O001103,C0280,2026-05-17,Delivered,Website,Lahore
O001104,C0545,2026-01-03,Cancelled,Website,Islamabad
O001105,C0588,2026-03-16,Delivered,Mobile App,Karachi
O001106,C0344,2026-05-25,Delivered,Website,Karachi
O001107,C0055,2026-02-17,Delivered,Website,Rawalpindi
O001108,C0226,2026-08-29,Delivered,Website,Multan
O001109,C0459,2026-08-24,Delivered,Website,Karachi
O001110,C0349,2026-03-04,Shipped,Mobile App,Karachi
O001111,C0562,2026-04-07,Delivered,Mobile App,Multan
O001112,C0490,2026-02-16,Delivered,Website,Karachi
O001113,C0038,2026-05-03,Delivered,Mobile App,Multan
O001114,C0517,2026-01-31,Delivered,Marketplace,Peshawar
O001115,C0215,2026-04-06,Delivered,Mobile App,Karachi
O001116,C0492,2026-05-15,Delivered,Mobile App,Karachi
O001117,C0305,2026-05-29,Delivered,Mobile App,Multan
O001118,C0274,2026-05-25,Delivered,Marketplace,Karachi
O001119,C0044,2026-02-23,Delivered,Marketplace,Lahore
O001120,C0072,2026-07-12,Delivered,Website,Karachi
O001121,C0358,2026-06-18,Delivered,Website,Islamabad
O001122,C0342,2026-07-02,Delivered,Website,Peshawar
O001123,C0333,2026-04-24,Delivered,Mobile App,Islamabad
O001124,C0094,2026-08-05,Cancelled,Website,Karachi
O001125,C0306,2026-04-05,Shipped,Marketplace,Islamabad
O001126,C0037,2026-07-15,Delivered,Website,Islamabad
O001127,C0087,2026-02-19,Shipped,Mobile App,Karachi
O001128,C0300,2026-03-02,Delivered,Website,Rawalpindi
O001129,C0371,2026-05-08,Delivered,Website,Islamabad
O001130,C0394,2026-05-16,Delivered,Website,Karachi
O001131,C0590,2026-07-01,Shipped,Mobile App,Multan
O001132,C0513,2026-03-14,Delivered,Mobile App,Lahore
O001133,C0228,2026-08-01,Delivered,Website,Karachi
O001134,C0470,2026-03-22,Delivered,Mobile App,Karachi
O001135,C0058,2026-05-10,Delivered,Marketplace,Lahore
O001136,C0515,2026-08-15,Delivered,Mobile App,Karachi
O001137,C0232,2026-05-12,Delivered,Mobile App,Karachi
O001138,C0457,2026-06-15,Delivered,Mobile App,Peshawar
O001139,C0583,2026-08-09,Shipped,Marketplace,Islamabad
O001140,C0422,2026-08-25,Delivered,Mobile App,Karachi
O001141,C0553,2026-05-02,Delivered,Marketplace,Rawalpindi
O001142,C0007,2026-04-12,Delivered,Mobile App,Rawalpindi
O001143,C0103,2026-02-17,Delivered,Website,Lahore
O001144,C0376,2026-05-11,Delivered,Website,Multan
O001145,C0325,2026-08-12,Delivered,Mobile App,Karachi
O001146,C0073,2026-04-29,Delivered,Mobile App,Karachi
O001147,C0432,2026-03-26,Delivered,Mobile App,Karachi
O001148,C0036,2026-01-27,Delivered,Marketplace,Karachi
O001149,C0595,2026-04-05,Cancelled,Mobile App,Lahore
O001150,C0094,2026-02-27,Delivered,Website,Karachi
O001151,C0268,2026-08-26,Delivered,Mobile App,Lahore
O001152,C0494,2026-05-09,Delivered,Website,Multan
O001153,C0309,2026-02-03,Delivered,Mobile App,Peshawar
O001154,C0447,2026-01-17,Cancelled,Marketplace,Islamabad
O001155,C0423,2026-07-26,Delivered,Website,Islamabad
O001156,C0570,2026-08-15,Delivered,Mobile App,Rawalpindi
O001157,C0279,2026-07-05,Delivered,Mobile App,Lahore
O001158,C0588,2026-01-31,Delivered,Website,Lahore
O001159,C0311,2026-01-24,Delivered,Mobile App,Karachi
O001160,C0536,2026-02-18,Delivered,Mobile App,Karachi
O001161,C0440,2026-07-02,Delivered,Mobile App,Lahore
O001162,C0080,2026-07-05,Delivered,Website,Lahore
O001163,C0387,2026-07-23,Delivered,Website,Karachi
O001164,C0528,2026-01-24,Delivered,Mobile App,Karachi
O001165,C0078,2026-02-07,Delivered,Website,Rawalpindi
O001166,C0504,2026-08-07,Delivered,Website,Karachi
O001167,C0064,2026-08-14,Delivered,Marketplace,Lahore
O001168,C0523,2026-06-26,Delivered,Mobile App,Karachi
O001169,C0474,2026-01-26,Delivered,Mobile App,Karachi
O001170,C0092,2026-01-17,Delivered,Marketplace,Rawalpindi
O001171,C0436,2026-01-14,Delivered,Website,Karachi
O001172,C0071,2026-06-18,Delivered,Website,Karachi
O001173,C0341,2026-07-25,Delivered,Mobile App,Multan
O001174,C0555,2026-06-03,Delivered,Website,Lahore
O001175,C0124,2026-03-05,Delivered,Website,Islamabad
O001176,C0105,2026-07-04,Delivered,Mobile App,Islamabad
O001177,C0254,2026-01-15,Delivered,Website,Karachi
O001178,C0222,2026-07-21,Delivered,Mobile App,Lahore
O001179,C0030,2026-08-05,Delivered,Mobile App,Lahore
O001180,C0274,2026-06-24,Delivered,Mobile App,Karachi
O001181,C0156,2026-08-02,Delivered,Website,Karachi
O001182,C0075,2026-05-23,Delivered,Website,Islamabad
O001183,C0166,2026-04-24,Delivered,Marketplace,Karachi
O001184,C0013,2026-03-20,Delivered,Marketplace,Karachi
O001185,C0550,2026-08-12,Delivered,Mobile App,Islamabad
O001186,C0597,2026-06-19,Delivered,Website,Lahore
O001187,C0221,2026-02-16,Delivered,Mobile App,Islamabad
O001188,C0526,2026-08-21,Delivered,Website,Karachi
O001189,C0277,2026-01-15,Delivered,Website,Rawalpindi
O001190,C0548,2026-05-23,Delivered,Website,Peshawar
O001191,C0104,2026-02-16,Delivered,Website,Lahore
O001192,C0171,2026-06-11,Delivered,Website,Peshawar
O001193,C0444,2026-04-11,Delivered,Website,Lahore
O001194,C0133,2026-04-17,Delivered,Mobile App,Karachi
O001195,C0495,2026-06-13,Delivered,Mobile App,Lahore
O001196,C0256,2026-07-03,Delivered,Website,Lahore
O001197,C0243,2026-04-03,Delivered,Website,Peshawar
O001198,C0272,2026-08-31,Delivered,Marketplace,Karachi
O001199,C0479,2026-05-02,Delivered,Website,Karachi
O001200,C0004,2026-02-08,Delivered,Website,Multan
O001201,C0451,2026-01-02,Delivered,Mobile App,Karachi
O001202,C0468,2026-02-19,Delivered,Mobile App,Islamabad
O001203,C0493,2026-06-17,Delivered,Mobile App,Karachi
O001204,C0599,2026-05-12,Delivered,Website,Multan
O001205,C0470,2026-03-24,Delivered,Website,Karachi
O001206,C0318,2026-04-27,Delivered,Website,Rawalpindi
O001207,C0280,2026-07-23,Delivered,Mobile App,Lahore
O001208,C0233,2026-05-19,Cancelled,Website,Multan
O001209,C0497,2026-01-15,Delivered,Website,Multan
O001210,C0236,2026-01-12,Returned,Website,Peshawar
O001211,C0344,2026-04-28,Cancelled,Marketplace,Karachi
O001212,C0058,2026-04-09,Delivered,Website,Lahore
O001213,C0191,2026-07-26,Delivered,Website,Peshawar
O001214,C0160,2026-05-22,Delivered,Marketplace,Islamabad
O001215,C0262,2026-07-03,Shipped,Mobile App,Peshawar
O001216,C0302,2026-05-23,Delivered,Mobile App,Peshawar
O001217,C0430,2026-03-25,Delivered,Mobile App,Karachi
O001218,C0260,2026-06-09,Cancelled,Website,Karachi
O001219,C0091,2026-06-01,Delivered,Mobile App,Karachi
O001220,C0328,2026-06-25,Cancelled,Website,Rawalpindi
O001221,C0033,2026-02-15,Delivered,Marketplace,Lahore
O001222,C0510,2026-06-05,Delivered,Website,Karachi
O001223,C0463,2026-03-11,Delivered,Mobile App,Rawalpindi
O001224,C0136,2026-07-12,Delivered,Mobile App,Karachi
O001225,C0158,2026-07-14,Delivered,Website,Lahore
O001226,C0017,2026-06-01,Delivered,Website,Lahore
O001227,C0219,2026-08-19,Delivered,Mobile App,Lahore
O001228,C0023,2026-05-11,Delivered,Website,Karachi
O001229,C0562,2026-01-07,Delivered,Marketplace,Rawalpindi
O001230,C0081,2026-05-28,Shipped,Website,Peshawar
O001231,C0396,2026-07-08,Delivered,Mobile App,Rawalpindi
O001232,C0343,2026-01-25,Delivered,Mobile App,Multan
O001233,C0143,2026-01-26,Delivered,Website,Karachi
O001234,C0485,2026-03-08,Delivered,Mobile App,Karachi
O001235,C0066,2026-07-25,Delivered,Mobile App,Karachi
O001236,C0533,2026-05-09,Delivered,Mobile App,Rawalpindi
O001237,C0445,2026-08-26,Delivered,Mobile App,Karachi
O001238,C0382,2026-08-01,Returned,Mobile App,Multan
O001239,C0528,2026-05-15,Delivered,Website,Islamabad
O001240,C0242,2026-06-15,Shipped,Website,Peshawar
O001241,C0169,2026-03-22,Delivered,Website,Lahore
O001242,C0093,2026-01-22,Cancelled,Mobile App,Rawalpindi
O001243,C0555,2026-04-07,Delivered,Marketplace,Lahore
O001244,C0241,2026-05-24,Delivered,Website,Lahore
O001245,C0498,2026-02-14,Shipped,Mobile App,Rawalpindi
O001246,C0200,2026-02-23,Shipped,Website,Karachi
O001247,C0573,2026-01-04,Delivered,Mobile App,Multan
O001248,C0523,2026-06-28,Delivered,Mobile App,Rawalpindi
O001249,C0185,2026-08-07,Delivered,Mobile App,Rawalpindi
O001250,C0293,2026-07-21,Delivered,Mobile App,Karachi
O001251,C0477,2026-04-03,Shipped,Mobile App,Karachi
O001252,C0136,2026-05-25,Delivered,Website,Karachi
O001253,C0015,2026-08-22,Delivered,Mobile App,Islamabad
O001254,C0174,2026-05-24,Delivered,Website,Karachi
O001255,C0355,2026-03-13,Delivered,Marketplace,Multan
O001256,C0082,2026-03-24,Delivered,Mobile App,Multan
O001257,C0201,2026-06-26,Delivered,Website,Karachi
O001258,C0552,2026-04-19,Returned,Website,Rawalpindi
O001259,C0046,2026-07-23,Delivered,Website,Karachi
O001260,C0031,2026-07-29,Delivered,Marketplace,Karachi
O001261,C0255,2026-01-09,Delivered,Website,Karachi
O001262,C0008,2026-06-25,Delivered,Mobile App,Peshawar
O001263,C0017,2026-03-31,Shipped,Website,Multan
O001264,C0110,2026-05-07,Delivered,Mobile App,Karachi
O001265,C0062,2026-03-06,Delivered,Mobile App,Karachi
O001266,C0487,2026-03-31,Delivered,Website,Lahore
O001267,C0074,2026-03-22,Delivered,Mobile App,Lahore
O001268,C0315,2026-01-13,Delivered,Website,Karachi
O001269,C0424,2026-07-10,Delivered,Mobile App,Peshawar
O001270,C0376,2026-02-04,Delivered,Website,Multan
O001271,C0393,2026-04-02,Delivered,Mobile App,Lahore
O001272,C0215,2026-02-16,Returned,Website,Peshawar
O001273,C0534,2026-02-09,Delivered,Mobile App,Islamabad
O001274,C0042,2026-04-01,Shipped,Website,Islamabad
O001275,C0065,2026-08-12,Delivered,Mobile App,Peshawar
O001276,C0514,2026-08-18,Delivered,Website,Lahore
O001277,C0042,2026-04-03,Returned,Website,Lahore
O001278,C0116,2026-05-03,Delivered,Mobile App,Karachi
O001279,C0104,2026-08-28,Delivered,Website,Rawalpindi
O001280,C0020,2026-02-27,Delivered,Mobile App,Karachi
O001281,C0071,2026-08-18,Delivered,Mobile App,Karachi
O001282,C0344,2026-01-26,Delivered,Website,Lahore
O001283,C0397,2026-02-24,Delivered,Marketplace,Lahore
O001284,C0050,2026-03-24,Delivered,Website,Karachi
O001285,C0566,2026-01-10,Delivered,Marketplace,Karachi
O001286,C0058,2026-07-18,Delivered,Marketplace,Peshawar
O001287,C0413,2026-07-27,Delivered,Website,Islamabad
O001288,C0481,2026-04-04,Shipped,Website,Lahore
O001289,C0313,2026-07-23,Delivered,Mobile App,Peshawar
O001290,C0295,2026-07-07,Shipped,Mobile App,Peshawar
O001291,C0066,2026-07-14,Delivered,Website,Karachi
O001292,C0145,2026-07-15,Delivered,Website,Lahore
O001293,C0511,2026-05-20,Delivered,Website,Karachi
O001294,C0210,2026-01-27,Cancelled,Mobile App,Lahore
O001295,C0021,2026-08-13,Delivered,Mobile App,Rawalpindi
O001296,C0438,2026-05-28,Cancelled,Website,Karachi
O001297,C0411,2026-08-08,Delivered,Mobile App,Lahore
O001298,C0040,2026-08-22,Delivered,Mobile App,Karachi
O001299,C0031,2026-02-15,Delivered,Marketplace,Lahore
O001300,C0070,2026-04-08,Returned,Website,Karachi
O001301,C0031,2026-02-16,Delivered,Website,Peshawar
O001302,C0370,2026-01-13,Cancelled,Website,Lahore
O001303,C0080,2026-08-23,Delivered,Mobile App,Karachi
O001304,C0365,2026-08-13,Delivered,Website,Rawalpindi
O001305,C0106,2026-08-15,Delivered,Website,Karachi
O001306,C0584,2026-08-03,Delivered,Mobile App,Islamabad
O001307,C0436,2026-06-07,Delivered,Mobile App,Lahore
O001308,C0225,2026-05-07,Delivered,Website,Karachi
O001309,C0258,2026-08-29,Delivered,Website,Karachi
O001310,C0040,2026-05-15,Delivered,Website,Karachi
O001311,C0033,2026-06-06,Delivered,Website,Rawalpindi
O001312,C0323,2026-02-21,Delivered,Website,Rawalpindi
O001313,C0014,2026-07-01,Delivered,Website,Karachi
O001314,C0384,2026-07-19,Delivered,Website,Karachi
O001315,C0230,2026-06-14,Delivered,Marketplace,Multan
O001316,C0084,2026-05-02,Delivered,Marketplace,Karachi
O001317,C0322,2026-02-18,Delivered,Website,Karachi
O001318,C0332,2026-01-09,Delivered,Mobile App,Islamabad
O001319,C0448,2026-06-02,Delivered,Website,Karachi
O001320,C0119,2026-06-15,Delivered,Mobile App,Multan
O001321,C0329,2026-07-07,Delivered,Marketplace,Karachi
O001322,C0507,2026-08-19,Delivered,Mobile App,Peshawar
O001323,C0162,2026-05-01,Delivered,Mobile App,Lahore
O001324,C0502,2026-07-21,Delivered,Website,Karachi
O001325,C0435,2026-06-24,Delivered,Website,Lahore
O001326,C0258,2026-03-09,Delivered,Mobile App,Multan
O001327,C0530,2026-07-25,Delivered,Website,Lahore
O001328,C0581,2026-01-13,Returned,Mobile App,Karachi
O001329,C0143,2026-05-26,Delivered,Website,Multan
O001330,C0588,2026-08-17,Delivered,Website,Karachi
O001331,C0002,2026-06-10,Delivered,Mobile App,Karachi
O001332,C0078,2026-08-16,Delivered,Mobile App,Karachi
O001333,C0026,2026-01-14,Delivered,Mobile App,Peshawar
O001334,C0221,2026-05-10,Delivered,Mobile App,Karachi
O001335,C0563,2026-07-09,Delivered,Mobile App,Karachi
O001336,C0361,2026-06-06,Delivered,Website,Multan
O001337,C0370,2026-08-02,Delivered,Mobile App,Islamabad
O001338,C0051,2026-04-23,Delivered,Website,Karachi
O001339,C0310,2026-06-15,Delivered,Website,Islamabad
O001340,C0230,2026-04-13,Delivered,Marketplace,Karachi
O001341,C0288,2026-07-31,Delivered,Website,Lahore
O001342,C0157,2026-01-30,Delivered,Website,Karachi
O001343,C0121,2026-03-03,Delivered,Website,Islamabad
O001344,C0572,2026-01-24,Delivered,Marketplace,Rawalpindi
O001345,C0336,2026-06-20,Delivered,Marketplace,Karachi
O001346,C0247,2026-02-26,Delivered,Website,Karachi
O001347,C0045,2026-03-19,Delivered,Mobile App,Lahore
O001348,C0458,2026-07-23,Delivered,Website,Rawalpindi
O001349,C0284,2026-03-29,Delivered,Mobile App,Rawalpindi
O001350,C0233,2026-02-05,Cancelled,Mobile App,Rawalpindi
O001351,C0401,2026-01-06,Delivered,Website,Multan
O001352,C0080,2026-02-25,Delivered,Mobile App,Peshawar
O001353,C0320,2026-08-11,Delivered,Marketplace,Multan
O001354,C0518,2026-05-14,Delivered,Website,Islamabad
O001355,C0279,2026-08-30,Delivered,Website,Karachi
O001356,C0001,2026-02-22,Delivered,Marketplace,Islamabad
O001357,C0138,2026-03-27,Shipped,Website,Karachi
O001358,C0034,2026-02-09,Delivered,Website,Karachi
O001359,C0301,2026-04-07,Cancelled,Mobile App,Karachi
O001360,C0219,2026-05-17,Delivered,Website,Lahore
O001361,C0080,2026-07-16,Delivered,Website,Rawalpindi
O001362,C0413,2026-03-31,Delivered,Website,Lahore
O001363,C0106,2026-07-07,Delivered,Website,Karachi
O001364,C0206,2026-06-02,Delivered,Mobile App,Multan
O001365,C0593,2026-03-12,Delivered,Mobile App,Islamabad
O001366,C0040,2026-08-10,Delivered,Website,Karachi
O001367,C0149,2026-04-16,Delivered,Mobile App,Karachi
O001368,C0191,2026-02-06,Delivered,Website,Karachi
O001369,C0306,2026-08-22,Delivered,Website,Multan
O001370,C0147,2026-08-10,Delivered,Mobile App,Karachi
O001371,C0583,2026-01-13,Delivered,Website,Multan
O001372,C0004,2026-08-08,Delivered,Mobile App,Karachi
O001373,C0569,2026-08-19,Delivered,Website,Peshawar
O001374,C0321,2026-07-21,Cancelled,Mobile App,Karachi
O001375,C0023,2026-03-03,Delivered,Marketplace,Lahore
O001376,C0070,2026-06-03,Delivered,Website,Lahore
O001377,C0062,2026-05-11,Delivered,Marketplace,Karachi
O001378,C0173,2026-05-31,Delivered,Website,Multan
O001379,C0200,2026-05-30,Delivered,Website,Rawalpindi
O001380,C0385,2026-06-05,Delivered,Website,Karachi
O001381,C0187,2026-05-05,Delivered,Mobile App,Rawalpindi
O001382,C0436,2026-06-17,Delivered,Mobile App,Karachi
O001383,C0177,2026-05-08,Delivered,Marketplace,Multan
O001384,C0159,2026-01-05,Delivered,Mobile App,Lahore
O001385,C0166,2026-01-09,Delivered,Website,Karachi
O001386,C0198,2026-08-21,Delivered,Marketplace,Karachi
O001387,C0503,2026-08-09,Delivered,Marketplace,Karachi
O001388,C0149,2026-05-23,Delivered,Mobile App,Multan
O001389,C0164,2026-02-12,Delivered,Mobile App,Karachi
O001390,C0575,2026-07-09,Delivered,Mobile App,Karachi
O001391,C0393,2026-02-04,Delivered,Website,Peshawar
O001392,C0115,2026-04-02,Delivered,Marketplace,Karachi
O001393,C0521,2026-03-22,Delivered,Marketplace,Karachi
O001394,C0110,2026-01-04,Returned,Mobile App,Islamabad
O001395,C0098,2026-07-16,Delivered,Website,Karachi
O001396,C0268,2026-05-04,Cancelled,Website,Peshawar
O001397,C0415,2026-03-18,Cancelled,Marketplace,Lahore
O001398,C0114,2026-05-04,Delivered,Marketplace,Karachi
O001399,C0452,2026-01-01,Delivered,Mobile App,Lahore
O001400,C0095,2026-04-17,Delivered,Marketplace,Karachi
O001401,C0470,2026-05-07,Returned,Mobile App,Lahore
O001402,C0058,2026-03-24,Delivered,Marketplace,Islamabad
O001403,C0279,2026-07-21,Delivered,Website,Rawalpindi
O001404,C0385,2026-03-02,Delivered,Website,Lahore
O001405,C0160,2026-02-03,Shipped,Mobile App,Rawalpindi
O001406,C0368,2026-05-09,Delivered,Website,Karachi
O001407,C0414,2026-08-04,Delivered,Website,Multan
O001408,C0391,2026-04-02,Delivered,Mobile App,Karachi
O001409,C0239,2026-01-12,Delivered,Website,Peshawar
O001410,C0464,2026-08-24,Shipped,Mobile App,Lahore
O001411,C0439,2026-04-18,Delivered,Website,Karachi
O001412,C0196,2026-02-12,Delivered,Mobile App,Lahore
O001413,C0441,2026-05-30,Delivered,Website,Multan
O001414,C0552,2026-03-19,Delivered,Mobile App,Peshawar
O001415,C0491,2026-08-16,Delivered,Mobile App,Rawalpindi
O001416,C0440,2026-03-13,Delivered,Website,Lahore
O001417,C0460,2026-05-14,Delivered,Website,Islamabad
O001418,C0483,2026-05-13,Delivered,Website,Karachi
O001419,C0174,2026-02-28,Returned,Website,Islamabad
O001420,C0433,2026-05-02,Delivered,Website,Karachi
O001421,C0120,2026-01-27,Delivered,Website,Peshawar
O001422,C0216,2026-06-06,Delivered,Mobile App,Rawalpindi
O001423,C0561,2026-07-04,Delivered,Website,Lahore
O001424,C0170,2026-08-19,Shipped,Website,Islamabad
O001425,C0507,2026-03-21,Delivered,Website,Karachi
O001426,C0254,2026-03-11,Delivered,Website,Karachi
O001427,C0126,2026-05-14,Delivered,Mobile App,Karachi
O001428,C0059,2026-06-18,Delivered,Mobile App,Karachi
O001429,C0329,2026-08-30,Delivered,Mobile App,Karachi
O001430,C0271,2026-01-07,Delivered,Mobile App,Islamabad
O001431,C0307,2026-02-27,Delivered,Website,Rawalpindi
O001432,C0026,2026-03-05,Delivered,Website,Lahore
O001433,C0161,2026-03-04,Delivered,Mobile App,Multan
O001434,C0003,2026-04-23,Delivered,Website,Multan
O001435,C0182,2026-08-01,Delivered,Mobile App,Karachi
O001436,C0559,2026-01-08,Delivered,Mobile App,Lahore
O001437,C0092,2026-07-18,Delivered,Mobile App,Multan
O001438,C0414,2026-05-31,Shipped,Mobile App,Karachi
O001439,C0004,2026-05-30,Returned,Marketplace,Lahore
O001440,C0338,2026-06-14,Delivered,Website,Multan
O001441,C0553,2026-01-29,Delivered,Website,Rawalpindi
O001442,C0205,2026-07-01,Delivered,Marketplace,Peshawar
O001443,C0119,2026-03-02,Delivered,Mobile App,Peshawar
O001444,C0343,2026-05-06,Delivered,Website,Karachi
O001445,C0168,2026-06-14,Delivered,Website,Rawalpindi
O001446,C0535,2026-05-27,Delivered,Website,Peshawar
O001447,C0510,2026-03-20,Returned,Mobile App,Karachi
O001448,C0392,2026-04-07,Delivered,Website,Karachi
O001449,C0384,2026-04-26,Delivered,Website,Karachi
O001450,C0362,2026-01-11,Delivered,Website,Rawalpindi
O001451,C0442,2026-06-26,Cancelled,Marketplace,Rawalpindi
O001452,C0277,2026-01-25,Delivered,Mobile App,Multan
O001453,C0582,2026-04-22,Shipped,Mobile App,Karachi
O001454,C0208,2026-06-09,Shipped,Marketplace,Islamabad
O001455,C0006,2026-01-20,Delivered,Website,Karachi
O001456,C0420,2026-08-30,Delivered,Mobile App,Multan
O001457,C0398,2026-04-02,Delivered,Mobile App,Lahore
O001458,C0589,2026-01-04,Delivered,Website,Rawalpindi
O001459,C0238,2026-06-10,Delivered,Mobile App,Karachi
O001460,C0255,2026-05-16,Delivered,Marketplace,Karachi
O001461,C0338,2026-06-05,Delivered,Website,Karachi
O001462,C0236,2026-07-02,Delivered,Website,Peshawar
O001463,C0471,2026-04-26,Delivered,Mobile App,Karachi
O001464,C0257,2026-07-20,Delivered,Website,Peshawar
O001465,C0471,2026-03-31,Delivered,Mobile App,Karachi
O001466,C0256,2026-05-13,Delivered,Website,Lahore
O001467,C0136,2026-02-08,Delivered,Mobile App,Karachi
O001468,C0595,2026-05-31,Delivered,Mobile App,Karachi
O001469,C0316,2026-03-05,Delivered,Marketplace,Lahore
O001470,C0425,2026-06-19,Delivered,Website,Lahore
O001471,C0355,2026-07-14,Delivered,Marketplace,Lahore
O001472,C0216,2026-07-28,Delivered,Mobile App,Islamabad
O001473,C0584,2026-08-14,Cancelled,Mobile App,Karachi
O001474,C0223,2026-01-30,Delivered,Mobile App,Lahore
O001475,C0596,2026-02-03,Delivered,Mobile App,Islamabad
O001476,C0259,2026-08-14,Delivered,Mobile App,Karachi
O001477,C0014,2026-04-03,Delivered,Website,Lahore
O001478,C0023,2026-01-07,Cancelled,Website,Karachi
O001479,C0585,2026-03-11,Shipped,Mobile App,Karachi
O001480,C0317,2026-07-23,Delivered,Website,Karachi
O001481,C0233,2026-03-28,Delivered,Mobile App,Islamabad
O001482,C0487,2026-01-19,Delivered,Website,Karachi
O001483,C0371,2026-06-25,Shipped,Website,Peshawar
O001484,C0397,2026-02-17,Delivered,Mobile App,Rawalpindi
O001485,C0412,2026-03-27,Cancelled,Website,Karachi
O001486,C0120,2026-01-01,Delivered,Marketplace,Islamabad
O001487,C0053,2026-05-27,Delivered,Marketplace,Karachi
O001488,C0437,2026-04-19,Delivered,Website,Karachi
O001489,C0014,2026-07-30,Delivered,Website,Multan
O001490,C0432,2026-03-23,Delivered,Website,Lahore
O001491,C0078,2026-02-19,Delivered,Mobile App,Karachi
O001492,C0158,2026-02-10,Delivered,Website,Peshawar
O001493,C0425,2026-02-18,Delivered,Marketplace,Multan
O001494,C0374,2026-04-20,Delivered,Marketplace,Lahore
O001495,C0469,2026-01-22,Delivered,Website,Rawalpindi
O001496,C0367,2026-04-08,Delivered,Mobile App,Rawalpindi
O001497,C0029,2026-07-27,Delivered,Website,Rawalpindi
O001498,C0504,2026-07-06,Cancelled,Mobile App,Lahore
O001499,C0130,2026-06-04,Cancelled,Website,Peshawar
O001500,C0082,2026-08-06,Delivered,Mobile App,Lahore
O001501,C0528,2026-07-09,Delivered,Website,Karachi
O001502,C0117,2026-06-08,Delivered,Marketplace,Karachi
O001503,C0322,2026-07-29,Delivered,Website,Lahore
O001504,C0292,2026-01-31,Shipped,Mobile App,Karachi
O001505,C0462,2026-07-18,Delivered,Marketplace,Karachi
O001506,C0027,2026-03-13,Delivered,Mobile App,Lahore
O001507,C0065,2026-06-28,Delivered,Mobile App,Multan
O001508,C0250,2026-08-10,Delivered,Website,Karachi
O001509,C0284,2026-05-01,Cancelled,Website,Karachi
O001510,C0473,2026-01-22,Delivered,Website,Peshawar
O001511,C0364,2026-03-31,Cancelled,Marketplace,Lahore
O001512,C0090,2026-04-09,Delivered,Website,Rawalpindi
O001513,C0588,2026-08-16,Delivered,Website,Lahore
O001514,C0276,2026-08-18,Cancelled,Mobile App,Islamabad
O001515,C0579,2026-05-19,Delivered,Website,Karachi
O001516,C0594,2026-08-20,Delivered,Marketplace,Lahore
O001517,C0032,2026-04-17,Delivered,Website,Islamabad
O001518,C0304,2026-04-10,Shipped,Website,Karachi
O001519,C0254,2026-07-23,Delivered,Mobile App,Karachi
O001520,C0299,2026-06-12,Delivered,Mobile App,Lahore
O001521,C0186,2026-05-07,Delivered,Marketplace,Islamabad
O001522,C0336,2026-04-21,Delivered,Website,Lahore
O001523,C0296,2026-06-21,Delivered,Website,Rawalpindi
O001524,C0112,2026-07-03,Delivered,Website,Rawalpindi
O001525,C0174,2026-04-30,Delivered,Website,Karachi
O001526,C0089,2026-01-08,Delivered,Mobile App,Multan
O001527,C0507,2026-01-25,Delivered,Website,Peshawar
O001528,C0407,2026-02-05,Cancelled,Mobile App,Karachi
O001529,C0233,2026-04-23,Delivered,Marketplace,Lahore
O001530,C0238,2026-05-30,Delivered,Website,Karachi
O001531,C0048,2026-07-15,Delivered,Mobile App,Multan
O001532,C0174,2026-02-26,Delivered,Website,Lahore
O001533,C0555,2026-07-11,Delivered,Mobile App,Lahore
O001534,C0019,2026-06-11,Delivered,Website,Multan
O001535,C0088,2026-01-13,Delivered,Mobile App,Islamabad
O001536,C0508,2026-03-27,Delivered,Website,Karachi
O001537,C0313,2026-03-15,Delivered,Website,Islamabad
O001538,C0020,2026-08-04,Delivered,Website,Peshawar
O001539,C0294,2026-08-12,Delivered,Website,Karachi
O001540,C0450,2026-07-19,Delivered,Marketplace,Lahore
O001541,C0208,2026-05-09,Delivered,Website,Islamabad
O001542,C0230,2026-04-30,Delivered,Marketplace,Lahore
O001543,C0379,2026-03-17,Delivered,Mobile App,Multan
O001544,C0360,2026-07-07,Delivered,Website,Lahore
O001545,C0542,2026-01-21,Delivered,Website,Islamabad
O001546,C0149,2026-03-07,Returned,Website,Peshawar
O001547,C0166,2026-02-02,Delivered,Mobile App,Karachi
O001548,C0094,2026-05-01,Delivered,Website,Karachi
O001549,C0399,2026-03-14,Delivered,Marketplace,Multan
O001550,C0321,2026-02-17,Delivered,Website,Rawalpindi
O001551,C0209,2026-04-02,Delivered,Website,Lahore
O001552,C0418,2026-07-29,Delivered,Website,Karachi
O001553,C0227,2026-05-16,Delivered,Mobile App,Karachi
O001554,C0118,2026-07-20,Delivered,Mobile App,Karachi
O001555,C0324,2026-08-11,Delivered,Marketplace,Lahore
O001556,C0262,2026-08-08,Delivered,Website,Lahore
O001557,C0244,2026-03-27,Delivered,Website,Karachi
O001558,C0267,2026-08-02,Shipped,Mobile App,Islamabad
O001559,C0549,2026-08-09,Delivered,Mobile App,Multan
O001560,C0130,2026-08-22,Delivered,Mobile App,Multan
O001561,C0166,2026-03-27,Shipped,Website,Peshawar
O001562,C0340,2026-02-25,Delivered,Mobile App,Lahore
O001563,C0029,2026-05-22,Delivered,Website,Lahore
O001564,C0088,2026-08-15,Delivered,Marketplace,Lahore
O001565,C0340,2026-08-07,Delivered,Website,Karachi
O001566,C0306,2026-05-19,Cancelled,Mobile App,Peshawar
O001567,C0392,2026-02-06,Cancelled,Website,Islamabad
O001568,C0069,2026-04-13,Delivered,Mobile App,Islamabad
O001569,C0513,2026-06-23,Delivered,Marketplace,Karachi
O001570,C0292,2026-05-17,Delivered,Marketplace,Karachi
O001571,C0094,2026-03-25,Shipped,Website,Peshawar
O001572,C0187,2026-03-25,Delivered,Website,Karachi
O001573,C0137,2026-01-15,Delivered,Mobile App,Karachi
O001574,C0272,2026-03-12,Delivered,Mobile App,Islamabad
O001575,C0282,2026-06-12,Delivered,Mobile App,Rawalpindi
O001576,C0261,2026-02-28,Delivered,Website,Karachi
O001577,C0277,2026-08-30,Cancelled,Website,Karachi
O001578,C0545,2026-01-21,Delivered,Website,Rawalpindi
O001579,C0576,2026-05-24,Delivered,Mobile App,Multan
O001580,C0294,2026-05-01,Delivered,Website,Lahore
O001581,C0578,2026-07-22,Shipped,Website,Peshawar
O001582,C0492,2026-08-04,Delivered,Mobile App,Karachi
O001583,C0492,2026-05-13,Delivered,Mobile App,Rawalpindi
O001584,C0136,2026-06-03,Delivered,Marketplace,Lahore
O001585,C0264,2026-06-19,Delivered,Website,Peshawar
O001586,C0212,2026-05-07,Delivered,Website,Rawalpindi
O001587,C0058,2026-02-14,Shipped,Mobile App,Karachi
O001588,C0046,2026-04-15,Delivered,Website,Karachi
O001589,C0374,2026-02-28,Delivered,Mobile App,Peshawar
O001590,C0253,2026-04-23,Delivered,Website,Karachi
O001591,C0496,2026-05-30,Returned,Mobile App,Islamabad
O001592,C0402,2026-02-20,Delivered,Website,Lahore
O001593,C0052,2026-03-02,Delivered,Mobile App,Karachi
O001594,C0503,2026-07-19,Delivered,Mobile App,Islamabad
O001595,C0298,2026-04-02,Cancelled,Website,Lahore
O001596,C0340,2026-02-18,Shipped,Website,Peshawar
O001597,C0580,2026-06-23,Delivered,Mobile App,Karachi
O001598,C0385,2026-06-24,Delivered,Mobile App,Karachi
O001599,C0014,2026-07-20,Delivered,Website,Karachi
O001600,C0107,2026-07-04,Delivered,Website,Karachi
O001601,C0256,2026-08-30,Delivered,Mobile App,Islamabad
O001602,C0023,2026-05-20,Returned,Mobile App,Lahore
O001603,C0101,2026-03-11,Delivered,Mobile App,Karachi
O001604,C0476,2026-07-29,Delivered,Website,Multan
O001605,C0086,2026-03-06,Delivered,Marketplace,Karachi
O001606,C0101,2026-03-12,Delivered,Website,Lahore
O001607,C0303,2026-07-21,Delivered,Website,Peshawar
O001608,C0055,2026-08-03,Delivered,Mobile App,Islamabad
O001609,C0154,2026-03-24,Delivered,Website,Karachi
O001610,C0563,2026-06-27,Delivered,Mobile App,Multan
O001611,C0379,2026-08-13,Delivered,Website,Lahore
O001612,C0579,2026-07-14,Delivered,Website,Karachi
O001613,C0213,2026-01-02,Delivered,Mobile App,Karachi
O001614,C0370,2026-06-11,Delivered,Website,Multan
O001615,C0144,2026-02-11,Delivered,Mobile App,Karachi
O001616,C0228,2026-07-25,Delivered,Mobile App,Peshawar
O001617,C0105,2026-01-17,Delivered,Website,Karachi
O001618,C0500,2026-08-30,Delivered,Mobile App,Karachi
O001619,C0111,2026-02-13,Delivered,Marketplace,Peshawar
O001620,C0123,2026-04-13,Delivered,Mobile App,Multan
O001621,C0279,2026-02-26,Returned,Website,Karachi
O001622,C0258,2026-07-17,Delivered,Mobile App,Karachi
O001623,C0189,2026-04-06,Delivered,Marketplace,Rawalpindi
O001624,C0215,2026-06-30,Delivered,Mobile App,Lahore
O001625,C0178,2026-01-17,Delivered,Website,Lahore
O001626,C0548,2026-04-21,Delivered,Website,Karachi
O001627,C0349,2026-08-10,Delivered,Mobile App,Multan
O001628,C0552,2026-08-14,Delivered,Mobile App,Karachi
O001629,C0593,2026-02-20,Delivered,Marketplace,Karachi
O001630,C0391,2026-04-06,Delivered,Marketplace,Karachi
O001631,C0496,2026-04-10,Delivered,Website,Karachi
O001632,C0067,2026-05-18,Delivered,Mobile App,Lahore
O001633,C0570,2026-05-11,Cancelled,Website,Karachi
O001634,C0290,2026-01-26,Delivered,Website,Islamabad
O001635,C0429,2026-07-05,Delivered,Website,Lahore
O001636,C0148,2026-02-24,Delivered,Marketplace,Karachi
O001637,C0058,2026-03-18,Delivered,Website,Peshawar
O001638,C0531,2026-07-24,Delivered,Mobile App,Lahore
O001639,C0270,2026-06-17,Delivered,Website,Karachi
O001640,C0084,2026-04-07,Delivered,Website,Karachi
O001641,C0396,2026-08-10,Delivered,Mobile App,Islamabad
O001642,C0033,2026-04-06,Shipped,Website,Rawalpindi
O001643,C0271,2026-05-18,Delivered,Website,Islamabad
O001644,C0423,2026-03-01,Delivered,Website,Rawalpindi
O001645,C0433,2026-02-14,Delivered,Mobile App,Karachi
O001646,C0272,2026-04-30,Shipped,Mobile App,Multan
O001647,C0222,2026-05-17,Delivered,Mobile App,Karachi
O001648,C0504,2026-07-15,Returned,Website,Karachi
O001649,C0111,2026-04-05,Shipped,Website,Lahore
O001650,C0045,2026-08-06,Delivered,Website,Karachi
O001651,C0095,2026-05-28,Delivered,Marketplace,Lahore
O001652,C0481,2026-01-18,Delivered,Website,Karachi
O001653,C0282,2026-06-29,Delivered,Website,Rawalpindi
O001654,C0023,2026-05-20,Delivered,Marketplace,Rawalpindi
O001655,C0102,2026-04-05,Delivered,Marketplace,Islamabad
O001656,C0017,2026-04-24,Delivered,Website,Lahore
O001657,C0489,2026-03-15,Shipped,Mobile App,Karachi
O001658,C0277,2026-05-30,Shipped,Website,Peshawar
O001659,C0041,2026-05-18,Delivered,Mobile App,Lahore
O001660,C0133,2026-04-19,Delivered,Mobile App,Lahore
O001661,C0370,2026-03-11,Delivered,Marketplace,Karachi
O001662,C0357,2026-04-07,Delivered,Website,Karachi
O001663,C0492,2026-05-01,Delivered,Mobile App,Lahore
O001664,C0016,2026-04-25,Delivered,Website,Rawalpindi
O001665,C0042,2026-03-17,Returned,Mobile App,Peshawar
O001666,C0022,2026-05-22,Delivered,Mobile App,Multan
O001667,C0237,2026-02-25,Delivered,Mobile App,Lahore
O001668,C0437,2026-05-02,Delivered,Marketplace,Lahore
O001669,C0398,2026-01-30,Delivered,Mobile App,Rawalpindi
O001670,C0127,2026-04-25,Delivered,Mobile App,Karachi
O001671,C0395,2026-07-10,Delivered,Website,Lahore
O001672,C0394,2026-07-18,Delivered,Marketplace,Islamabad
O001673,C0115,2026-06-18,Delivered,Website,Karachi
O001674,C0450,2026-07-01,Delivered,Website,Karachi
O001675,C0254,2026-01-17,Delivered,Mobile App,Lahore
O001676,C0036,2026-03-24,Delivered,Website,Islamabad
O001677,C0235,2026-06-08,Delivered,Mobile App,Karachi
O001678,C0462,2026-07-14,Delivered,Website,Karachi
O001679,C0418,2026-05-22,Delivered,Website,Karachi
O001680,C0162,2026-07-27,Delivered,Marketplace,Peshawar
O001681,C0455,2026-03-08,Delivered,Marketplace,Multan
O001682,C0234,2026-02-07,Delivered,Mobile App,Multan
O001683,C0277,2026-01-21,Returned,Marketplace,Peshawar
O001684,C0052,2026-05-22,Returned,Website,Karachi
O001685,C0599,2026-06-11,Delivered,Website,Karachi
O001686,C0504,2026-03-11,Delivered,Marketplace,Lahore
O001687,C0117,2026-07-10,Delivered,Mobile App,Lahore
O001688,C0337,2026-06-29,Shipped,Mobile App,Rawalpindi
O001689,C0469,2026-03-29,Delivered,Website,Karachi
O001690,C0303,2026-02-28,Delivered,Website,Multan
O001691,C0127,2026-06-30,Delivered,Website,Karachi
O001692,C0582,2026-06-13,Returned,Marketplace,Islamabad
O001693,C0162,2026-02-11,Delivered,Website,Peshawar
O001694,C0201,2026-03-03,Delivered,Mobile App,Lahore
O001695,C0223,2026-04-29,Delivered,Website,Rawalpindi
O001696,C0535,2026-05-05,Delivered,Mobile App,Rawalpindi
O001697,C0301,2026-02-10,Delivered,Website,Peshawar
O001698,C0432,2026-08-19,Delivered,Mobile App,Peshawar
O001699,C0541,2026-04-05,Cancelled,Mobile App,Lahore
O001700,C0558,2026-04-03,Delivered,Website,Lahore
O001701,C0514,2026-01-15,Delivered,Website,Peshawar
O001702,C0545,2026-08-01,Delivered,Website,Islamabad
O001703,C0569,2026-02-27,Delivered,Mobile App,Islamabad
O001704,C0595,2026-08-28,Delivered,Mobile App,Lahore
O001705,C0386,2026-05-01,Delivered,Website,Karachi
O001706,C0080,2026-08-01,Delivered,Mobile App,Lahore
O001707,C0068,2026-02-13,Delivered,Website,Multan
O001708,C0478,2026-02-10,Delivered,Marketplace,Karachi
O001709,C0190,2026-07-14,Delivered,Marketplace,Karachi
O001710,C0483,2026-07-19,Delivered,Mobile App,Karachi
O001711,C0561,2026-05-12,Delivered,Website,Lahore
O001712,C0387,2026-01-08,Delivered,Website,Karachi
O001713,C0459,2026-08-18,Delivered,Marketplace,Islamabad
O001714,C0168,2026-04-06,Delivered,Website,Karachi
O001715,C0261,2026-08-16,Delivered,Mobile App,Karachi
O001716,C0580,2026-07-31,Delivered,Marketplace,Karachi
O001717,C0491,2026-07-26,Cancelled,Mobile App,Karachi
O001718,C0123,2026-06-17,Shipped,Mobile App,Peshawar
O001719,C0562,2026-06-13,Delivered,Mobile App,Multan
O001720,C0300,2026-05-10,Delivered,Marketplace,Rawalpindi
O001721,C0507,2026-01-07,Delivered,Website,Peshawar
O001722,C0313,2026-04-05,Delivered,Marketplace,Karachi
O001723,C0363,2026-06-27,Delivered,Website,Multan
O001724,C0098,2026-07-17,Delivered,Mobile App,Lahore
O001725,C0204,2026-05-16,Delivered,Marketplace,Rawalpindi
O001726,C0434,2026-06-22,Delivered,Mobile App,Islamabad
O001727,C0506,2026-01-06,Delivered,Website,Karachi
O001728,C0054,2026-04-24,Delivered,Website,Karachi
O001729,C0047,2026-05-04,Delivered,Mobile App,Karachi
O001730,C0416,2026-08-05,Delivered,Mobile App,Lahore
O001731,C0269,2026-03-17,Delivered,Website,Lahore
O001732,C0510,2026-02-25,Delivered,Marketplace,Multan
O001733,C0041,2026-03-27,Delivered,Marketplace,Karachi
O001734,C0210,2026-02-11,Delivered,Marketplace,Islamabad
O001735,C0022,2026-05-16,Shipped,Mobile App,Lahore
O001736,C0426,2026-06-06,Delivered,Marketplace,Karachi
O001737,C0515,2026-07-14,Delivered,Marketplace,Karachi
O001738,C0095,2026-08-25,Delivered,Website,Lahore
O001739,C0195,2026-01-18,Delivered,Marketplace,Lahore
O001740,C0508,2026-03-02,Delivered,Mobile App,Karachi
O001741,C0025,2026-03-15,Delivered,Marketplace,Karachi
O001742,C0572,2026-03-02,Delivered,Mobile App,Karachi
O001743,C0533,2026-07-21,Returned,Mobile App,Peshawar
O001744,C0092,2026-02-03,Shipped,Website,Peshawar
O001745,C0084,2026-01-08,Delivered,Website,Karachi
O001746,C0416,2026-07-29,Delivered,Website,Islamabad
O001747,C0007,2026-08-22,Delivered,Mobile App,Multan
O001748,C0304,2026-02-25,Delivered,Marketplace,Karachi
O001749,C0040,2026-03-22,Cancelled,Website,Karachi
O001750,C0319,2026-05-03,Delivered,Website,Karachi
O001751,C0211,2026-05-08,Delivered,Mobile App,Karachi
O001752,C0424,2026-08-29,Cancelled,Website,Peshawar
O001753,C0529,2026-04-09,Delivered,Website,Peshawar
O001754,C0294,2026-01-03,Delivered,Website,Lahore
O001755,C0386,2026-04-13,Delivered,Mobile App,Karachi
O001756,C0361,2026-05-16,Delivered,Mobile App,Peshawar
O001757,C0591,2026-05-06,Cancelled,Marketplace,Karachi
O001758,C0139,2026-05-05,Shipped,Website,Karachi
O001759,C0144,2026-08-13,Delivered,Website,Karachi
O001760,C0228,2026-07-16,Delivered,Mobile App,Peshawar
O001761,C0443,2026-03-03,Delivered,Marketplace,Rawalpindi
O001762,C0520,2026-03-28,Delivered,Website,Islamabad
O001763,C0167,2026-06-12,Delivered,Marketplace,Rawalpindi
O001764,C0066,2026-04-10,Delivered,Mobile App,Karachi
O001765,C0366,2026-04-15,Delivered,Marketplace,Lahore
O001766,C0359,2026-02-10,Delivered,Website,Peshawar
O001767,C0225,2026-03-03,Delivered,Website,Multan
O001768,C0111,2026-06-30,Cancelled,Website,Lahore
O001769,C0510,2026-07-24,Delivered,Mobile App,Karachi
O001770,C0508,2026-07-10,Delivered,Marketplace,Multan
O001771,C0449,2026-03-16,Delivered,Website,Lahore
O001772,C0348,2026-02-03,Delivered,Website,Karachi
O001773,C0157,2026-02-08,Delivered,Website,Karachi
O001774,C0242,2026-04-06,Delivered,Mobile App,Karachi
O001775,C0042,2026-05-06,Delivered,Marketplace,Islamabad
O001776,C0150,2026-08-05,Delivered,Website,Islamabad
O001777,C0271,2026-08-07,Delivered,Mobile App,Karachi
O001778,C0263,2026-01-01,Delivered,Mobile App,Karachi
O001779,C0049,2026-06-21,Cancelled,Marketplace,Lahore
O001780,C0575,2026-03-14,Delivered,Mobile App,Lahore
O001781,C0161,2026-02-18,Delivered,Website,Karachi
O001782,C0306,2026-05-15,Delivered,Mobile App,Karachi
O001783,C0280,2026-01-09,Delivered,Mobile App,Peshawar
O001784,C0282,2026-03-23,Delivered,Marketplace,Multan
O001785,C0508,2026-05-15,Delivered,Mobile App,Lahore
O001786,C0448,2026-03-08,Delivered,Website,Rawalpindi
O001787,C0521,2026-05-25,Delivered,Mobile App,Peshawar
O001788,C0228,2026-04-22,Delivered,Mobile App,Karachi
O001789,C0160,2026-07-14,Delivered,Website,Multan
O001790,C0257,2026-02-14,Delivered,Marketplace,Lahore
O001791,C0337,2026-01-14,Delivered,Website,Lahore
O001792,C0203,2026-05-09,Delivered,Marketplace,Lahore
O001793,C0277,2026-03-04,Delivered,Website,Karachi
O001794,C0091,2026-06-21,Delivered,Website,Rawalpindi
O001795,C0351,2026-01-23,Delivered,Mobile App,Rawalpindi
O001796,C0429,2026-05-20,Delivered,Mobile App,Karachi
O001797,C0317,2026-08-29,Delivered,Marketplace,Lahore
O001798,C0524,2026-01-23,Delivered,Mobile App,Multan
O001799,C0598,2026-03-15,Delivered,Website,Peshawar
O001800,C0544,2026-07-25,Delivered,Marketplace,Islamabad
O001801,C0056,2026-05-10,Delivered,Mobile App,Karachi
O001802,C0529,2026-02-12,Delivered,Website,Karachi
O001803,C0201,2026-02-21,Delivered,Marketplace,Karachi
O001804,C0272,2026-07-05,Shipped,Website,Peshawar
O001805,C0248,2026-07-29,Delivered,Website,Rawalpindi
O001806,C0171,2026-03-29,Delivered,Mobile App,Multan
O001807,C0527,2026-04-26,Delivered,Mobile App,Karachi
O001808,C0383,2026-07-10,Delivered,Mobile App,Multan
O001809,C0581,2026-02-12,Delivered,Marketplace,Multan
O001810,C0573,2026-02-20,Delivered,Website,Islamabad
O001811,C0252,2026-07-08,Delivered,Marketplace,Multan
O001812,C0437,2026-02-15,Delivered,Website,Lahore
O001813,C0302,2026-07-07,Shipped,Website,Karachi
O001814,C0297,2026-05-01,Delivered,Website,Karachi
O001815,C0444,2026-08-29,Delivered,Website,Karachi
O001816,C0414,2026-01-09,Delivered,Website,Karachi
O001817,C0548,2026-08-18,Delivered,Marketplace,Rawalpindi
O001818,C0464,2026-02-24,Delivered,Mobile App,Karachi
O001819,C0374,2026-01-09,Delivered,Mobile App,Karachi
O001820,C0552,2026-06-25,Delivered,Website,Karachi
O001821,C0062,2026-05-10,Delivered,Marketplace,Islamabad
O001822,C0458,2026-07-23,Delivered,Website,Multan
O001823,C0236,2026-01-27,Delivered,Mobile App,Lahore
O001824,C0260,2026-01-20,Delivered,Mobile App,Rawalpindi
O001825,C0470,2026-05-18,Delivered,Website,Multan
O001826,C0165,2026-08-03,Delivered,Mobile App,Rawalpindi
O001827,C0531,2026-04-09,Delivered,Marketplace,Rawalpindi
O001828,C0300,2026-07-13,Returned,Website,Islamabad
O001829,C0210,2026-08-09,Delivered,Mobile App,Multan
O001830,C0197,2026-07-31,Delivered,Marketplace,Karachi
O001831,C0253,2026-05-04,Delivered,Website,Rawalpindi
O001832,C0566,2026-06-19,Delivered,Website,Lahore
O001833,C0062,2026-05-08,Returned,Website,Karachi
O001834,C0305,2026-06-13,Delivered,Mobile App,Rawalpindi
O001835,C0502,2026-05-18,Delivered,Website,Peshawar
O001836,C0284,2026-05-08,Delivered,Mobile App,Peshawar
O001837,C0340,2026-04-17,Delivered,Website,Multan
O001838,C0209,2026-06-08,Delivered,Marketplace,Rawalpindi
O001839,C0082,2026-07-02,Delivered,Marketplace,Lahore
O001840,C0384,2026-08-12,Shipped,Mobile App,Multan
O001841,C0552,2026-05-30,Delivered,Marketplace,Karachi
O001842,C0313,2026-01-25,Shipped,Mobile App,Karachi
O001843,C0260,2026-05-23,Shipped,Marketplace,Lahore
O001844,C0078,2026-03-18,Delivered,Website,Islamabad
O001845,C0567,2026-01-07,Delivered,Website,Islamabad
O001846,C0522,2026-01-18,Shipped,Marketplace,Peshawar
O001847,C0542,2026-05-24,Delivered,Website,Karachi
O001848,C0216,2026-08-18,Delivered,Website,Peshawar
O001849,C0376,2026-05-03,Delivered,Mobile App,Islamabad
O001850,C0260,2026-04-19,Delivered,Mobile App,Multan
O001851,C0141,2026-01-22,Shipped,Website,Karachi
O001852,C0124,2026-06-14,Delivered,Website,Islamabad
O001853,C0231,2026-01-14,Delivered,Website,Rawalpindi
O001854,C0333,2026-07-24,Cancelled,Website,Lahore
O001855,C0074,2026-07-18,Delivered,Website,Karachi
O001856,C0422,2026-08-29,Delivered,Mobile App,Karachi
O001857,C0275,2026-03-11,Delivered,Mobile App,Karachi
O001858,C0529,2026-02-09,Delivered,Website,Lahore
O001859,C0168,2026-03-14,Delivered,Website,Islamabad
O001860,C0031,2026-07-14,Delivered,Mobile App,Islamabad
O001861,C0188,2026-02-23,Delivered,Website,Rawalpindi
O001862,C0584,2026-08-04,Delivered,Website,Karachi
O001863,C0194,2026-02-07,Delivered,Website,Karachi
O001864,C0423,2026-01-12,Delivered,Mobile App,Rawalpindi
O001865,C0506,2026-02-23,Delivered,Website,Rawalpindi
O001866,C0171,2026-07-03,Delivered,Website,Rawalpindi
O001867,C0386,2026-05-27,Delivered,Mobile App,Rawalpindi
O001868,C0123,2026-03-28,Cancelled,Mobile App,Multan
O001869,C0218,2026-06-09,Delivered,Mobile App,Multan
O001870,C0178,2026-06-07,Delivered,Marketplace,Islamabad
O001871,C0404,2026-05-15,Delivered,Mobile App,Karachi
O001872,C0526,2026-05-05,Delivered,Website,Karachi
O001873,C0152,2026-01-25,Cancelled,Website,Islamabad
O001874,C0175,2026-03-05,Cancelled,Website,Lahore
O001875,C0493,2026-05-09,Delivered,Website,Karachi
O001876,C0278,2026-02-02,Delivered,Website,Karachi
O001877,C0308,2026-04-26,Delivered,Website,Multan
O001878,C0424,2026-01-29,Delivered,Mobile App,Karachi
O001879,C0083,2026-07-11,Delivered,Mobile App,Rawalpindi
O001880,C0524,2026-01-26,Delivered,Website,Multan
O001881,C0220,2026-01-23,Delivered,Mobile App,Islamabad
O001882,C0396,2026-06-04,Delivered,Website,Karachi
O001883,C0260,2026-02-23,Delivered,Mobile App,Peshawar
O001884,C0452,2026-03-27,Delivered,Mobile App,Islamabad
O001885,C0367,2026-03-18,Delivered,Website,Karachi
O001886,C0104,2026-02-22,Cancelled,Website,Islamabad
O001887,C0113,2026-07-05,Shipped,Marketplace,Karachi
O001888,C0527,2026-06-18,Delivered,Mobile App,Rawalpindi
O001889,C0312,2026-02-28,Delivered,Mobile App,Multan
O001890,C0166,2026-06-16,Delivered,Website,Lahore
O001891,C0086,2026-06-23,Delivered,Website,Multan
O001892,C0078,2026-05-12,Delivered,Website,Lahore
O001893,C0552,2026-05-21,Delivered,Marketplace,Peshawar
O001894,C0586,2026-08-16,Delivered,Website,Rawalpindi
O001895,C0237,2026-04-21,Delivered,Website,Karachi
O001896,C0121,2026-04-04,Delivered,Marketplace,Multan
O001897,C0252,2026-05-11,Delivered,Mobile App,Multan
O001898,C0082,2026-07-23,Cancelled,Website,Lahore
O001899,C0330,2026-06-22,Delivered,Mobile App,Peshawar
O001900,C0376,2026-01-19,Cancelled,Mobile App,Karachi
O001901,C0592,2026-04-22,Delivered,Marketplace,Karachi
O001902,C0192,2026-06-29,Delivered,Website,Karachi
O001903,C0119,2026-02-24,Cancelled,Mobile App,Lahore
O001904,C0081,2026-08-29,Cancelled,Website,Karachi
O001905,C0227,2026-07-16,Cancelled,Mobile App,Karachi
O001906,C0361,2026-07-25,Delivered,Mobile App,Multan
O001907,C0040,2026-01-20,Delivered,Mobile App,Lahore
O001908,C0456,2026-05-21,Delivered,Marketplace,Peshawar
O001909,C0277,2026-05-09,Delivered,Mobile App,Karachi
O001910,C0476,2026-06-02,Cancelled,Website,Karachi
O001911,C0279,2026-07-26,Delivered,Website,Rawalpindi
O001912,C0094,2026-03-27,Delivered,Website,Karachi
O001913,C0013,2026-05-10,Cancelled,Mobile App,Lahore
O001914,C0335,2026-06-15,Returned,Website,Multan
O001915,C0324,2026-07-03,Cancelled,Mobile App,Karachi
O001916,C0489,2026-07-07,Delivered,Mobile App,Lahore
O001917,C0527,2026-03-23,Delivered,Marketplace,Islamabad
O001918,C0097,2026-08-31,Returned,Website,Karachi
O001919,C0189,2026-01-03,Delivered,Mobile App,Rawalpindi
O001920,C0125,2026-04-30,Delivered,Mobile App,Lahore
O001921,C0065,2026-05-28,Cancelled,Marketplace,Karachi
O001922,C0002,2026-01-15,Delivered,Mobile App,Lahore
O001923,C0050,2026-04-20,Delivered,Website,Lahore
O001924,C0315,2026-05-25,Delivered,Website,Islamabad
O001925,C0092,2026-05-28,Delivered,Marketplace,Multan
O001926,C0117,2026-01-29,Cancelled,Mobile App,Rawalpindi
O001927,C0071,2026-03-09,Delivered,Mobile App,Lahore
O001928,C0435,2026-03-01,Delivered,Mobile App,Multan
O001929,C0382,2026-06-05,Delivered,Mobile App,Peshawar
O001930,C0578,2026-03-21,Shipped,Mobile App,Karachi
O001931,C0067,2026-05-19,Cancelled,Marketplace,Karachi
O001932,C0126,2026-06-27,Delivered,Marketplace,Karachi
O001933,C0274,2026-07-13,Delivered,Website,Karachi
O001934,C0390,2026-02-14,Delivered,Website,Lahore
O001935,C0079,2026-08-08,Delivered,Website,Karachi
O001936,C0128,2026-02-10,Delivered,Website,Multan
O001937,C0253,2026-01-06,Delivered,Mobile App,Lahore
O001938,C0011,2026-01-11,Delivered,Mobile App,Karachi
O001939,C0238,2026-02-18,Delivered,Website,Multan
O001940,C0456,2026-08-01,Delivered,Website,Lahore
O001941,C0316,2026-02-20,Delivered,Mobile App,Karachi
O001942,C0261,2026-06-18,Delivered,Mobile App,Karachi
O001943,C0293,2026-04-12,Delivered,Mobile App,Islamabad
O001944,C0569,2026-01-10,Delivered,Website,Lahore
O001945,C0313,2026-04-18,Delivered,Website,Islamabad
O001946,C0321,2026-01-07,Returned,Mobile App,Peshawar
O001947,C0559,2026-04-26,Delivered,Mobile App,Islamabad
O001948,C0095,2026-05-16,Shipped,Mobile App,Peshawar
O001949,C0058,2026-05-07,Delivered,Marketplace,Rawalpindi
O001950,C0270,2026-03-10,Delivered,Website,Islamabad
O001951,C0192,2026-07-06,Delivered,Website,Karachi
O001952,C0122,2026-05-26,Delivered,Website,Lahore
O001953,C0072,2026-03-03,Shipped,Website,Lahore
O001954,C0527,2026-04-16,Delivered,Website,Lahore
O001955,C0369,2026-01-27,Delivered,Website,Lahore
O001956,C0415,2026-08-13,Delivered,Website,Islamabad
O001957,C0071,2026-07-02,Delivered,Mobile App,Lahore
O001958,C0205,2026-03-11,Shipped,Website,Lahore
O001959,C0373,2026-06-14,Delivered,Mobile App,Lahore
O001960,C0317,2026-06-15,Delivered,Website,Multan
O001961,C0417,2026-05-29,Shipped,Website,Lahore
O001962,C0402,2026-01-14,Cancelled,Website,Rawalpindi
O001963,C0249,2026-08-02,Delivered,Website,Islamabad
O001964,C0470,2026-08-21,Delivered,Website,Lahore
O001965,C0156,2026-08-25,Delivered,Mobile App,Peshawar
O001966,C0049,2026-08-27,Delivered,Marketplace,Multan
O001967,C0549,2026-08-14,Delivered,Website,Rawalpindi
O001968,C0014,2026-06-29,Shipped,Website,Multan
O001969,C0171,2026-01-14,Delivered,Website,Lahore
O001970,C0069,2026-04-24,Shipped,Mobile App,Multan
O001971,C0140,2026-03-01,Delivered,Website,Peshawar
O001972,C0237,2026-02-23,Delivered,Website,Rawalpindi
O001973,C0078,2026-07-21,Returned,Marketplace,Peshawar
O001974,C0281,2026-07-17,Delivered,Marketplace,Rawalpindi
O001975,C0557,2026-05-07,Delivered,Mobile App,Lahore
O001976,C0082,2026-06-28,Delivered,Website,Lahore
O001977,C0556,2026-02-01,Delivered,Website,Lahore
O001978,C0247,2026-02-23,Delivered,Website,Islamabad
O001979,C0356,2026-07-29,Delivered,Mobile App,Karachi
O001980,C0265,2026-04-20,Cancelled,Mobile App,Rawalpindi
O001981,C0190,2026-05-13,Cancelled,Website,Lahore
O001982,C0066,2026-04-23,Delivered,Marketplace,Lahore
O001983,C0357,2026-02-19,Delivered,Website,Karachi
O001984,C0550,2026-07-20,Delivered,Mobile App,Karachi
O001985,C0313,2026-07-04,Delivered,Website,Islamabad
O001986,C0360,2026-06-16,Delivered,Website,Lahore
O001987,C0387,2026-03-27,Delivered,Website,Karachi
O001988,C0234,2026-06-06,Cancelled,Mobile App,Karachi
O001989,C0073,2026-08-20,Delivered,Website,Lahore
O001990,C0305,2026-06-07,Delivered,Website,Karachi
O001991,C0522,2026-05-01,Returned,Mobile App,Karachi
O001992,C0189,2026-03-07,Delivered,Mobile App,Rawalpindi
O001993,C0523,2026-05-08,Shipped,Mobile App,Rawalpindi
O001994,C0513,2026-04-01,Cancelled,Mobile App,Multan
O001995,C0147,2026-05-29,Delivered,Mobile App,Karachi
O001996,C0346,2026-01-12,Delivered,Mobile App,Karachi
O001997,C0449,2026-02-16,Delivered,Website,Karachi
O001998,C0297,2026-07-11,Shipped,Website,Islamabad
O001999,C0420,2026-04-03,Cancelled,Website,Karachi
O002000,C0547,2026-04-16,Delivered,Website,Karachi
O002001,C0377,2026-05-13,Delivered,Website,Islamabad
O002002,C0503,2026-04-17,Delivered,Website,Lahore
O002003,C0481,2026-07-04,Delivered,Website,Lahore
O002004,C0488,2026-03-01,Delivered,Mobile App,Islamabad
O002005,C0512,2026-07-04,Shipped,Mobile App,Peshawar
O002006,C0136,2026-02-20,Delivered,Mobile App,Lahore
O002007,C0012,2026-04-01,Delivered,Marketplace,Karachi
O002008,C0092,2026-05-23,Delivered,Website,Lahore
O002009,C0150,2026-08-04,Delivered,Website,Karachi
O002010,C0415,2026-02-26,Delivered,Website,Karachi
O002011,C0306,2026-05-23,Shipped,Mobile App,Lahore
O002012,C0282,2026-01-16,Delivered,Website,Karachi
O002013,C0006,2026-01-19,Delivered,Marketplace,Karachi
O002014,C0411,2026-07-06,Delivered,Website,Islamabad
O002015,C0219,2026-06-24,Delivered,Mobile App,Peshawar
O002016,C0457,2026-04-02,Delivered,Mobile App,Karachi
O002017,C0068,2026-06-01,Cancelled,Website,Lahore
O002018,C0178,2026-04-03,Delivered,Mobile App,Multan
O002019,C0033,2026-03-09,Delivered,Mobile App,Karachi
O002020,C0171,2026-04-15,Delivered,Mobile App,Rawalpindi
O002021,C0555,2026-03-17,Delivered,Mobile App,Karachi
O002022,C0295,2026-07-18,Delivered,Website,Multan
O002023,C0264,2026-04-11,Delivered,Website,Karachi
O002024,C0165,2026-03-19,Delivered,Mobile App,Karachi
O002025,C0159,2026-05-11,Shipped,Website,Multan
O002026,C0401,2026-07-04,Delivered,Website,Islamabad
O002027,C0592,2026-03-08,Delivered,Website,Karachi
O002028,C0449,2026-08-17,Delivered,Mobile App,Peshawar
O002029,C0443,2026-04-23,Cancelled,Website,Multan
O002030,C0284,2026-06-10,Delivered,Marketplace,Lahore
O002031,C0060,2026-08-21,Shipped,Website,Karachi
O002032,C0435,2026-04-15,Delivered,Website,Karachi
O002033,C0486,2026-02-18,Cancelled,Website,Multan
O002034,C0307,2026-07-01,Delivered,Website,Karachi
O002035,C0055,2026-01-02,Delivered,Website,Karachi
O002036,C0428,2026-04-22,Delivered,Mobile App,Karachi
O002037,C0553,2026-08-27,Delivered,Website,Karachi
O002038,C0135,2026-04-11,Delivered,Website,Lahore
O002039,C0096,2026-06-16,Delivered,Website,Lahore
O002040,C0444,2026-05-08,Delivered,Website,Karachi
O002041,C0200,2026-02-22,Delivered,Marketplace,Karachi
O002042,C0430,2026-03-19,Delivered,Website,Karachi
O002043,C0422,2026-05-08,Delivered,Mobile App,Karachi
O002044,C0160,2026-01-26,Returned,Website,Karachi
O002045,C0026,2026-04-11,Delivered,Website,Rawalpindi
O002046,C0334,2026-04-11,Delivered,Mobile App,Karachi
O002047,C0245,2026-07-22,Shipped,Website,Karachi
O002048,C0514,2026-01-31,Delivered,Marketplace,Lahore
O002049,C0215,2026-07-24,Delivered,Mobile App,Rawalpindi
O002050,C0150,2026-04-10,Delivered,Website,Islamabad
O002051,C0517,2026-06-08,Delivered,Marketplace,Multan
O002052,C0442,2026-05-16,Delivered,Website,Karachi
O002053,C0372,2026-03-14,Delivered,Marketplace,Karachi
O002054,C0573,2026-08-15,Delivered,Marketplace,Karachi
O002055,C0470,2026-02-24,Delivered,Website,Karachi
O002056,C0520,2026-01-09,Delivered,Website,Multan
O002057,C0480,2026-07-02,Delivered,Mobile App,Islamabad
O002058,C0241,2026-06-01,Delivered,Website,Peshawar
O002059,C0038,2026-08-05,Shipped,Mobile App,Multan
O002060,C0365,2026-04-22,Delivered,Website,Peshawar
O002061,C0459,2026-01-05,Delivered,Website,Lahore
O002062,C0596,2026-01-05,Delivered,Mobile App,Peshawar
O002063,C0409,2026-04-16,Shipped,Mobile App,Lahore
O002064,C0342,2026-03-02,Delivered,Mobile App,Karachi
O002065,C0346,2026-08-13,Delivered,Mobile App,Lahore
O002066,C0070,2026-01-29,Delivered,Website,Multan
O002067,C0005,2026-08-03,Delivered,Website,Rawalpindi
O002068,C0028,2026-02-22,Delivered,Website,Lahore
O002069,C0543,2026-01-30,Delivered,Website,Peshawar
O002070,C0475,2026-03-08,Delivered,Website,Lahore
O002071,C0157,2026-02-05,Delivered,Mobile App,Islamabad
O002072,C0255,2026-04-08,Delivered,Website,Karachi
O002073,C0291,2026-03-22,Delivered,Website,Karachi
O002074,C0149,2026-05-09,Delivered,Mobile App,Karachi
O002075,C0254,2026-05-11,Delivered,Website,Peshawar
O002076,C0209,2026-01-01,Delivered,Marketplace,Multan
O002077,C0417,2026-01-31,Delivered,Website,Karachi
O002078,C0455,2026-02-09,Delivered,Website,Karachi
O002079,C0060,2026-02-17,Shipped,Marketplace,Karachi
O002080,C0280,2026-01-23,Delivered,Mobile App,Rawalpindi
O002081,C0595,2026-03-18,Delivered,Mobile App,Lahore
O002082,C0522,2026-05-14,Delivered,Website,Lahore
O002083,C0477,2026-03-17,Cancelled,Website,Karachi
O002084,C0441,2026-03-21,Delivered,Mobile App,Karachi
O002085,C0003,2026-04-25,Delivered,Website,Multan
O002086,C0585,2026-05-14,Delivered,Mobile App,Islamabad
O002087,C0442,2026-03-22,Delivered,Website,Karachi
O002088,C0534,2026-02-23,Delivered,Website,Karachi
O002089,C0546,2026-04-10,Delivered,Website,Karachi
O002090,C0153,2026-01-06,Delivered,Mobile App,Karachi
O002091,C0009,2026-04-30,Delivered,Website,Karachi
O002092,C0396,2026-08-17,Returned,Marketplace,Rawalpindi
O002093,C0276,2026-04-07,Delivered,Website,Karachi
O002094,C0013,2026-01-27,Cancelled,Website,Lahore
O002095,C0163,2026-06-21,Shipped,Website,Lahore
O002096,C0595,2026-01-31,Shipped,Mobile App,Karachi
O002097,C0219,2026-02-17,Delivered,Mobile App,Lahore
O002098,C0157,2026-02-05,Delivered,Mobile App,Peshawar
O002099,C0393,2026-08-03,Delivered,Website,Karachi
O002100,C0399,2026-08-27,Delivered,Mobile App,Peshawar
O002101,C0200,2026-05-19,Delivered,Website,Karachi
O002102,C0510,2026-05-31,Delivered,Mobile App,Karachi
O002103,C0349,2026-06-06,Delivered,Mobile App,Karachi
O002104,C0097,2026-05-29,Delivered,Website,Islamabad
O002105,C0195,2026-05-13,Delivered,Mobile App,Lahore
O002106,C0509,2026-08-28,Delivered,Mobile App,Rawalpindi
O002107,C0054,2026-06-28,Delivered,Website,Karachi
O002108,C0008,2026-01-22,Delivered,Website,Islamabad
O002109,C0394,2026-04-06,Delivered,Website,Karachi
O002110,C0266,2026-08-25,Delivered,Mobile App,Karachi
O002111,C0152,2026-04-09,Delivered,Mobile App,Islamabad
O002112,C0284,2026-02-19,Delivered,Website,Karachi
O002113,C0111,2026-07-31,Delivered,Website,Lahore
O002114,C0225,2026-06-01,Delivered,Website,Lahore
O002115,C0141,2026-05-17,Shipped,Website,Rawalpindi
O002116,C0352,2026-04-13,Shipped,Website,Rawalpindi
O002117,C0405,2026-01-31,Delivered,Website,Karachi
O002118,C0549,2026-04-04,Delivered,Website,Karachi
O002119,C0041,2026-04-17,Delivered,Mobile App,Lahore
O002120,C0197,2026-08-15,Delivered,Mobile App,Karachi
O002121,C0159,2026-03-16,Delivered,Website,Karachi
O002122,C0348,2026-02-06,Cancelled,Mobile App,Karachi
O002123,C0320,2026-04-14,Delivered,Website,Lahore
O002124,C0527,2026-08-31,Delivered,Website,Lahore
O002125,C0552,2026-04-28,Delivered,Marketplace,Karachi
O002126,C0464,2026-04-03,Shipped,Mobile App,Karachi
O002127,C0120,2026-06-12,Delivered,Website,Karachi
O002128,C0025,2026-06-07,Delivered,Website,Karachi
O002129,C0540,2026-03-14,Delivered,Mobile App,Rawalpindi
O002130,C0566,2026-08-24,Delivered,Website,Karachi
O002131,C0151,2026-05-25,Delivered,Marketplace,Karachi
O002132,C0028,2026-01-14,Cancelled,Website,Peshawar
O002133,C0409,2026-04-10,Delivered,Website,Lahore
O002134,C0354,2026-08-13,Delivered,Mobile App,Karachi
O002135,C0534,2026-04-06,Delivered,Mobile App,Rawalpindi
O002136,C0346,2026-05-18,Delivered,Website,Islamabad
O002137,C0457,2026-05-29,Cancelled,Marketplace,Multan
O002138,C0472,2026-06-21,Delivered,Marketplace,Peshawar
O002139,C0006,2026-07-31,Delivered,Website,Rawalpindi
O002140,C0090,2026-02-06,Delivered,Website,Karachi
O002141,C0469,2026-05-06,Delivered,Website,Lahore
O002142,C0108,2026-05-10,Shipped,Mobile App,Karachi
O002143,C0124,2026-02-07,Delivered,Mobile App,Lahore
O002144,C0452,2026-06-13,Delivered,Website,Multan
O002145,C0123,2026-01-29,Cancelled,Marketplace,Karachi
O002146,C0090,2026-04-21,Delivered,Website,Peshawar
O002147,C0009,2026-03-22,Delivered,Mobile App,Lahore
O002148,C0282,2026-02-07,Delivered,Mobile App,Karachi
O002149,C0383,2026-07-19,Delivered,Website,Peshawar
O002150,C0439,2026-03-01,Delivered,Website,Lahore
O002151,C0544,2026-03-04,Delivered,Website,Lahore
O002152,C0391,2026-07-27,Delivered,Marketplace,Lahore
O002153,C0454,2026-08-02,Delivered,Website,Karachi
O002154,C0127,2026-01-09,Delivered,Mobile App,Karachi
O002155,C0205,2026-03-09,Delivered,Website,Islamabad
O002156,C0183,2026-06-22,Delivered,Website,Multan
O002157,C0040,2026-07-09,Delivered,Marketplace,Rawalpindi
O002158,C0582,2026-08-31,Delivered,Website,Peshawar
O002159,C0145,2026-05-15,Delivered,Mobile App,Peshawar
O002160,C0270,2026-01-02,Delivered,Website,Karachi
O002161,C0215,2026-08-01,Delivered,Website,Rawalpindi
O002162,C0027,2026-02-09,Delivered,Website,Rawalpindi
O002163,C0543,2026-01-30,Delivered,Website,Karachi
O002164,C0132,2026-06-13,Delivered,Mobile App,Lahore
O002165,C0061,2026-05-27,Delivered,Website,Rawalpindi
O002166,C0206,2026-01-15,Delivered,Website,Multan
O002167,C0087,2026-02-11,Delivered,Website,Multan
O002168,C0600,2026-05-24,Delivered,Mobile App,Lahore
O002169,C0114,2026-03-04,Delivered,Mobile App,Rawalpindi
O002170,C0182,2026-06-16,Delivered,Mobile App,Lahore
O002171,C0163,2026-04-11,Delivered,Marketplace,Peshawar
O002172,C0016,2026-05-23,Delivered,Website,Islamabad
O002173,C0008,2026-04-26,Delivered,Website,Multan
O002174,C0308,2026-03-30,Delivered,Mobile App,Multan
O002175,C0140,2026-03-25,Shipped,Website,Karachi
O002176,C0051,2026-06-19,Delivered,Mobile App,Multan
O002177,C0175,2026-05-05,Delivered,Mobile App,Rawalpindi
O002178,C0165,2026-05-25,Delivered,Website,Karachi
O002179,C0255,2026-05-21,Delivered,Marketplace,Karachi
O002180,C0596,2026-02-20,Delivered,Website,Islamabad
O002181,C0185,2026-08-10,Delivered,Mobile App,Karachi
O002182,C0423,2026-05-17,Delivered,Website,Karachi
O002183,C0462,2026-06-24,Delivered,Mobile App,Lahore
O002184,C0031,2026-08-03,Delivered,Website,Karachi
O002185,C0301,2026-08-13,Delivered,Marketplace,Lahore
O002186,C0270,2026-06-12,Delivered,Marketplace,Peshawar
O002187,C0305,2026-07-11,Delivered,Mobile App,Karachi
O002188,C0103,2026-04-25,Delivered,Mobile App,Islamabad
O002189,C0280,2026-06-29,Delivered,Mobile App,Karachi
O002190,C0074,2026-03-20,Returned,Mobile App,Peshawar
O002191,C0568,2026-06-22,Delivered,Mobile App,Lahore
O002192,C0353,2026-01-21,Delivered,Mobile App,Peshawar
O002193,C0021,2026-08-11,Delivered,Marketplace,Rawalpindi
O002194,C0304,2026-03-01,Delivered,Mobile App,Peshawar
O002195,C0556,2026-06-09,Delivered,Website,Lahore
O002196,C0446,2026-01-03,Delivered,Marketplace,Lahore
O002197,C0164,2026-02-07,Delivered,Website,Karachi
O002198,C0536,2026-08-28,Delivered,Website,Lahore
O002199,C0112,2026-07-22,Delivered,Marketplace,Lahore
O002200,C0149,2026-02-24,Delivered,Website,Islamabad
O002201,C0093,2026-02-01,Delivered,Website,Karachi
O002202,C0554,2026-07-18,Delivered,Mobile App,Lahore
O002203,C0431,2026-08-29,Delivered,Mobile App,Lahore
O002204,C0311,2026-02-10,Delivered,Website,Islamabad
O002205,C0401,2026-06-11,Delivered,Mobile App,Islamabad
O002206,C0156,2026-03-10,Delivered,Website,Lahore
O002207,C0043,2026-06-30,Delivered,Website,Lahore
O002208,C0508,2026-04-12,Delivered,Website,Lahore
O002209,C0579,2026-01-31,Delivered,Website,Rawalpindi
O002210,C0022,2026-03-20,Delivered,Marketplace,Peshawar
O002211,C0032,2026-05-11,Delivered,Mobile App,Karachi
O002212,C0336,2026-07-13,Delivered,Mobile App,Karachi
O002213,C0026,2026-01-06,Delivered,Marketplace,Islamabad
O002214,C0433,2026-08-21,Delivered,Marketplace,Rawalpindi
O002215,C0568,2026-06-07,Delivered,Mobile App,Karachi
O002216,C0168,2026-08-01,Delivered,Website,Lahore
O002217,C0177,2026-08-15,Delivered,Mobile App,Karachi
O002218,C0519,2026-02-07,Delivered,Mobile App,Rawalpindi
O002219,C0214,2026-01-23,Delivered,Website,Karachi
O002220,C0145,2026-07-08,Shipped,Website,Rawalpindi
O002221,C0051,2026-02-15,Delivered,Website,Islamabad
O002222,C0504,2026-02-05,Delivered,Website,Peshawar
O002223,C0556,2026-04-24,Delivered,Mobile App,Multan
O002224,C0048,2026-08-10,Delivered,Mobile App,Lahore
O002225,C0482,2026-07-13,Delivered,Website,Rawalpindi
O002226,C0096,2026-05-06,Delivered,Website,Rawalpindi
O002227,C0084,2026-02-17,Delivered,Marketplace,Peshawar
O002228,C0229,2026-03-23,Delivered,Website,Lahore
O002229,C0263,2026-06-17,Delivered,Website,Karachi
O002230,C0513,2026-02-08,Delivered,Mobile App,Multan
O002231,C0420,2026-05-08,Cancelled,Mobile App,Karachi
O002232,C0087,2026-01-03,Delivered,Mobile App,Multan
O002233,C0351,2026-03-20,Delivered,Mobile App,Karachi
O002234,C0526,2026-03-02,Delivered,Website,Lahore
O002235,C0398,2026-06-15,Delivered,Marketplace,Multan
O002236,C0138,2026-08-11,Delivered,Mobile App,Islamabad
O002237,C0078,2026-02-05,Delivered,Mobile App,Islamabad
O002238,C0272,2026-07-13,Delivered,Website,Karachi
O002239,C0284,2026-06-09,Delivered,Mobile App,Karachi
O002240,C0212,2026-08-24,Delivered,Website,Karachi
O002241,C0066,2026-08-10,Delivered,Website,Islamabad
O002242,C0071,2026-01-25,Delivered,Mobile App,Lahore
O002243,C0318,2026-06-30,Shipped,Mobile App,Karachi
O002244,C0567,2026-05-24,Delivered,Website,Lahore
O002245,C0359,2026-01-28,Cancelled,Marketplace,Multan
O002246,C0263,2026-03-04,Cancelled,Website,Peshawar
O002247,C0559,2026-08-14,Delivered,Mobile App,Lahore
O002248,C0415,2026-05-12,Delivered,Website,Multan
O002249,C0431,2026-03-24,Delivered,Website,Lahore
O002250,C0346,2026-03-19,Delivered,Marketplace,Karachi
O002251,C0458,2026-07-23,Delivered,Website,Lahore
O002252,C0302,2026-03-10,Delivered,Marketplace,Peshawar
O002253,C0374,2026-02-08,Delivered,Website,Karachi
O002254,C0370,2026-05-20,Shipped,Mobile App,Karachi
O002255,C0452,2026-08-30,Delivered,Website,Multan
O002256,C0540,2026-02-14,Shipped,Mobile App,Rawalpindi
O002257,C0177,2026-03-04,Delivered,Marketplace,Rawalpindi
O002258,C0420,2026-04-24,Delivered,Mobile App,Rawalpindi
O002259,C0019,2026-02-18,Delivered,Website,Islamabad
O002260,C0320,2026-06-08,Returned,Mobile App,Karachi
O002261,C0540,2026-03-03,Cancelled,Mobile App,Rawalpindi
O002262,C0388,2026-02-01,Shipped,Website,Karachi
O002263,C0161,2026-03-05,Delivered,Mobile App,Karachi
O002264,C0364,2026-08-15,Delivered,Mobile App,Multan
O002265,C0215,2026-08-16,Delivered,Mobile App,Karachi
O002266,C0260,2026-05-03,Shipped,Website,Karachi
O002267,C0137,2026-04-08,Delivered,Website,Karachi
O002268,C0375,2026-07-19,Delivered,Marketplace,Peshawar
O002269,C0120,2026-02-17,Delivered,Mobile App,Multan
O002270,C0267,2026-06-08,Delivered,Mobile App,Karachi
O002271,C0564,2026-06-15,Delivered,Marketplace,Lahore
O002272,C0455,2026-06-22,Delivered,Website,Rawalpindi
O002273,C0249,2026-02-22,Delivered,Website,Islamabad
O002274,C0582,2026-06-24,Delivered,Mobile App,Karachi
O002275,C0009,2026-05-29,Delivered,Mobile App,Karachi
O002276,C0576,2026-08-01,Delivered,Marketplace,Islamabad
O002277,C0212,2026-02-12,Delivered,Mobile App,Karachi
O002278,C0493,2026-05-30,Delivered,Website,Rawalpindi
O002279,C0569,2026-07-21,Delivered,Website,Karachi
O002280,C0362,2026-03-09,Delivered,Website,Peshawar
O002281,C0367,2026-06-30,Delivered,Marketplace,Islamabad
O002282,C0450,2026-01-25,Shipped,Website,Islamabad
O002283,C0144,2026-06-24,Delivered,Mobile App,Rawalpindi
O002284,C0107,2026-05-28,Delivered,Website,Karachi
O002285,C0207,2026-02-16,Delivered,Website,Karachi
O002286,C0288,2026-01-17,Delivered,Website,Lahore
O002287,C0446,2026-07-01,Delivered,Mobile App,Rawalpindi
O002288,C0155,2026-02-28,Cancelled,Website,Peshawar
O002289,C0339,2026-05-01,Delivered,Marketplace,Lahore
O002290,C0003,2026-01-15,Cancelled,Marketplace,Peshawar
O002291,C0019,2026-08-23,Delivered,Website,Karachi
O002292,C0581,2026-05-14,Delivered,Marketplace,Karachi
O002293,C0511,2026-08-15,Delivered,Website,Karachi
O002294,C0519,2026-02-08,Delivered,Website,Multan
O002295,C0198,2026-02-20,Delivered,Website,Lahore
O002296,C0309,2026-05-29,Delivered,Mobile App,Lahore
O002297,C0405,2026-05-27,Delivered,Mobile App,Rawalpindi
O002298,C0153,2026-07-12,Delivered,Website,Karachi
O002299,C0447,2026-08-14,Delivered,Mobile App,Karachi
O002300,C0416,2026-07-19,Delivered,Mobile App,Karachi
O002301,C0245,2026-02-04,Delivered,Mobile App,Karachi
O002302,C0261,2026-03-17,Delivered,Mobile App,Lahore
O002303,C0185,2026-08-11,Delivered,Mobile App,Karachi
O002304,C0483,2026-05-14,Delivered,Mobile App,Rawalpindi
O002305,C0593,2026-07-30,Delivered,Website,Peshawar
O002306,C0600,2026-05-17,Delivered,Mobile App,Multan
O002307,C0463,2026-01-13,Delivered,Website,Karachi
O002308,C0210,2026-04-25,Cancelled,Mobile App,Lahore
O002309,C0469,2026-07-20,Delivered,Mobile App,Karachi
O002310,C0147,2026-06-09,Delivered,Website,Karachi
O002311,C0538,2026-02-02,Delivered,Website,Islamabad
O002312,C0161,2026-02-21,Delivered,Mobile App,Lahore
O002313,C0242,2026-07-27,Delivered,Mobile App,Rawalpindi
O002314,C0057,2026-08-26,Delivered,Mobile App,Peshawar
O002315,C0049,2026-07-02,Delivered,Mobile App,Karachi
O002316,C0237,2026-01-24,Cancelled,Website,Multan
O002317,C0331,2026-05-31,Delivered,Website,Karachi
O002318,C0011,2026-07-21,Delivered,Mobile App,Multan
O002319,C0508,2026-06-05,Delivered,Website,Islamabad
O002320,C0069,2026-05-25,Delivered,Mobile App,Karachi
O002321,C0600,2026-04-24,Shipped,Website,Lahore
O002322,C0164,2026-03-01,Delivered,Website,Karachi
O002323,C0228,2026-03-10,Delivered,Mobile App,Peshawar
O002324,C0096,2026-07-01,Cancelled,Mobile App,Karachi
O002325,C0495,2026-01-17,Delivered,Mobile App,Peshawar
O002326,C0440,2026-01-21,Delivered,Website,Karachi
O002327,C0048,2026-04-07,Delivered,Mobile App,Multan
O002328,C0064,2026-07-08,Delivered,Mobile App,Karachi
O002329,C0366,2026-06-09,Delivered,Mobile App,Islamabad
O002330,C0520,2026-05-24,Delivered,Mobile App,Peshawar
O002331,C0066,2026-05-10,Delivered,Website,Karachi
O002332,C0133,2026-01-27,Cancelled,Mobile App,Karachi
O002333,C0328,2026-03-22,Delivered,Mobile App,Lahore
O002334,C0066,2026-01-20,Delivered,Mobile App,Islamabad
O002335,C0183,2026-07-04,Shipped,Mobile App,Peshawar
O002336,C0007,2026-07-02,Delivered,Website,Karachi
O002337,C0300,2026-03-04,Delivered,Marketplace,Peshawar
O002338,C0430,2026-03-13,Delivered,Website,Multan
O002339,C0248,2026-03-19,Delivered,Website,Rawalpindi
O002340,C0154,2026-08-05,Delivered,Mobile App,Karachi
O002341,C0255,2026-04-29,Delivered,Website,Karachi
O002342,C0306,2026-07-05,Delivered,Marketplace,Multan
O002343,C0100,2026-04-20,Delivered,Website,Rawalpindi
O002344,C0067,2026-06-19,Delivered,Website,Islamabad
O002345,C0110,2026-05-09,Delivered,Website,Multan
O002346,C0592,2026-03-09,Delivered,Website,Karachi
O002347,C0434,2026-08-01,Delivered,Website,Rawalpindi
O002348,C0076,2026-06-22,Delivered,Website,Islamabad
O002349,C0181,2026-07-06,Delivered,Website,Peshawar
O002350,C0248,2026-08-19,Delivered,Website,Rawalpindi
O002351,C0109,2026-03-02,Delivered,Website,Lahore
O002352,C0511,2026-01-23,Delivered,Website,Karachi
O002353,C0565,2026-05-22,Shipped,Website,Multan
O002354,C0147,2026-03-21,Delivered,Website,Rawalpindi
O002355,C0010,2026-04-16,Delivered,Website,Lahore
O002356,C0161,2026-02-27,Delivered,Website,Multan
O002357,C0350,2026-04-07,Delivered,Website,Karachi
O002358,C0486,2026-04-06,Returned,Website,Lahore
O002359,C0204,2026-03-27,Delivered,Marketplace,Multan
O002360,C0165,2026-06-30,Delivered,Website,Islamabad
O002361,C0150,2026-05-25,Delivered,Website,Peshawar
O002362,C0002,2026-04-26,Delivered,Mobile App,Multan
O002363,C0009,2026-01-28,Delivered,Mobile App,Lahore
O002364,C0257,2026-05-19,Delivered,Website,Karachi
O002365,C0371,2026-02-12,Delivered,Mobile App,Peshawar
O002366,C0008,2026-03-18,Delivered,Mobile App,Lahore
O002367,C0121,2026-04-11,Delivered,Marketplace,Lahore
O002368,C0546,2026-02-04,Delivered,Marketplace,Lahore
O002369,C0595,2026-04-05,Delivered,Mobile App,Karachi
O002370,C0386,2026-03-06,Delivered,Mobile App,Karachi
O002371,C0314,2026-07-26,Delivered,Website,Islamabad
O002372,C0350,2026-07-28,Delivered,Marketplace,Peshawar
O002373,C0223,2026-01-02,Cancelled,Mobile App,Lahore
O002374,C0121,2026-05-27,Delivered,Website,Karachi
O002375,C0226,2026-06-05,Delivered,Website,Lahore
O002376,C0420,2026-04-02,Delivered,Mobile App,Rawalpindi
O002377,C0398,2026-04-24,Delivered,Mobile App,Karachi
O002378,C0407,2026-07-11,Cancelled,Mobile App,Lahore
O002379,C0366,2026-04-02,Delivered,Website,Rawalpindi
O002380,C0037,2026-01-16,Delivered,Mobile App,Lahore
O002381,C0376,2026-04-01,Delivered,Website,Islamabad
O002382,C0529,2026-03-03,Delivered,Mobile App,Multan
O002383,C0390,2026-04-04,Delivered,Website,Karachi
O002384,C0348,2026-02-25,Delivered,Website,Karachi
O002385,C0135,2026-02-06,Delivered,Website,Karachi
O002386,C0476,2026-08-28,Delivered,Website,Rawalpindi
O002387,C0271,2026-02-01,Delivered,Website,Multan
O002388,C0158,2026-06-21,Shipped,Mobile App,Rawalpindi
O002389,C0294,2026-06-24,Delivered,Website,Multan
O002390,C0074,2026-05-31,Delivered,Mobile App,Rawalpindi
O002391,C0556,2026-08-10,Delivered,Mobile App,Karachi
O002392,C0422,2026-01-02,Shipped,Website,Karachi
O002393,C0196,2026-03-15,Delivered,Marketplace,Islamabad
O002394,C0477,2026-02-14,Delivered,Mobile App,Islamabad
O002395,C0033,2026-05-21,Delivered,Mobile App,Lahore
O002396,C0232,2026-06-04,Delivered,Mobile App,Lahore
O002397,C0391,2026-08-07,Delivered,Mobile App,Lahore
O002398,C0015,2026-04-03,Shipped,Marketplace,Karachi
O002399,C0426,2026-02-27,Delivered,Website,Islamabad
O002400,C0491,2026-08-13,Delivered,Website,Rawalpindi
O002401,C0357,2026-06-13,Delivered,Mobile App,Peshawar
O002402,C0124,2026-07-05,Delivered,Website,Karachi
O002403,C0450,2026-04-19,Delivered,Mobile App,Peshawar
O002404,C0204,2026-04-19,Delivered,Website,Karachi
O002405,C0442,2026-04-05,Delivered,Website,Karachi
O002406,C0377,2026-07-02,Delivered,Marketplace,Peshawar
O002407,C0057,2026-02-21,Delivered,Website,Multan
O002408,C0060,2026-08-26,Delivered,Website,Multan
O002409,C0010,2026-02-12,Delivered,Mobile App,Karachi
O002410,C0044,2026-04-23,Cancelled,Mobile App,Karachi
O002411,C0180,2026-03-18,Delivered,Mobile App,Rawalpindi
O002412,C0016,2026-06-06,Delivered,Website,Peshawar
O002413,C0564,2026-06-15,Delivered,Marketplace,Lahore
O002414,C0550,2026-08-12,Delivered,Mobile App,Karachi
O002415,C0104,2026-07-11,Delivered,Mobile App,Lahore
O002416,C0187,2026-03-02,Delivered,Website,Karachi
O002417,C0446,2026-02-20,Shipped,Website,Karachi
O002418,C0397,2026-08-04,Delivered,Mobile App,Islamabad
O002419,C0349,2026-04-29,Delivered,Mobile App,Karachi
O002420,C0594,2026-01-24,Delivered,Website,Rawalpindi
O002421,C0378,2026-07-20,Delivered,Mobile App,Islamabad
O002422,C0402,2026-06-07,Delivered,Mobile App,Lahore
O002423,C0302,2026-01-07,Shipped,Website,Lahore
O002424,C0316,2026-07-10,Delivered,Mobile App,Multan
O002425,C0175,2026-05-28,Delivered,Website,Lahore
O002426,C0313,2026-05-30,Delivered,Marketplace,Multan
O002427,C0551,2026-07-30,Delivered,Mobile App,Lahore
O002428,C0227,2026-05-01,Delivered,Mobile App,Islamabad
O002429,C0080,2026-04-23,Delivered,Marketplace,Multan
O002430,C0360,2026-05-31,Delivered,Mobile App,Karachi
O002431,C0472,2026-02-18,Delivered,Website,Karachi
O002432,C0576,2026-02-06,Delivered,Mobile App,Multan
O002433,C0326,2026-07-25,Delivered,Marketplace,Lahore
O002434,C0473,2026-02-22,Delivered,Website,Karachi
O002435,C0151,2026-05-03,Delivered,Mobile App,Multan
O002436,C0255,2026-03-07,Shipped,Website,Karachi
O002437,C0252,2026-02-26,Delivered,Mobile App,Islamabad
O002438,C0200,2026-05-26,Shipped,Mobile App,Rawalpindi
O002439,C0430,2026-07-14,Delivered,Marketplace,Rawalpindi
O002440,C0531,2026-04-18,Delivered,Mobile App,Lahore
O002441,C0196,2026-02-03,Delivered,Website,Karachi
O002442,C0082,2026-03-01,Delivered,Mobile App,Peshawar
O002443,C0496,2026-02-09,Delivered,Marketplace,Peshawar
O002444,C0510,2026-08-03,Delivered,Website,Karachi
O002445,C0561,2026-03-19,Cancelled,Website,Karachi
O002446,C0154,2026-04-01,Shipped,Mobile App,Lahore
O002447,C0432,2026-01-18,Delivered,Mobile App,Karachi
O002448,C0430,2026-04-19,Delivered,Website,Peshawar
O002449,C0475,2026-08-11,Delivered,Website,Multan
O002450,C0484,2026-04-10,Delivered,Website,Karachi
O002451,C0572,2026-06-08,Delivered,Mobile App,Multan
O002452,C0287,2026-02-14,Delivered,Website,Peshawar
O002453,C0046,2026-02-04,Delivered,Mobile App,Rawalpindi
O002454,C0116,2026-06-27,Delivered,Mobile App,Multan
O002455,C0532,2026-01-16,Delivered,Website,Karachi
O002456,C0507,2026-04-19,Returned,Mobile App,Multan
O002457,C0007,2026-03-18,Delivered,Website,Karachi
O002458,C0221,2026-01-04,Delivered,Website,Lahore
O002459,C0148,2026-05-10,Delivered,Mobile App,Lahore
O002460,C0193,2026-08-23,Delivered,Mobile App,Karachi
O002461,C0384,2026-01-17,Delivered,Marketplace,Rawalpindi
O002462,C0307,2026-07-18,Delivered,Website,Lahore
O002463,C0289,2026-05-12,Shipped,Website,Lahore
O002464,C0262,2026-06-25,Delivered,Website,Islamabad
O002465,C0385,2026-01-24,Delivered,Mobile App,Karachi
O002466,C0410,2026-07-31,Delivered,Website,Karachi
O002467,C0027,2026-01-03,Shipped,Marketplace,Karachi
O002468,C0083,2026-08-09,Delivered,Mobile App,Multan
O002469,C0205,2026-06-09,Delivered,Mobile App,Rawalpindi
O002470,C0262,2026-03-24,Returned,Website,Lahore
O002471,C0598,2026-01-02,Delivered,Website,Islamabad
O002472,C0536,2026-05-29,Delivered,Mobile App,Islamabad
O002473,C0390,2026-01-22,Delivered,Mobile App,Karachi
O002474,C0022,2026-05-28,Delivered,Marketplace,Karachi
O002475,C0061,2026-07-07,Returned,Mobile App,Lahore
O002476,C0275,2026-03-06,Delivered,Website,Karachi
O002477,C0353,2026-02-28,Delivered,Website,Peshawar
O002478,C0397,2026-02-23,Delivered,Website,Karachi
O002479,C0086,2026-02-24,Delivered,Marketplace,Islamabad
O002480,C0533,2026-01-28,Delivered,Mobile App,Lahore
O002481,C0296,2026-03-02,Shipped,Mobile App,Rawalpindi
O002482,C0357,2026-06-10,Delivered,Mobile App,Multan
O002483,C0024,2026-03-15,Shipped,Website,Lahore
O002484,C0495,2026-07-09,Delivered,Mobile App,Karachi
O002485,C0326,2026-07-19,Delivered,Mobile App,Islamabad
O002486,C0134,2026-07-04,Delivered,Website,Karachi
O002487,C0192,2026-05-12,Delivered,Mobile App,Karachi
O002488,C0212,2026-03-18,Delivered,Mobile App,Islamabad
O002489,C0017,2026-08-14,Delivered,Marketplace,Karachi
O002490,C0566,2026-02-19,Delivered,Website,Karachi
O002491,C0482,2026-04-23,Delivered,Marketplace,Lahore
O002492,C0532,2026-04-21,Delivered,Marketplace,Lahore
O002493,C0213,2026-07-01,Delivered,Marketplace,Multan
O002494,C0335,2026-05-13,Delivered,Website,Karachi
O002495,C0275,2026-07-14,Delivered,Website,Lahore
O002496,C0286,2026-08-12,Delivered,Mobile App,Rawalpindi
O002497,C0354,2026-04-05,Delivered,Website,Peshawar
O002498,C0271,2026-08-01,Delivered,Website,Karachi
O002499,C0464,2026-02-11,Shipped,Mobile App,Islamabad
O002500,C0036,2026-08-11,Delivered,Website,Islamabad
O002501,C0116,2026-02-13,Delivered,Website,Karachi
O002502,C0536,2026-07-26,Shipped,Marketplace,Karachi
O002503,C0530,2026-04-05,Delivered,Website,Islamabad
O002504,C0491,2026-08-23,Delivered,Marketplace,Karachi
O002505,C0222,2026-02-01,Delivered,Website,Karachi
O002506,C0274,2026-04-24,Delivered,Website,Islamabad
O002507,C0016,2026-08-08,Delivered,Website,Karachi
O002508,C0168,2026-01-12,Delivered,Website,Karachi
O002509,C0436,2026-03-06,Delivered,Website,Lahore
O002510,C0206,2026-01-21,Shipped,Mobile App,Peshawar
O002511,C0289,2026-03-20,Delivered,Marketplace,Rawalpindi
O002512,C0074,2026-04-05,Delivered,Website,Karachi
O002513,C0298,2026-05-31,Delivered,Website,Karachi
O002514,C0434,2026-03-04,Delivered,Mobile App,Multan
O002515,C0344,2026-02-08,Delivered,Mobile App,Islamabad
O002516,C0335,2026-02-11,Cancelled,Website,Islamabad
O002517,C0549,2026-08-17,Delivered,Website,Karachi
O002518,C0141,2026-08-20,Delivered,Website,Karachi
O002519,C0180,2026-02-23,Shipped,Mobile App,Karachi
O002520,C0374,2026-02-17,Delivered,Website,Peshawar
O002521,C0289,2026-01-14,Delivered,Mobile App,Multan
O002522,C0588,2026-08-22,Delivered,Website,Karachi
O002523,C0036,2026-06-21,Delivered,Website,Rawalpindi
O002524,C0074,2026-07-04,Delivered,Mobile App,Peshawar
O002525,C0206,2026-03-12,Delivered,Website,Peshawar
O002526,C0276,2026-06-05,Delivered,Marketplace,Lahore
O002527,C0535,2026-01-15,Delivered,Mobile App,Karachi
O002528,C0297,2026-06-14,Delivered,Marketplace,Multan
O002529,C0263,2026-05-21,Delivered,Website,Karachi
O002530,C0101,2026-03-22,Returned,Website,Karachi
O002531,C0261,2026-06-22,Delivered,Website,Karachi
O002532,C0319,2026-06-07,Shipped,Mobile App,Lahore
O002533,C0351,2026-04-17,Delivered,Mobile App,Karachi
O002534,C0364,2026-02-15,Delivered,Website,Islamabad
O002535,C0258,2026-01-06,Delivered,Website,Multan
O002536,C0095,2026-08-16,Delivered,Website,Lahore
O002537,C0092,2026-03-10,Delivered,Website,Multan
O002538,C0093,2026-03-15,Delivered,Website,Multan
O002539,C0372,2026-06-15,Delivered,Mobile App,Peshawar
O002540,C0514,2026-03-04,Delivered,Marketplace,Islamabad
O002541,C0530,2026-04-02,Delivered,Website,Multan
O002542,C0187,2026-06-22,Delivered,Website,Lahore
O002543,C0048,2026-05-25,Shipped,Website,Karachi
O002544,C0379,2026-06-09,Returned,Website,Multan
O002545,C0024,2026-01-02,Delivered,Mobile App,Lahore
O002546,C0377,2026-04-20,Delivered,Website,Multan
O002547,C0230,2026-04-26,Delivered,Marketplace,Lahore
O002548,C0504,2026-06-03,Delivered,Marketplace,Karachi
O002549,C0376,2026-02-06,Delivered,Mobile App,Rawalpindi
O002550,C0444,2026-02-08,Delivered,Marketplace,Islamabad
O002551,C0244,2026-07-05,Shipped,Mobile App,Lahore
O002552,C0505,2026-06-13,Delivered,Marketplace,Peshawar
O002553,C0316,2026-07-17,Delivered,Website,Lahore
O002554,C0376,2026-03-07,Delivered,Marketplace,Karachi
O002555,C0217,2026-08-31,Delivered,Website,Rawalpindi
O002556,C0270,2026-03-08,Delivered,Website,Karachi
O002557,C0505,2026-06-08,Delivered,Marketplace,Lahore
O002558,C0237,2026-02-09,Delivered,Website,Karachi
O002559,C0013,2026-08-12,Shipped,Website,Karachi
O002560,C0228,2026-03-22,Delivered,Website,Multan
O002561,C0236,2026-07-15,Delivered,Website,Karachi
O002562,C0252,2026-03-22,Returned,Website,Rawalpindi
O002563,C0043,2026-07-12,Delivered,Website,Islamabad
O002564,C0078,2026-04-21,Delivered,Mobile App,Karachi
O002565,C0195,2026-01-16,Delivered,Mobile App,Multan
O002566,C0255,2026-02-16,Delivered,Website,Karachi
O002567,C0018,2026-06-16,Delivered,Mobile App,Lahore
O002568,C0234,2026-02-16,Delivered,Mobile App,Peshawar
O002569,C0193,2026-03-08,Delivered,Mobile App,Rawalpindi
O002570,C0021,2026-05-12,Delivered,Mobile App,Karachi
O002571,C0151,2026-03-03,Delivered,Marketplace,Peshawar
O002572,C0166,2026-02-01,Delivered,Website,Multan
O002573,C0087,2026-06-01,Shipped,Mobile App,Lahore
O002574,C0452,2026-06-17,Delivered,Marketplace,Islamabad
O002575,C0044,2026-06-28,Delivered,Mobile App,Lahore
O002576,C0347,2026-08-18,Delivered,Website,Lahore
O002577,C0400,2026-01-31,Delivered,Mobile App,Lahore
O002578,C0484,2026-04-14,Delivered,Mobile App,Karachi
O002579,C0328,2026-02-26,Delivered,Website,Islamabad
O002580,C0326,2026-08-07,Delivered,Mobile App,Karachi
O002581,C0457,2026-05-12,Delivered,Mobile App,Karachi
O002582,C0513,2026-01-24,Delivered,Mobile App,Lahore
O002583,C0127,2026-06-18,Delivered,Website,Karachi
O002584,C0478,2026-01-11,Delivered,Mobile App,Lahore
O002585,C0278,2026-03-08,Delivered,Mobile App,Lahore
O002586,C0059,2026-06-25,Returned,Website,Karachi
O002587,C0368,2026-05-03,Delivered,Mobile App,Karachi
O002588,C0587,2026-07-04,Delivered,Website,Karachi
O002589,C0085,2026-05-19,Delivered,Marketplace,Islamabad
O002590,C0009,2026-07-24,Delivered,Mobile App,Karachi
O002591,C0550,2026-05-17,Delivered,Mobile App,Rawalpindi
O002592,C0359,2026-01-14,Delivered,Mobile App,Islamabad
O002593,C0132,2026-01-18,Delivered,Website,Lahore
O002594,C0476,2026-07-08,Delivered,Mobile App,Karachi
O002595,C0237,2026-01-10,Delivered,Website,Karachi
O002596,C0200,2026-04-02,Delivered,Mobile App,Karachi
O002597,C0174,2026-01-04,Cancelled,Website,Karachi
O002598,C0360,2026-03-15,Returned,Mobile App,Multan
O002599,C0081,2026-05-25,Delivered,Mobile App,Karachi
O002600,C0218,2026-02-12,Delivered,Website,Karachi
O002601,C0184,2026-04-24,Delivered,Website,Peshawar
O002602,C0037,2026-08-31,Delivered,Website,Multan
O002603,C0458,2026-01-18,Delivered,Website,Lahore
O002604,C0006,2026-01-16,Delivered,Website,Lahore
O002605,C0576,2026-03-07,Delivered,Marketplace,Karachi
O002606,C0057,2026-07-20,Delivered,Marketplace,Peshawar
O002607,C0215,2026-04-09,Delivered,Marketplace,Islamabad
O002608,C0060,2026-06-05,Delivered,Website,Lahore
O002609,C0221,2026-01-09,Delivered,Website,Karachi
O002610,C0367,2026-06-28,Delivered,Website,Lahore
O002611,C0053,2026-01-17,Delivered,Mobile App,Rawalpindi
O002612,C0316,2026-06-22,Delivered,Mobile App,Karachi
O002613,C0464,2026-02-05,Delivered,Mobile App,Lahore
O002614,C0274,2026-07-28,Delivered,Mobile App,Karachi
O002615,C0068,2026-03-13,Delivered,Mobile App,Rawalpindi
O002616,C0416,2026-02-14,Delivered,Marketplace,Karachi
O002617,C0112,2026-03-23,Delivered,Website,Multan
O002618,C0011,2026-01-01,Returned,Mobile App,Lahore
O002619,C0263,2026-02-10,Delivered,Mobile App,Lahore
O002620,C0163,2026-05-26,Delivered,Website,Lahore
O002621,C0018,2026-03-15,Delivered,Marketplace,Lahore
O002622,C0467,2026-03-27,Delivered,Marketplace,Karachi
O002623,C0360,2026-07-16,Delivered,Mobile App,Lahore
O002624,C0546,2026-01-31,Delivered,Website,Karachi
O002625,C0289,2026-04-07,Delivered,Website,Karachi
O002626,C0264,2026-02-15,Shipped,Mobile App,Peshawar
O002627,C0506,2026-04-28,Delivered,Website,Karachi
O002628,C0049,2026-03-22,Delivered,Website,Peshawar
O002629,C0218,2026-01-12,Delivered,Website,Peshawar
O002630,C0480,2026-01-18,Delivered,Website,Islamabad
O002631,C0176,2026-07-27,Delivered,Mobile App,Karachi
O002632,C0532,2026-01-14,Delivered,Mobile App,Lahore
O002633,C0171,2026-07-10,Delivered,Website,Peshawar
O002634,C0249,2026-08-11,Delivered,Mobile App,Lahore
O002635,C0539,2026-04-24,Delivered,Website,Karachi
O002636,C0147,2026-03-17,Cancelled,Website,Karachi
O002637,C0581,2026-07-08,Delivered,Mobile App,Lahore
O002638,C0027,2026-08-27,Delivered,Mobile App,Karachi
O002639,C0160,2026-01-30,Delivered,Website,Karachi
O002640,C0355,2026-08-23,Delivered,Mobile App,Islamabad
O002641,C0357,2026-08-18,Shipped,Website,Lahore
O002642,C0546,2026-02-04,Cancelled,Mobile App,Karachi
O002643,C0576,2026-01-14,Shipped,Website,Multan
O002644,C0407,2026-06-23,Shipped,Mobile App,Karachi
O002645,C0396,2026-01-19,Delivered,Mobile App,Karachi
O002646,C0191,2026-05-26,Delivered,Website,Karachi
O002647,C0484,2026-01-16,Delivered,Mobile App,Karachi
O002648,C0386,2026-06-17,Delivered,Mobile App,Lahore
O002649,C0015,2026-02-26,Delivered,Website,Karachi
O002650,C0500,2026-01-24,Delivered,Mobile App,Peshawar
O002651,C0216,2026-01-17,Delivered,Mobile App,Peshawar
O002652,C0286,2026-02-15,Delivered,Website,Karachi
O002653,C0292,2026-05-12,Delivered,Marketplace,Rawalpindi
O002654,C0492,2026-01-19,Shipped,Website,Islamabad
O002655,C0161,,Delivered,Mobile App,Peshawar
O002656,C0236,2026-05-27,Delivered,Marketplace,Karachi
O002657,C0024,2026-03-14,Delivered,Marketplace,Islamabad
O002658,C0210,2026-08-28,Delivered,Mobile App,Karachi
O002659,C0054,2026-06-10,Delivered,Mobile App,Karachi
O002660,C0350,2026-06-13,Delivered,Website,Peshawar
O002661,C0536,2026-02-12,Delivered,Website,Karachi
O002662,C0279,2026-06-22,Delivered,Marketplace,Lahore
O002663,C0548,2026-05-16,Delivered,Website,Karachi
O002664,C0587,2026-08-28,Delivered,Mobile App,Peshawar
O002665,C0033,2026-04-27,Delivered,Website,Lahore
O002666,C0310,2026-06-14,Delivered,Website,Karachi
O002667,C0317,2026-03-24,Delivered,Website,Islamabad
O002668,C0232,2026-01-10,Delivered,Mobile App,Karachi
O002669,C0499,2026-02-01,Delivered,Website,Karachi
O002670,C0237,2026-07-30,Delivered,Website,Islamabad
O002671,C0034,2026-06-29,Delivered,Marketplace,Multan
O002672,C0329,2026-03-30,Delivered,Mobile App,Rawalpindi
O002673,C0122,2026-06-19,Shipped,Mobile App,Karachi
O002674,C0213,2026-01-02,Shipped,Website,Karachi
O002675,C0302,2026-01-10,Delivered,Website,Peshawar
O002676,C0434,2026-05-04,Delivered,Mobile App,Karachi
O002677,C0167,2026-06-01,Delivered,Website,Rawalpindi
O002678,C0229,2026-08-16,Returned,Website,Lahore
O002679,C0041,2026-07-04,Delivered,Marketplace,Multan
O002680,C0231,2026-03-04,Delivered,Website,Lahore
O002681,C0349,2026-07-18,Delivered,Marketplace,Multan
O002682,C0371,2026-04-30,Delivered,Website,Lahore
O002683,C0176,2026-07-20,Delivered,Website,Rawalpindi
O002684,C0037,2026-02-12,Delivered,Website,Karachi
O002685,C0347,2026-01-07,Delivered,Marketplace,Lahore
O002686,C0394,2026-01-15,Delivered,Mobile App,Karachi
O002687,C0052,2026-08-29,Delivered,Mobile App,Karachi
O002688,C0303,2026-01-20,Delivered,Website,Lahore
O002689,C0058,2026-08-17,Shipped,Marketplace,Karachi
O002690,C0272,2026-06-26,Delivered,Mobile App,Multan
O002691,C0385,2026-02-05,Cancelled,Mobile App,Peshawar
O002692,C0432,2026-07-29,Delivered,Mobile App,Rawalpindi
O002693,C0429,2026-02-05,Delivered,Mobile App,Lahore
O002694,C0455,2026-02-04,Shipped,Mobile App,Karachi
O002695,C0145,2026-05-20,Delivered,Website,Karachi
O002696,C0508,2026-03-12,Delivered,Marketplace,Karachi
O002697,C0210,2026-03-12,Delivered,Website,Lahore
O002698,C0225,2026-02-17,Delivered,Marketplace,Peshawar
O002699,C0473,2026-05-28,Delivered,Website,Karachi
O002700,C0197,2026-01-07,Delivered,Website,Karachi
O002701,C0045,2026-03-01,Returned,Website,Karachi
O002702,C0429,2026-05-15,Delivered,Mobile App,Lahore
O002703,C0398,2026-04-29,Delivered,Website,Karachi
O002704,C0350,2026-06-20,Shipped,Mobile App,Lahore
O002705,C0086,2026-02-22,Delivered,Mobile App,Karachi
O002706,C0380,2026-06-07,Delivered,Website,Karachi
O002707,C0120,2026-07-04,Delivered,Mobile App,Rawalpindi
O002708,C0334,2026-04-05,Delivered,Mobile App,Multan
O002709,C0305,2026-03-04,Shipped,Marketplace,Karachi
O002710,C0464,2026-05-15,Delivered,Website,Karachi
O002711,C0586,2026-05-21,Delivered,Marketplace,Karachi
O002712,C0115,2026-01-23,Delivered,Website,Rawalpindi
O002713,C0069,2026-05-18,Delivered,Mobile App,Lahore
O002714,C0334,2026-02-07,Delivered,Mobile App,Islamabad
O002715,C0572,2026-05-19,Cancelled,Website,Lahore
O002716,C0095,2026-08-15,Delivered,Website,Multan
O002717,C0293,2026-05-11,Delivered,Mobile App,Karachi
O002718,C0245,2026-07-05,Delivered,Website,Karachi
O002719,C0191,2026-03-17,Delivered,Website,Lahore
O002720,C0399,2026-08-13,Delivered,Website,Lahore
O002721,C0178,2026-07-17,Delivered,Mobile App,Karachi
O002722,C0296,2026-08-11,Delivered,Website,Multan
O002723,C0508,2026-06-30,Cancelled,Mobile App,Islamabad
O002724,C0228,2026-06-07,Delivered,Marketplace,Multan
O002725,C0013,2026-05-08,Delivered,Mobile App,Multan
O002726,C0531,2026-08-14,Delivered,Mobile App,Lahore
O002727,C0165,2026-07-26,Delivered,Mobile App,Peshawar
O002728,C0464,2026-04-12,Delivered,Website,Rawalpindi
O002729,C0458,2026-01-21,Delivered,Website,Lahore
O002730,C0316,2026-01-01,Delivered,Website,Islamabad
O002731,C0053,2026-02-26,Delivered,Website,Multan
O002732,C0571,2026-01-16,Delivered,Website,Rawalpindi
O002733,C0409,2026-02-21,Delivered,Mobile App,Rawalpindi
O002734,C0255,2026-01-27,Delivered,Website,Karachi
O002735,C0513,2026-08-27,Delivered,Website,Peshawar
O002736,C0473,2026-01-24,Delivered,Marketplace,Lahore
O002737,C0457,2026-06-02,Delivered,Website,Islamabad
O002738,C0101,2026-03-27,Cancelled,Mobile App,Islamabad
O002739,C0380,2026-02-12,Delivered,Website,Lahore
O002740,C0172,2026-06-20,Delivered,Mobile App,Karachi
O002741,C0048,2026-08-24,Delivered,Website,Rawalpindi
O002742,C0203,2026-07-12,Delivered,Website,Karachi
O002743,C0063,2026-08-25,Delivered,Mobile App,Karachi
O002744,C0064,2026-05-24,Delivered,Website,Karachi
O002745,C0437,2026-06-13,Delivered,Website,Islamabad
O002746,C0302,2026-02-05,Delivered,Website,Karachi
O002747,C0239,2026-07-27,Delivered,Mobile App,Karachi
O002748,C0116,2026-07-01,Delivered,Website,Multan
O002749,C0463,2026-03-03,Delivered,Mobile App,Lahore
O002750,C0381,2026-03-28,Delivered,Mobile App,Multan
O002751,C0352,2026-05-29,Delivered,Mobile App,Lahore
O002752,C0115,2026-01-04,Delivered,Mobile App,Karachi
O002753,C0075,2026-07-18,Delivered,Website,Rawalpindi
O002754,C0075,2026-03-10,Delivered,Marketplace,Lahore
O002755,C0016,2026-01-19,Delivered,Website,Multan
O002756,C0582,2026-03-22,Delivered,Website,Karachi
O002757,C0221,2026-07-23,Delivered,Mobile App,Peshawar
O002758,C0395,2026-03-08,Delivered,Mobile App,Lahore
O002759,C0590,2026-05-12,Delivered,Website,Peshawar
O002760,C0562,2026-07-17,Delivered,Marketplace,Karachi
O002761,C0193,2026-01-09,Delivered,Marketplace,Islamabad
O002762,C0294,2026-07-04,Delivered,Website,Karachi
O002763,C0278,2026-03-12,Delivered,Mobile App,Peshawar
O002764,C0021,2026-06-19,Delivered,Mobile App,Karachi
O002765,C0461,2026-02-15,Delivered,Marketplace,Lahore
O002766,C0345,2026-02-03,Delivered,Mobile App,Islamabad
O002767,C0223,2026-07-11,Delivered,Website,Lahore
O002768,C0335,2026-07-16,Shipped,Mobile App,Rawalpindi
O002769,C0442,2026-08-27,Cancelled,Website,Islamabad
O002770,C0009,2026-06-14,Delivered,Mobile App,Karachi
O002771,C0388,2026-04-24,Cancelled,Mobile App,Rawalpindi
O002772,C0517,2026-02-17,Returned,Mobile App,Lahore
O002773,C0436,2026-03-13,Delivered,Website,Islamabad
O002774,C0372,2026-06-07,Delivered,Mobile App,Karachi
O002775,C0055,2026-03-26,Delivered,Mobile App,Lahore
O002776,C0447,2026-04-28,Delivered,Website,Peshawar
O002777,C0451,2026-02-10,Delivered,Website,Multan
O002778,C0297,2026-04-17,Delivered,Website,Multan
O002779,C0350,2026-02-27,Delivered,Marketplace,Rawalpindi
O002780,C0372,2026-01-28,Delivered,Website,Karachi
O002781,C0073,2026-02-02,Delivered,Mobile App,Lahore
O002782,C0155,2026-05-06,Delivered,Mobile App,Karachi
O002783,C0476,2026-03-31,Delivered,Mobile App,Rawalpindi
O002784,C0585,2026-01-25,Delivered,Mobile App,Karachi
O002785,C0163,2026-05-05,Delivered,Website,Multan
O002786,C0241,2026-02-09,Delivered,Website,Karachi
O002787,C0550,2026-01-04,Delivered,Website,Karachi
O002788,C0098,2026-02-02,Delivered,Mobile App,Peshawar
O002789,C0157,2026-04-19,Delivered,Mobile App,Karachi
O002790,C0034,2026-08-20,Delivered,Mobile App,Karachi
O002791,C0141,2026-02-28,Delivered,Mobile App,Lahore
O002792,C0382,2026-03-11,Delivered,Mobile App,Multan
O002793,C0209,2026-02-28,Delivered,Marketplace,Karachi
O002794,C0591,2026-03-28,Shipped,Mobile App,Lahore
O002795,C0535,2026-06-24,Delivered,Website,Karachi
O002796,C0538,2026-03-20,Cancelled,Website,Lahore
O002797,C0436,2026-06-09,Delivered,Mobile App,Karachi
O002798,C0422,2026-08-07,Delivered,Mobile App,Islamabad
O002799,C0306,2026-08-18,Cancelled,Mobile App,Lahore
O002800,C0595,2026-05-17,Shipped,Website,Multan
O002801,C0058,2026-06-23,Delivered,Mobile App,Islamabad
O002802,C0434,2026-08-12,Delivered,Website,Islamabad
O002803,C0085,2026-07-11,Delivered,Website,Lahore
O002804,C0204,2026-03-14,Delivered,Mobile App,Karachi
O002805,C0154,2026-02-02,Delivered,Mobile App,Karachi
O002806,C0361,2026-01-28,Delivered,Website,Lahore
O002807,C0473,2026-08-03,Delivered,Website,Karachi
O002808,C0048,2026-05-16,Delivered,Mobile App,Karachi
O002809,C0361,2026-03-14,Delivered,Website,Lahore
O002810,C0134,2026-03-25,Delivered,Website,Karachi
O002811,C0047,2026-03-10,Delivered,Mobile App,Karachi
O002812,C0251,2026-07-14,Shipped,Mobile App,Lahore
O002813,C0349,2026-05-29,Delivered,Website,Peshawar
O002814,C0122,2026-08-02,Delivered,Mobile App,Karachi
O002815,C0234,2026-03-15,Delivered,Mobile App,Peshawar
O002816,C0573,2026-04-25,Delivered,Website,Karachi
O002817,C0209,2026-01-30,Delivered,Website,Multan
O002818,C0598,2026-08-25,Delivered,Website,Lahore
O002819,C0501,2026-05-05,Cancelled,Website,Lahore
O002820,C0223,2026-05-15,Returned,Mobile App,Islamabad
O002821,C0347,2026-04-11,Delivered,Website,Lahore
O002822,C0426,2026-03-07,Delivered,Marketplace,Lahore
O002823,C0279,2026-08-19,Delivered,Website,Lahore
O002824,C0245,2026-04-29,Delivered,Mobile App,Multan
O002825,C0198,2026-06-13,Delivered,Mobile App,Peshawar
O002826,C0084,2026-01-10,Delivered,Mobile App,Lahore
O002827,C0015,2026-03-09,Delivered,Marketplace,Peshawar
O002828,C0203,2026-07-15,Delivered,Mobile App,Karachi
O002829,C0478,2026-01-22,Delivered,Mobile App,Lahore
O002830,C0141,2026-01-25,Delivered,Marketplace,Lahore
O002831,C0108,2026-07-16,Delivered,Marketplace,Karachi
O002832,C0197,2026-03-17,Delivered,Marketplace,Multan
O002833,C0360,2026-03-08,Delivered,Website,Peshawar
O002834,C0130,2026-05-18,Delivered,Website,Multan
O002835,C0133,2026-02-17,Delivered,Website,Islamabad
O002836,C0068,2026-01-11,Delivered,Mobile App,Lahore
O002837,C0200,2026-01-02,Delivered,Website,Rawalpindi
O002838,C0131,2026-01-20,Delivered,Website,Karachi
O002839,C0499,2026-02-08,Delivered,Mobile App,Peshawar
O002840,C0544,2026-06-19,Delivered,Website,Karachi
O002841,C0223,2026-03-14,Delivered,Mobile App,Peshawar
O002842,C0052,2026-01-18,Cancelled,Website,Rawalpindi
O002843,C0053,2026-01-04,Delivered,Mobile App,Karachi
O002844,C0195,2026-04-26,Delivered,Website,Karachi
O002845,C0279,2026-07-24,Returned,Mobile App,Lahore
O002846,C0318,2026-03-24,Delivered,Mobile App,Karachi
O002847,C0183,2026-01-16,Delivered,Website,Peshawar
O002848,C0213,2026-02-25,Delivered,Website,Karachi
O002849,C0171,2026-05-02,Delivered,Mobile App,Lahore
O002850,C0311,2026-02-15,Delivered,Mobile App,Karachi
O002851,C0419,2026-08-26,Delivered,Website,Karachi
O002852,C0027,2026-07-05,Delivered,Mobile App,Karachi
O002853,C0288,2026-03-25,Delivered,Website,Peshawar
O002854,C0390,2026-08-20,Delivered,Mobile App,Rawalpindi
O002855,C0404,2026-03-20,Delivered,Website,Multan
O002856,C0339,2026-02-04,Delivered,Mobile App,Lahore
O002857,C0316,2026-08-17,Delivered,Website,Karachi
O002858,C0409,2026-08-22,Cancelled,Website,Karachi
O002859,C0228,2026-03-17,Delivered,Website,Lahore
O002860,C0341,2026-05-25,Delivered,Website,Karachi
O002861,C0192,2026-02-12,Delivered,Mobile App,Karachi
O002862,C0263,2026-06-05,Delivered,Mobile App,Islamabad
O002863,C0075,2026-06-17,Delivered,Website,Karachi
O002864,C0211,2026-06-22,Delivered,Website,Lahore
O002865,C0086,2026-05-19,Delivered,Mobile App,Islamabad
O002866,C0136,2026-06-21,Delivered,Mobile App,Rawalpindi
O002867,C0252,2026-05-15,Delivered,Mobile App,Lahore
O002868,C0301,2026-07-19,Delivered,Website,Rawalpindi
O002869,C0566,2026-02-13,Shipped,Website,Lahore
O002870,C0016,2026-04-28,Shipped,Website,Karachi
O002871,C0540,2026-04-12,Cancelled,Mobile App,Karachi
O002872,C0197,2026-05-10,Delivered,Mobile App,Karachi
O002873,C0435,2026-02-04,Returned,Website,Lahore
O002874,C0407,2026-03-20,Delivered,Website,Rawalpindi
O002875,C0583,2026-08-20,Delivered,Mobile App,Rawalpindi
O002876,C0066,2026-01-26,Delivered,Website,Karachi
O002877,C0581,2026-06-04,Returned,Mobile App,Karachi
O002878,C0038,2026-06-11,Delivered,Website,Karachi
O002879,C0527,2026-04-26,Delivered,Website,Multan
O002880,C0392,2026-01-09,Delivered,Website,Karachi
O002881,C0290,2026-01-09,Delivered,Marketplace,Lahore
O002882,C0239,2026-03-08,Delivered,Website,Karachi
O002883,C0057,2026-01-25,Delivered,Website,Rawalpindi
O002884,C0482,2026-01-23,Delivered,Mobile App,Lahore
O002885,C0437,2026-02-08,Delivered,Website,Karachi
O002886,C0563,2026-02-16,Delivered,Website,Lahore
O002887,C0439,2026-07-23,Delivered,Website,Rawalpindi
O002888,C0575,2026-06-05,Delivered,Mobile App,Lahore
O002889,C0533,2026-01-08,Delivered,Website,Multan
O002890,C0256,2026-06-02,Delivered,Mobile App,Peshawar
O002891,C0423,2026-02-03,Delivered,Mobile App,Lahore
O002892,C0159,2026-04-13,Delivered,Mobile App,Multan
O002893,C0478,2026-01-10,Shipped,Website,Peshawar
O002894,C0366,2026-01-22,Delivered,Mobile App,Lahore
O002895,C0265,2026-02-02,Shipped,Marketplace,Rawalpindi
O002896,C0377,2026-04-16,Returned,Mobile App,Lahore
O002897,C0167,2026-04-23,Delivered,Website,Lahore
O002898,C0374,2026-03-27,Delivered,Mobile App,Lahore
O002899,C0285,2026-05-31,Delivered,Mobile App,Peshawar
O002900,C0194,2026-06-25,Delivered,Marketplace,Multan
O002901,C0586,2026-06-27,Delivered,Website,Karachi
O002902,C0039,2026-05-21,Delivered,Mobile App,Islamabad
O002903,C0455,2026-05-13,Delivered,Mobile App,Islamabad
O002904,C0127,2026-04-30,Delivered,Marketplace,Multan
O002905,C0134,2026-02-27,Delivered,Mobile App,Lahore
O002906,C0093,2026-04-29,Delivered,Marketplace,Karachi
O002907,C0062,2026-01-03,Delivered,Website,Karachi
O002908,C0075,2026-08-23,Delivered,Website,Karachi
O002909,C0500,2026-03-31,Shipped,Website,Karachi
O002910,C0556,2026-07-03,Delivered,Mobile App,Karachi
O002911,C0351,2026-08-21,Delivered,Website,Karachi
O002912,C0009,2026-05-01,Returned,Mobile App,Peshawar
O002913,C0519,2026-07-29,Shipped,Marketplace,Lahore
O002914,C0362,2026-04-27,Delivered,Marketplace,Lahore
O002915,C0313,2026-02-02,Delivered,Mobile App,Rawalpindi
O002916,C0569,2026-01-07,Delivered,Mobile App,Karachi
O002917,C0246,2026-02-02,Delivered,Website,Rawalpindi
O002918,C0217,2026-08-18,Delivered,Mobile App,Peshawar
O002919,C0468,2026-04-26,Delivered,Mobile App,Lahore
O002920,C0317,2026-03-19,Delivered,Mobile App,Lahore
O002921,C0431,2026-04-19,Delivered,Website,Karachi
O002922,C0418,2026-03-04,Delivered,Website,Lahore
O002923,C0504,2026-07-31,Delivered,Mobile App,Islamabad
O002924,C0191,2026-08-31,Delivered,Mobile App,Karachi
O002925,C0044,2026-01-21,Delivered,Mobile App,Lahore
O002926,C0287,2026-06-24,Delivered,Mobile App,Lahore
O002927,C0389,2026-03-23,Delivered,Mobile App,Karachi
O002928,C0491,2026-01-12,Delivered,Mobile App,Karachi
O002929,C0161,2026-08-13,Delivered,Mobile App,Lahore
O002930,C0448,2026-01-16,Delivered,Mobile App,Karachi
O002931,C0500,2026-02-20,Cancelled,Website,Rawalpindi
O002932,C0486,2026-01-07,Delivered,Website,Multan
O002933,C0485,2026-04-25,Delivered,Marketplace,Rawalpindi
O002934,C0593,2026-05-26,Delivered,Website,Karachi
O002935,C0397,2026-03-19,Delivered,Mobile App,Lahore
O002936,C0223,2026-01-18,Delivered,Website,Islamabad
O002937,C0262,2026-01-29,Delivered,Mobile App,Islamabad
O002938,C0449,2026-08-15,Shipped,Website,Multan
O002939,C0142,2026-07-15,Delivered,Mobile App,Lahore
O002940,C0362,2026-08-16,Delivered,Mobile App,Karachi
O002941,C0344,2026-05-09,Delivered,Website,Lahore
O002942,C0400,2026-05-13,Delivered,Mobile App,Multan
O002943,C0253,2026-07-10,Delivered,Marketplace,Islamabad
O002944,C0444,2026-05-30,Delivered,Mobile App,Peshawar
O002945,C0043,2026-04-17,Delivered,Marketplace,Rawalpindi
O002946,C0450,2026-03-12,Delivered,Mobile App,Multan
O002947,C0488,2026-04-28,Cancelled,Mobile App,Lahore
O002948,C0532,2026-01-16,Delivered,Mobile App,Multan
O002949,C0554,2026-02-16,Cancelled,Marketplace,Multan
O002950,C0210,2026-06-29,Delivered,Mobile App,Peshawar
O002951,C0028,2026-07-30,Shipped,Website,Multan
O002952,C0393,2026-01-25,Delivered,Mobile App,Lahore
O002953,C0055,2026-01-24,Delivered,Marketplace,Rawalpindi
O002954,C0169,2026-01-21,Delivered,Website,Lahore
O002955,C0422,2026-07-12,Delivered,Website,Rawalpindi
O002956,C0357,2026-03-17,Delivered,Mobile App,Rawalpindi
O002957,C0364,2026-03-21,Delivered,Mobile App,Rawalpindi
O002958,C0451,2026-01-04,Delivered,Website,Lahore
O002959,C0099,2026-08-25,Delivered,Mobile App,Peshawar
O002960,C0475,2026-04-16,Delivered,Mobile App,Peshawar
O002961,C0352,2026-07-13,Delivered,Website,Islamabad
O002962,C0253,2026-06-21,Returned,Mobile App,Lahore
O002963,C0279,2026-02-04,Delivered,Website,Peshawar
O002964,C0306,2026-07-14,Delivered,Mobile App,Rawalpindi
O002965,C0331,2026-05-14,Delivered,Website,Lahore
O002966,C0201,2026-05-27,Shipped,Mobile App,Islamabad
O002967,C0134,2026-02-18,Delivered,Website,Islamabad
O002968,C0102,2026-07-25,Delivered,Marketplace,Islamabad
O002969,C0205,2026-08-15,Cancelled,Mobile App,Karachi
O002970,C0157,2026-04-09,Delivered,Website,Karachi
O002971,C0310,2026-01-23,Shipped,Marketplace,Multan
O002972,C0548,2026-07-26,Delivered,Mobile App,Multan
O002973,C0065,2026-08-04,Delivered,Mobile App,Lahore
O002974,C0186,2026-05-04,Delivered,Marketplace,Multan
O002975,C0030,2026-05-21,Returned,Marketplace,Lahore
O002976,C0585,2026-02-24,Cancelled,Mobile App,Karachi
O002977,C0421,2026-01-17,Delivered,Marketplace,Rawalpindi
O002978,C0145,2026-08-18,Delivered,Website,Karachi
O002979,C0249,2026-04-28,Delivered,Website,Karachi
O002980,C0434,2026-03-08,Delivered,Website,Multan
O002981,C0575,2026-06-18,Delivered,Website,Lahore
O002982,C0345,2026-01-07,Delivered,Mobile App,Karachi
O002983,C0163,2026-01-20,Delivered,Website,Lahore
O002984,C0419,2026-02-28,Delivered,Mobile App,Islamabad
O002985,C0412,2026-04-20,Shipped,Website,Islamabad
O002986,C0387,2026-03-31,Delivered,Website,Karachi
O002987,C0028,2026-02-15,Delivered,Mobile App,Lahore
O002988,C0425,2026-03-27,Delivered,Website,Lahore
O002989,C0012,2026-03-23,Delivered,Mobile App,Islamabad
O002990,C0544,2026-05-08,Delivered,Mobile App,Multan
O002991,C0530,2026-05-17,Delivered,Mobile App,Lahore
O002992,C0339,2026-08-03,Delivered,Marketplace,Peshawar
O002993,C0388,2026-07-16,Delivered,Marketplace,Multan
O002994,C0041,2026-03-13,Shipped,Website,Karachi
O002995,C0525,2026-08-08,Delivered,Mobile App,Karachi
O002996,C0163,2026-05-07,Delivered,Website,Islamabad
O002997,C0158,2026-02-15,Delivered,Website,Multan
O002998,C0425,2026-03-24,Delivered,Mobile App,Karachi
O002999,C0564,2026-06-30,Delivered,Mobile App,Karachi
O003000,C0297,2026-07-19,Delivered,Mobile App,Islamabad
O003001,C0305,2026-04-01,Cancelled,Mobile App,Peshawar
O003002,C0330,2026-02-08,Delivered,Mobile App,Karachi
O003003,C0175,2026-02-16,Delivered,Mobile App,Lahore
O003004,C0358,2026-01-26,Delivered,Website,Karachi
O003005,C0577,2026-06-19,Delivered,Website,Multan
O003006,C0230,2026-05-03,Delivered,Mobile App,Islamabad
O003007,C0464,2026-04-20,Delivered,Mobile App,Lahore
O003008,C0465,2026-06-13,Delivered,Website,Peshawar
O003009,C0511,2026-07-21,Delivered,Website,Lahore
O003010,C0435,2026-07-13,Delivered,Website,Multan
O003011,C0553,2026-02-03,Delivered,Mobile App,Karachi
O003012,C0429,2026-05-24,Delivered,Website,Karachi
O003013,C0586,2026-08-03,Cancelled,Website,Lahore
O003014,C0430,2026-07-08,Delivered,Website,Karachi
O003015,C0503,2026-03-22,Delivered,Website,Peshawar
O003016,C0535,2026-04-06,Shipped,Mobile App,Lahore
O003017,C0591,2026-08-05,Delivered,Marketplace,Karachi
O003018,C0358,2026-01-08,Delivered,Website,Rawalpindi
O003019,C0427,2026-05-08,Delivered,Mobile App,Lahore
O003020,C0581,2026-01-29,Delivered,Mobile App,Lahore
O003021,C0229,2026-08-06,Delivered,Mobile App,Karachi
O003022,C0072,2026-01-10,Delivered,Website,Multan
O003023,C0531,2026-01-06,Delivered,Website,Islamabad
O003024,C0380,2026-03-21,Delivered,Marketplace,Peshawar
O003025,C0258,2026-02-18,Delivered,Marketplace,Rawalpindi
O003026,C0431,2026-05-01,Cancelled,Website,Lahore
O003027,C0020,2026-03-14,Delivered,Mobile App,Karachi
O003028,C0287,2026-03-28,Delivered,Website,Islamabad
O003029,C0160,2026-05-18,Delivered,Website,Karachi
O003030,C0173,2026-05-17,Delivered,Website,Multan
O003031,C0582,2026-08-16,Delivered,Mobile App,Karachi
O003032,C0331,2026-04-27,Delivered,Website,Lahore
O003033,C0085,2026-05-18,Delivered,Website,Lahore
O003034,C0219,2026-06-14,Returned,Website,Lahore
O003035,C0146,2026-02-12,Delivered,Website,Islamabad
O003036,C0546,2026-06-12,Returned,Website,Rawalpindi
O003037,C0175,2026-07-29,Delivered,Mobile App,Rawalpindi
O003038,C0215,2026-03-19,Delivered,Mobile App,Multan
O003039,C0201,2026-02-13,Shipped,Website,Lahore
O003040,C0106,2026-03-26,Shipped,Website,Lahore
O003041,C0469,2026-03-08,Delivered,Mobile App,Peshawar
O003042,C0346,2026-05-23,Delivered,Website,Karachi
O003043,C0263,2026-07-29,Shipped,Website,Karachi
O003044,C0238,2026-05-25,Delivered,Marketplace,Karachi
O003045,C0401,2026-01-31,Delivered,Mobile App,Rawalpindi
O003046,C0058,2026-03-18,Delivered,Website,Islamabad
O003047,C0560,2026-06-17,Delivered,Website,Karachi
O003048,C0339,2026-03-22,Delivered,Website,Karachi
O003049,C0137,2026-05-23,Delivered,Website,Karachi
O003050,C0323,2026-06-18,Delivered,Marketplace,Lahore
O003051,C0512,2026-03-21,Delivered,Mobile App,Karachi
O003052,C0104,2026-06-07,Delivered,Website,Peshawar
O003053,C0315,2026-04-07,Delivered,Website,Multan
O003054,C0359,2026-02-02,Delivered,Website,Rawalpindi
O003055,C0487,2026-04-01,Delivered,Website,Peshawar
O003056,C0341,2026-04-18,Delivered,Mobile App,Multan
O003057,C0442,2026-01-01,Shipped,Website,Rawalpindi
O003058,C0465,2026-08-05,Delivered,Marketplace,Lahore
O003059,C0535,2026-05-09,Delivered,Mobile App,Peshawar
O003060,C0217,2026-01-09,Delivered,Marketplace,Lahore
O003061,C0423,2026-07-30,Delivered,Marketplace,Lahore
O003062,C0150,2026-07-27,Delivered,Marketplace,Karachi
O003063,C0507,2026-01-03,Delivered,Marketplace,Islamabad
O003064,C0571,2026-02-09,Delivered,Website,Multan
O003065,C0177,2026-03-30,Delivered,Website,Rawalpindi
O003066,C0337,2026-05-04,Delivered,Website,Lahore
O003067,C0494,2026-06-26,Delivered,Mobile App,Islamabad
O003068,C0017,2026-04-14,Delivered,Mobile App,Peshawar
O003069,C0424,2026-05-29,Delivered,Website,Rawalpindi
O003070,C0493,2026-01-03,Delivered,Mobile App,Lahore
O003071,C0523,2026-06-10,Delivered,Mobile App,Lahore
O003072,C0119,2026-08-11,Delivered,Mobile App,Lahore
O003073,C0455,2026-05-08,Delivered,Website,Multan
O003074,C0472,2026-04-21,Delivered,Website,Karachi
O003075,C0002,2026-03-14,Delivered,Mobile App,Peshawar
O003076,C0424,2026-08-20,Delivered,Website,Karachi
O003077,C0376,2026-01-09,Delivered,Mobile App,Multan
O003078,C0582,2026-03-11,Delivered,Website,Lahore
O003079,C0026,2026-02-03,Delivered,Website,Rawalpindi
O003080,C0580,2026-07-30,Delivered,Website,Rawalpindi
O003081,C0343,2026-04-28,Delivered,Mobile App,Rawalpindi
O003082,C0165,2026-08-13,Cancelled,Website,Rawalpindi
O003083,C0233,2026-06-11,Returned,Marketplace,Karachi
O003084,C0460,2026-05-16,Delivered,Website,Karachi
O003085,C0598,2026-05-06,Delivered,Marketplace,Karachi
O003086,C0191,2026-02-19,Delivered,Website,Rawalpindi
O003087,C0591,2026-05-17,Delivered,Website,Islamabad
O003088,C0378,2026-06-16,Shipped,Marketplace,Karachi
O003089,C0116,2026-08-23,Delivered,Mobile App,Peshawar
O003090,C0359,2026-05-14,Delivered,Mobile App,Karachi
O003091,C0482,2026-08-17,Delivered,Mobile App,Karachi
O003092,C0033,2026-08-18,Delivered,Website,Lahore
O003093,C0048,2026-05-07,Shipped,Mobile App,Rawalpindi
O003094,C0004,2026-04-17,Delivered,Website,Karachi
O003095,C0343,2026-02-04,Delivered,Mobile App,Multan
O003096,C0035,2026-03-07,Delivered,Marketplace,Rawalpindi
O003097,C0560,2026-08-02,Delivered,Marketplace,Islamabad
O003098,C0077,2026-02-03,Delivered,Mobile App,Karachi
O003099,C0043,2026-04-07,Delivered,Mobile App,Rawalpindi
O003100,C0155,2026-06-19,Delivered,Mobile App,Peshawar
O003101,C0458,2026-02-28,Shipped,Website,Lahore
O003102,C0545,2026-08-25,Delivered,Marketplace,Karachi
O003103,C0151,2026-06-07,Delivered,Mobile App,Lahore
O003104,C0312,2026-01-07,Delivered,Website,Lahore
O003105,C0465,2026-03-02,Delivered,Mobile App,Karachi
O003106,C0479,2026-06-29,Delivered,Website,Rawalpindi
O003107,C0092,2026-07-29,Delivered,Mobile App,Karachi
O003108,C0503,2026-08-14,Delivered,Mobile App,Peshawar
O003109,C0521,2026-07-26,Delivered,Website,Lahore
O003110,C0441,2026-01-19,Shipped,Website,Islamabad
O003111,C0317,2026-06-27,Delivered,Mobile App,Multan
O003112,C0235,2026-01-27,Delivered,Website,Lahore
O003113,C0534,2026-01-19,Delivered,Marketplace,Karachi
O003114,C0519,2026-06-18,Delivered,Website,Lahore
O003115,C0311,2026-04-27,Shipped,Website,Lahore
O003116,C0446,2026-06-07,Delivered,Website,Rawalpindi
O003117,C0240,2026-07-26,Delivered,Mobile App,Peshawar
O003118,C0446,2026-01-17,Returned,Mobile App,Rawalpindi
O003119,C0054,2026-05-09,Delivered,Mobile App,Multan
O003120,C0541,2026-07-22,Delivered,Marketplace,Karachi
O003121,C0310,2026-04-17,Delivered,Mobile App,Karachi
O003122,C0360,2026-05-08,Delivered,Website,Karachi
O003123,C0114,2026-05-01,Delivered,Website,Islamabad
O003124,C0318,2026-08-09,Delivered,Marketplace,Karachi
O003125,C0002,2026-01-13,Delivered,Website,Karachi
O003126,C0535,2026-08-02,Returned,Marketplace,Multan
O003127,C0450,2026-07-18,Delivered,Marketplace,Karachi
O003128,C0273,2026-07-17,Delivered,Mobile App,Karachi
O003129,C0502,2026-04-11,Delivered,Mobile App,Lahore
O003130,C0487,2026-05-06,Shipped,Marketplace,Karachi
O003131,C0072,2026-03-31,Delivered,Mobile App,Karachi
O003132,C0033,2026-03-03,Delivered,Mobile App,Karachi
O003133,C0153,2026-08-01,Cancelled,Website,Karachi
O003134,C0001,2026-05-03,Delivered,Mobile App,Peshawar
O003135,C0344,2026-06-25,Delivered,Website,Lahore
O003136,C0317,2026-01-25,Shipped,Marketplace,Rawalpindi
O003137,C0323,2026-07-11,Delivered,Mobile App,Rawalpindi
O003138,C0045,2026-06-10,Delivered,Mobile App,Rawalpindi
O003139,C0551,2026-08-31,Delivered,Website,Multan
O003140,C0586,2026-02-02,Delivered,Marketplace,Lahore
O003141,C0355,2026-05-12,Cancelled,Website,Karachi
O003142,C0004,2026-05-05,Delivered,Mobile App,Karachi
O003143,C0238,2026-05-11,Delivered,Website,Karachi
O003144,C0431,2026-01-14,Delivered,Marketplace,Peshawar
O003145,C0450,2026-04-25,Delivered,Mobile App,Islamabad
O003146,C0147,2026-03-14,Delivered,Website,Karachi
O003147,C0494,2026-05-31,Delivered,Website,Karachi
O003148,C0581,2026-02-26,Delivered,Website,Multan
O003149,C0306,2026-04-16,Delivered,Website,Lahore
O003150,C0229,2026-05-31,Delivered,Website,Karachi
O003151,C0316,2026-01-16,Delivered,Website,Multan
O003152,C0017,2026-07-11,Delivered,Website,Rawalpindi
O003153,C0315,2026-06-23,Delivered,Website,Lahore
O003154,C0017,2026-01-14,Delivered,Mobile App,Lahore
O003155,C0021,2026-01-16,Delivered,Website,Islamabad
O003156,C0333,2026-07-26,Delivered,Website,Karachi
O003157,C0307,2026-03-10,Delivered,Marketplace,Multan
O003158,C0593,2026-07-29,Delivered,Website,Rawalpindi
O003159,C0305,2026-05-02,Shipped,Mobile App,Islamabad
O003160,C0588,2026-03-25,Delivered,Marketplace,Islamabad
O003161,C0485,2026-03-08,Delivered,Mobile App,Multan
O003162,C0203,2026-06-10,Shipped,Mobile App,Karachi
O003163,C0556,2026-01-27,Delivered,Mobile App,Karachi
O003164,C0290,2026-04-08,Delivered,Mobile App,Rawalpindi
O003165,C0357,2026-03-26,Delivered,Mobile App,Karachi
O003166,C0061,2026-02-07,Delivered,Website,Islamabad
O003167,C0128,2026-03-27,Delivered,Mobile App,Lahore
O003168,C0314,2026-05-09,Delivered,Marketplace,Karachi
O003169,C0163,2026-06-14,Delivered,Mobile App,Karachi
O003170,C0360,2026-01-21,Delivered,Website,Rawalpindi
O003171,C0048,2026-07-31,Delivered,Website,Karachi
O003172,C0151,2026-08-02,Shipped,Mobile App,Karachi
O003173,C0400,2026-06-18,Delivered,Website,Lahore
O003174,C0368,2026-08-13,Delivered,Mobile App,Karachi
O003175,C0591,2026-04-14,Delivered,Website,Islamabad
O003176,C0540,2026-07-19,Delivered,Website,Multan
O003177,C0487,2026-06-26,Returned,Website,Rawalpindi
O003178,C0001,2026-05-17,Delivered,Marketplace,Islamabad
O003179,C0362,2026-02-13,Delivered,Marketplace,Lahore
O003180,C0138,2026-05-16,Delivered,Mobile App,Multan
O003181,C0161,2026-08-08,Delivered,Marketplace,Peshawar
O003182,C0126,2026-08-28,Delivered,Marketplace,Peshawar
O003183,C0274,2026-04-19,Delivered,Mobile App,Karachi
O003184,C0075,2026-03-02,Delivered,Website,Karachi
O003185,C0320,2026-07-01,Delivered,Mobile App,Karachi
O003186,C0100,2026-01-19,Delivered,Mobile App,Karachi
O003187,C0301,2026-02-06,Shipped,Website,Karachi
O003188,C0376,2026-05-17,Delivered,Marketplace,Multan
O003189,C0108,2026-08-29,Delivered,Website,Karachi
O003190,C0062,2026-03-21,Cancelled,Marketplace,Karachi
O003191,C0484,2026-04-18,Delivered,Mobile App,Multan
O003192,C0444,2026-03-20,Delivered,Website,Multan
O003193,C0157,2026-04-18,Cancelled,Marketplace,Karachi
O003194,C0533,2026-01-02,Shipped,Mobile App,Karachi
O003195,C0133,2026-05-25,Delivered,Mobile App,Peshawar
O003196,C0556,2026-05-25,Delivered,Mobile App,Multan
O003197,C0068,2026-03-18,Cancelled,Website,Islamabad
O003198,C0397,2026-03-06,Delivered,Website,Lahore
O003199,C0012,2026-07-05,Delivered,Website,Islamabad
O003200,C0119,2026-02-15,Delivered,Website,Rawalpindi
O003201,C0243,2026-01-12,Delivered,Website,Karachi
O003202,C0052,2026-01-10,Delivered,Mobile App,Lahore
O003203,C0275,2026-08-03,Shipped,Website,Peshawar
O003204,C0140,2026-03-30,Delivered,Mobile App,Rawalpindi
O003205,C0060,2026-01-25,Delivered,Website,Karachi
O003206,C0578,2026-08-02,Delivered,Website,Rawalpindi
O003207,C0590,2026-02-06,Delivered,Marketplace,Islamabad
O003208,C0578,2026-03-23,Delivered,Marketplace,Karachi
O003209,C0093,2026-01-06,Delivered,Mobile App,Karachi
O003210,C0230,2026-06-15,Delivered,Website,Karachi
O003211,C0197,2026-06-19,Delivered,Mobile App,Multan
O003212,C0196,2026-07-03,Delivered,Website,Karachi
O003213,C0250,2026-03-05,Delivered,Mobile App,Peshawar
O003214,C0307,2026-03-21,Shipped,Marketplace,Lahore
O003215,C0292,2026-08-16,Delivered,Website,Multan
O003216,C0176,2026-07-19,Delivered,Marketplace,Multan
O003217,C0588,2026-01-10,Delivered,Mobile App,Multan
O003218,C0588,2026-06-18,Delivered,Website,Peshawar
O003219,C0199,2026-07-17,Delivered,Website,Lahore
O003220,C0133,2026-05-16,Delivered,Mobile App,Karachi
O003221,C0320,2026-06-05,Delivered,Website,Karachi
O003222,C0222,2026-01-01,Delivered,Website,Islamabad
O003223,C0593,2026-01-08,Delivered,Website,Karachi
O003224,C0258,2026-01-09,Delivered,Marketplace,Lahore
O003225,C0024,2026-02-08,Delivered,Website,Karachi
O003226,C0076,2026-08-29,Delivered,Marketplace,Rawalpindi
O003227,C0045,2026-06-04,Delivered,Mobile App,Karachi
O003228,C0230,2026-07-10,Delivered,Website,Karachi
O003229,C0190,2026-03-13,Shipped,Website,Islamabad
O003230,C0515,2026-08-16,Delivered,Mobile App,Lahore
O003231,C0535,2026-02-18,Delivered,Website,Multan
O003232,C0085,2026-08-08,Delivered,Website,Islamabad
O003233,C0567,2026-01-08,Delivered,Website,Rawalpindi
O003234,C0351,2026-01-05,Delivered,Marketplace,Karachi
O003235,C0185,2026-01-20,Cancelled,Mobile App,Karachi
O003236,C0244,2026-07-12,Delivered,Mobile App,Rawalpindi
O003237,C0265,2026-03-04,Delivered,Website,Karachi
O003238,C0103,2026-04-20,Delivered,Website,Peshawar
O003239,C0521,2026-04-25,Delivered,Mobile App,Multan
O003240,C0008,2026-07-11,Cancelled,Website,Karachi
O003241,C0042,2026-03-26,Cancelled,Marketplace,Rawalpindi
O003242,C0165,2026-01-02,Delivered,Marketplace,Lahore
O003243,C0087,2026-04-04,Delivered,Website,Karachi
O003244,C0038,2026-03-12,Delivered,Marketplace,Lahore
O003245,C0231,2026-06-27,Delivered,Mobile App,Islamabad
O003246,C0227,2026-07-02,Delivered,Mobile App,Multan
O003247,C0076,2026-01-23,Cancelled,Website,Karachi
O003248,C0487,2026-07-12,Delivered,Marketplace,Rawalpindi
O003249,C0530,2026-01-18,Delivered,Website,Karachi
O003250,C0432,2026-05-31,Delivered,Mobile App,Karachi
O003251,C0314,2026-04-05,Delivered,Website,Islamabad
O003252,C0569,2026-03-15,Delivered,Website,Rawalpindi
O003253,C0211,2026-04-28,Delivered,Marketplace,Rawalpindi
O003254,C0257,2026-03-17,Delivered,Mobile App,Multan
O003255,C0010,2026-07-12,Returned,Website,Karachi
O003256,C0425,2026-08-23,Delivered,Mobile App,Lahore
O003257,C0056,2026-07-18,Delivered,Website,Karachi
O003258,C0400,2026-04-17,Delivered,Marketplace,Peshawar
O003259,C0470,2026-05-03,Delivered,Marketplace,Karachi
O003260,C0131,2026-04-19,Delivered,Website,Karachi
O003261,C0368,2026-07-12,Shipped,Mobile App,Rawalpindi
O003262,C0183,2026-05-15,Delivered,Marketplace,Lahore
O003263,C0239,2026-04-24,Delivered,Marketplace,Islamabad
O003264,C0318,2026-04-10,Delivered,Mobile App,Multan
O003265,C0150,,Delivered,Mobile App,Lahore
O003266,C0478,2026-05-15,Delivered,Mobile App,Lahore
O003267,C0237,2026-06-17,Delivered,Website,Multan
O003268,C0278,2026-04-16,Delivered,Mobile App,Rawalpindi
O003269,C0489,2026-07-16,Cancelled,Website,Karachi
O003270,C0137,2026-07-20,Delivered,Website,Peshawar
O003271,C0272,2026-04-15,Delivered,Website,Lahore
O003272,C0597,2026-08-09,Delivered,Marketplace,Rawalpindi
O003273,C0240,2026-02-12,Delivered,Website,Islamabad
O003274,C0070,2026-08-15,Delivered,Website,Karachi
O003275,C0171,2026-03-13,Shipped,Website,Peshawar
O003276,C0574,2026-05-18,Delivered,Website,Karachi
O003277,C0456,2026-03-10,Delivered,Marketplace,Multan
O003278,C0486,2026-04-18,Shipped,Website,Peshawar
O003279,C0153,2026-03-24,Delivered,Website,Multan
O003280,C0504,2026-06-21,Delivered,Marketplace,Karachi
O003281,C0237,2026-01-20,Delivered,Website,Lahore
O003282,C0477,2026-07-23,Delivered,Mobile App,Karachi
O003283,C0529,2026-08-08,Delivered,Mobile App,Lahore
O003284,C0125,2026-05-17,Delivered,Mobile App,Lahore
O003285,C0564,2026-05-13,Delivered,Website,Islamabad
O003286,C0380,2026-06-20,Delivered,Mobile App,Lahore
O003287,C0439,2026-02-18,Delivered,Mobile App,Multan
O003288,C0455,2026-07-02,Delivered,Mobile App,Karachi
O003289,C0102,2026-02-23,Delivered,Website,Lahore
O003290,C0448,2026-06-14,Delivered,Mobile App,Rawalpindi
O003291,C0128,2026-03-16,Delivered,Mobile App,Karachi
O003292,C0163,2026-07-01,Delivered,Mobile App,Rawalpindi
O003293,C0070,2026-07-12,Delivered,Marketplace,Rawalpindi
O003294,C0109,2026-02-20,Delivered,Marketplace,Rawalpindi
O003295,C0588,2026-05-31,Delivered,Mobile App,Islamabad
O003296,C0197,2026-05-02,Delivered,Website,Peshawar
O003297,C0233,2026-03-13,Delivered,Website,Multan
O003298,C0288,2026-05-23,Delivered,Mobile App,Karachi
O003299,C0428,2026-08-30,Delivered,Website,Lahore
O003300,C0345,2026-01-01,Cancelled,Mobile App,Peshawar
O003301,C0322,2026-08-21,Delivered,Mobile App,Karachi
O003302,C0503,2026-07-27,Shipped,Mobile App,Lahore
O003303,C0298,2026-05-09,Delivered,Website,Islamabad
O003304,C0462,2026-05-29,Delivered,Marketplace,Karachi
O003305,C0547,2026-03-31,Delivered,Mobile App,Lahore
O003306,C0406,2026-02-01,Delivered,Mobile App,Rawalpindi
O003307,C0022,2026-05-19,Cancelled,Mobile App,Karachi
O003308,C0159,2026-07-18,Delivered,Website,Karachi
O003309,C0371,2026-02-26,Shipped,Mobile App,Peshawar
O003310,C0288,2026-06-24,Delivered,Website,Peshawar
O003311,C0171,2026-07-01,Delivered,Mobile App,Islamabad
O003312,C0202,2026-07-04,Delivered,Website,Lahore
O003313,C0048,2026-03-24,Delivered,Website,Karachi
O003314,C0141,2026-04-06,Delivered,Website,Peshawar
O003315,C0470,2026-04-12,Cancelled,Website,Karachi
O003316,C0007,2026-07-27,Delivered,Marketplace,Multan
O003317,C0503,2026-08-07,Cancelled,Mobile App,Rawalpindi
O003318,C0204,2026-04-11,Returned,Website,Karachi
O003319,C0485,2026-08-24,Delivered,Website,Islamabad
O003320,C0154,2026-05-19,Delivered,Mobile App,Multan
O003321,C0498,2026-04-04,Delivered,Website,Peshawar
O003322,C0344,2026-01-01,Delivered,Website,Islamabad
O003323,C0511,2026-05-29,Returned,Website,Karachi
O003324,C0038,2026-06-06,Shipped,Mobile App,Islamabad
O003325,C0479,2026-08-24,Cancelled,Marketplace,Islamabad
O003326,C0163,2026-06-24,Delivered,Website,Islamabad
O003327,C0216,2026-01-08,Delivered,Marketplace,Karachi
O003328,C0027,2026-05-18,Delivered,Marketplace,Multan
O003329,C0573,2026-06-30,Shipped,Marketplace,Lahore
O003330,C0385,2026-05-01,Delivered,Mobile App,Karachi
O003331,C0589,2026-04-15,Delivered,Marketplace,Karachi
O003332,C0341,2026-07-16,Delivered,Mobile App,Karachi
O003333,C0095,2026-05-29,Delivered,Marketplace,Lahore
O003334,C0203,2026-06-15,Delivered,Website,Karachi
O003335,C0264,2026-04-23,Delivered,Mobile App,Lahore
O003336,C0089,2026-03-09,Shipped,Mobile App,Karachi
O003337,C0559,2026-05-07,Delivered,Website,Karachi
O003338,C0575,2026-08-22,Delivered,Website,Karachi
O003339,C0339,2026-05-27,Delivered,Website,Lahore
O003340,C0351,2026-06-21,Delivered,Website,Lahore
O003341,C0423,2026-01-31,Delivered,Website,Lahore
O003342,C0408,2026-08-29,Delivered,Website,Rawalpindi
O003343,C0038,2026-03-01,Delivered,Website,Lahore
O003344,C0319,2026-08-25,Delivered,Mobile App,Rawalpindi
O003345,C0467,2026-04-19,Delivered,Website,Karachi
O003346,C0484,2026-08-12,Delivered,Website,Lahore
O003347,C0358,2026-08-05,Delivered,Website,Karachi
O003348,C0538,2026-07-03,Delivered,Website,Lahore
O003349,C0352,2026-08-11,Delivered,Website,Islamabad
O003350,C0230,2026-05-29,Delivered,Marketplace,Peshawar
O003351,C0266,2026-07-26,Delivered,Website,Lahore
O003352,C0415,2026-02-11,Delivered,Website,Lahore
O003353,C0532,2026-01-18,Delivered,Mobile App,Karachi
O003354,C0138,2026-05-13,Delivered,Marketplace,Multan
O003355,C0177,2026-07-16,Delivered,Website,Karachi
O003356,C0392,2026-07-05,Delivered,Website,Karachi
O003357,C0459,2026-05-09,Delivered,Mobile App,Karachi
O003358,C0240,2026-05-07,Delivered,Mobile App,Multan
O003359,C0386,2026-05-29,Delivered,Website,Multan
O003360,C0005,2026-07-30,Delivered,Marketplace,Karachi
O003361,C0176,2026-07-24,Delivered,Marketplace,Karachi
O003362,C0574,2026-01-27,Delivered,Mobile App,Rawalpindi
O003363,C0346,2026-05-25,Cancelled,Website,Karachi
O003364,C0522,2026-04-03,Delivered,Mobile App,Karachi
O003365,C0131,2026-07-14,Delivered,Marketplace,Lahore
O003366,C0175,2026-05-03,Delivered,Marketplace,Lahore
O003367,C0585,2026-08-29,Delivered,Website,Lahore
O003368,C0599,2026-04-16,Delivered,Website,Islamabad
O003369,C0527,2026-06-15,Delivered,Website,Rawalpindi
O003370,C0191,2026-01-27,Delivered,Mobile App,Lahore
O003371,C0481,2026-08-15,Cancelled,Mobile App,Karachi
O003372,C0276,2026-02-07,Cancelled,Website,Karachi
O003373,C0507,2026-04-02,Delivered,Website,Multan
O003374,C0511,2026-07-23,Cancelled,Website,Karachi
O003375,C0261,2026-08-24,Cancelled,Marketplace,Lahore
O003376,C0183,2026-04-28,Delivered,Website,Karachi
O003377,C0585,2026-04-28,Delivered,Website,Karachi
O003378,C0271,2026-01-12,Delivered,Mobile App,Lahore
O003379,C0260,2026-08-26,Delivered,Mobile App,Karachi
O003380,C0400,2026-01-05,Delivered,Mobile App,Islamabad
O003381,C0563,2026-01-07,Delivered,Mobile App,Lahore
O003382,C0079,2026-04-26,Delivered,Website,Rawalpindi
O003383,C0591,2026-01-01,Delivered,Website,Islamabad
O003384,C0254,2026-02-09,Delivered,Website,Karachi
O003385,C0016,2026-06-02,Delivered,Mobile App,Peshawar
O003386,C0186,2026-06-21,Shipped,Marketplace,Multan
O003387,C0278,2026-03-14,Returned,Website,Karachi
O003388,C0407,2026-07-13,Delivered,Mobile App,Islamabad
O003389,C0340,2026-05-28,Delivered,Mobile App,Islamabad
O003390,C0082,2026-02-25,Shipped,Marketplace,Islamabad
O003391,C0293,2026-06-23,Delivered,Website,Karachi
O003392,C0140,2026-05-24,Returned,Website,Karachi
O003393,C0162,2026-07-17,Delivered,Mobile App,Karachi
O003394,C0427,2026-02-07,Delivered,Mobile App,Karachi
O003395,C0482,2026-02-26,Delivered,Mobile App,Lahore
O003396,C0094,2026-03-15,Delivered,Marketplace,Peshawar
O003397,C0362,2026-03-24,Delivered,Website,Lahore
O003398,C0254,2026-08-04,Delivered,Mobile App,Lahore
O003399,C0202,2026-06-28,Shipped,Website,Karachi
O003400,C0428,2026-05-13,Delivered,Website,Lahore
O003401,C0150,2026-05-12,Delivered,Website,Peshawar
O003402,C0460,2026-08-04,Delivered,Website,Peshawar
O003403,C0241,2026-04-19,Delivered,Website,Lahore
O003404,C0057,2026-02-24,Delivered,Mobile App,Lahore
O003405,C0476,2026-02-03,Delivered,Marketplace,Karachi
O003406,C0512,2026-03-22,Delivered,Website,Multan
O003407,C0338,2026-06-08,Delivered,Website,Karachi
O003408,C0435,2026-04-25,Delivered,Website,Karachi
O003409,C0089,2026-04-13,Delivered,Website,Lahore
O003410,C0204,2026-04-27,Delivered,Website,Karachi
O003411,C0210,2026-08-25,Delivered,Mobile App,Karachi
O003412,C0459,2026-08-31,Delivered,Marketplace,Multan
O003413,C0212,2026-02-09,Delivered,Mobile App,Karachi
O003414,C0437,2026-01-28,Shipped,Mobile App,Karachi
O003415,C0185,2026-03-01,Delivered,Mobile App,Karachi
O003416,C0361,2026-07-27,Delivered,Website,Karachi
O003417,C0126,2026-04-22,Delivered,Website,Multan
O003418,C0336,2026-07-29,Delivered,Website,Rawalpindi
O003419,C0049,2026-06-07,Delivered,Website,Multan
O003420,C0441,2026-05-15,Delivered,Marketplace,Peshawar
O003421,C0018,2026-03-10,Delivered,Mobile App,Islamabad
O003422,C0600,2026-03-25,Delivered,Website,Lahore
O003423,C0504,2026-02-05,Shipped,Website,Lahore
O003424,C0348,2026-05-07,Delivered,Website,Islamabad
O003425,C0546,2026-03-10,Delivered,Marketplace,Rawalpindi
O003426,C0486,2026-03-13,Delivered,Website,Islamabad
O003427,C0086,2026-01-10,Delivered,Mobile App,Lahore
O003428,C0447,2026-07-14,Delivered,Website,Islamabad
O003429,C0227,2026-08-17,Delivered,Website,Karachi
O003430,C0514,2026-05-02,Delivered,Website,Lahore
O003431,C0519,2026-05-11,Delivered,Marketplace,Lahore
O003432,C0573,2026-08-13,Delivered,Website,Lahore
O003433,C0271,2026-05-05,Delivered,Mobile App,Lahore
O003434,C0116,2026-06-01,Delivered,Website,Rawalpindi
O003435,C0076,2026-04-15,Delivered,Mobile App,Rawalpindi
O003436,C0100,2026-05-05,Delivered,Mobile App,Karachi
O003437,C0596,2026-05-07,Cancelled,Mobile App,Lahore
O003438,C0352,2026-06-22,Delivered,Website,Karachi
O003439,C0212,2026-05-27,Shipped,Website,Karachi
O003440,C0270,2026-05-03,Delivered,Marketplace,Karachi
O003441,C0104,2026-01-19,Delivered,Mobile App,Rawalpindi
O003442,C0343,2026-08-08,Delivered,Website,Peshawar
O003443,C0256,2026-08-04,Delivered,Website,Karachi
O003444,C0479,2026-02-14,Delivered,Website,Peshawar
O003445,C0013,2026-03-13,Delivered,Website,Lahore
O003446,C0560,2026-08-25,Delivered,Website,Peshawar
O003447,C0037,2026-03-20,Shipped,Website,Lahore
O003448,C0251,2026-07-17,Delivered,Website,Rawalpindi
O003449,C0205,2026-07-10,Delivered,Mobile App,Lahore
O003450,C0431,2026-07-29,Delivered,Marketplace,Karachi
O003451,C0395,2026-01-04,Delivered,Mobile App,Karachi
O003452,C0119,2026-04-28,Delivered,Mobile App,Rawalpindi
O003453,C0295,2026-05-18,Delivered,Mobile App,Multan
O003454,C0321,2026-07-23,Cancelled,Website,Islamabad
O003455,C0279,2026-02-24,Delivered,Mobile App,Rawalpindi
O003456,C0014,2026-03-16,Delivered,Website,Karachi
O003457,C0107,2026-02-13,Delivered,Website,Rawalpindi
O003458,C0303,2026-07-05,Delivered,Mobile App,Peshawar
O003459,C0157,2026-08-31,Delivered,Website,Lahore
O003460,C0328,2026-02-04,Delivered,Mobile App,Lahore
O003461,C0099,2026-02-26,Delivered,Mobile App,Karachi
O003462,C0442,2026-03-16,Shipped,Website,Karachi
O003463,C0114,2026-08-05,Delivered,Website,Karachi
O003464,C0390,2026-04-19,Delivered,Mobile App,Rawalpindi
O003465,C0502,2026-03-10,Delivered,Mobile App,Peshawar
O003466,C0216,2026-03-20,Delivered,Mobile App,Karachi
O003467,C0084,2026-05-26,Shipped,Website,Multan
O003468,C0004,2026-04-05,Delivered,Mobile App,Peshawar
O003469,C0217,2026-02-04,Delivered,Website,Islamabad
O003470,C0070,2026-07-19,Delivered,Website,Multan
O003471,C0530,2026-04-13,Delivered,Mobile App,Multan
O003472,C0584,2026-03-04,Delivered,Website,Karachi
O003473,C0589,2026-06-27,Delivered,Website,Multan
O003474,C0554,2026-07-01,Delivered,Website,Lahore
O003475,C0353,2026-02-07,Delivered,Mobile App,Karachi
O003476,C0196,2026-01-18,Delivered,Marketplace,Karachi
O003477,C0268,2026-01-12,Delivered,Marketplace,Islamabad
O003478,C0156,2026-07-06,Delivered,Website,Multan
O003479,C0505,2026-06-02,Delivered,Website,Lahore
O003480,C0262,2026-07-12,Delivered,Mobile App,Islamabad
O003481,C0232,2026-06-02,Cancelled,Website,Karachi
O003482,C0414,2026-04-08,Delivered,Website,Peshawar
O003483,C0225,2026-05-24,Delivered,Website,Karachi
O003484,C0215,2026-06-25,Delivered,Mobile App,Islamabad
O003485,C0137,2026-04-07,Delivered,Mobile App,Islamabad
O003486,C0041,2026-08-11,Delivered,Website,Karachi
O003487,C0023,2026-08-07,Delivered,Website,Multan
O003488,C0242,2026-07-14,Delivered,Mobile App,Multan
O003489,C0598,2026-08-30,Delivered,Mobile App,Lahore
O003490,C0157,2026-04-05,Delivered,Website,Rawalpindi
O003491,C0385,2026-01-28,Delivered,Website,Peshawar
O003492,C0195,2026-04-28,Delivered,Marketplace,Karachi
O003493,C0182,2026-07-01,Delivered,Mobile App,Karachi
O003494,C0098,2026-07-09,Cancelled,Mobile App,Islamabad
O003495,C0339,2026-04-05,Delivered,Mobile App,Lahore
O003496,C0396,2026-03-13,Delivered,Marketplace,Islamabad
O003497,C0211,2026-04-19,Shipped,Website,Islamabad
O003498,C0316,2026-07-15,Delivered,Website,Rawalpindi
O003499,C0286,2026-01-15,Delivered,Website,Karachi
O003500,C0163,2026-03-21,Delivered,Mobile App,Karachi
O003501,C0416,2026-02-25,Delivered,Website,Karachi
O003502,C0333,2026-07-15,Delivered,Website,Lahore
O003503,C0040,2026-04-25,Delivered,Website,Rawalpindi
O003504,C0296,2026-01-22,Delivered,Mobile App,Peshawar
O003505,C0234,2026-03-05,Shipped,Mobile App,Lahore
O003506,C0478,2026-01-11,Delivered,Website,Islamabad
O003507,C0184,2026-04-26,Delivered,Website,Karachi
O003508,C0574,2026-08-31,Delivered,Mobile App,Lahore
O003509,C0370,2026-05-18,Delivered,Website,Multan
O003510,C0079,2026-07-31,Delivered,Mobile App,Karachi
O003511,C0243,2026-06-30,Delivered,Website,Rawalpindi
O003512,C0531,2026-08-03,Delivered,Marketplace,Karachi
O003513,C0153,2026-03-17,Cancelled,Website,Karachi
O003514,C0423,2026-08-20,Delivered,Mobile App,Islamabad
O003515,C0471,2026-02-27,Delivered,Website,Rawalpindi
O003516,C0416,2026-04-17,Delivered,Website,Islamabad
O003517,C0055,2026-06-15,Delivered,Mobile App,Peshawar
O003518,C0225,2026-03-11,Delivered,Mobile App,Peshawar
O003519,C0209,2026-03-06,Delivered,Mobile App,Islamabad
O003520,C0207,2026-02-01,Delivered,Mobile App,Karachi
O003521,C0528,2026-01-02,Delivered,Mobile App,Lahore
O003522,C0004,2026-05-02,Cancelled,Marketplace,Islamabad
O003523,C0324,2026-08-28,Delivered,Website,Islamabad
O003524,C0590,2026-02-23,Delivered,Marketplace,Lahore
O003525,C0526,2026-04-17,Delivered,Website,Lahore
O003526,C0364,2026-08-16,Delivered,Website,Karachi
O003527,C0599,2026-07-07,Returned,Mobile App,Karachi
O003528,C0242,2026-01-01,Delivered,Website,Lahore
O003529,C0367,2026-05-02,Delivered,Website,Peshawar
O003530,C0327,2026-02-04,Cancelled,Website,Rawalpindi
O003531,C0029,2026-03-02,Delivered,Mobile App,Multan
O003532,C0025,2026-03-01,Delivered,Mobile App,Islamabad
O003533,C0539,2026-05-29,Delivered,Website,Karachi
O003534,C0105,2026-02-18,Delivered,Website,Islamabad
O003535,C0213,2026-03-03,Delivered,Website,Peshawar
O003536,C0375,2026-02-24,Returned,Website,Islamabad
O003537,C0346,2026-03-28,Delivered,Website,Lahore
O003538,C0309,2026-06-09,Delivered,Website,Islamabad
O003539,C0588,2026-04-08,Delivered,Mobile App,Karachi
O003540,C0473,2026-03-21,Delivered,Mobile App,Karachi
O003541,C0566,2026-05-06,Delivered,Website,Karachi
O003542,C0396,2026-05-30,Delivered,Website,Lahore
O003543,C0588,2026-01-04,Delivered,Website,Multan
O003544,C0361,2026-08-05,Delivered,Website,Karachi
O003545,C0326,2026-08-11,Delivered,Website,Karachi
O003546,C0490,2026-05-27,Delivered,Marketplace,Rawalpindi
O003547,C0522,2026-05-20,Delivered,Mobile App,Peshawar
O003548,C0041,2026-06-18,Delivered,Website,Lahore
O003549,C0547,2026-04-18,Delivered,Website,Lahore
O003550,C0415,2026-03-30,Shipped,Mobile App,Lahore
O003551,C0539,2026-03-27,Delivered,Marketplace,Islamabad
O003552,C0430,2026-02-08,Delivered,Website,Peshawar
O003553,C0557,2026-07-24,Delivered,Mobile App,Karachi
O003554,C0166,2026-03-19,Delivered,Website,Multan
O003555,C0113,2026-03-11,Cancelled,Mobile App,Islamabad
O003556,C0118,2026-08-23,Delivered,Website,Rawalpindi
O003557,C0152,2026-05-04,Delivered,Mobile App,Karachi
O003558,C0129,2026-06-01,Delivered,Website,Multan
O003559,C0265,2026-03-01,Delivered,Mobile App,Lahore
O003560,C0119,2026-03-09,Cancelled,Mobile App,Lahore
O003561,C0095,2026-06-26,Cancelled,Mobile App,Lahore
O003562,C0315,2026-04-20,Delivered,Mobile App,Karachi
O003563,C0477,2026-02-05,Delivered,Website,Karachi
O003564,C0082,2026-07-23,Delivered,Mobile App,Karachi
O003565,C0307,2026-04-08,Delivered,Website,Karachi
O003566,C0396,2026-06-12,Shipped,Mobile App,Lahore
O003567,C0424,2026-03-24,Delivered,Website,Islamabad
O003568,C0064,2026-05-17,Shipped,Website,Rawalpindi
O003569,C0441,2026-07-08,Delivered,Website,Islamabad
O003570,C0017,2026-08-04,Delivered,Marketplace,Karachi
O003571,C0143,2026-02-20,Delivered,Mobile App,Lahore
O003572,C0192,2026-06-13,Delivered,Website,Islamabad
O003573,C0512,2026-08-11,Delivered,Mobile App,Rawalpindi
O003574,C0116,2026-06-06,Delivered,Website,Karachi
O003575,C0470,2026-02-04,Delivered,Website,Multan
O003576,C0594,2026-02-16,Delivered,Website,Peshawar
O003577,C0576,2026-02-19,Delivered,Mobile App,Peshawar
O003578,C0182,2026-01-26,Returned,Marketplace,Islamabad
O003579,C0058,2026-07-03,Delivered,Marketplace,Lahore
O003580,C0134,2026-08-23,Delivered,Website,Multan
O003581,C0462,2026-05-06,Delivered,Website,Multan
O003582,C0119,2026-05-26,Delivered,Mobile App,Peshawar
O003583,C0388,2026-07-08,Cancelled,Website,Multan
O003584,C0225,2026-04-12,Delivered,Mobile App,Multan
O003585,C0461,2026-04-25,Delivered,Marketplace,Rawalpindi
O003586,C0364,2026-05-24,Delivered,Website,Karachi
O003587,C0352,2026-03-16,Delivered,Website,Lahore
O003588,C0470,2026-01-16,Delivered,Marketplace,Islamabad
O003589,C0573,2026-05-18,Delivered,Mobile App,Rawalpindi
O003590,C0219,2026-07-19,Delivered,Marketplace,Lahore
O003591,C0318,2026-01-18,Cancelled,Mobile App,Lahore
O003592,C0376,2026-02-22,Delivered,Website,Multan
O003593,C0494,2026-03-05,Delivered,Mobile App,Lahore
O003594,C0290,2026-07-15,Delivered,Mobile App,Karachi
O003595,C0225,2026-05-03,Delivered,Marketplace,Rawalpindi
O003596,C0508,2026-05-10,Delivered,Website,Lahore
O003597,C0572,2026-06-06,Delivered,Mobile App,Karachi
O003598,C0342,2026-03-09,Delivered,Website,Islamabad
O003599,C0063,2026-06-23,Delivered,Website,Multan
O003600,C0174,2026-01-08,Delivered,Marketplace,Karachi
O003601,C0278,2026-01-28,Delivered,Marketplace,Lahore
O003602,C0423,2026-07-18,Delivered,Mobile App,Lahore
O003603,C0402,2026-06-09,Delivered,Marketplace,Islamabad
O003604,C0493,2026-02-12,Shipped,Website,Lahore
O003605,C0018,2026-04-17,Delivered,Mobile App,Lahore
O003606,C0280,2026-01-13,Delivered,Mobile App,Rawalpindi
O003607,C0421,2026-06-13,Delivered,Mobile App,Multan
O003608,C0593,2026-07-03,Delivered,Mobile App,Karachi
O003609,C0086,2026-03-09,Delivered,Mobile App,Islamabad
O003610,C0528,2026-03-27,Delivered,Marketplace,Peshawar
O003611,C0005,2026-02-27,Delivered,Website,Karachi
O003612,C0119,2026-04-05,Delivered,Mobile App,Peshawar
O003613,C0509,2026-03-08,Delivered,Website,Lahore
O003614,C0473,2026-03-02,Delivered,Website,Karachi
O003615,C0584,2026-04-15,Delivered,Mobile App,Karachi
O003616,C0361,2026-07-28,Delivered,Mobile App,Karachi
O003617,C0370,2026-07-05,Cancelled,Marketplace,Peshawar
O003618,C0321,2026-03-14,Delivered,Website,Islamabad
O003619,C0308,2026-08-18,Cancelled,Website,Peshawar
O003620,C0309,2026-02-21,Delivered,Mobile App,Rawalpindi
O003621,C0176,2026-08-10,Delivered,Marketplace,Lahore
O003622,C0513,2026-03-17,Delivered,Marketplace,Multan
O003623,C0214,2026-05-12,Delivered,Marketplace,Peshawar
O003624,C0367,2026-02-19,Delivered,Mobile App,Karachi
O003625,C0402,2026-07-05,Delivered,Marketplace,Rawalpindi
O003626,C0323,2026-03-19,Delivered,Website,Peshawar
O003627,C0367,2026-08-01,Delivered,Marketplace,Lahore
O003628,C0030,2026-01-21,Shipped,Mobile App,Karachi
O003629,C0190,2026-05-02,Delivered,Website,Karachi
O003630,C0269,2026-02-08,Cancelled,Mobile App,Multan
O003631,C0237,2026-08-05,Delivered,Mobile App,Rawalpindi
O003632,C0545,2026-04-12,Delivered,Website,Rawalpindi
O003633,C0539,2026-06-13,Delivered,Website,Multan
O003634,C0428,2026-08-02,Delivered,Mobile App,Karachi
O003635,C0212,2026-05-11,Delivered,Marketplace,Multan
O003636,C0031,2026-01-14,Delivered,Mobile App,Lahore
O003637,C0454,2026-02-23,Delivered,Website,Rawalpindi
O003638,C0531,2026-02-21,Delivered,Mobile App,Karachi
O003639,C0294,2026-08-11,Returned,Website,Karachi
O003640,C0497,2026-08-09,Delivered,Website,Lahore
O003641,C0559,2026-04-26,Delivered,Website,Karachi
O003642,C0329,2026-08-05,Delivered,Mobile App,Karachi
O003643,C0126,2026-03-01,Delivered,Website,Karachi
O003644,C0014,2026-06-15,Delivered,Website,Islamabad
O003645,C0455,2026-04-06,Delivered,Website,Multan
O003646,C0338,2026-02-28,Delivered,Mobile App,Karachi
O003647,C0093,2026-03-02,Delivered,Website,Karachi
O003648,C0033,2026-04-13,Delivered,Website,Islamabad
O003649,C0582,2026-03-24,Delivered,Mobile App,Rawalpindi
O003650,C0193,2026-02-21,Delivered,Mobile App,Islamabad
O003651,C0197,2026-03-23,Cancelled,Mobile App,Multan
O003652,C0378,2026-02-01,Delivered,Website,Karachi
O003653,C0219,2026-08-24,Delivered,Mobile App,Lahore
O003654,C0548,2026-04-03,Delivered,Mobile App,Multan
O003655,C0409,2026-01-27,Delivered,Mobile App,Islamabad
O003656,C0215,2026-05-20,Delivered,Mobile App,Islamabad
O003657,C0160,2026-08-03,Delivered,Website,Multan
O003658,C0517,2026-03-29,Delivered,Website,Karachi
O003659,C0356,2026-07-25,Delivered,Website,Karachi
O003660,C0552,2026-05-29,Delivered,Website,Karachi
O003661,C0208,2026-06-29,Delivered,Marketplace,Peshawar
O003662,C0013,2026-03-13,Delivered,Website,Peshawar
O003663,C0540,2026-01-09,Delivered,Mobile App,Karachi
O003664,C0144,2026-03-26,Delivered,Marketplace,Lahore
O003665,C0508,2026-08-13,Delivered,Mobile App,Islamabad
O003666,C0426,2026-07-12,Delivered,Website,Karachi
O003667,C0140,2026-07-10,Delivered,Marketplace,Peshawar
O003668,C0455,2026-08-02,Delivered,Website,Lahore
O003669,C0049,2026-04-01,Delivered,Website,Peshawar
O003670,C0236,2026-03-20,Delivered,Website,Rawalpindi
O003671,C0214,2026-08-13,Delivered,Website,Karachi
O003672,C0395,2026-05-19,Delivered,Mobile App,Rawalpindi
O003673,C0321,2026-03-14,Delivered,Website,Rawalpindi
O003674,C0368,2026-03-09,Delivered,Mobile App,Karachi
O003675,C0286,2026-08-02,Delivered,Website,Karachi
O003676,C0444,2026-01-13,Delivered,Marketplace,Peshawar
O003677,C0097,2026-01-15,Delivered,Website,Islamabad
O003678,C0432,2026-06-29,Delivered,Marketplace,Rawalpindi
O003679,C0031,2026-01-01,Delivered,Website,Karachi
O003680,C0052,2026-02-11,Delivered,Marketplace,Rawalpindi
O003681,C0435,2026-08-29,Delivered,Mobile App,Rawalpindi
O003682,C0095,2026-04-14,Returned,Mobile App,Karachi
O003683,C0463,2026-06-26,Delivered,Website,Karachi
O003684,C0080,2026-04-29,Delivered,Mobile App,Lahore
O003685,C0089,2026-01-23,Shipped,Mobile App,Rawalpindi
O003686,C0560,2026-02-14,Delivered,Mobile App,Karachi
O003687,C0107,2026-07-04,Delivered,Mobile App,Peshawar
O003688,C0549,2026-01-23,Delivered,Marketplace,Karachi
O003689,C0209,2026-05-25,Cancelled,Marketplace,Peshawar
O003690,C0479,2026-03-26,Delivered,Mobile App,Karachi
O003691,C0564,2026-03-31,Delivered,Website,Rawalpindi
O003692,C0071,2026-08-20,Shipped,Website,Lahore
O003693,C0199,2026-05-28,Delivered,Mobile App,Islamabad
O003694,C0345,2026-05-30,Returned,Marketplace,Multan
O003695,C0520,2026-03-27,Delivered,Website,Karachi
O003696,C0113,2026-04-03,Cancelled,Website,Karachi
O003697,C0113,2026-06-16,Delivered,Website,Karachi
O003698,C0222,2026-01-10,Delivered,Website,Lahore
O003699,C0123,2026-02-27,Shipped,Marketplace,Peshawar
O003700,C0161,2026-05-26,Delivered,Mobile App,Karachi
O003701,C0078,2026-06-01,Delivered,Website,Rawalpindi
O003702,C0498,2026-01-23,Delivered,Website,Lahore
O003703,C0479,2026-07-11,Shipped,Website,Multan
O003704,C0087,2026-05-12,Delivered,Mobile App,Lahore
O003705,C0323,2026-02-27,Shipped,Mobile App,Multan
O003706,C0388,2026-07-02,Delivered,Website,Lahore
O003707,C0377,2026-08-29,Delivered,Website,Multan
O003708,C0591,2026-04-13,Delivered,Marketplace,Islamabad
O003709,C0385,2026-03-10,Cancelled,Mobile App,Karachi
O003710,C0413,2026-03-14,Delivered,Mobile App,Peshawar
O003711,C0020,2026-05-25,Delivered,Mobile App,Lahore
O003712,C0048,2026-01-12,Delivered,Marketplace,Karachi
O003713,C0372,2026-04-28,Cancelled,Mobile App,Lahore
O003714,C0545,2026-01-07,Delivered,Marketplace,Peshawar
O003715,C0240,2026-01-10,Delivered,Website,Rawalpindi
O003716,C0386,2026-04-15,Delivered,Website,Karachi
O003717,C0127,2026-07-01,Delivered,Website,Peshawar
O003718,C0274,2026-08-03,Delivered,Marketplace,Lahore
O003719,C0451,2026-01-22,Delivered,Mobile App,Karachi
O003720,C0396,2026-03-01,Delivered,Website,Karachi
O003721,C0069,2026-04-13,Delivered,Marketplace,Karachi
O003722,C0528,2026-05-20,Delivered,Marketplace,Islamabad
O003723,C0557,2026-08-28,Delivered,Website,Karachi
O003724,C0287,2026-06-16,Delivered,Mobile App,Karachi
O003725,C0205,2026-05-11,Delivered,Mobile App,Lahore
O003726,C0319,2026-01-15,Delivered,Website,Peshawar
O003727,C0481,2026-01-20,Delivered,Mobile App,Islamabad
O003728,C0272,2026-02-07,Delivered,Website,Lahore
O003729,C0019,2026-06-10,Delivered,Marketplace,Rawalpindi
O003730,C0044,2026-03-22,Delivered,Mobile App,Karachi
O003731,C0487,2026-02-28,Delivered,Marketplace,Multan
O003732,C0473,2026-06-12,Delivered,Mobile App,Karachi
O003733,C0464,2026-07-18,Delivered,Website,Karachi
O003734,C0076,2026-04-17,Delivered,Website,Lahore
O003735,C0103,2026-08-03,Delivered,Mobile App,Karachi
O003736,C0237,2026-06-28,Delivered,Website,Karachi
O003737,C0139,2026-06-24,Delivered,Mobile App,Rawalpindi
O003738,C0233,2026-07-30,Delivered,Website,Lahore
O003739,C0336,2026-02-14,Delivered,Website,Karachi
O003740,C0169,2026-07-04,Delivered,Mobile App,Islamabad
O003741,C0075,2026-08-21,Delivered,Mobile App,Rawalpindi
O003742,C0242,2026-08-30,Delivered,Mobile App,Multan
O003743,C0434,2026-05-21,Delivered,Mobile App,Karachi
O003744,C0371,2026-07-03,Delivered,Website,Peshawar
O003745,C0193,2026-08-04,Delivered,Mobile App,Rawalpindi
O003746,C0187,2026-07-27,Delivered,Mobile App,Lahore
O003747,C0351,2026-08-07,Delivered,Mobile App,Karachi
O003748,C0104,2026-07-22,Delivered,Website,Lahore
O003749,C0501,2026-04-03,Delivered,Mobile App,Karachi
O003750,C0522,2026-06-27,Delivered,Website,Rawalpindi
O003751,C0016,2026-04-10,Delivered,Mobile App,Rawalpindi
O003752,C0583,2026-07-14,Delivered,Website,Karachi
O003753,C0015,2026-07-16,Delivered,Marketplace,Karachi
O003754,C0276,2026-08-16,Delivered,Mobile App,Multan
O003755,C0401,2026-05-23,Shipped,Mobile App,Lahore
O003756,C0197,2026-04-26,Delivered,Mobile App,Lahore
O003757,C0123,2026-02-10,Delivered,Mobile App,Multan
O003758,C0029,2026-06-05,Delivered,Website,Karachi
O003759,C0437,2026-05-18,Cancelled,Mobile App,Islamabad
O003760,C0023,2026-05-06,Delivered,Marketplace,Rawalpindi
O003761,C0291,2026-06-14,Delivered,Website,Karachi
O003762,C0236,2026-07-26,Delivered,Website,Karachi
O003763,C0581,2026-02-06,Delivered,Mobile App,Multan
O003764,C0559,2026-04-15,Delivered,Website,Karachi
O003765,C0491,2026-06-25,Cancelled,Mobile App,Karachi
O003766,C0439,2026-07-19,Cancelled,Mobile App,Lahore
O003767,C0326,2026-07-09,Cancelled,Mobile App,Peshawar
O003768,C0210,2026-07-14,Delivered,Website,Lahore
O003769,C0100,2026-07-27,Delivered,Website,Karachi
O003770,C0581,2026-08-22,Delivered,Marketplace,Lahore
O003771,C0231,2026-05-28,Delivered,Website,Lahore
O003772,C0258,2026-03-02,Delivered,Mobile App,Rawalpindi
O003773,C0085,2026-05-17,Delivered,Website,Peshawar
O003774,C0167,2026-06-22,Delivered,Website,Karachi
O003775,C0381,2026-01-25,Cancelled,Website,Rawalpindi
O003776,C0256,2026-07-03,Shipped,Website,Rawalpindi
O003777,C0352,2026-05-13,Delivered,Mobile App,Rawalpindi
O003778,C0127,2026-08-16,Delivered,Mobile App,Islamabad
O003779,C0050,2026-02-21,Delivered,Marketplace,Karachi
O003780,C0532,2026-08-09,Delivered,Marketplace,Islamabad
O003781,C0260,2026-04-19,Delivered,Website,Islamabad
O003782,C0217,2026-05-20,Delivered,Website,Islamabad
O003783,C0172,2026-06-10,Delivered,Marketplace,Karachi
O003784,C0395,2026-05-21,Delivered,Website,Karachi
O003785,C0338,2026-08-08,Shipped,Website,Karachi
O003786,C0234,2026-02-10,Delivered,Website,Karachi
O003787,C0559,2026-06-27,Delivered,Mobile App,Karachi
O003788,C0542,2026-08-25,Delivered,Website,Karachi
O003789,C0120,2026-02-23,Delivered,Website,Karachi
O003790,C0386,2026-03-03,Delivered,Mobile App,Karachi
O003791,C0582,2026-04-26,Delivered,Mobile App,Multan
O003792,C0293,2026-06-26,Delivered,Website,Lahore
O003793,C0019,2026-08-22,Delivered,Mobile App,Karachi
O003794,C0080,2026-07-13,Delivered,Website,Rawalpindi
O003795,C0401,2026-07-12,Cancelled,Website,Lahore
O003796,C0542,2026-04-18,Delivered,Website,Karachi
O003797,C0078,2026-06-06,Delivered,Website,Lahore
O003798,C0329,2026-02-21,Returned,Website,Karachi
O003799,C0299,2026-04-23,Delivered,Marketplace,Islamabad
O003800,C0172,2026-02-15,Delivered,Website,Karachi
O003801,C0380,2026-01-07,Cancelled,Marketplace,Lahore
O003802,C0527,2026-07-28,Delivered,Website,Karachi
O003803,C0144,2026-07-15,Delivered,Website,Karachi
O003804,C0033,2026-05-05,Delivered,Mobile App,Islamabad
O003805,C0216,2026-01-04,Delivered,Mobile App,Karachi
O003806,C0189,2026-01-22,Delivered,Website,Lahore
O003807,C0437,2026-01-28,Delivered,Website,Karachi
O003808,C0323,2026-06-24,Delivered,Mobile App,Islamabad
O003809,C0011,2026-02-19,Delivered,Website,Lahore
O003810,C0204,2026-03-02,Returned,Mobile App,Peshawar
O003811,C0442,2026-07-29,Delivered,Mobile App,Lahore
O003812,C0287,2026-08-01,Delivered,Website,Multan
O003813,C0338,2026-07-05,Cancelled,Mobile App,Karachi
O003814,C0159,2026-03-17,Delivered,Website,Rawalpindi
O003815,C0192,2026-05-21,Delivered,Marketplace,Lahore
O003816,C0079,2026-02-18,Delivered,Marketplace,Lahore
O003817,C0049,2026-07-28,Delivered,Mobile App,Rawalpindi
O003818,C0023,2026-01-21,Delivered,Marketplace,Multan
O003819,C0375,2026-06-30,Delivered,Mobile App,Rawalpindi
O003820,C0095,2026-05-05,Shipped,Website,Karachi
O003821,C0345,2026-07-04,Delivered,Website,Lahore
O003822,C0572,2026-04-20,Delivered,Website,Karachi
O003823,C0419,2026-02-08,Delivered,Website,Islamabad
O003824,C0346,2026-07-02,Shipped,Mobile App,Lahore
O003825,C0071,2026-06-03,Delivered,Mobile App,Karachi
O003826,C0294,2026-04-23,Delivered,Mobile App,Karachi
O003827,C0535,2026-04-01,Delivered,Website,Multan
O003828,C0231,2026-03-25,Delivered,Website,Karachi
O003829,C0496,2026-04-27,Shipped,Website,Karachi
O003830,C0426,2026-03-05,Delivered,Marketplace,Karachi
O003831,C0161,2026-03-10,Delivered,Website,Lahore
O003832,C0085,2026-03-09,Delivered,Website,Karachi
O003833,C0011,2026-01-04,Delivered,Website,Rawalpindi
O003834,C0166,2026-08-14,Delivered,Marketplace,Karachi
O003835,C0200,2026-02-27,Delivered,Website,Karachi
O003836,C0394,2026-02-10,Delivered,Mobile App,Karachi
O003837,C0344,2026-02-06,Delivered,Website,Karachi
O003838,C0288,2026-08-29,Delivered,Website,Islamabad
O003839,C0434,2026-04-26,Delivered,Mobile App,Karachi
O003840,C0463,2026-03-21,Delivered,Mobile App,Rawalpindi
O003841,C0429,2026-04-09,Delivered,Mobile App,Lahore
O003842,C0539,2026-01-22,Shipped,Website,Karachi
O003843,C0216,2026-03-18,Cancelled,Marketplace,Karachi
O003844,C0495,2026-03-02,Shipped,Mobile App,Lahore
O003845,C0253,2026-07-15,Delivered,Marketplace,Lahore
O003846,C0111,2026-01-15,Delivered,Website,Lahore
O003847,C0088,2026-04-14,Shipped,Website,Peshawar
O003848,C0055,2026-07-11,Delivered,Website,Karachi
O003849,C0574,2026-07-22,Delivered,Mobile App,Lahore
O003850,C0102,2026-05-05,Delivered,Mobile App,Lahore
O003851,C0502,2026-02-24,Delivered,Mobile App,Karachi
O003852,C0471,2026-03-23,Delivered,Website,Lahore
O003853,C0264,2026-02-24,Delivered,Website,Lahore
O003854,C0549,2026-06-10,Delivered,Website,Islamabad
O003855,C0545,2026-03-13,Delivered,Mobile App,Islamabad
O003856,C0556,2026-06-03,Delivered,Website,Karachi
O003857,C0299,2026-06-09,Delivered,Website,Lahore
O003858,C0179,2026-08-17,Delivered,Website,Rawalpindi
O003859,C0027,2026-03-31,Delivered,Website,Lahore
O003860,C0505,2026-08-22,Delivered,Marketplace,Islamabad
O003861,C0524,2026-04-08,Delivered,Website,Islamabad
O003862,C0322,2026-06-15,Cancelled,Marketplace,Lahore
O003863,C0043,2026-06-10,Delivered,Mobile App,Karachi
O003864,C0494,2026-07-18,Shipped,Mobile App,Islamabad
O003865,C0179,2026-04-24,Delivered,Website,Lahore
O003866,C0330,2026-07-12,Delivered,Mobile App,Karachi
O003867,C0396,2026-03-28,Delivered,Mobile App,Karachi
O003868,C0088,2026-04-30,Delivered,Website,Karachi
O003869,C0038,2026-05-02,Delivered,Marketplace,Islamabad
O003870,C0048,2026-06-21,Delivered,Website,Karachi
O003871,C0576,2026-05-31,Delivered,Website,Peshawar
O003872,C0575,2026-01-20,Cancelled,Website,Multan
O003873,C0257,2026-07-16,Delivered,Mobile App,Multan
O003874,C0256,2026-07-04,Cancelled,Website,Karachi
O003875,C0245,2026-01-26,Delivered,Website,Lahore
O003876,C0211,2026-08-22,Delivered,Website,Multan
O003877,C0327,2026-06-10,Delivered,Website,Islamabad
O003878,C0214,2026-01-21,Delivered,Website,Karachi
O003879,C0370,2026-04-30,Delivered,Marketplace,Peshawar
O003880,C0228,2026-07-23,Cancelled,Website,Islamabad
O003881,C0378,2026-03-09,Delivered,Marketplace,Rawalpindi
O003882,C0567,2026-08-15,Delivered,Mobile App,Multan
O003883,C0124,2026-04-12,Cancelled,Mobile App,Multan
O003884,C0038,2026-02-24,Delivered,Marketplace,Lahore
O003885,C0316,2026-03-28,Delivered,Website,Karachi
O003886,C0072,2026-05-08,Delivered,Mobile App,Islamabad
O003887,C0139,2026-06-17,Delivered,Website,Islamabad
O003888,C0474,2026-08-14,Delivered,Website,Islamabad
O003889,C0251,2026-02-17,Delivered,Website,Lahore
O003890,C0330,2026-08-22,Delivered,Mobile App,Islamabad
O003891,C0466,2026-05-09,Delivered,Mobile App,Lahore
O003892,C0078,2026-02-01,Delivered,Website,Multan
O003893,C0288,2026-08-14,Returned,Mobile App,Peshawar
O003894,C0021,2026-03-26,Delivered,Website,Lahore
O003895,C0300,2026-05-31,Delivered,Website,Islamabad
O003896,C0135,2026-06-19,Delivered,Website,Lahore
O003897,C0547,2026-01-04,Delivered,Mobile App,Lahore
O003898,C0157,2026-02-23,Delivered,Mobile App,Karachi
O003899,C0121,2026-06-16,Delivered,Website,Rawalpindi
O003900,C0009,2026-03-20,Delivered,Website,Rawalpindi
O003901,C0080,2026-01-03,Delivered,Mobile App,Lahore
O003902,C0130,2026-01-06,Delivered,Mobile App,Multan
O003903,C0137,2026-07-20,Delivered,Website,Multan
O003904,C0443,2026-02-07,Delivered,Mobile App,Peshawar
O003905,C0533,2026-01-25,Delivered,Mobile App,Multan
O003906,C0514,2026-05-17,Delivered,Website,Lahore
O003907,C0574,2026-01-29,Delivered,Website,Multan
O003908,C0539,2026-06-08,Shipped,Marketplace,Multan
O003909,C0274,2026-05-13,Delivered,Website,Islamabad
O003910,C0234,2026-06-07,Delivered,Website,Karachi
O003911,C0390,2026-04-30,Delivered,Marketplace,Karachi
O003912,C0192,2026-07-09,Delivered,Mobile App,Lahore
O003913,C0363,2026-06-06,Cancelled,Mobile App,Rawalpindi
O003914,C0600,2026-04-11,Delivered,Mobile App,Lahore
O003915,C0119,2026-01-04,Delivered,Website,Peshawar
O003916,C0462,2026-03-08,Delivered,Mobile App,Rawalpindi
O003917,C0562,2026-02-01,Cancelled,Website,Karachi
O003918,C0323,2026-01-04,Shipped,Marketplace,Karachi
O003919,C0214,2026-03-08,Delivered,Website,Rawalpindi
O003920,C0153,2026-02-20,Delivered,Website,Karachi
O003921,C0101,2026-01-19,Delivered,Website,Multan
O003922,C0193,2026-03-17,Delivered,Mobile App,Peshawar
O003923,C0448,2026-05-04,Delivered,Mobile App,Lahore
O003924,C0310,2026-02-13,Delivered,Mobile App,Islamabad
O003925,C0133,2026-03-08,Delivered,Website,Peshawar
O003926,C0326,2026-01-05,Delivered,Website,Peshawar
O003927,C0486,2026-01-13,Delivered,Mobile App,Lahore
O003928,C0009,2026-02-08,Delivered,Website,Multan
O003929,C0013,2026-04-21,Delivered,Mobile App,Lahore
O003930,C0576,2026-06-11,Delivered,Marketplace,Karachi
O003931,C0449,2026-07-11,Delivered,Mobile App,Lahore
O003932,C0346,2026-06-02,Shipped,Website,Rawalpindi
O003933,C0544,2026-05-30,Delivered,Mobile App,Multan
O003934,C0354,2026-08-16,Delivered,Marketplace,Karachi
O003935,C0313,2026-03-04,Delivered,Mobile App,Lahore
O003936,C0127,2026-07-13,Delivered,Mobile App,Islamabad
O003937,C0487,2026-08-16,Delivered,Website,Multan
O003938,C0459,2026-05-18,Delivered,Mobile App,Rawalpindi
O003939,C0178,2026-07-24,Delivered,Website,Karachi
O003940,C0443,2026-02-03,Delivered,Mobile App,Peshawar
O003941,C0437,2026-08-02,Delivered,Marketplace,Islamabad
O003942,C0058,2026-05-18,Delivered,Marketplace,Multan
O003943,C0097,2026-02-23,Delivered,Website,Peshawar
O003944,C0357,2026-01-15,Delivered,Mobile App,Karachi
O003945,C0375,2026-06-24,Cancelled,Website,Multan
O003946,C0395,2026-04-15,Delivered,Website,Lahore
O003947,C0224,2026-03-17,Delivered,Mobile App,Multan
O003948,C0502,2026-04-05,Delivered,Mobile App,Karachi
O003949,C0268,2026-08-29,Delivered,Website,Peshawar
O003950,C0124,2026-04-14,Delivered,Mobile App,Karachi
O003951,C0070,2026-01-20,Delivered,Mobile App,Karachi
O003952,C0527,2026-03-09,Delivered,Mobile App,Multan
O003953,C0425,2026-02-05,Delivered,Mobile App,Karachi
O003954,C0277,2026-06-16,Delivered,Mobile App,Karachi
O003955,C0126,2026-07-14,Shipped,Website,Peshawar
O003956,C0058,2026-07-24,Delivered,Website,Lahore
O003957,C0092,2026-06-03,Delivered,Mobile App,Islamabad
O003958,C0064,2026-07-06,Delivered,Mobile App,Multan
O003959,C0318,2026-04-12,Delivered,Website,Lahore
O003960,C0119,2026-06-02,Delivered,Website,Karachi
O003961,C0077,2026-01-26,Delivered,Marketplace,Rawalpindi
O003962,C0170,2026-05-11,Delivered,Marketplace,Rawalpindi
O003963,C0420,2026-05-16,Delivered,Mobile App,Karachi
O003964,C0298,2026-01-08,Delivered,Mobile App,Lahore
O003965,C0093,2026-05-14,Delivered,Marketplace,Lahore
O003966,C0450,2026-06-25,Delivered,Mobile App,Karachi
O003967,C0294,2026-03-31,Delivered,Website,Karachi
O003968,C0113,2026-05-13,Delivered,Mobile App,Multan
O003969,C0415,2026-03-11,Delivered,Marketplace,Karachi
O003970,C0596,2026-03-07,Delivered,Mobile App,Karachi
O003971,C0325,2026-02-01,Returned,Website,Multan
O003972,C0097,2026-03-21,Delivered,Marketplace,Lahore
O003973,C0186,2026-07-15,Delivered,Mobile App,Multan
O003974,C0360,2026-08-16,Delivered,Website,Multan
O003975,C0600,2026-06-04,Delivered,Marketplace,Lahore
O003976,C0558,2026-06-01,Delivered,Mobile App,Lahore
O003977,C0560,2026-05-30,Delivered,Mobile App,Karachi
O003978,C0500,2026-04-26,Delivered,Marketplace,Karachi
O003979,C0345,2026-04-13,Shipped,Website,Karachi
O003980,C0389,2026-05-31,Delivered,Mobile App,Lahore
O003981,C0441,2026-07-10,Delivered,Website,Lahore
O003982,C0430,2026-04-11,Delivered,Marketplace,Peshawar
O003983,C0384,2026-05-18,Delivered,Marketplace,Karachi
O003984,C0081,2026-04-25,Delivered,Mobile App,Lahore
O003985,C0528,2026-03-11,Delivered,Mobile App,Karachi
O003986,C0006,2026-03-12,Delivered,Mobile App,Karachi
O003987,C0256,2026-01-20,Delivered,Website,Rawalpindi
O003988,C0261,2026-04-17,Delivered,Website,Rawalpindi
O003989,C0598,2026-06-23,Delivered,Website,Lahore
O003990,C0054,2026-06-16,Delivered,Mobile App,Islamabad
O003991,C0286,2026-08-28,Delivered,Mobile App,Lahore
O003992,C0215,2026-01-10,Delivered,Mobile App,Multan
O003993,C0059,2026-07-04,Delivered,Website,Lahore
O003994,C0135,2026-07-13,Delivered,Mobile App,Rawalpindi
O003995,C0254,2026-04-17,Cancelled,Website,Karachi
O003996,C0550,2026-03-10,Delivered,Marketplace,Lahore
O003997,C0233,2026-03-28,Delivered,Marketplace,Lahore
O003998,C0529,2026-06-15,Returned,Mobile App,Karachi
O003999,C0441,2026-07-29,Returned,Mobile App,Islamabad
O004000,C0492,2026-06-06,Delivered,Website,Islamabad
O004001,C0513,2026-05-05,Delivered,Website,Karachi
O004002,C0429,2026-06-08,Delivered,Mobile App,Multan
O004003,C0441,2026-01-18,Cancelled,Mobile App,Karachi
O004004,C0093,2026-05-28,Delivered,Website,Multan
O004005,C0431,2026-01-11,Delivered,Website,Lahore
O004006,C0030,2026-08-22,Delivered,Mobile App,Karachi
O004007,C0443,2026-08-05,Returned,Website,Karachi
O004008,C0393,2026-05-04,Delivered,Website,Rawalpindi
O004009,C0455,2026-04-01,Delivered,Mobile App,Rawalpindi
O004010,C0386,2026-06-27,Delivered,Marketplace,Islamabad
O004011,C0222,2026-06-04,Delivered,Website,Lahore
O004012,C0222,2026-06-21,Delivered,Website,Karachi
O004013,C0358,2026-05-06,Delivered,Website,Rawalpindi
O004014,C0284,2026-02-27,Delivered,Website,Peshawar
O004015,C0205,2026-01-18,Delivered,Mobile App,Lahore
O004016,C0294,2026-03-10,Delivered,Website,Peshawar
O004017,C0322,2026-05-09,Delivered,Website,Islamabad
O004018,C0144,2026-04-14,Delivered,Marketplace,Lahore
O004019,C0383,2026-05-04,Delivered,Mobile App,Islamabad
O004020,C0189,2026-03-09,Cancelled,Website,Karachi
O004021,C0161,2026-08-16,Delivered,Website,Karachi
O004022,C0252,2026-03-31,Cancelled,Mobile App,Rawalpindi
O004023,C0062,2026-07-25,Delivered,Mobile App,Multan
O004024,C0362,2026-04-06,Delivered,Marketplace,Lahore
O004025,C0441,2026-04-18,Delivered,Website,Karachi
O004026,C0574,2026-05-27,Delivered,Mobile App,Karachi
O004027,C0171,2026-03-05,Delivered,Website,Lahore
O004028,C0324,2026-02-23,Delivered,Website,Islamabad
O004029,C0303,2026-04-03,Delivered,Mobile App,Karachi
O004030,C0439,2026-07-15,Delivered,Mobile App,Karachi
O004031,C0375,2026-02-05,Delivered,Website,Rawalpindi
O004032,C0485,2026-04-17,Delivered,Website,Karachi
O004033,C0511,2026-06-13,Delivered,Mobile App,Lahore
O004034,C0069,2026-06-21,Shipped,Website,Rawalpindi
O004035,C0214,2026-04-16,Delivered,Website,Karachi
O004036,C0392,2026-01-20,Delivered,Website,Lahore
O004037,C0327,2026-01-04,Delivered,Website,Karachi
O004038,C0290,2026-04-25,Returned,Mobile App,Karachi
O004039,C0104,2026-07-16,Delivered,Website,Multan
O004040,C0344,2026-01-07,Delivered,Mobile App,Islamabad
O004041,C0445,2026-08-04,Delivered,Mobile App,Karachi
O004042,C0024,2026-06-14,Delivered,Website,Karachi
O004043,C0355,2026-01-02,Delivered,Mobile App,Karachi
O004044,C0544,2026-03-25,Delivered,Website,Multan
O004045,C0345,2026-02-23,Delivered,Mobile App,Rawalpindi
O004046,C0572,2026-08-19,Delivered,Mobile App,Islamabad
O004047,C0212,2026-05-15,Shipped,Mobile App,Karachi
O004048,C0003,2026-03-20,Delivered,Website,Multan
O004049,C0410,2026-03-09,Delivered,Mobile App,Peshawar
O004050,C0128,2026-05-18,Delivered,Mobile App,Karachi
O004051,C0006,2026-01-02,Delivered,Website,Lahore
O004052,C0109,2026-03-04,Delivered,Website,Lahore
O004053,C0561,2026-02-10,Delivered,Website,Islamabad
O004054,C0469,2026-05-31,Delivered,Website,Lahore
O004055,C0166,2026-06-12,Delivered,Website,Karachi
O004056,C0359,2026-04-24,Delivered,Marketplace,Islamabad
O004057,C0204,2026-02-04,Delivered,Marketplace,Islamabad
O004058,C0107,2026-04-01,Delivered,Website,Lahore
O004059,C0594,2026-07-24,Delivered,Marketplace,Lahore
O004060,C0489,2026-02-19,Delivered,Mobile App,Karachi
O004061,C0219,2026-02-09,Delivered,Mobile App,Lahore
O004062,C0213,2026-01-28,Delivered,Marketplace,Peshawar
O004063,C0490,2026-07-18,Delivered,Mobile App,Islamabad
O004064,C0277,2026-01-30,Delivered,Mobile App,Multan
O004065,C0227,2026-05-22,Shipped,Website,Rawalpindi
O004066,C0233,2026-08-31,Delivered,Website,Rawalpindi
O004067,C0269,2026-06-05,Delivered,Marketplace,Lahore
O004068,C0313,2026-04-11,Delivered,Website,Karachi
O004069,C0025,2026-02-20,Delivered,Website,Multan
O004070,C0289,2026-01-01,Delivered,Website,Islamabad
O004071,C0264,2026-02-07,Delivered,Mobile App,Multan
O004072,C0165,2026-08-20,Delivered,Website,Islamabad
O004073,C0214,2026-02-04,Delivered,Marketplace,Lahore
O004074,C0255,2026-01-05,Delivered,Website,Karachi
O004075,C0220,2026-07-18,Delivered,Marketplace,Lahore
O004076,C0546,2026-04-12,Cancelled,Mobile App,Islamabad
O004077,C0318,2026-03-28,Delivered,Mobile App,Multan
O004078,C0302,2026-06-24,Delivered,Website,Peshawar
O004079,C0158,2026-05-08,Delivered,Website,Lahore
O004080,C0550,2026-08-11,Delivered,Marketplace,Lahore
O004081,C0014,2026-04-24,Delivered,Mobile App,Karachi
O004082,C0331,2026-06-23,Cancelled,Website,Lahore
O004083,C0102,2026-08-02,Cancelled,Marketplace,Multan
O004084,C0462,2026-04-23,Delivered,Mobile App,Rawalpindi
O004085,C0227,2026-03-11,Delivered,Website,Lahore
O004086,C0177,2026-08-25,Delivered,Mobile App,Peshawar
O004087,C0035,2026-02-25,Delivered,Mobile App,Karachi
O004088,C0475,2026-01-10,Delivered,Mobile App,Multan
O004089,C0238,2026-05-21,Delivered,Website,Rawalpindi
O004090,C0159,2026-08-28,Delivered,Website,Karachi
O004091,C0507,2026-01-22,Delivered,Website,Rawalpindi
O004092,C0012,2026-07-26,Delivered,Website,Karachi
O004093,C0282,2026-07-21,Delivered,Website,Islamabad
O004094,C0097,2026-08-14,Cancelled,Mobile App,Karachi
O004095,C0077,2026-04-13,Delivered,Mobile App,Karachi
O004096,C0013,2026-03-03,Delivered,Website,Islamabad
O004097,C0113,2026-05-05,Delivered,Mobile App,Lahore
O004098,C0569,2026-02-04,Delivered,Website,Karachi
O004099,C0268,2026-07-24,Delivered,Website,Peshawar
O004100,C0600,2026-06-11,Delivered,Mobile App,Karachi
O004101,C0161,2026-04-28,Delivered,Marketplace,Islamabad
O004102,C0458,2026-05-06,Delivered,Website,Islamabad
O004103,C0054,2026-06-23,Delivered,Marketplace,Karachi
O004104,C0065,2026-05-08,Delivered,Marketplace,Multan
O004105,C0010,2026-07-24,Cancelled,Mobile App,Lahore
O004106,C0540,2026-08-13,Delivered,Marketplace,Karachi
O004107,C0403,2026-08-19,Delivered,Website,Lahore
O004108,C0447,2026-05-31,Delivered,Website,Islamabad
O004109,C0557,2026-06-30,Delivered,Mobile App,Karachi
O004110,C0200,2026-03-17,Delivered,Mobile App,Karachi
O004111,C0434,2026-01-10,Delivered,Website,Lahore
O004112,C0302,2026-04-08,Delivered,Website,Rawalpindi
O004113,C0326,2026-07-31,Shipped,Website,Karachi
O004114,C0398,2026-02-02,Delivered,Website,Lahore
O004115,C0282,2026-05-13,Delivered,Website,Karachi
O004116,C0015,2026-02-16,Delivered,Marketplace,Karachi
O004117,C0046,2026-04-15,Shipped,Website,Islamabad
O004118,C0301,2026-02-04,Delivered,Mobile App,Karachi
O004119,C0342,2026-06-28,Delivered,Website,Karachi
O004120,C0440,2026-07-16,Delivered,Website,Karachi
O004121,C0344,2026-07-04,Delivered,Marketplace,Islamabad
O004122,C0113,2026-06-21,Delivered,Website,Lahore
O004123,C0221,2026-02-27,Delivered,Website,Lahore
O004124,C0267,2026-05-09,Delivered,Mobile App,Islamabad
O004125,C0591,2026-01-26,Delivered,Website,Islamabad
O004126,C0320,2026-04-01,Delivered,Website,Karachi
O004127,C0381,2026-05-03,Delivered,Marketplace,Karachi
O004128,C0442,2026-06-12,Delivered,Website,Karachi
O004129,C0218,2026-01-24,Returned,Mobile App,Peshawar
O004130,C0579,2026-07-17,Delivered,Website,Karachi
O004131,C0405,2026-04-22,Shipped,Website,Karachi
O004132,C0509,2026-08-03,Delivered,Website,Lahore
O004133,C0450,2026-05-09,Delivered,Mobile App,Lahore
O004134,C0373,2026-05-13,Delivered,Website,Peshawar
O004135,C0019,2026-06-18,Delivered,Marketplace,Lahore
O004136,C0351,2026-07-19,Delivered,Mobile App,Karachi
O004137,C0078,2026-02-08,Delivered,Mobile App,Islamabad
O004138,C0362,2026-05-05,Cancelled,Website,Rawalpindi
O004139,C0421,2026-01-08,Delivered,Mobile App,Multan
O004140,C0328,2026-04-26,Cancelled,Mobile App,Islamabad
O004141,C0186,2026-07-17,Delivered,Website,Lahore
O004142,C0036,2026-07-30,Delivered,Marketplace,Karachi
O004143,C0403,2026-03-10,Delivered,Mobile App,Multan
O004144,C0419,2026-04-04,Delivered,Marketplace,Islamabad
O004145,C0287,2026-05-15,Delivered,Marketplace,Karachi
O004146,C0430,2026-04-07,Delivered,Website,Lahore
O004147,C0468,2026-02-13,Delivered,Website,Lahore
O004148,C0308,2026-03-16,Delivered,Mobile App,Karachi
O004149,C0029,2026-04-09,Delivered,Mobile App,Rawalpindi
O004150,C0523,2026-05-07,Returned,Mobile App,Islamabad
O004151,C0281,2026-08-12,Delivered,Website,Karachi
O004152,C0404,2026-05-13,Delivered,Mobile App,Multan
O004153,C0547,2026-04-05,Delivered,Marketplace,Multan
O004154,C0218,2026-06-10,Delivered,Marketplace,Karachi
O004155,C0374,2026-07-07,Shipped,Website,Lahore
O004156,C0012,2026-04-15,Delivered,Marketplace,Multan
O004157,C0532,2026-04-29,Delivered,Website,Lahore
O004158,C0036,,Delivered,Mobile App,Multan
O004159,C0325,2026-07-30,Delivered,Website,Karachi
O004160,C0212,2026-07-30,Delivered,Mobile App,Rawalpindi
O004161,C0022,2026-02-12,Delivered,Website,Islamabad
O004162,C0278,2026-03-26,Delivered,Website,Karachi
O004163,C0562,2026-03-08,Delivered,Website,Rawalpindi
O004164,C0101,2026-08-13,Delivered,Marketplace,Karachi
O004165,C0176,2026-01-16,Delivered,Mobile App,Karachi
O004166,C0114,2026-02-20,Shipped,Mobile App,Karachi
O004167,C0075,2026-03-18,Delivered,Mobile App,Karachi
O004168,C0139,2026-05-17,Shipped,Website,Karachi
O004169,C0344,2026-03-02,Delivered,Website,Lahore
O004170,C0469,2026-05-11,Delivered,Website,Karachi
O004171,C0415,2026-07-01,Delivered,Website,Karachi
O004172,C0463,2026-07-21,Delivered,Marketplace,Karachi
O004173,C0430,2026-01-25,Delivered,Website,Peshawar
O004174,C0230,2026-02-03,Delivered,Mobile App,Karachi
O004175,C0541,2026-01-24,Cancelled,Mobile App,Rawalpindi
O004176,C0104,2026-08-10,Delivered,Marketplace,Karachi
O004177,C0420,2026-06-08,Delivered,Website,Karachi
O004178,C0067,2026-05-10,Delivered,Marketplace,Lahore
O004179,C0460,2026-07-12,Delivered,Mobile App,Lahore
O004180,C0053,2026-05-23,Delivered,Mobile App,Lahore
O004181,C0130,2026-02-27,Delivered,Mobile App,Rawalpindi
O004182,C0235,2026-05-04,Delivered,Website,Karachi
O004183,C0417,2026-06-20,Delivered,Mobile App,Karachi
O004184,C0028,2026-01-09,Delivered,Mobile App,Peshawar
O004185,C0155,2026-05-28,Delivered,Mobile App,Karachi
O004186,C0201,2026-05-01,Delivered,Marketplace,Peshawar
O004187,C0439,2026-01-17,Delivered,Mobile App,Islamabad
O004188,C0577,2026-03-06,Delivered,Website,Karachi
O004189,C0369,2026-04-19,Delivered,Website,Karachi
O004190,C0305,2026-03-25,Delivered,Marketplace,Lahore
O004191,C0202,2026-03-12,Delivered,Mobile App,Islamabad
O004192,C0494,2026-06-07,Delivered,Marketplace,Multan
O004193,C0065,2026-04-09,Delivered,Website,Karachi
O004194,C0078,2026-05-01,Delivered,Mobile App,Multan
O004195,C0121,2026-07-13,Delivered,Marketplace,Karachi
O004196,C0161,2026-01-23,Delivered,Mobile App,Karachi
O004197,C0277,2026-03-29,Delivered,Website,Lahore
O004198,C0568,2026-01-18,Delivered,Website,Multan
O004199,C0391,2026-08-14,Delivered,Marketplace,Lahore
O004200,C0231,2026-02-15,Delivered,Mobile App,Peshawar
O004201,C0127,2026-07-19,Returned,Website,Lahore
O004202,C0390,2026-02-16,Delivered,Mobile App,Peshawar
O004203,C0152,2026-03-20,Delivered,Website,Peshawar
O004204,C0586,2026-05-28,Cancelled,Website,Islamabad
O004205,C0287,2026-07-22,Cancelled,Website,Islamabad
O004206,C0331,2026-02-13,Delivered,Website,Lahore
O004207,C0543,2026-02-21,Shipped,Mobile App,Multan
O004208,C0184,2026-08-03,Delivered,Website,Lahore
O004209,C0284,2026-03-20,Delivered,Mobile App,Karachi
O004210,C0320,2026-02-20,Delivered,Website,Multan
O004211,C0163,2026-06-30,Delivered,Website,Islamabad
O004212,C0033,2026-01-23,Delivered,Website,Lahore
O004213,C0171,2026-07-30,Delivered,Website,Islamabad
O004214,C0068,2026-08-01,Delivered,Mobile App,Karachi
O004215,C0406,2026-07-28,Delivered,Marketplace,Lahore
O004216,C0005,2026-03-13,Delivered,Mobile App,Karachi
O004217,C0190,2026-01-28,Delivered,Mobile App,Peshawar
O004218,C0531,2026-04-14,Shipped,Marketplace,Islamabad
O004219,C0342,2026-03-23,Delivered,Mobile App,Peshawar
O004220,C0403,2026-08-22,Delivered,Mobile App,Karachi
O004221,C0402,2026-06-03,Delivered,Mobile App,Multan
O004222,C0179,2026-08-18,Delivered,Website,Lahore
O004223,C0380,2026-07-02,Delivered,Website,Lahore
O004224,C0133,2026-06-23,Delivered,Mobile App,Multan
O004225,C0382,2026-01-28,Delivered,Mobile App,Islamabad
O004226,C0410,2026-01-17,Delivered,Website,Multan
O004227,C0526,2026-01-12,Delivered,Marketplace,Islamabad
O004228,C0552,2026-05-25,Delivered,Website,Karachi
O004229,C0015,2026-02-19,Delivered,Mobile App,Lahore
O004230,C0180,2026-08-29,Delivered,Marketplace,Peshawar
O004231,C0329,2026-02-02,Shipped,Website,Lahore
O004232,C0193,2026-08-19,Delivered,Marketplace,Rawalpindi
O004233,C0372,2026-06-12,Delivered,Mobile App,Karachi
O004234,C0513,2026-01-26,Cancelled,Mobile App,Lahore
O004235,C0155,2026-01-15,Delivered,Marketplace,Peshawar
O004236,C0537,2026-04-07,Returned,Mobile App,Multan
O004237,C0530,2026-03-24,Delivered,Mobile App,Karachi
O004238,C0549,2026-03-18,Delivered,Mobile App,Karachi
O004239,C0045,2026-05-09,Delivered,Website,Karachi
O004240,C0176,2026-02-01,Delivered,Website,Karachi
O004241,C0075,2026-02-01,Returned,Website,Peshawar
O004242,C0073,2026-06-18,Delivered,Website,Lahore
O004243,C0032,2026-08-29,Returned,Mobile App,Karachi
O004244,C0264,2026-03-08,Delivered,Marketplace,Rawalpindi
O004245,C0053,2026-08-15,Shipped,Marketplace,Peshawar
O004246,C0178,2026-03-25,Cancelled,Website,Lahore
O004247,C0589,2026-03-23,Delivered,Mobile App,Multan
O004248,C0531,2026-01-22,Returned,Mobile App,Lahore
O004249,C0563,2026-04-13,Delivered,Website,Karachi
O004250,C0022,2026-05-02,Delivered,Mobile App,Multan
O004251,C0397,2026-06-11,Delivered,Website,Karachi
O004252,C0381,2026-02-08,Delivered,Marketplace,Multan
O004253,C0080,2026-02-15,Delivered,Website,Islamabad
O004254,C0544,2026-04-15,Delivered,Mobile App,Multan
O004255,C0243,2026-01-17,Delivered,Marketplace,Karachi
O004256,C0587,2026-02-04,Delivered,Mobile App,Lahore
O004257,C0069,2026-06-02,Delivered,Website,Peshawar
O004258,C0391,2026-08-20,Delivered,Website,Peshawar
O004259,C0079,2026-05-20,Delivered,Marketplace,Peshawar
O004260,C0570,2026-02-05,Shipped,Website,Karachi
O004261,C0365,2026-08-29,Cancelled,Website,Islamabad
O004262,C0046,2026-05-07,Shipped,Marketplace,Lahore
O004263,C0129,2026-06-24,Delivered,Mobile App,Karachi
O004264,C0216,2026-02-17,Delivered,Mobile App,Lahore
O004265,C0008,2026-05-21,Cancelled,Website,Rawalpindi
O004266,C0006,2026-01-19,Delivered,Mobile App,Lahore
O004267,C0556,2026-06-02,Delivered,Mobile App,Karachi
O004268,C0589,2026-02-19,Delivered,Website,Peshawar
O004269,C0322,2026-08-10,Delivered,Website,Multan
O004270,C0542,2026-01-14,Delivered,Website,Lahore
O004271,C0394,2026-06-08,Delivered,Mobile App,Peshawar
O004272,C0017,2026-02-03,Delivered,Website,Peshawar
O004273,C0429,2026-06-16,Delivered,Marketplace,Karachi
O004274,C0011,2026-04-30,Delivered,Website,Rawalpindi
O004275,C0490,2026-08-24,Delivered,Website,Multan
O004276,C0221,2026-06-08,Delivered,Marketplace,Rawalpindi
O004277,C0085,2026-04-01,Delivered,Marketplace,Karachi
O004278,C0156,2026-01-22,Delivered,Mobile App,Islamabad
O004279,C0411,2026-05-25,Delivered,Marketplace,Rawalpindi
O004280,C0509,2026-04-18,Delivered,Website,Islamabad
O004281,C0343,2026-01-13,Delivered,Website,Karachi
O004282,C0097,2026-05-22,Returned,Website,Karachi
O004283,C0541,2026-02-21,Delivered,Website,Peshawar
O004284,C0475,2026-02-26,Delivered,Mobile App,Lahore
O004285,C0246,2026-01-03,Shipped,Mobile App,Multan
O004286,C0333,2026-04-01,Delivered,Website,Lahore
O004287,C0579,2026-02-23,Delivered,Website,Peshawar
O004288,C0227,2026-01-18,Delivered,Marketplace,Karachi
O004289,C0016,2026-04-16,Delivered,Mobile App,Peshawar
O004290,C0088,2026-02-23,Delivered,Website,Peshawar
O004291,C0361,2026-02-02,Delivered,Website,Lahore
O004292,C0599,2026-04-24,Delivered,Website,Karachi
O004293,C0444,2026-01-16,Delivered,Website,Multan
O004294,C0371,2026-08-29,Delivered,Website,Rawalpindi
O004295,C0194,2026-04-25,Delivered,Mobile App,Islamabad
O004296,C0264,2026-08-31,Shipped,Website,Lahore
O004297,C0024,2026-08-03,Delivered,Mobile App,Multan
O004298,C0223,2026-08-27,Delivered,Website,Rawalpindi
O004299,C0375,2026-05-12,Delivered,Website,Lahore
O004300,C0544,2026-04-13,Delivered,Website,Lahore
O004301,C0554,2026-06-24,Delivered,Marketplace,Karachi
O004302,C0493,2026-01-20,Delivered,Mobile App,Peshawar
O004303,C0013,2026-07-24,Delivered,Website,Peshawar
O004304,C0487,2026-03-20,Shipped,Mobile App,Lahore
O004305,C0132,2026-01-02,Delivered,Mobile App,Karachi
O004306,C0370,2026-02-27,Delivered,Mobile App,Karachi
O004307,C0568,2026-02-28,Delivered,Mobile App,Karachi
O004308,C0533,2026-01-04,Delivered,Marketplace,Multan
O004309,C0399,2026-06-12,Delivered,Website,Rawalpindi
O004310,C0180,2026-01-24,Shipped,Mobile App,Lahore
O004311,C0313,2026-07-25,Delivered,Mobile App,Karachi
O004312,C0423,2026-04-21,Delivered,Mobile App,Karachi
O004313,C0309,2026-06-24,Delivered,Website,Rawalpindi
O004314,C0243,2026-03-24,Delivered,Mobile App,Karachi
O004315,C0242,2026-02-02,Delivered,Website,Karachi
O004316,C0360,2026-02-13,Delivered,Mobile App,Multan
O004317,C0022,2026-06-06,Delivered,Mobile App,Islamabad
O004318,C0599,2026-06-24,Delivered,Website,Peshawar
O004319,C0062,2026-03-07,Delivered,Marketplace,Karachi
O004320,C0591,2026-03-28,Delivered,Mobile App,Karachi
O004321,C0022,2026-08-18,Delivered,Mobile App,Multan
O004322,C0308,2026-07-27,Cancelled,Marketplace,Peshawar
O004323,C0251,2026-04-11,Delivered,Mobile App,Rawalpindi
O004324,C0345,2026-02-28,Delivered,Website,Islamabad
O004325,C0261,2026-03-15,Delivered,Mobile App,Karachi
O004326,C0539,2026-05-11,Delivered,Mobile App,Islamabad
O004327,C0010,2026-05-18,Delivered,Mobile App,Karachi
O004328,C0592,2026-02-14,Delivered,Marketplace,Karachi
O004329,C0414,2026-01-16,Delivered,Mobile App,Lahore
O004330,C0468,2026-05-01,Delivered,Website,Karachi
O004331,C0084,2026-07-13,Delivered,Website,Karachi
O004332,C0040,2026-02-07,Delivered,Mobile App,Karachi
O004333,C0239,2026-04-10,Cancelled,Website,Karachi
O004334,C0194,2026-02-09,Shipped,Website,Peshawar
O004335,C0470,2026-02-28,Delivered,Website,Multan
O004336,C0538,2026-05-29,Delivered,Mobile App,Karachi
O004337,C0257,2026-03-11,Delivered,Website,Karachi
O004338,C0462,2026-03-06,Shipped,Website,Peshawar
O004339,C0036,2026-08-30,Delivered,Website,Karachi
O004340,C0446,2026-02-11,Delivered,Website,Rawalpindi
O004341,C0060,2026-02-15,Delivered,Website,Karachi
O004342,C0401,2026-08-14,Delivered,Website,Islamabad
O004343,C0230,2026-05-14,Delivered,Mobile App,Karachi
O004344,C0250,2026-01-11,Delivered,Website,Rawalpindi
O004345,C0166,2026-04-14,Delivered,Website,Lahore
O004346,C0242,2026-05-18,Shipped,Mobile App,Karachi
O004347,C0525,2026-03-03,Delivered,Website,Lahore
O004348,C0486,2026-05-14,Returned,Website,Lahore
O004349,C0205,2026-06-07,Delivered,Website,Multan
O004350,C0177,2026-03-02,Shipped,Website,Lahore
O004351,C0306,2026-07-17,Delivered,Mobile App,Karachi
O004352,C0411,2026-04-21,Delivered,Marketplace,Lahore
O004353,C0110,2026-08-23,Delivered,Website,Karachi
O004354,C0436,2026-01-22,Cancelled,Mobile App,Peshawar
O004355,C0570,2026-03-20,Delivered,Marketplace,Peshawar
O004356,C0507,2026-06-25,Delivered,Mobile App,Karachi
O004357,C0329,2026-08-06,Delivered,Mobile App,Islamabad
O004358,C0192,2026-02-23,Delivered,Mobile App,Rawalpindi
O004359,C0195,2026-08-27,Delivered,Mobile App,Karachi
O004360,C0446,2026-02-16,Delivered,Marketplace,Islamabad
O004361,C0273,2026-04-12,Delivered,Website,Lahore
O004362,C0064,2026-03-18,Delivered,Marketplace,Lahore
O004363,C0407,2026-04-14,Delivered,Mobile App,Lahore
O004364,C0083,2026-08-08,Delivered,Mobile App,Islamabad
O004365,C0593,2026-06-28,Delivered,Website,Rawalpindi
O004366,C0251,2026-07-13,Delivered,Website,Lahore
O004367,C0206,2026-03-03,Delivered,Website,Rawalpindi
O004368,C0034,2026-08-19,Delivered,Marketplace,Lahore
O004369,C0101,2026-04-16,Delivered,Mobile App,Islamabad
O004370,C0569,2026-06-08,Delivered,Marketplace,Karachi
O004371,C0323,2026-06-19,Delivered,Website,Lahore
O004372,C0542,2026-06-11,Delivered,Website,Lahore
O004373,C0574,2026-05-27,Delivered,Website,Karachi
O004374,C0030,2026-04-27,Delivered,Website,Karachi
O004375,C0229,2026-06-07,Shipped,Mobile App,Lahore
O004376,C0503,2026-08-08,Delivered,Marketplace,Karachi
O004377,C0298,2026-04-05,Delivered,Marketplace,Lahore
O004378,C0306,2026-05-05,Delivered,Mobile App,Lahore
O004379,C0343,2026-02-13,Delivered,Website,Islamabad
O004380,C0422,2026-03-28,Delivered,Mobile App,Multan
O004381,C0564,2026-07-07,Returned,Mobile App,Peshawar
O004382,C0533,2026-06-05,Delivered,Mobile App,Multan
O004383,C0376,2026-02-21,Delivered,Mobile App,Multan
O004384,C0347,2026-05-13,Delivered,Website,Karachi
O004385,C0217,2026-07-17,Returned,Website,Karachi
O004386,C0070,2026-01-31,Delivered,Marketplace,Karachi
O004387,C0426,2026-01-16,Delivered,Mobile App,Karachi
O004388,C0002,2026-04-06,Cancelled,Marketplace,Peshawar
O004389,C0419,2026-06-09,Cancelled,Website,Multan
O004390,C0299,2026-03-18,Delivered,Mobile App,Islamabad
O004391,C0472,2026-07-19,Delivered,Website,Multan
O004392,C0570,2026-07-25,Delivered,Marketplace,Rawalpindi
O004393,C0332,2026-05-10,Delivered,Website,Lahore
O004394,C0344,2026-04-03,Delivered,Mobile App,Karachi
O004395,C0293,2026-01-11,Delivered,Website,Multan
O004396,C0224,2026-07-19,Delivered,Website,Rawalpindi
O004397,C0054,2026-08-06,Delivered,Website,Lahore
O004398,C0019,2026-04-18,Delivered,Mobile App,Karachi
O004399,C0434,2026-05-06,Delivered,Mobile App,Peshawar
O004400,C0549,2026-07-03,Delivered,Marketplace,Peshawar
O004401,C0033,2026-06-18,Delivered,Mobile App,Lahore
O004402,C0197,2026-02-02,Delivered,Mobile App,Multan
O004403,C0365,2026-06-13,Delivered,Mobile App,Lahore
O004404,C0423,2026-08-13,Delivered,Website,Multan
O004405,C0442,2026-07-02,Cancelled,Mobile App,Islamabad
O004406,C0417,2026-04-27,Delivered,Mobile App,Rawalpindi
O004407,C0051,2026-05-08,Shipped,Mobile App,Multan
O004408,C0153,2026-03-05,Delivered,Website,Peshawar
O004409,C0282,2026-06-10,Delivered,Website,Karachi
O004410,C0039,2026-02-28,Delivered,Website,Peshawar
O004411,C0206,2026-03-25,Delivered,Marketplace,Lahore
O004412,C0232,2026-03-06,Delivered,Mobile App,Karachi
O004413,C0587,2026-03-23,Delivered,Mobile App,Islamabad
O004414,C0191,2026-03-31,Delivered,Mobile App,Lahore
O004415,C0583,2026-01-21,Delivered,Mobile App,Lahore
O004416,C0421,2026-06-24,Delivered,Website,Lahore
O004417,C0416,2026-04-18,Delivered,Website,Karachi
O004418,C0492,2026-08-19,Delivered,Mobile App,Karachi
O004419,C0506,2026-02-13,Delivered,Website,Rawalpindi
O004420,C0134,2026-06-12,Delivered,Website,Karachi
O004421,C0253,2026-02-13,Delivered,Website,Islamabad
O004422,C0317,2026-05-13,Delivered,Website,Lahore
O004423,C0587,2026-04-30,Delivered,Marketplace,Karachi
O004424,C0025,2026-04-20,Delivered,Mobile App,Karachi
O004425,C0287,2026-06-09,Delivered,Marketplace,Lahore
O004426,C0129,2026-07-21,Delivered,Marketplace,Multan
O004427,C0125,2026-03-18,Delivered,Website,Multan
O004428,C0458,2026-07-26,Delivered,Website,Lahore
O004429,C0122,2026-02-14,Delivered,Mobile App,Karachi
O004430,C0477,2026-03-13,Delivered,Website,Islamabad
O004431,C0597,2026-03-17,Delivered,Marketplace,Lahore
O004432,C0466,2026-08-20,Delivered,Website,Lahore
O004433,C0102,2026-01-29,Delivered,Mobile App,Lahore
O004434,C0086,2026-04-07,Delivered,Mobile App,Islamabad
O004435,C0263,2026-04-14,Delivered,Marketplace,Karachi
O004436,C0331,2026-07-14,Delivered,Mobile App,Multan
O004437,C0468,2026-04-29,Delivered,Mobile App,Lahore
O004438,C0254,2026-08-23,Cancelled,Website,Karachi
O004439,C0101,2026-06-29,Delivered,Mobile App,Multan
O004440,C0595,2026-06-20,Delivered,Mobile App,Lahore
O004441,C0543,2026-07-02,Delivered,Mobile App,Karachi
O004442,C0393,2026-02-09,Delivered,Mobile App,Karachi
O004443,C0418,2026-04-20,Delivered,Website,Rawalpindi
O004444,C0562,2026-05-23,Shipped,Website,Lahore
O004445,C0285,2026-02-20,Delivered,Marketplace,Lahore
O004446,C0088,2026-01-29,Delivered,Website,Karachi
O004447,C0364,2026-02-02,Delivered,Mobile App,Karachi
O004448,C0271,2026-07-11,Returned,Mobile App,Lahore
O004449,C0480,2026-06-09,Delivered,Marketplace,Lahore
O004450,C0463,2026-03-10,Delivered,Website,Lahore
O004451,C0283,2026-06-29,Delivered,Website,Lahore
O004452,C0221,2026-06-18,Delivered,Marketplace,Rawalpindi
O004453,C0254,2026-07-18,Delivered,Mobile App,Islamabad
O004454,C0380,2026-08-10,Delivered,Mobile App,Islamabad
O004455,C0383,2026-08-03,Delivered,Website,Lahore
O004456,C0308,2026-02-13,Delivered,Website,Karachi
O004457,C0320,2026-07-06,Delivered,Marketplace,Islamabad
O004458,C0596,2026-04-06,Delivered,Mobile App,Karachi
O004459,C0153,2026-04-08,Delivered,Marketplace,Rawalpindi
O004460,C0105,2026-06-07,Delivered,Marketplace,Lahore
O004461,C0480,2026-05-27,Delivered,Mobile App,Islamabad
O004462,C0562,2026-04-12,Delivered,Mobile App,Peshawar
O004463,C0366,2026-08-31,Delivered,Mobile App,Lahore
O004464,C0241,2026-02-12,Delivered,Mobile App,Karachi
O004465,C0210,2026-01-24,Delivered,Mobile App,Multan
O004466,C0281,2026-01-08,Delivered,Website,Lahore
O004467,C0032,2026-07-17,Delivered,Marketplace,Lahore
O004468,C0318,2026-04-09,Delivered,Mobile App,Karachi
O004469,C0162,2026-04-17,Delivered,Marketplace,Lahore
O004470,C0160,2026-06-07,Delivered,Website,Lahore
O004471,C0337,2026-04-16,Delivered,Website,Peshawar
O004472,C0579,2026-05-20,Delivered,Mobile App,Rawalpindi
O004473,C0124,2026-01-15,Delivered,Mobile App,Lahore
O004474,C0547,2026-02-07,Shipped,Website,Rawalpindi
O004475,C0312,2026-08-15,Delivered,Website,Peshawar
O004476,C0584,2026-04-20,Delivered,Mobile App,Karachi
O004477,C0230,2026-02-10,Delivered,Marketplace,Islamabad
O004478,C0599,2026-03-31,Delivered,Website,Karachi
O004479,C0396,2026-03-23,Delivered,Website,Karachi
O004480,C0402,2026-03-08,Delivered,Website,Rawalpindi
O004481,C0338,2026-03-13,Delivered,Website,Peshawar
O004482,C0272,2026-06-27,Delivered,Website,Multan
O004483,C0316,2026-01-26,Delivered,Mobile App,Lahore
O004484,C0511,2026-03-17,Delivered,Mobile App,Karachi
O004485,C0476,2026-04-24,Delivered,Website,Karachi
O004486,C0015,2026-05-12,Delivered,Website,Karachi
O004487,C0417,2026-08-02,Delivered,Marketplace,Lahore
O004488,C0501,2026-08-13,Delivered,Website,Lahore
O004489,C0447,2026-03-14,Delivered,Mobile App,Islamabad
O004490,C0299,2026-05-12,Delivered,Website,Karachi
O004491,C0202,2026-01-06,Delivered,Mobile App,Karachi
O004492,C0404,2026-05-30,Shipped,Mobile App,Karachi
O004493,C0399,2026-02-07,Delivered,Website,Rawalpindi
O004494,C0225,2026-01-18,Delivered,Mobile App,Karachi
O004495,C0244,2026-06-13,Delivered,Mobile App,Karachi
O004496,C0222,2026-02-13,Shipped,Website,Lahore
O004497,C0027,2026-04-27,Delivered,Mobile App,Karachi
O004498,C0020,2026-01-25,Shipped,Website,Lahore
O004499,C0050,2026-07-01,Delivered,Mobile App,Peshawar
O004500,C0255,2026-07-05,Returned,Marketplace,Karachi
O004501,C0307,2026-05-20,Delivered,Website,Karachi
O004502,C0246,2026-07-23,Delivered,Website,Karachi
O004503,C0574,2026-04-17,Delivered,Website,Karachi
O004504,C0135,2026-02-15,Delivered,Marketplace,Multan
O004505,C0236,2026-02-06,Returned,Website,Rawalpindi
O004506,C0149,2026-02-23,Delivered,Website,Lahore
O004507,C0180,2026-02-18,Delivered,Mobile App,Lahore
O004508,C0351,2026-03-20,Delivered,Mobile App,Karachi
O004509,C0186,2026-02-22,Delivered,Mobile App,Lahore
O004510,C0191,2026-05-24,Delivered,Marketplace,Karachi
O004511,C0403,2026-02-06,Delivered,Website,Peshawar
O004512,C0499,2026-06-01,Cancelled,Mobile App,Rawalpindi
O004513,C0128,2026-03-23,Cancelled,Mobile App,Karachi
O004514,C0067,2026-06-16,Delivered,Website,Rawalpindi
O004515,C0144,2026-05-05,Delivered,Marketplace,Karachi
O004516,C0347,2026-08-08,Returned,Mobile App,Karachi
O004517,C0576,2026-04-17,Shipped,Website,Karachi
O004518,C0097,2026-03-13,Delivered,Website,Karachi
O004519,C0026,2026-05-24,Delivered,Website,Karachi
O004520,C0317,2026-06-10,Delivered,Marketplace,Multan
O004521,C0595,2026-04-17,Delivered,Website,Karachi
O004522,C0332,2026-05-17,Delivered,Marketplace,Lahore
O004523,C0555,2026-04-25,Delivered,Website,Karachi
O004524,C0386,2026-03-16,Delivered,Marketplace,Karachi
O004525,C0019,2026-03-18,Delivered,Mobile App,Karachi
O004526,C0257,2026-08-09,Delivered,Website,Karachi
O004527,C0463,2026-06-14,Delivered,Website,Karachi
O004528,C0306,,Shipped,Mobile App,Karachi
O004529,C0117,2026-08-22,Delivered,Website,Karachi
O004530,C0109,2026-06-23,Delivered,Website,Islamabad
O004531,C0399,2026-01-13,Cancelled,Mobile App,Multan
O004532,C0278,2026-06-26,Delivered,Marketplace,Karachi
O004533,C0345,2026-05-24,Delivered,Mobile App,Rawalpindi
O004534,C0224,2026-08-11,Delivered,Marketplace,Islamabad
O004535,C0204,2026-04-29,Delivered,Mobile App,Islamabad
O004536,C0400,2026-05-07,Returned,Mobile App,Rawalpindi
O004537,C0005,2026-03-18,Shipped,Website,Lahore
O004538,C0261,2026-03-20,Delivered,Mobile App,Multan
O004539,C0223,2026-05-31,Delivered,Mobile App,Karachi
O004540,C0468,2026-07-21,Delivered,Mobile App,Lahore
O004541,C0438,2026-08-05,Delivered,Marketplace,Islamabad
O004542,C0256,2026-07-07,Delivered,Website,Multan
O004543,C0158,2026-05-29,Delivered,Mobile App,Lahore
O004544,C0142,2026-05-02,Cancelled,Mobile App,Multan
O004545,C0127,2026-03-24,Delivered,Website,Islamabad
O004546,C0165,2026-07-06,Delivered,Website,Rawalpindi
O004547,C0457,2026-03-19,Delivered,Marketplace,Peshawar
O004548,C0028,2026-03-07,Delivered,Website,Rawalpindi
O004549,C0016,2026-07-30,Delivered,Mobile App,Lahore
O004550,C0324,2026-05-24,Delivered,Mobile App,Rawalpindi
O004551,C0135,2026-03-28,Delivered,Marketplace,Karachi
O004552,C0499,2026-07-30,Delivered,Mobile App,Multan
O004553,C0452,2026-08-22,Delivered,Website,Peshawar
O004554,C0462,2026-03-19,Delivered,Website,Islamabad
O004555,C0275,2026-05-07,Delivered,Mobile App,Karachi
O004556,C0263,2026-04-28,Delivered,Website,Karachi
O004557,C0256,2026-06-20,Delivered,Mobile App,Karachi
O004558,C0118,2026-08-20,Delivered,Website,Karachi
O004559,C0341,2026-05-14,Delivered,Website,Islamabad
O004560,C0519,2026-07-13,Delivered,Marketplace,Peshawar
O004561,C0154,2026-05-25,Delivered,Marketplace,Islamabad
O004562,C0035,2026-08-04,Delivered,Mobile App,Lahore
O004563,C0339,2026-04-09,Delivered,Website,Multan
O004564,C0240,2026-04-04,Delivered,Marketplace,Peshawar
O004565,C0479,2026-04-13,Delivered,Mobile App,Islamabad
O004566,C0514,2026-08-31,Cancelled,Marketplace,Lahore
O004567,C0571,2026-05-29,Delivered,Website,Islamabad
O004568,C0236,2026-02-07,Delivered,Website,Lahore
O004569,C0542,2026-01-10,Cancelled,Mobile App,Karachi
O004570,C0071,2026-05-07,Delivered,Marketplace,Islamabad
O004571,C0224,2026-07-15,Delivered,Website,Rawalpindi
O004572,C0160,2026-04-27,Delivered,Website,Karachi
O004573,C0554,2026-05-17,Shipped,Mobile App,Multan
O004574,C0361,2026-07-14,Delivered,Marketplace,Peshawar
O004575,C0220,2026-05-06,Delivered,Mobile App,Islamabad
O004576,C0092,2026-08-09,Returned,Marketplace,Karachi
O004577,C0470,2026-06-05,Delivered,Mobile App,Karachi
O004578,C0393,2026-06-27,Delivered,Marketplace,Islamabad
O004579,C0512,2026-07-09,Delivered,Mobile App,Peshawar
O004580,C0263,2026-06-02,Delivered,Website,Lahore
O004581,C0090,2026-01-13,Delivered,Mobile App,Karachi
O004582,C0201,2026-04-14,Returned,Mobile App,Karachi
O004583,C0373,2026-02-04,Delivered,Mobile App,Karachi
O004584,C0145,2026-05-05,Delivered,Website,Islamabad
O004585,C0043,2026-02-04,Delivered,Mobile App,Lahore
O004586,C0494,2026-05-04,Delivered,Mobile App,Karachi
O004587,C0319,2026-03-25,Shipped,Website,Lahore
O004588,C0239,2026-01-05,Delivered,Marketplace,Peshawar
O004589,C0332,2026-01-31,Delivered,Website,Lahore
O004590,C0444,2026-05-03,Shipped,Website,Karachi
O004591,C0001,2026-01-20,Cancelled,Website,Islamabad
O004592,C0265,2026-07-28,Delivered,Mobile App,Multan
O004593,C0153,2026-07-04,Delivered,Website,Karachi
O004594,C0056,2026-06-22,Delivered,Mobile App,Karachi
O004595,C0022,2026-02-11,Delivered,Mobile App,Lahore
O004596,C0265,2026-07-13,Delivered,Mobile App,Karachi
O004597,C0327,2026-06-04,Shipped,Marketplace,Multan
O004598,C0305,2026-04-05,Delivered,Marketplace,Rawalpindi
O004599,C0470,2026-01-01,Delivered,Website,Karachi
O004600,C0275,2026-05-09,Delivered,Website,Peshawar
O004601,C0354,2026-07-13,Delivered,Website,Islamabad
O004602,C0490,2026-01-09,Delivered,Mobile App,Lahore
O004603,C0395,2026-01-13,Delivered,Website,Karachi
O004604,C0547,2026-04-04,Delivered,Mobile App,Islamabad
O004605,C0133,2026-05-05,Delivered,Mobile App,Multan
O004606,C0473,2026-04-26,Delivered,Mobile App,Karachi
O004607,C0419,2026-04-14,Delivered,Website,Lahore
O004608,C0350,2026-03-04,Delivered,Website,Multan
O004609,C0003,2026-01-15,Delivered,Website,Lahore
O004610,C0325,2026-01-08,Delivered,Mobile App,Karachi
O004611,C0516,2026-01-25,Delivered,Mobile App,Karachi
O004612,C0387,2026-06-17,Delivered,Mobile App,Rawalpindi
O004613,C0004,2026-07-10,Delivered,Mobile App,Rawalpindi
O004614,C0173,2026-04-16,Delivered,Mobile App,Karachi
O004615,C0342,2026-01-19,Cancelled,Website,Karachi
O004616,C0488,2026-04-12,Delivered,Website,Lahore
O004617,C0267,2026-08-28,Delivered,Website,Islamabad
O004618,C0515,2026-03-02,Delivered,Website,Karachi
O004619,C0478,2026-04-30,Delivered,Website,Lahore
O004620,C0161,2026-05-11,Delivered,Mobile App,Lahore
O004621,C0117,2026-03-22,Cancelled,Website,Karachi
O004622,C0542,2026-04-17,Delivered,Website,Karachi
O004623,C0354,2026-04-25,Delivered,Website,Multan
O004624,C0510,2026-04-26,Delivered,Website,Peshawar
O004625,C0554,2026-06-24,Delivered,Website,Karachi
O004626,C0255,2026-05-22,Cancelled,Website,Peshawar
O004627,C0028,2026-01-13,Delivered,Website,Islamabad
O004628,C0546,2026-01-02,Delivered,Marketplace,Multan
O004629,C0351,2026-04-10,Shipped,Website,Multan
O004630,C0073,2026-08-09,Cancelled,Website,Islamabad
O004631,C0318,2026-01-09,Delivered,Mobile App,Lahore
O004632,C0017,2026-01-18,Delivered,Website,Karachi
O004633,C0174,2026-06-15,Delivered,Mobile App,Lahore
O004634,C0209,2026-04-20,Returned,Website,Lahore
O004635,C0273,2026-02-26,Delivered,Marketplace,Islamabad
O004636,C0340,2026-02-20,Delivered,Marketplace,Karachi
O004637,C0504,2026-06-11,Delivered,Mobile App,Peshawar
O004638,C0211,2026-05-08,Delivered,Website,Multan
O004639,C0442,2026-06-05,Delivered,Website,Karachi
O004640,C0566,2026-03-10,Delivered,Website,Islamabad
O004641,C0450,2026-05-08,Delivered,Mobile App,Peshawar
O004642,C0153,2026-07-28,Delivered,Website,Lahore
O004643,C0407,2026-03-18,Delivered,Mobile App,Multan
O004644,C0169,2026-04-07,Delivered,Website,Lahore
O004645,C0287,2026-02-09,Delivered,Mobile App,Karachi
O004646,C0381,2026-06-05,Delivered,Website,Lahore
O004647,C0176,2026-01-08,Delivered,Website,Lahore
O004648,C0003,2026-03-02,Delivered,Mobile App,Karachi
O004649,C0503,2026-06-23,Delivered,Mobile App,Rawalpindi
O004650,C0437,2026-01-05,Delivered,Website,Islamabad
O004651,C0074,2026-08-29,Delivered,Website,Lahore
O004652,C0227,2026-04-09,Delivered,Marketplace,Lahore
O004653,C0158,2026-04-07,Delivered,Mobile App,Lahore
O004654,C0587,2026-05-11,Delivered,Mobile App,Lahore
O004655,C0566,2026-06-05,Delivered,Mobile App,Lahore
O004656,C0415,2026-04-22,Delivered,Mobile App,Karachi
O004657,C0265,2026-08-03,Delivered,Mobile App,Peshawar
O004658,C0032,2026-08-22,Delivered,Website,Multan
O004659,C0149,2026-02-18,Shipped,Mobile App,Lahore
O004660,C0056,2026-06-21,Delivered,Mobile App,Rawalpindi
O004661,C0474,2026-03-15,Delivered,Website,Multan
O004662,C0053,2026-08-30,Delivered,Mobile App,Karachi
O004663,C0407,2026-03-03,Delivered,Website,Karachi
O004664,C0572,2026-03-13,Delivered,Website,Karachi
O004665,C0185,2026-06-23,Delivered,Mobile App,Lahore
O004666,C0411,2026-07-11,Delivered,Marketplace,Karachi
O004667,C0528,2026-02-01,Cancelled,Website,Lahore
O004668,C0257,2026-05-16,Delivered,Mobile App,Lahore
O004669,C0270,2026-03-25,Delivered,Website,Karachi
O004670,C0121,2026-05-29,Delivered,Mobile App,Lahore
O004671,C0257,2026-05-16,Returned,Website,Karachi
O004672,C0525,2026-08-28,Delivered,Mobile App,Lahore
O004673,C0399,2026-08-15,Delivered,Website,Karachi
O004674,C0121,2026-06-08,Delivered,Website,Karachi
O004675,C0316,2026-06-15,Delivered,Mobile App,Karachi
O004676,C0425,2026-08-07,Delivered,Website,Rawalpindi
O004677,C0047,2026-02-14,Delivered,Website,Karachi
O004678,C0458,2026-06-26,Delivered,Website,Islamabad
O004679,C0121,2026-07-07,Delivered,Mobile App,Peshawar
O004680,C0177,2026-01-31,Delivered,Website,Lahore
O004681,C0250,2026-08-03,Delivered,Mobile App,Karachi
O004682,C0303,2026-06-19,Delivered,Website,Islamabad
O004683,C0550,2026-03-26,Shipped,Mobile App,Karachi
O004684,C0134,2026-04-28,Returned,Marketplace,Peshawar
O004685,C0154,2026-04-29,Delivered,Website,Rawalpindi
O004686,C0228,2026-08-12,Delivered,Mobile App,Lahore
O004687,C0515,2026-08-24,Delivered,Website,Karachi
O004688,C0580,2026-07-16,Shipped,Website,Rawalpindi
O004689,C0273,2026-06-08,Delivered,Mobile App,Lahore
O004690,C0416,2026-01-26,Delivered,Marketplace,Karachi
O004691,C0551,2026-08-11,Delivered,Mobile App,Rawalpindi
O004692,C0508,2026-02-02,Delivered,Marketplace,Karachi
O004693,C0409,2026-02-10,Delivered,Website,Multan
O004694,C0325,2026-01-17,Delivered,Mobile App,Peshawar
O004695,C0591,2026-08-19,Delivered,Website,Karachi
O004696,C0144,2026-04-30,Delivered,Marketplace,Karachi
O004697,C0218,2026-02-27,Cancelled,Mobile App,Lahore
O004698,C0428,2026-01-20,Delivered,Website,Peshawar
O004699,C0013,2026-04-11,Delivered,Mobile App,Karachi
O004700,C0301,2026-06-25,Delivered,Mobile App,Karachi
O004701,C0513,2026-08-30,Delivered,Marketplace,Islamabad
O004702,C0107,2026-05-15,Delivered,Mobile App,Karachi
O004703,C0482,2026-05-28,Delivered,Marketplace,Karachi
O004704,C0248,2026-07-23,Shipped,Mobile App,Rawalpindi
O004705,C0517,2026-08-08,Shipped,Mobile App,Lahore
O004706,C0381,2026-03-09,Delivered,Mobile App,Lahore
O004707,C0095,2026-08-30,Delivered,Website,Karachi
O004708,C0442,2026-05-07,Delivered,Website,Lahore
O004709,C0034,2026-08-15,Delivered,Marketplace,Lahore
O004710,C0146,2026-01-29,Delivered,Marketplace,Lahore
O004711,C0534,2026-01-24,Shipped,Marketplace,Multan
O004712,C0526,2026-08-03,Delivered,Website,Karachi
O004713,C0028,2026-06-13,Delivered,Website,Lahore
O004714,C0228,2026-02-12,Shipped,Marketplace,Peshawar
O004715,C0057,2026-08-06,Cancelled,Website,Karachi
O004716,C0163,2026-01-25,Delivered,Website,Multan
O004717,C0581,2026-06-15,Delivered,Website,Lahore
O004718,C0118,2026-02-19,Delivered,Marketplace,Karachi
O004719,C0385,2026-01-18,Delivered,Mobile App,Karachi
O004720,C0483,2026-07-15,Delivered,Website,Karachi
O004721,C0529,2026-07-25,Delivered,Mobile App,Multan
O004722,C0213,2026-01-26,Delivered,Website,Multan
O004723,C0419,2026-01-23,Delivered,Mobile App,Lahore
O004724,C0291,2026-05-30,Delivered,Mobile App,Karachi
O004725,C0065,2026-01-07,Delivered,Mobile App,Lahore
O004726,C0134,2026-07-01,Delivered,Website,Lahore
O004727,C0449,2026-08-11,Delivered,Website,Karachi
O004728,C0412,2026-07-02,Delivered,Website,Karachi
O004729,C0313,2026-02-26,Cancelled,Marketplace,Lahore
O004730,C0469,2026-02-16,Delivered,Website,Lahore
O004731,C0415,2026-06-15,Delivered,Mobile App,Rawalpindi
O004732,C0204,2026-01-15,Delivered,Website,Lahore
O004733,C0177,2026-05-11,Shipped,Marketplace,Karachi
O004734,C0568,2026-04-20,Delivered,Mobile App,Karachi
O004735,C0584,2026-06-30,Delivered,Website,Islamabad
O004736,C0019,2026-02-19,Shipped,Mobile App,Islamabad
O004737,C0475,2026-07-05,Delivered,Mobile App,Karachi
O004738,C0080,2026-06-19,Delivered,Mobile App,Peshawar
O004739,C0517,2026-02-28,Delivered,Marketplace,Islamabad
O004740,C0354,2026-03-28,Returned,Mobile App,Karachi
O004741,C0413,2026-01-17,Delivered,Marketplace,Karachi
O004742,C0421,2026-04-20,Delivered,Mobile App,Multan
O004743,C0363,2026-03-05,Delivered,Website,Lahore
O004744,C0151,2026-01-28,Delivered,Mobile App,Karachi
O004745,C0485,2026-05-17,Delivered,Mobile App,Lahore
O004746,C0333,2026-05-18,Delivered,Website,Karachi
O004747,C0328,2026-01-21,Delivered,Mobile App,Peshawar
O004748,C0192,2026-02-15,Delivered,Website,Peshawar
O004749,C0007,2026-01-21,Delivered,Website,Peshawar
O004750,C0333,2026-06-14,Shipped,Marketplace,Islamabad
O004751,C0208,2026-03-24,Delivered,Website,Rawalpindi
O004752,C0396,2026-01-18,Delivered,Mobile App,Karachi
O004753,C0219,2026-02-16,Delivered,Website,Peshawar
O004754,C0584,2026-08-26,Delivered,Mobile App,Karachi
O004755,C0409,2026-03-04,Delivered,Marketplace,Karachi
O004756,C0274,2026-06-16,Delivered,Mobile App,Multan
O004757,C0425,2026-04-24,Delivered,Mobile App,Multan
O004758,C0389,2026-02-14,Delivered,Website,Lahore
O004759,C0373,2026-03-16,Delivered,Website,Lahore
O004760,C0347,2026-01-04,Delivered,Mobile App,Karachi
O004761,C0560,2026-07-01,Delivered,Mobile App,Islamabad
O004762,C0191,2026-03-23,Delivered,Mobile App,Karachi
O004763,C0260,2026-05-02,Delivered,Mobile App,Karachi
O004764,C0152,2026-02-07,Delivered,Website,Lahore
O004765,C0342,2026-07-20,Delivered,Website,Multan
O004766,C0593,2026-02-23,Delivered,Marketplace,Multan
O004767,C0366,2026-05-18,Delivered,Mobile App,Multan
O004768,C0125,2026-08-01,Cancelled,Mobile App,Peshawar
O004769,C0553,2026-06-23,Delivered,Mobile App,Karachi
O004770,C0475,2026-05-27,Delivered,Marketplace,Karachi
O004771,C0265,2026-08-04,Delivered,Marketplace,Lahore
O004772,C0088,2026-02-12,Delivered,Website,Karachi
O004773,C0242,2026-08-23,Delivered,Marketplace,Islamabad
O004774,C0483,2026-05-16,Cancelled,Website,Lahore
O004775,C0347,2026-04-10,Delivered,Website,Multan
O004776,C0112,2026-03-04,Delivered,Marketplace,Lahore
O004777,C0096,2026-07-01,Delivered,Website,Lahore
O004778,C0581,2026-08-26,Delivered,Website,Rawalpindi
O004779,C0269,2026-06-17,Returned,Mobile App,Islamabad
O004780,C0412,2026-01-08,Cancelled,Marketplace,Karachi
O004781,C0217,2026-04-24,Delivered,Website,Islamabad
O004782,C0055,2026-06-27,Shipped,Mobile App,Lahore
O004783,C0248,2026-04-07,Delivered,Mobile App,Karachi
O004784,C0416,2026-07-07,Delivered,Website,Lahore
O004785,C0201,2026-06-21,Delivered,Mobile App,Multan
O004786,C0363,2026-01-17,Delivered,Mobile App,Karachi
O004787,C0263,2026-05-16,Delivered,Mobile App,Lahore
O004788,C0203,2026-02-11,Delivered,Mobile App,Karachi
O004789,C0154,2026-04-29,Delivered,Marketplace,Lahore
O004790,C0157,2026-04-04,Delivered,Mobile App,Multan
O004791,C0154,2026-07-16,Delivered,Website,Karachi
O004792,C0432,2026-07-30,Shipped,Mobile App,Peshawar
O004793,C0203,2026-04-23,Delivered,Mobile App,Peshawar
O004794,C0445,2026-05-11,Delivered,Website,Karachi
O004795,C0187,2026-06-02,Delivered,Mobile App,Rawalpindi
O004796,C0197,2026-06-09,Delivered,Mobile App,Multan
O004797,C0555,2026-06-04,Delivered,Website,Multan
O004798,C0526,2026-07-10,Delivered,Website,Islamabad
O004799,C0241,2026-08-27,Delivered,Mobile App,Karachi
O004800,C0162,2026-07-21,Delivered,Website,Karachi
O004801,C0430,2026-02-02,Delivered,Marketplace,Karachi
O004802,C0042,2026-04-26,Delivered,Website,Islamabad
O004803,C0274,2026-04-23,Delivered,Mobile App,Lahore
O004804,C0360,2026-05-04,Delivered,Mobile App,Rawalpindi
O004805,C0406,2026-05-09,Delivered,Website,Rawalpindi
O004806,C0065,2026-06-24,Delivered,Mobile App,Karachi
O004807,C0002,2026-04-13,Shipped,Website,Multan
O004808,C0166,2026-03-05,Delivered,Website,Karachi
O004809,C0072,2026-04-22,Delivered,Mobile App,Karachi
O004810,C0305,2026-07-27,Delivered,Website,Peshawar
O004811,C0552,2026-03-17,Delivered,Mobile App,Karachi
O004812,C0172,2026-01-06,Delivered,Mobile App,Karachi
O004813,C0273,2026-08-26,Delivered,Website,Multan
O004814,C0129,2026-02-17,Delivered,Website,Multan
O004815,C0027,2026-05-27,Cancelled,Marketplace,Peshawar
O004816,C0422,2026-07-14,Delivered,Website,Karachi
O004817,C0154,2026-03-08,Delivered,Mobile App,Karachi
O004818,C0329,2026-03-24,Shipped,Website,Karachi
O004819,C0410,2026-03-10,Delivered,Marketplace,Karachi
O004820,C0504,2026-02-06,Delivered,Website,Multan
O004821,C0112,2026-02-07,Delivered,Mobile App,Karachi
O004822,C0349,2026-02-15,Delivered,Mobile App,Rawalpindi
O004823,C0547,2026-04-22,Delivered,Website,Karachi
O004824,C0291,2026-05-09,Delivered,Mobile App,Lahore
O004825,C0025,2026-01-04,Delivered,Website,Karachi
O004826,C0157,2026-07-25,Delivered,Website,Karachi
O004827,C0477,2026-06-14,Delivered,Website,Karachi
O004828,C0476,2026-01-18,Cancelled,Mobile App,Multan
O004829,C0189,2026-07-24,Delivered,Marketplace,Islamabad
O004830,C0119,2026-01-08,Delivered,Website,Islamabad
O004831,C0176,2026-05-17,Shipped,Marketplace,Karachi
O004832,C0146,2026-04-24,Shipped,Mobile App,Rawalpindi
O004833,C0445,2026-05-03,Delivered,Website,Islamabad
O004834,C0505,2026-08-21,Delivered,Website,Lahore
O004835,C0028,2026-08-14,Delivered,Website,Islamabad
O004836,C0445,2026-03-09,Delivered,Website,Peshawar
O004837,C0452,2026-05-21,Delivered,Mobile App,Multan
O004838,C0368,2026-08-22,Delivered,Mobile App,Multan
O004839,C0523,2026-06-27,Delivered,Website,Lahore
O004840,C0024,2026-08-04,Delivered,Mobile App,Karachi
O004841,C0420,2026-04-16,Delivered,Website,Karachi
O004842,C0077,2026-03-10,Delivered,Marketplace,Karachi
O004843,C0539,2026-05-05,Delivered,Mobile App,Karachi
O004844,C0300,2026-07-18,Delivered,Website,Lahore
O004845,C0055,2026-08-14,Returned,Mobile App,Islamabad
O004846,C0448,2026-06-16,Shipped,Website,Lahore
O004847,C0450,2026-06-21,Delivered,Marketplace,Islamabad
O004848,C0279,2026-05-05,Delivered,Website,Multan
O004849,C0187,2026-03-19,Cancelled,Marketplace,Karachi
O004850,C0011,2026-04-13,Shipped,Marketplace,Karachi
O004851,C0545,2026-05-01,Shipped,Mobile App,Islamabad
O004852,C0111,2026-07-18,Delivered,Mobile App,Lahore
O004853,C0506,2026-05-15,Delivered,Mobile App,Lahore
O004854,C0354,2026-07-12,Delivered,Website,Peshawar
O004855,C0412,2026-01-07,Delivered,Marketplace,Karachi
O004856,C0417,2026-07-03,Delivered,Website,Islamabad
O004857,C0515,2026-05-04,Delivered,Marketplace,Multan
O004858,C0021,2026-08-31,Delivered,Mobile App,Lahore
O004859,C0595,2026-04-25,Delivered,Website,Islamabad
O004860,C0026,2026-04-27,Delivered,Website,Karachi
O004861,C0600,2026-01-31,Delivered,Website,Karachi
O004862,C0157,2026-07-16,Delivered,Website,Karachi
O004863,C0508,2026-06-20,Delivered,Mobile App,Islamabad
O004864,C0051,2026-07-29,Cancelled,Website,Islamabad
O004865,C0277,2026-01-23,Delivered,Marketplace,Multan
O004866,C0326,2026-02-21,Delivered,Website,Islamabad
O004867,C0573,2026-08-02,Delivered,Mobile App,Karachi
O004868,C0075,2026-01-11,Delivered,Website,Peshawar
O004869,C0022,2026-05-04,Delivered,Website,Karachi
O004870,C0389,2026-04-09,Delivered,Mobile App,Rawalpindi
O004871,C0030,2026-08-17,Shipped,Website,Karachi
O004872,C0467,2026-07-28,Delivered,Mobile App,Rawalpindi
O004873,C0023,2026-08-06,Returned,Mobile App,Multan
O004874,C0583,2026-03-12,Delivered,Website,Karachi
O004875,C0320,2026-05-23,Delivered,Website,Lahore
O004876,C0570,2026-06-20,Delivered,Website,Lahore
O004877,C0076,2026-08-24,Delivered,Website,Karachi
O004878,C0165,2026-01-02,Cancelled,Mobile App,Karachi
O004879,C0273,2026-08-26,Delivered,Website,Islamabad
O004880,C0018,2026-03-28,Delivered,Website,Karachi
O004881,C0062,2026-02-01,Delivered,Mobile App,Karachi
O004882,C0198,2026-05-30,Returned,Website,Rawalpindi
O004883,C0443,2026-07-09,Delivered,Marketplace,Islamabad
O004884,C0426,2026-02-01,Delivered,Mobile App,Karachi
O004885,C0053,2026-01-10,Delivered,Mobile App,Multan
O004886,C0036,2026-08-06,Delivered,Mobile App,Multan
O004887,C0394,2026-08-15,Delivered,Website,Multan
O004888,C0216,2026-02-07,Delivered,Website,Lahore
O004889,C0476,2026-08-08,Shipped,Mobile App,Karachi
O004890,C0179,2026-08-10,Delivered,Website,Karachi
O004891,C0218,2026-08-31,Delivered,Website,Multan
O004892,C0132,2026-02-22,Delivered,Mobile App,Multan
O004893,C0160,2026-05-21,Delivered,Mobile App,Rawalpindi
O004894,C0424,2026-08-30,Delivered,Mobile App,Lahore
O004895,C0283,2026-08-08,Shipped,Website,Lahore
O004896,C0396,2026-05-27,Delivered,Marketplace,Rawalpindi
O004897,C0048,2026-02-17,Delivered,Website,Karachi
O004898,C0322,2026-01-21,Shipped,Marketplace,Lahore
O004899,C0276,2026-03-04,Delivered,Website,Islamabad
O004900,C0547,2026-01-16,Delivered,Marketplace,Rawalpindi
O004901,C0255,2026-02-17,Delivered,Marketplace,Lahore
O004902,C0062,2026-01-19,Delivered,Website,Rawalpindi
O004903,C0419,2026-07-05,Delivered,Mobile App,Karachi
O004904,C0090,2026-05-24,Delivered,Website,Karachi
O004905,C0546,2026-05-06,Delivered,Website,Karachi
O004906,C0231,2026-07-16,Delivered,Website,Karachi
O004907,C0471,2026-04-10,Cancelled,Mobile App,Karachi
O004908,C0394,2026-04-08,Delivered,Website,Lahore
O004909,C0279,2026-02-20,Shipped,Mobile App,Lahore
O004910,C0351,2026-04-19,Delivered,Marketplace,Lahore
O004911,C0110,2026-02-12,Shipped,Marketplace,Lahore
O004912,C0045,2026-05-24,Delivered,Website,Rawalpindi
O004913,C0460,2026-08-31,Returned,Mobile App,Karachi
O004914,C0576,2026-05-10,Delivered,Website,Lahore
O004915,C0518,2026-03-14,Delivered,Website,Karachi
O004916,C0184,2026-06-17,Delivered,Marketplace,Karachi
O004917,C0215,2026-07-19,Delivered,Marketplace,Islamabad
O004918,C0216,2026-04-25,Delivered,Website,Peshawar
O004919,C0422,2026-03-02,Cancelled,Website,Karachi
O004920,C0375,2026-06-23,Delivered,Website,Lahore
O004921,C0478,2026-02-15,Shipped,Website,Karachi
O004922,C0568,2026-08-31,Delivered,Website,Karachi
O004923,C0236,2026-03-19,Shipped,Website,Multan
O004924,C0398,2026-03-27,Cancelled,Website,Islamabad
O004925,C0301,2026-06-26,Delivered,Website,Rawalpindi
O004926,C0573,2026-01-03,Delivered,Mobile App,Multan
O004927,C0213,2026-02-19,Delivered,Mobile App,Islamabad
O004928,C0113,2026-01-31,Delivered,Mobile App,Karachi
O004929,C0228,2026-04-06,Delivered,Website,Rawalpindi
O004930,C0372,2026-05-15,Delivered,Mobile App,Rawalpindi
O004931,C0573,2026-02-13,Delivered,Website,Lahore
O004932,C0498,2026-03-25,Delivered,Marketplace,Islamabad
O004933,C0012,2026-07-07,Delivered,Website,Lahore
O004934,C0306,2026-08-17,Delivered,Marketplace,Karachi
O004935,C0096,2026-01-04,Delivered,Website,Islamabad
O004936,C0218,2026-06-02,Cancelled,Mobile App,Karachi
O004937,C0567,2026-01-07,Returned,Website,Karachi
O004938,C0591,2026-05-07,Shipped,Mobile App,Lahore
O004939,C0093,2026-08-02,Delivered,Mobile App,Islamabad
O004940,C0085,2026-07-13,Delivered,Website,Peshawar
O004941,C0418,2026-02-26,Delivered,Mobile App,Islamabad
O004942,C0247,2026-03-04,Delivered,Website,Rawalpindi
O004943,C0260,2026-07-10,Returned,Mobile App,Karachi
O004944,C0525,2026-07-19,Delivered,Website,Islamabad
O004945,C0553,2026-03-10,Delivered,Mobile App,Karachi
O004946,C0541,2026-01-01,Returned,Marketplace,Lahore
O004947,C0470,2026-04-19,Delivered,Website,Islamabad
O004948,C0589,2026-05-31,Delivered,Mobile App,Karachi
O004949,C0432,2026-04-18,Delivered,Marketplace,Multan
O004950,C0531,2026-08-16,Delivered,Mobile App,Lahore
O004951,C0325,2026-07-17,Delivered,Website,Islamabad
O004952,C0031,2026-07-11,Delivered,Website,Lahore
O004953,C0490,2026-01-05,Delivered,Website,Rawalpindi
O004954,C0558,2026-07-27,Delivered,Website,Islamabad
O004955,C0188,2026-07-03,Delivered,Website,Karachi
O004956,C0257,2026-04-07,Delivered,Mobile App,Multan
O004957,C0344,2026-05-24,Delivered,Mobile App,Islamabad
O004958,C0391,2026-07-20,Delivered,Mobile App,Lahore
O004959,C0405,2026-08-09,Delivered,Website,Islamabad
O004960,C0237,2026-05-14,Delivered,Website,Karachi
O004961,C0513,2026-01-11,Delivered,Mobile App,Rawalpindi
O004962,C0489,2026-05-31,Delivered,Mobile App,Lahore
O004963,C0566,2026-06-15,Delivered,Marketplace,Peshawar
O004964,C0346,2026-01-15,Delivered,Mobile App,Karachi
O004965,C0047,2026-07-18,Shipped,Website,Peshawar
O004966,C0508,2026-02-18,Returned,Mobile App,Multan
O004967,C0048,2026-08-05,Cancelled,Mobile App,Multan
O004968,C0117,2026-05-14,Delivered,Website,Rawalpindi
O004969,C0172,2026-03-20,Shipped,Mobile App,Rawalpindi
O004970,C0111,2026-01-15,Delivered,Website,Lahore
O004971,C0435,2026-01-05,Delivered,Website,Karachi
O004972,C0265,2026-06-30,Cancelled,Website,Lahore
O004973,C0132,2026-04-02,Delivered,Mobile App,Lahore
O004974,C0003,2026-07-24,Delivered,Mobile App,Karachi
O004975,C0130,2026-02-26,Delivered,Website,Rawalpindi
O004976,C0416,2026-08-12,Delivered,Mobile App,Karachi
O004977,C0477,2026-08-17,Delivered,Mobile App,Islamabad
O004978,C0178,2026-01-25,Delivered,Website,Lahore
O004979,C0044,2026-06-07,Delivered,Website,Peshawar
O004980,C0335,2026-08-17,Delivered,Website,Karachi
O004981,C0470,2026-03-20,Delivered,Website,Karachi
O004982,C0043,2026-01-17,Delivered,Marketplace,Lahore
O004983,C0478,2026-08-01,Delivered,Mobile App,Lahore
O004984,C0103,2026-04-26,Delivered,Website,Karachi
O004985,C0155,2026-01-07,Delivered,Mobile App,Islamabad
O004986,C0374,2026-07-24,Delivered,Website,Multan
O004987,C0031,2026-06-14,Delivered,Website,Rawalpindi
O004988,C0184,2026-01-18,Delivered,Website,Karachi
O004989,C0084,2026-03-04,Delivered,Website,Karachi
O004990,C0129,2026-01-05,Delivered,Website,Lahore
O004991,C0465,2026-08-21,Delivered,Website,Islamabad
O004992,C0138,2026-01-07,Delivered,Website,Multan
O004993,C0027,2026-07-13,Delivered,Website,Karachi
O004994,C0129,2026-05-05,Delivered,Mobile App,Lahore
O004995,C0053,2026-05-22,Cancelled,Website,Multan
O004996,C0374,2026-07-17,Delivered,Mobile App,Karachi
O004997,C0584,2026-08-06,Shipped,Website,Multan
O004998,C0101,2026-01-31,Delivered,Marketplace,Lahore
O004999,C0438,2026-01-05,Delivered,Website,Rawalpindi
O005000,C0218,2026-01-31,Delivered,Mobile App,Lahore
O005001,C0044,2026-06-15,Delivered,Website,Peshawar
O005002,C0413,2026-05-19,Shipped,Website,Multan
O005003,C0126,2026-01-21,Delivered,Mobile App,Karachi
O005004,C0309,2026-02-26,Delivered,Mobile App,Rawalpindi
O005005,C0305,2026-05-11,Returned,Marketplace,Karachi
O005006,C0359,2026-06-27,Cancelled,Mobile App,Karachi
O005007,C0081,2026-03-25,Delivered,Website,Lahore
O005008,C0151,2026-08-19,Delivered,Mobile App,Islamabad
O005009,C0443,2026-08-30,Delivered,Website,Lahore
O005010,C0560,2026-07-06,Delivered,Mobile App,Karachi
O005011,C0008,2026-04-21,Cancelled,Mobile App,Karachi
O005012,C0249,2026-08-02,Delivered,Website,Karachi
O005013,C0529,2026-06-26,Delivered,Mobile App,Karachi
O005014,C0173,2026-05-07,Delivered,Website,Karachi
O005015,C0269,2026-04-18,Delivered,Website,Peshawar
O005016,C0543,2026-07-22,Delivered,Marketplace,Karachi
O005017,C0582,2026-05-16,Delivered,Website,Multan
O005018,C0394,2026-02-14,Delivered,Website,Karachi
O005019,C0417,2026-08-31,Delivered,Mobile App,Lahore
O005020,C0369,2026-01-17,Delivered,Website,Karachi
O005021,C0171,2026-06-18,Delivered,Website,Karachi
O005022,C0533,2026-06-09,Delivered,Website,Islamabad
O005023,C0021,2026-05-23,Delivered,Mobile App,Karachi
O005024,C0036,2026-01-13,Delivered,Website,Karachi
O005025,C0362,2026-04-30,Cancelled,Mobile App,Lahore
O005026,C0503,2026-08-05,Delivered,Website,Rawalpindi
O005027,C0489,2026-02-28,Delivered,Marketplace,Lahore
O005028,C0407,2026-06-18,Delivered,Website,Karachi
O005029,C0226,2026-07-28,Delivered,Website,Karachi
O005030,C0216,2026-08-20,Delivered,Marketplace,Islamabad
O005031,C0256,2026-05-06,Delivered,Mobile App,Multan
O005032,C0154,2026-03-18,Delivered,Website,Karachi
O005033,C0252,2026-06-20,Delivered,Website,Karachi
O005034,C0063,,Delivered,Mobile App,Lahore
O005035,C0192,2026-06-02,Delivered,Website,Multan
O005036,C0565,2026-06-30,Delivered,Website,Karachi
O005037,C0425,2026-06-22,Delivered,Mobile App,Peshawar
O005038,C0086,2026-02-28,Delivered,Mobile App,Rawalpindi
O005039,C0172,2026-07-03,Delivered,Mobile App,Karachi
O005040,C0156,2026-05-12,Delivered,Mobile App,Rawalpindi
O005041,C0170,2026-08-15,Delivered,Marketplace,Islamabad
O005042,C0415,2026-06-10,Delivered,Website,Karachi
O005043,C0538,2026-08-05,Delivered,Mobile App,Karachi
O005044,C0427,2026-08-26,Delivered,Website,Karachi
O005045,C0294,2026-08-30,Delivered,Mobile App,Karachi
O005046,C0097,2026-06-30,Delivered,Mobile App,Rawalpindi
O005047,C0086,2026-05-26,Delivered,Website,Islamabad
O005048,C0489,2026-01-29,Delivered,Mobile App,Peshawar
O005049,C0407,2026-04-04,Delivered,Marketplace,Lahore
O005050,C0307,2026-04-26,Delivered,Website,Lahore
O005051,C0347,2026-07-09,Cancelled,Website,Karachi
O005052,C0510,2026-05-24,Delivered,Website,Peshawar
O005053,C0489,2026-04-17,Delivered,Mobile App,Karachi
O005054,C0053,2026-02-05,Delivered,Mobile App,Karachi
O005055,C0238,2026-06-23,Delivered,Website,Islamabad
O005056,C0026,2026-04-15,Delivered,Website,Rawalpindi
O005057,C0231,2026-01-09,Cancelled,Mobile App,Karachi
O005058,C0383,2026-03-11,Delivered,Website,Islamabad
O005059,C0126,2026-08-02,Delivered,Website,Karachi
O005060,C0091,2026-01-29,Delivered,Website,Rawalpindi
O005061,C0295,2026-04-09,Shipped,Mobile App,Rawalpindi
O005062,C0315,2026-05-05,Returned,Marketplace,Rawalpindi
O005063,C0429,2026-01-21,Shipped,Mobile App,Karachi
O005064,C0009,2026-02-10,Delivered,Website,Lahore
O005065,C0149,2026-08-17,Delivered,Mobile App,Karachi
O005066,C0468,2026-05-24,Delivered,Website,Lahore
O005067,C0410,2026-02-21,Delivered,Marketplace,Multan
O005068,C0540,2026-02-11,Delivered,Website,Karachi
O005069,C0489,2026-04-14,Cancelled,Marketplace,Islamabad
O005070,C0504,2026-06-25,Delivered,Marketplace,Karachi
O005071,C0307,2026-06-27,Delivered,Marketplace,Lahore
O005072,C0576,2026-02-17,Delivered,Website,Lahore
O005073,C0250,2026-06-26,Delivered,Mobile App,Lahore
O005074,C0542,2026-08-06,Delivered,Mobile App,Islamabad
O005075,C0236,2026-02-25,Shipped,Website,Multan
O005076,C0267,2026-01-07,Delivered,Mobile App,Peshawar
O005077,C0412,2026-08-22,Delivered,Mobile App,Multan
O005078,C0240,2026-05-07,Delivered,Marketplace,Karachi
O005079,C0089,2026-07-08,Delivered,Mobile App,Multan
O005080,C0538,2026-03-19,Delivered,Website,Karachi
O005081,C0272,2026-03-14,Delivered,Mobile App,Karachi
O005082,C0557,2026-02-24,Delivered,Website,Lahore
O005083,C0240,2026-02-22,Delivered,Website,Karachi
O005084,C0584,2026-04-25,Cancelled,Mobile App,Rawalpindi
O005085,C0362,2026-01-26,Delivered,Mobile App,Karachi
O005086,C0461,2026-07-24,Delivered,Mobile App,Lahore
O005087,C0454,2026-05-05,Shipped,Mobile App,Karachi
O005088,C0122,2026-08-11,Delivered,Website,Karachi
O005089,C0490,2026-05-03,Shipped,Mobile App,Peshawar
O005090,C0567,2026-03-15,Cancelled,Website,Lahore
O005091,C0397,2026-05-06,Shipped,Marketplace,Karachi
O005092,C0569,2026-02-07,Delivered,Marketplace,Rawalpindi
O005093,C0508,2026-07-20,Delivered,Marketplace,Peshawar
O005094,C0400,2026-06-24,Delivered,Marketplace,Lahore
O005095,C0287,2026-02-05,Delivered,Mobile App,Karachi
O005096,C0515,2026-05-22,Returned,Mobile App,Multan
O005097,C0112,2026-05-11,Delivered,Mobile App,Lahore
O005098,C0337,2026-02-18,Delivered,Website,Karachi
O005099,C0490,2026-01-30,Delivered,Mobile App,Karachi
O005100,C0567,2026-07-04,Delivered,Website,Karachi
O005101,C0161,2026-03-06,Delivered,Marketplace,Multan
O005102,C0057,2026-05-07,Delivered,Mobile App,Multan
O005103,C0201,2026-03-02,Delivered,Mobile App,Lahore
O005104,C0519,2026-06-08,Delivered,Mobile App,Rawalpindi
O005105,C0315,2026-01-12,Delivered,Mobile App,Peshawar
O005106,C0034,2026-03-29,Cancelled,Marketplace,Lahore
O005107,C0072,2026-05-13,Delivered,Website,Islamabad
O005108,C0204,2026-04-17,Delivered,Website,Multan
O005109,C0206,2026-05-29,Delivered,Website,Karachi
O005110,C0082,2026-02-13,Delivered,Mobile App,Karachi
O005111,C0297,2026-04-18,Shipped,Mobile App,Rawalpindi
O005112,C0288,2026-07-03,Delivered,Mobile App,Rawalpindi
O005113,C0120,2026-03-23,Delivered,Website,Karachi
O005114,C0140,2026-02-08,Delivered,Website,Karachi
O005115,C0399,2026-07-26,Delivered,Marketplace,Islamabad
O005116,C0572,2026-07-09,Shipped,Mobile App,Lahore
O005117,C0598,2026-06-15,Delivered,Website,Multan
O005118,C0336,2026-07-13,Cancelled,Website,Peshawar
O005119,C0024,2026-07-09,Delivered,Website,Lahore
O005120,C0539,2026-07-01,Delivered,Mobile App,Islamabad
O005121,C0571,2026-05-04,Shipped,Mobile App,Islamabad
O005122,C0167,2026-01-05,Delivered,Mobile App,Karachi
O005123,C0241,2026-05-26,Delivered,Mobile App,Lahore
O005124,C0016,2026-03-08,Delivered,Marketplace,Lahore
O005125,C0481,2026-07-07,Delivered,Website,Multan
O005126,C0466,2026-04-24,Delivered,Website,Multan
O005127,C0013,2026-08-08,Delivered,Website,Karachi
O005128,C0422,2026-05-25,Delivered,Marketplace,Peshawar
O005129,C0248,2026-05-14,Delivered,Mobile App,Islamabad
O005130,C0328,2026-08-12,Delivered,Mobile App,Karachi
O005131,C0132,2026-04-26,Delivered,Mobile App,Lahore
O005132,C0490,2026-04-02,Delivered,Website,Multan
O005133,C0243,2026-04-01,Delivered,Website,Lahore
O005134,C0505,2026-08-01,Delivered,Mobile App,Islamabad
O005135,C0089,2026-07-03,Delivered,Marketplace,Lahore
O005136,C0353,2026-02-09,Delivered,Website,Islamabad
O005137,C0187,2026-04-30,Delivered,Website,Lahore
O005138,C0580,2026-04-01,Delivered,Marketplace,Lahore
O005139,C0335,2026-06-07,Delivered,Mobile App,Multan
O005140,C0432,2026-01-13,Delivered,Mobile App,Lahore
O005141,C0052,2026-06-23,Delivered,Website,Karachi
O005142,C0407,2026-06-30,Delivered,Website,Lahore
O005143,C0061,2026-02-25,Cancelled,Website,Rawalpindi
O005144,C0217,2026-02-06,Delivered,Website,Lahore
O005145,C0134,2026-06-02,Delivered,Mobile App,Rawalpindi
O005146,C0002,2026-03-04,Delivered,Mobile App,Karachi
O005147,C0352,2026-08-17,Delivered,Mobile App,Islamabad
O005148,C0145,2026-07-08,Delivered,Website,Peshawar
O005149,C0308,2026-08-21,Delivered,Website,Lahore
O005150,C0459,2026-05-10,Delivered,Mobile App,Islamabad
O005151,C0107,2026-08-17,Delivered,Website,Islamabad
O005152,C0426,2026-01-04,Shipped,Website,Rawalpindi
O005153,C0179,2026-03-12,Shipped,Website,Lahore
O005154,C0199,2026-01-01,Delivered,Website,Islamabad
O005155,C0347,2026-06-14,Delivered,Website,Lahore
O005156,C0376,2026-05-05,Delivered,Website,Lahore
O005157,C0394,2026-03-11,Cancelled,Marketplace,Lahore
O005158,C0118,2026-03-16,Delivered,Website,Lahore
O005159,C0348,2026-06-06,Delivered,Mobile App,Karachi
O005160,C0159,2026-02-13,Cancelled,Mobile App,Rawalpindi
O005161,C0167,2026-05-06,Shipped,Mobile App,Islamabad
O005162,C0569,2026-05-30,Delivered,Mobile App,Karachi
O005163,C0061,2026-02-28,Shipped,Website,Karachi
O005164,C0248,2026-02-25,Delivered,Website,Islamabad
O005165,C0264,2026-03-28,Delivered,Mobile App,Lahore
O005166,C0147,2026-05-24,Cancelled,Marketplace,Rawalpindi
O005167,C0472,2026-03-03,Delivered,Website,Lahore
O005168,C0293,2026-04-03,Delivered,Website,Peshawar
O005169,C0432,2026-05-13,Delivered,Marketplace,Karachi
O005170,C0233,2026-02-15,Delivered,Mobile App,Islamabad
O005171,C0539,2026-05-19,Delivered,Mobile App,Lahore
O005172,C0438,2026-02-03,Delivered,Mobile App,Karachi
O005173,C0200,2026-02-04,Delivered,Marketplace,Multan
O005174,C0578,2026-02-27,Delivered,Mobile App,Peshawar
O005175,C0520,2026-03-11,Shipped,Mobile App,Karachi
O005176,C0356,2026-01-08,Delivered,Mobile App,Karachi
O005177,C0010,2026-08-22,Delivered,Website,Peshawar
O005178,C0355,2026-03-16,Delivered,Marketplace,Karachi
O005179,C0415,2026-07-15,Delivered,Marketplace,Multan
O005180,C0219,2026-08-08,Delivered,Mobile App,Karachi
O005181,C0087,2026-07-14,Shipped,Website,Lahore
O005182,C0339,2026-07-22,Cancelled,Mobile App,Karachi
O005183,C0481,2026-01-25,Delivered,Website,Lahore
O005184,C0192,2026-04-01,Returned,Mobile App,Karachi
O005185,C0274,2026-07-01,Delivered,Website,Lahore
O005186,C0001,2026-05-20,Delivered,Mobile App,Multan
O005187,C0423,2026-01-02,Delivered,Marketplace,Karachi
O005188,C0520,2026-05-18,Delivered,Website,Islamabad
O005189,C0466,2026-07-15,Cancelled,Mobile App,Karachi
O005190,C0258,2026-07-21,Delivered,Marketplace,Islamabad
O005191,C0028,2026-04-04,Delivered,Website,Karachi
O005192,C0296,2026-02-27,Delivered,Website,Islamabad
O005193,C0565,2026-03-17,Delivered,Website,Rawalpindi
O005194,C0051,2026-03-14,Delivered,Mobile App,Multan
O005195,C0129,2026-03-26,Cancelled,Mobile App,Multan
O005196,C0503,2026-03-15,Delivered,Website,Karachi
O005197,C0341,2026-04-22,Delivered,Website,Karachi
O005198,C0103,2026-01-10,Delivered,Website,Karachi
O005199,C0015,2026-03-08,Delivered,Website,Rawalpindi
O005200,C0247,2026-03-18,Delivered,Mobile App,Karachi
O005201,C0357,2026-02-07,Delivered,Website,Peshawar
O005202,C0505,2026-08-02,Delivered,Mobile App,Multan
O005203,C0531,2026-06-14,Delivered,Mobile App,Karachi
O005204,C0275,2026-08-10,Delivered,Marketplace,Karachi
O005205,C0254,2026-05-17,Delivered,Website,Lahore
O005206,C0559,2026-01-27,Delivered,Mobile App,Lahore
O005207,C0467,2026-08-08,Delivered,Mobile App,Lahore
O005208,C0126,2026-04-22,Delivered,Mobile App,Karachi
O005209,C0409,2026-06-16,Delivered,Website,Multan
O005210,C0430,2026-04-03,Delivered,Website,Islamabad
O005211,C0141,2026-05-01,Delivered,Mobile App,Karachi
O005212,C0587,2026-04-29,Delivered,Mobile App,Karachi
O005213,C0179,2026-03-11,Shipped,Marketplace,Rawalpindi
O005214,C0330,2026-05-15,Cancelled,Mobile App,Karachi
O005215,C0297,2026-06-28,Delivered,Mobile App,Multan
O005216,C0416,2026-01-05,Delivered,Marketplace,Lahore
O005217,C0541,2026-02-01,Delivered,Mobile App,Multan
O005218,C0236,2026-07-24,Shipped,Website,Rawalpindi
O005219,C0231,2026-05-19,Delivered,Website,Multan
O005220,C0451,2026-08-25,Delivered,Mobile App,Rawalpindi
O005221,C0572,2026-05-27,Delivered,Website,Islamabad
O005222,C0546,2026-06-08,Delivered,Marketplace,Karachi
O005223,C0452,2026-08-07,Delivered,Website,Rawalpindi
O005224,C0422,2026-06-10,Delivered,Website,Islamabad
O005225,C0462,2026-03-22,Delivered,Mobile App,Lahore
O005226,C0562,2026-05-09,Shipped,Mobile App,Lahore
O005227,C0007,2026-02-27,Delivered,Marketplace,Karachi
O005228,C0354,2026-03-23,Delivered,Website,Lahore
O005229,C0021,2026-06-15,Cancelled,Website,Karachi
O005230,C0347,2026-02-06,Delivered,Mobile App,Lahore
O005231,C0237,2026-06-13,Shipped,Marketplace,Lahore
O005232,C0183,2026-05-22,Returned,Website,Peshawar
O005233,C0535,2026-03-16,Delivered,Mobile App,Lahore
O005234,C0426,2026-01-11,Delivered,Website,Multan
O005235,C0341,2026-06-21,Delivered,Mobile App,Multan
O005236,C0530,2026-07-20,Delivered,Website,Karachi
O005237,C0059,2026-06-27,Delivered,Marketplace,Islamabad
O005238,C0388,2026-04-13,Delivered,Website,Karachi
O005239,C0094,2026-06-08,Delivered,Mobile App,Peshawar
O005240,C0140,2026-04-11,Delivered,Mobile App,Lahore
O005241,C0112,2026-03-29,Delivered,Website,Karachi
O005242,C0327,2026-03-21,Delivered,Website,Karachi
O005243,C0378,2026-02-21,Delivered,Mobile App,Islamabad
O005244,C0454,2026-08-24,Delivered,Mobile App,Karachi
O005245,C0265,2026-06-11,Delivered,Mobile App,Lahore
O005246,C0564,2026-02-12,Delivered,Mobile App,Peshawar
O005247,C0225,2026-07-30,Delivered,Website,Karachi
O005248,C0094,2026-02-06,Delivered,Marketplace,Rawalpindi
O005249,C0022,2026-05-25,Shipped,Website,Islamabad
O005250,C0077,2026-02-10,Delivered,Mobile App,Karachi
O005251,C0268,2026-03-29,Delivered,Marketplace,Karachi
O005252,C0248,2026-06-10,Shipped,Marketplace,Karachi
O005253,C0513,2026-08-31,Delivered,Website,Multan
O005254,C0076,2026-08-30,Shipped,Website,Islamabad
O005255,C0158,2026-08-06,Delivered,Mobile App,Lahore
O005256,C0589,2026-02-27,Delivered,Website,Peshawar
O005257,C0018,2026-01-23,Delivered,Mobile App,Karachi
O005258,C0255,2026-08-09,Delivered,Mobile App,Karachi
O005259,C0119,2026-08-13,Cancelled,Website,Karachi
O005260,C0321,2026-03-09,Delivered,Website,Rawalpindi
O005261,C0585,2026-01-05,Delivered,Mobile App,Lahore
O005262,C0137,2026-06-07,Delivered,Mobile App,Islamabad
O005263,C0223,,Cancelled,Website,Karachi
O005264,C0270,2026-01-10,Delivered,Website,Rawalpindi
O005265,C0480,2026-08-16,Delivered,Website,Peshawar
O005266,C0591,2026-05-01,Returned,Mobile App,Lahore
O005267,C0058,2026-01-28,Delivered,Mobile App,Karachi
O005268,C0294,2026-06-09,Delivered,Marketplace,Islamabad
O005269,C0452,2026-03-31,Delivered,Marketplace,Karachi
O005270,C0006,2026-05-11,Delivered,Mobile App,Karachi
O005271,C0484,2026-08-07,Delivered,Marketplace,Islamabad
O005272,C0146,2026-02-27,Delivered,Website,Lahore
O005273,C0312,2026-06-07,Cancelled,Mobile App,Rawalpindi
O005274,C0588,2026-07-21,Delivered,Mobile App,Karachi
O005275,C0382,2026-04-13,Delivered,Mobile App,Karachi
O005276,C0594,2026-08-24,Delivered,Mobile App,Islamabad
O005277,C0363,2026-04-19,Delivered,Website,Rawalpindi
O005278,C0127,2026-04-22,Delivered,Marketplace,Lahore
O005279,C0416,2026-08-03,Delivered,Marketplace,Lahore
O005280,C0370,2026-06-04,Delivered,Marketplace,Karachi
O005281,C0187,2026-07-31,Shipped,Website,Lahore
O005282,C0047,2026-07-12,Delivered,Marketplace,Multan
O005283,C0389,2026-06-23,Delivered,Mobile App,Karachi
O005284,C0347,2026-02-28,Delivered,Mobile App,Lahore
O005285,C0465,2026-04-07,Delivered,Website,Karachi
O005286,C0076,2026-07-30,Delivered,Mobile App,Karachi
O005287,C0324,2026-05-30,Cancelled,Mobile App,Rawalpindi
O005288,C0492,2026-03-10,Delivered,Mobile App,Lahore
O005289,C0535,2026-03-21,Delivered,Marketplace,Karachi
O005290,C0564,2026-07-08,Delivered,Website,Lahore
O005291,C0128,2026-02-13,Delivered,Mobile App,Karachi
O005292,C0104,2026-01-28,Delivered,Website,Lahore
O005293,C0346,2026-07-05,Delivered,Website,Rawalpindi
O005294,C0278,2026-03-12,Delivered,Website,Karachi
O005295,C0141,2026-07-05,Delivered,Website,Lahore
O005296,C0062,2026-05-10,Delivered,Website,Lahore
O005297,C0087,2026-08-31,Delivered,Website,Peshawar
O005298,C0204,2026-05-08,Delivered,Website,Karachi
O005299,C0444,2026-07-30,Delivered,Mobile App,Lahore
O005300,C0040,2026-07-26,Delivered,Website,Karachi
O005301,C0064,2026-02-21,Delivered,Website,Karachi
O005302,C0159,2026-08-31,Delivered,Website,Karachi
O005303,C0525,2026-07-01,Delivered,Website,Rawalpindi
O005304,C0595,2026-01-27,Delivered,Website,Karachi
O005305,C0265,2026-01-02,Delivered,Marketplace,Multan
O005306,C0027,2026-03-07,Shipped,Mobile App,Lahore
O005307,C0008,2026-01-04,Returned,Website,Peshawar
O005308,C0516,2026-03-28,Shipped,Mobile App,Karachi
O005309,C0267,2026-08-31,Delivered,Website,Karachi
O005310,C0047,2026-04-27,Delivered,Mobile App,Rawalpindi
O005311,C0501,2026-01-06,Delivered,Marketplace,Lahore
O005312,C0318,2026-05-01,Delivered,Website,Lahore
O005313,C0210,2026-02-23,Cancelled,Website,Peshawar
O005314,C0272,2026-07-28,Delivered,Mobile App,Islamabad
O005315,C0136,2026-01-23,Delivered,Website,Peshawar
O005316,C0559,2026-07-07,Cancelled,Website,Karachi
O005317,C0473,2026-04-19,Delivered,Mobile App,Islamabad
O005318,C0120,2026-01-05,Delivered,Mobile App,Islamabad
O005319,C0441,2026-06-13,Delivered,Website,Islamabad
O005320,C0108,2026-04-21,Delivered,Mobile App,Islamabad
O005321,C0272,2026-07-07,Cancelled,Website,Rawalpindi
O005322,C0450,2026-05-31,Delivered,Website,Peshawar
O005323,C0022,2026-07-11,Delivered,Mobile App,Karachi
O005324,C0436,2026-04-22,Delivered,Mobile App,Karachi
O005325,C0136,2026-01-02,Shipped,Mobile App,Karachi
O005326,C0420,2026-02-01,Cancelled,Mobile App,Karachi
O005327,C0300,2026-04-22,Cancelled,Mobile App,Islamabad
O005328,C0016,2026-04-07,Shipped,Marketplace,Lahore
O005329,C0458,2026-07-13,Delivered,Mobile App,Karachi
O005330,C0156,2026-04-11,Delivered,Website,Multan
O005331,C0572,2026-07-29,Cancelled,Mobile App,Multan
O005332,C0504,2026-02-15,Delivered,Website,Lahore
O005333,C0116,2026-04-04,Delivered,Mobile App,Lahore
O005334,C0361,2026-07-03,Delivered,Website,Karachi
O005335,C0218,2026-01-31,Delivered,Mobile App,Lahore
O005336,C0362,2026-03-20,Delivered,Mobile App,Lahore
O005337,C0335,2026-07-02,Shipped,Mobile App,Karachi
O005338,C0178,2026-05-24,Delivered,Website,Rawalpindi
O005339,C0391,2026-07-09,Delivered,Website,Lahore
O005340,C0157,2026-05-06,Delivered,Mobile App,Karachi
O005341,C0545,2026-07-28,Delivered,Marketplace,Islamabad
O005342,C0568,2026-08-02,Delivered,Website,Lahore
O005343,C0100,2026-08-25,Delivered,Website,Karachi
O005344,C0437,2026-01-30,Delivered,Website,Karachi
O005345,C0558,2026-05-24,Delivered,Mobile App,Karachi
O005346,C0077,2026-01-28,Delivered,Website,Lahore
O005347,C0444,2026-02-25,Delivered,Marketplace,Lahore
O005348,C0563,2026-03-14,Delivered,Mobile App,Karachi
O005349,C0136,2026-06-07,Delivered,Website,Peshawar
O005350,C0350,2026-04-15,Delivered,Website,Peshawar
O005351,C0479,2026-07-30,Delivered,Website,Lahore
O005352,C0201,2026-03-14,Shipped,Mobile App,Peshawar
O005353,C0143,2026-05-30,Delivered,Website,Lahore
O005354,C0239,2026-07-05,Delivered,Website,Karachi
O005355,C0202,2026-08-27,Delivered,Mobile App,Lahore
O005356,C0436,2026-03-01,Delivered,Website,Karachi
O005357,C0223,2026-06-28,Delivered,Mobile App,Lahore
O005358,C0226,2026-01-21,Delivered,Marketplace,Multan
O005359,C0567,2026-05-13,Delivered,Website,Lahore
O005360,C0348,2026-04-11,Delivered,Website,Karachi
O005361,C0558,2026-08-21,Shipped,Marketplace,Karachi
O005362,C0427,2026-07-07,Delivered,Website,Multan
O005363,C0532,2026-08-14,Cancelled,Website,Karachi
O005364,C0118,2026-07-26,Shipped,Mobile App,Multan
O005365,C0563,2026-04-10,Delivered,Mobile App,Karachi
O005366,C0567,2026-06-28,Delivered,Marketplace,Rawalpindi
O005367,C0025,2026-01-08,Delivered,Website,Karachi
O005368,C0214,2026-05-16,Delivered,Website,Karachi
O005369,C0248,2026-01-12,Delivered,Website,Karachi
O005370,C0252,2026-06-25,Delivered,Website,Karachi
O005371,C0468,2026-08-23,Delivered,Mobile App,Karachi
O005372,C0420,2026-06-15,Delivered,Website,Karachi
O005373,C0128,2026-07-24,Delivered,Website,Islamabad
O005374,C0366,2026-02-26,Delivered,Website,Lahore
O005375,C0585,2026-08-30,Shipped,Website,Karachi
O005376,C0265,2026-05-14,Delivered,Website,Islamabad
O005377,C0557,2026-06-13,Delivered,Mobile App,Rawalpindi
O005378,C0390,2026-07-07,Delivered,Website,Multan
O005379,C0555,2026-06-05,Cancelled,Mobile App,Lahore
O005380,C0542,2026-03-19,Delivered,Website,Lahore
O005381,C0011,2026-05-29,Delivered,Website,Multan
O005382,C0481,2026-06-08,Cancelled,Marketplace,Multan
O005383,C0114,2026-07-28,Delivered,Marketplace,Multan
O005384,C0495,2026-04-27,Delivered,Website,Islamabad
O005385,C0485,2026-05-02,Delivered,Website,Islamabad
O005386,C0156,2026-05-03,Delivered,Marketplace,Multan
O005387,C0040,2026-01-28,Delivered,Mobile App,Lahore
O005388,C0252,2026-01-22,Delivered,Website,Karachi
O005389,C0182,2026-01-05,Delivered,Website,Multan
O005390,C0333,2026-06-11,Delivered,Website,Peshawar
O005391,C0050,2026-04-12,Delivered,Mobile App,Karachi
O005392,C0027,2026-07-30,Shipped,Mobile App,Karachi
O005393,C0263,2026-06-20,Delivered,Website,Multan
O005394,C0462,2026-02-04,Delivered,Website,Karachi
O005395,C0189,2026-01-25,Delivered,Website,Rawalpindi
O005396,C0195,2026-03-30,Delivered,Mobile App,Karachi
O005397,C0099,2026-08-12,Delivered,Marketplace,Karachi
O005398,C0170,2026-01-12,Delivered,Mobile App,Rawalpindi
O005399,C0180,2026-02-15,Delivered,Mobile App,Multan
O005400,C0156,2026-01-08,Delivered,Website,Lahore
O005401,C0207,2026-04-11,Delivered,Mobile App,Karachi
O005402,C0171,2026-08-29,Delivered,Website,Karachi
O005403,C0409,2026-06-16,Delivered,Website,Karachi
O005404,C0203,2026-04-30,Delivered,Mobile App,Multan
O005405,C0453,2026-02-05,Delivered,Mobile App,Lahore
O005406,C0363,2026-03-28,Delivered,Website,Multan
O005407,C0385,2026-05-08,Delivered,Website,Peshawar
O005408,C0351,2026-03-08,Delivered,Marketplace,Lahore
O005409,C0554,2026-06-21,Delivered,Mobile App,Karachi
O005410,C0154,2026-08-27,Cancelled,Mobile App,Multan
O005411,C0590,2026-02-20,Delivered,Website,Karachi
O005412,C0124,2026-03-03,Delivered,Mobile App,Peshawar
O005413,C0083,2026-01-31,Delivered,Website,Lahore
O005414,C0496,2026-06-26,Delivered,Website,Karachi
O005415,C0538,2026-04-23,Delivered,Website,Lahore
O005416,C0056,2026-03-10,Delivered,Website,Lahore
O005417,C0360,2026-02-23,Delivered,Mobile App,Islamabad
O005418,C0308,2026-01-18,Delivered,Mobile App,Islamabad
O005419,C0133,2026-04-26,Delivered,Website,Karachi
O005420,C0313,2026-06-16,Delivered,Marketplace,Lahore
O005421,C0412,2026-02-27,Delivered,Mobile App,Lahore
O005422,C0345,2026-01-01,Delivered,Mobile App,Multan
O005423,C0312,2026-04-26,Delivered,Website,Multan
O005424,C0532,2026-06-14,Delivered,Website,Islamabad
O005425,C0136,2026-03-25,Delivered,Mobile App,Multan
O005426,C0375,2026-03-02,Delivered,Mobile App,Lahore
O005427,C0190,2026-02-07,Delivered,Website,Karachi
O005428,C0585,2026-07-01,Cancelled,Mobile App,Karachi
O005429,C0151,2026-07-29,Delivered,Website,Peshawar
O005430,C0523,2026-07-07,Delivered,Website,Lahore
O005431,C0380,2026-05-06,Delivered,Website,Peshawar
O005432,C0129,2026-06-25,Delivered,Website,Lahore
O005433,C0456,2026-04-07,Delivered,Website,Karachi
O005434,C0145,2026-01-06,Delivered,Marketplace,Lahore
O005435,C0158,2026-03-31,Delivered,Mobile App,Islamabad
O005436,C0207,2026-06-21,Delivered,Website,Lahore
O005437,C0410,2026-06-07,Delivered,Website,Peshawar
O005438,C0235,2026-08-29,Delivered,Mobile App,Islamabad
O005439,C0342,2026-08-31,Delivered,Website,Lahore
O005440,C0332,2026-02-28,Delivered,Mobile App,Rawalpindi
O005441,C0118,2026-01-03,Shipped,Mobile App,Karachi
O005442,C0140,2026-03-08,Delivered,Marketplace,Peshawar
O005443,C0185,2026-08-01,Delivered,Website,Karachi
O005444,C0134,2026-07-17,Delivered,Marketplace,Islamabad
O005445,C0552,2026-01-24,Delivered,Mobile App,Lahore
O005446,C0229,2026-02-08,Delivered,Mobile App,Karachi
O005447,C0243,2026-05-17,Delivered,Marketplace,Islamabad
O005448,C0404,2026-06-10,Delivered,Website,Lahore
O005449,C0473,2026-08-27,Delivered,Website,Islamabad
O005450,C0413,2026-07-03,Delivered,Mobile App,Lahore
O005451,C0331,2026-02-21,Shipped,Mobile App,Karachi
O005452,C0586,2026-01-10,Shipped,Marketplace,Karachi
O005453,C0540,2026-06-03,Delivered,Mobile App,Rawalpindi
O005454,C0122,2026-05-15,Delivered,Mobile App,Lahore
O005455,C0097,2026-08-12,Returned,Website,Lahore
O005456,C0236,2026-05-20,Delivered,Website,Karachi
O005457,C0502,2026-05-02,Delivered,Mobile App,Karachi
O005458,C0579,2026-03-15,Cancelled,Website,Islamabad
O005459,C0422,2026-01-21,Delivered,Website,Multan
O005460,C0415,2026-08-01,Cancelled,Mobile App,Islamabad
O005461,C0141,2026-07-20,Delivered,Mobile App,Lahore
O005462,C0356,2026-02-09,Shipped,Mobile App,Lahore
O005463,C0111,2026-06-21,Delivered,Website,Islamabad
O005464,C0324,2026-03-30,Delivered,Website,Peshawar
O005465,C0117,2026-04-17,Delivered,Mobile App,Karachi
O005466,C0046,2026-07-26,Delivered,Marketplace,Rawalpindi
O005467,C0581,2026-07-24,Delivered,Website,Karachi
O005468,C0537,2026-02-16,Cancelled,Mobile App,Karachi
O005469,C0412,2026-03-16,Cancelled,Mobile App,Karachi
O005470,C0376,2026-07-19,Cancelled,Mobile App,Karachi
O005471,C0144,2026-08-11,Delivered,Mobile App,Karachi
O005472,C0344,2026-01-20,Delivered,Website,Karachi
O005473,C0449,2026-07-22,Delivered,Mobile App,Karachi
O005474,C0324,2026-04-29,Delivered,Website,Karachi
O005475,C0170,2026-05-24,Delivered,Website,Karachi
O005476,C0236,2026-01-19,Delivered,Website,Karachi
O005477,C0505,2026-06-15,Delivered,Website,Peshawar
O005478,C0153,2026-06-14,Delivered,Mobile App,Lahore
O005479,C0577,2026-06-11,Delivered,Marketplace,Karachi
O005480,C0454,2026-07-12,Delivered,Website,Lahore
O005481,C0535,2026-08-18,Delivered,Website,Lahore
O005482,C0306,2026-07-26,Delivered,Marketplace,Karachi
O005483,C0135,2026-06-30,Cancelled,Website,Lahore
O005484,C0021,2026-08-27,Delivered,Website,Karachi
O005485,C0321,2026-06-13,Cancelled,Mobile App,Lahore
O005486,C0240,2026-06-13,Shipped,Marketplace,Rawalpindi
O005487,C0069,2026-05-12,Delivered,Mobile App,Lahore
O005488,C0558,2026-07-06,Delivered,Website,Karachi
O005489,C0583,2026-01-18,Delivered,Mobile App,Karachi
O005490,C0225,2026-05-03,Delivered,Mobile App,Multan
O005491,C0401,2026-04-14,Delivered,Marketplace,Rawalpindi
O005492,C0248,2026-08-10,Delivered,Website,Islamabad
O005493,C0299,2026-01-18,Cancelled,Marketplace,Multan
O005494,C0375,2026-06-06,Delivered,Mobile App,Lahore
O005495,C0250,2026-02-14,Delivered,Website,Karachi
O005496,C0482,2026-08-03,Returned,Website,Rawalpindi
O005497,C0114,2026-07-27,Cancelled,Website,Karachi
O005498,C0402,2026-02-27,Delivered,Marketplace,Islamabad
O005499,C0590,2026-07-31,Delivered,Website,Lahore
O005500,C0511,2026-05-01,Returned,Mobile App,Karachi
O005501,C0028,2026-08-24,Delivered,Website,Karachi
O005502,C0069,2026-06-27,Shipped,Mobile App,Lahore
O005503,C0378,2026-01-09,Delivered,Mobile App,Islamabad
O005504,C0555,2026-02-19,Delivered,Marketplace,Karachi
O005505,C0507,2026-04-09,Delivered,Mobile App,Karachi
O005506,C0543,2026-02-21,Delivered,Mobile App,Lahore
O005507,C0090,2026-02-02,Delivered,Mobile App,Peshawar
O005508,C0312,2026-08-26,Delivered,Mobile App,Rawalpindi
O005509,C0436,2026-07-31,Delivered,Marketplace,Islamabad
O005510,C0375,2026-04-16,Delivered,Mobile App,Lahore
O005511,C0467,2026-02-22,Delivered,Marketplace,Lahore
O005512,C0128,2026-02-14,Delivered,Website,Karachi
O005513,C0275,2026-08-11,Delivered,Mobile App,Karachi
O005514,C0269,2026-03-22,Delivered,Marketplace,Karachi
O005515,C0564,2026-01-04,Delivered,Marketplace,Peshawar
O005516,C0122,2026-04-07,Delivered,Mobile App,Lahore
O005517,C0196,2026-04-21,Delivered,Website,Karachi
O005518,C0014,2026-06-01,Delivered,Mobile App,Lahore
O005519,C0092,2026-03-24,Delivered,Website,Karachi
O005520,C0589,2026-08-13,Cancelled,Marketplace,Lahore
O005521,C0509,2026-06-06,Returned,Website,Islamabad
O005522,C0156,2026-08-28,Delivered,Website,Peshawar
O005523,C0422,2026-03-31,Delivered,Mobile App,Rawalpindi
O005524,C0356,2026-06-08,Delivered,Website,Multan
O005525,C0544,2026-03-30,Delivered,Website,Karachi
O005526,C0181,2026-06-20,Delivered,Website,Islamabad
O005527,C0597,2026-07-01,Delivered,Marketplace,Multan
O005528,C0223,2026-03-20,Returned,Mobile App,Karachi
O005529,C0431,2026-08-16,Returned,Marketplace,Peshawar
O005530,C0239,2026-07-28,Delivered,Website,Multan
O005531,C0403,2026-08-06,Delivered,Website,Islamabad
O005532,C0202,2026-02-22,Delivered,Website,Karachi
O005533,C0506,2026-06-24,Delivered,Website,Karachi
O005534,C0383,2026-01-26,Delivered,Website,Islamabad
O005535,C0174,2026-01-26,Delivered,Website,Peshawar
O005536,C0577,2026-08-25,Delivered,Website,Karachi
O005537,C0426,2026-02-07,Delivered,Mobile App,Karachi
O005538,C0258,2026-07-29,Delivered,Website,Karachi
O005539,C0082,2026-04-15,Delivered,Mobile App,Lahore
O005540,C0584,2026-03-15,Delivered,Website,Rawalpindi
O005541,C0453,2026-01-18,Delivered,Mobile App,Lahore
O005542,C0401,2026-06-14,Delivered,Mobile App,Lahore
O005543,C0500,2026-06-25,Delivered,Mobile App,Islamabad
O005544,C0365,2026-04-24,Delivered,Mobile App,Lahore
O005545,C0140,2026-07-16,Delivered,Website,Islamabad
O005546,C0143,2026-03-20,Delivered,Website,Karachi
O005547,C0048,2026-05-15,Delivered,Mobile App,Karachi
O005548,C0038,2026-03-11,Delivered,Marketplace,Peshawar
O005549,C0438,2026-05-22,Cancelled,Mobile App,Lahore
O005550,C0512,2026-02-03,Returned,Mobile App,Karachi
O005551,C0099,2026-04-26,Delivered,Mobile App,Lahore
O005552,C0345,2026-05-14,Cancelled,Marketplace,Islamabad
O005553,C0075,2026-05-16,Delivered,Website,Karachi
O005554,C0249,2026-04-19,Delivered,Website,Lahore
O005555,C0475,2026-06-06,Delivered,Mobile App,Karachi
O005556,C0488,2026-05-05,Delivered,Mobile App,Peshawar
O005557,C0570,2026-03-10,Delivered,Website,Lahore
O005558,C0187,2026-02-22,Delivered,Website,Peshawar
O005559,C0570,2026-06-07,Delivered,Mobile App,Rawalpindi
O005560,C0471,2026-08-17,Shipped,Mobile App,Peshawar
O005561,C0204,2026-07-03,Delivered,Mobile App,Karachi
O005562,C0197,2026-06-05,Cancelled,Website,Karachi
O005563,C0065,2026-08-12,Shipped,Website,Multan
O005564,C0553,2026-08-07,Shipped,Mobile App,Multan
O005565,C0122,2026-05-04,Delivered,Website,Multan
O005566,C0161,2026-01-27,Delivered,Mobile App,Multan
O005567,C0248,2026-06-04,Delivered,Mobile App,Islamabad
O005568,C0083,2026-06-01,Returned,Website,Lahore
O005569,C0484,2026-03-09,Delivered,Mobile App,Peshawar
O005570,C0419,2026-07-26,Delivered,Website,Karachi
O005571,C0094,2026-07-31,Delivered,Mobile App,Rawalpindi
O005572,C0098,2026-03-22,Delivered,Mobile App,Peshawar
O005573,C0014,2026-04-26,Delivered,Mobile App,Islamabad
O005574,C0570,2026-02-17,Delivered,Marketplace,Lahore
O005575,C0262,2026-02-13,Delivered,Website,Islamabad
O005576,C0394,2026-03-06,Delivered,Mobile App,Multan
O005577,C0090,2026-03-30,Delivered,Website,Karachi
O005578,C0139,2026-03-08,Delivered,Marketplace,Karachi
O005579,C0325,2026-02-06,Delivered,Website,Islamabad
O005580,C0126,2026-04-19,Delivered,Mobile App,Peshawar
O005581,C0368,2026-06-01,Returned,Website,Islamabad
O005582,C0555,2026-03-21,Delivered,Website,Islamabad
O005583,C0184,2026-05-10,Returned,Website,Karachi
O005584,C0365,2026-03-07,Delivered,Website,Lahore
O005585,C0550,2026-06-21,Delivered,Website,Multan
O005586,C0537,2026-06-07,Delivered,Website,Lahore
O005587,C0005,2026-08-22,Delivered,Mobile App,Lahore
O005588,C0067,2026-01-13,Delivered,Website,Lahore
O005589,C0592,2026-07-27,Delivered,Website,Lahore
O005590,C0556,2026-03-24,Delivered,Marketplace,Lahore
O005591,C0194,2026-01-17,Delivered,Mobile App,Rawalpindi
O005592,C0313,2026-06-17,Delivered,Website,Lahore
O005593,C0344,2026-02-11,Delivered,Website,Islamabad
O005594,C0402,2026-02-12,Delivered,Mobile App,Lahore
O005595,C0451,2026-08-27,Delivered,Mobile App,Peshawar
O005596,C0224,2026-02-23,Delivered,Marketplace,Karachi
O005597,C0534,2026-05-13,Delivered,Mobile App,Karachi
O005598,C0036,2026-02-18,Shipped,Marketplace,Lahore
O005599,C0020,2026-01-31,Delivered,Mobile App,Multan
O005600,C0575,2026-01-01,Delivered,Marketplace,Rawalpindi
O005601,C0107,2026-01-04,Delivered,Mobile App,Islamabad
O005602,C0597,2026-04-26,Delivered,Mobile App,Lahore
O005603,C0172,2026-04-16,Delivered,Mobile App,Karachi
O005604,C0219,2026-01-10,Cancelled,Mobile App,Multan
O005605,C0017,2026-03-26,Delivered,Website,Lahore
O005606,C0567,2026-03-08,Delivered,Website,Rawalpindi
O005607,C0216,2026-05-19,Shipped,Website,Peshawar
O005608,C0101,2026-08-30,Delivered,Website,Islamabad
O005609,C0291,2026-06-18,Delivered,Marketplace,Karachi
O005610,C0093,2026-08-12,Delivered,Mobile App,Karachi
O005611,C0474,2026-02-16,Delivered,Website,Karachi
O005612,C0044,2026-02-22,Delivered,Website,Multan
O005613,C0300,2026-07-02,Delivered,Website,Peshawar
O005614,C0235,2026-03-17,Delivered,Mobile App,Lahore
O005615,C0023,2026-07-26,Returned,Marketplace,Multan
O005616,C0032,2026-04-23,Delivered,Website,Karachi
O005617,C0312,2026-02-18,Delivered,Website,Karachi
O005618,C0237,2026-07-25,Delivered,Marketplace,Karachi
O005619,C0078,2026-05-14,Delivered,Mobile App,Multan
O005620,C0084,2026-07-15,Delivered,Marketplace,Karachi
O005621,C0483,2026-04-20,Delivered,Website,Karachi
O005622,C0439,2026-01-31,Delivered,Website,Karachi
O005623,C0365,2026-06-15,Delivered,Mobile App,Lahore
O005624,C0501,2026-01-31,Delivered,Website,Lahore
O005625,C0042,2026-06-11,Delivered,Mobile App,Karachi
O005626,C0413,2026-04-12,Delivered,Mobile App,Peshawar
O005627,C0452,2026-07-12,Delivered,Website,Multan
O005628,C0121,2026-07-31,Delivered,Mobile App,Karachi
O005629,C0322,2026-04-09,Delivered,Mobile App,Multan
O005630,C0461,2026-08-03,Delivered,Marketplace,Peshawar
O005631,C0363,2026-01-27,Delivered,Website,Multan
O005632,C0150,2026-01-27,Delivered,Mobile App,Karachi
O005633,C0399,2026-08-30,Cancelled,Website,Peshawar
O005634,C0456,2026-05-20,Delivered,Marketplace,Islamabad
O005635,C0006,2026-04-20,Delivered,Mobile App,Karachi
O005636,C0341,2026-02-07,Delivered,Website,Rawalpindi
O005637,C0303,2026-03-12,Delivered,Mobile App,Karachi
O005638,C0221,2026-06-16,Delivered,Mobile App,Peshawar
O005639,C0027,2026-07-19,Shipped,Mobile App,Islamabad
O005640,C0051,2026-08-11,Delivered,Website,Lahore
O005641,C0451,2026-04-10,Cancelled,Mobile App,Karachi
O005642,C0497,2026-04-21,Delivered,Mobile App,Multan
O005643,C0252,2026-02-09,Delivered,Website,Karachi
O005644,C0564,2026-01-21,Cancelled,Website,Peshawar
O005645,C0557,2026-04-17,Delivered,Marketplace,Islamabad
O005646,C0400,2026-05-21,Delivered,Mobile App,Karachi
O005647,C0349,2026-01-26,Delivered,Website,Lahore
O005648,C0579,2026-04-10,Shipped,Marketplace,Multan
O005649,C0366,2026-06-05,Cancelled,Website,Multan
O005650,C0561,2026-07-17,Delivered,Mobile App,Karachi
O005651,C0588,2026-08-17,Delivered,Mobile App,Karachi
O005652,C0117,2026-03-24,Delivered,Website,Karachi
O005653,C0397,2026-04-06,Delivered,Marketplace,Rawalpindi
O005654,C0439,2026-08-01,Delivered,Mobile App,Karachi
O005655,C0493,2026-06-18,Delivered,Website,Karachi
O005656,C0210,2026-03-08,Delivered,Marketplace,Lahore
O005657,C0517,2026-06-16,Delivered,Marketplace,Multan
O005658,C0293,2026-02-08,Delivered,Mobile App,Karachi
O005659,C0233,2026-04-20,Returned,Website,Rawalpindi
O005660,C0095,2026-03-16,Delivered,Website,Karachi
O005661,C0193,2026-08-30,Delivered,Mobile App,Islamabad
O005662,C0585,2026-01-09,Delivered,Marketplace,Islamabad
O005663,C0430,2026-07-28,Delivered,Website,Multan
O005664,C0436,2026-03-10,Delivered,Website,Rawalpindi
O005665,C0538,2026-01-09,Delivered,Website,Karachi
O005666,C0161,2026-06-10,Delivered,Website,Lahore
O005667,C0397,2026-06-14,Delivered,Mobile App,Karachi
O005668,C0223,2026-02-04,Delivered,Website,Karachi
O005669,C0509,2026-01-10,Delivered,Mobile App,Multan
O005670,C0254,2026-01-28,Delivered,Mobile App,Lahore
O005671,C0513,2026-04-10,Cancelled,Website,Peshawar
O005672,C0449,2026-02-02,Delivered,Marketplace,Karachi
O005673,C0464,2026-06-20,Delivered,Website,Multan
O005674,C0556,2026-01-19,Delivered,Website,Multan
O005675,C0475,2026-07-11,Delivered,Mobile App,Islamabad
O005676,C0193,2026-08-01,Delivered,Mobile App,Karachi
O005677,C0313,2026-06-24,Delivered,Website,Peshawar
O005678,C0284,2026-08-18,Delivered,Marketplace,Multan
O005679,C0039,2026-08-17,Shipped,Website,Karachi
O005680,C0356,2026-01-12,Delivered,Website,Multan
O005681,C0263,2026-03-25,Delivered,Mobile App,Multan
O005682,C0237,2026-07-04,Delivered,Marketplace,Karachi
O005683,C0066,2026-03-24,Delivered,Mobile App,Lahore
O005684,C0303,2026-06-29,Delivered,Website,Karachi
O005685,C0348,2026-07-08,Delivered,Website,Lahore
O005686,C0064,2026-08-31,Delivered,Website,Multan
O005687,C0381,2026-03-22,Cancelled,Mobile App,Peshawar
O005688,C0101,2026-03-26,Delivered,Mobile App,Karachi
O005689,C0088,2026-01-06,Delivered,Website,Lahore
O005690,C0241,2026-03-11,Delivered,Mobile App,Lahore
O005691,C0234,2026-03-10,Delivered,Mobile App,Lahore
O005692,C0549,2026-04-21,Delivered,Website,Rawalpindi
O005693,C0041,2026-04-13,Delivered,Website,Islamabad
O005694,C0210,2026-07-28,Delivered,Mobile App,Karachi
O005695,C0441,2026-07-08,Delivered,Website,Karachi
O005696,C0150,,Delivered,Website,Multan
O005697,C0589,2026-01-02,Delivered,Website,Karachi
O005698,C0446,2026-04-25,Delivered,Mobile App,Lahore
O005699,C0568,2026-06-27,Delivered,Mobile App,Multan
O005700,C0570,2026-03-01,Delivered,Mobile App,Peshawar
O005701,C0066,2026-04-14,Delivered,Website,Rawalpindi
O005702,C0276,2026-06-26,Delivered,Mobile App,Karachi
O005703,C0447,2026-07-13,Cancelled,Website,Islamabad
O005704,C0006,2026-07-27,Delivered,Mobile App,Islamabad
O005705,C0272,2026-04-15,Delivered,Marketplace,Lahore
O005706,C0413,2026-04-08,Delivered,Mobile App,Karachi
O005707,C0476,2026-04-03,Cancelled,Website,Lahore
O005708,C0250,2026-06-12,Shipped,Mobile App,Lahore
O005709,C0518,2026-04-12,Delivered,Website,Multan
O005710,C0405,2026-04-08,Delivered,Website,Rawalpindi
O005711,C0028,2026-02-10,Delivered,Marketplace,Karachi
O005712,C0167,2026-04-27,Shipped,Website,Karachi
O005713,C0563,2026-02-27,Cancelled,Website,Lahore
O005714,C0002,2026-05-08,Delivered,Mobile App,Lahore
O005715,C0065,2026-08-04,Delivered,Mobile App,Karachi
O005716,C0207,2026-07-08,Shipped,Mobile App,Multan
O005717,C0597,2026-04-27,Delivered,Website,Multan
O005718,C0423,2026-08-26,Delivered,Mobile App,Multan
O005719,C0089,2026-08-27,Delivered,Website,Lahore
O005720,C0236,2026-04-18,Delivered,Marketplace,Peshawar
O005721,C0564,2026-07-05,Delivered,Website,Rawalpindi
O005722,C0132,2026-03-25,Delivered,Website,Lahore
O005723,C0346,2026-08-02,Delivered,Mobile App,Karachi
O005724,C0279,2026-04-01,Delivered,Website,Karachi
O005725,C0457,2026-03-04,Delivered,Mobile App,Karachi
O005726,C0452,2026-02-02,Delivered,Website,Multan
O005727,C0500,2026-07-24,Delivered,Website,Islamabad
O005728,C0072,2026-03-14,Delivered,Website,Multan
O005729,C0273,2026-07-17,Delivered,Website,Lahore
O005730,C0416,2026-01-22,Delivered,Website,Karachi
O005731,C0252,2026-05-02,Delivered,Website,Lahore
O005732,C0401,2026-04-14,Delivered,Website,Karachi
O005733,C0382,2026-04-17,Delivered,Mobile App,Multan
O005734,C0223,2026-02-10,Delivered,Mobile App,Karachi
O005735,C0061,2026-01-18,Delivered,Website,Karachi
O005736,C0583,2026-03-26,Delivered,Website,Lahore
O005737,C0496,2026-04-25,Cancelled,Website,Peshawar
O005738,C0537,2026-07-12,Delivered,Website,Lahore
O005739,C0180,2026-04-23,Delivered,Mobile App,Karachi
O005740,C0190,2026-03-01,Delivered,Website,Rawalpindi
O005741,C0195,2026-03-05,Delivered,Marketplace,Karachi
O005742,C0019,2026-05-29,Delivered,Mobile App,Islamabad
O005743,C0102,2026-04-16,Delivered,Website,Islamabad
O005744,C0185,2026-08-07,Delivered,Website,Karachi
O005745,C0593,2026-04-17,Shipped,Website,Lahore
O005746,C0123,2026-05-18,Shipped,Website,Karachi
O005747,C0305,2026-01-16,Delivered,Mobile App,Karachi
O005748,C0329,2026-02-17,Delivered,Website,Islamabad
O005749,C0216,2026-07-26,Delivered,Website,Karachi
O005750,C0552,2026-03-25,Delivered,Website,Karachi
O005751,C0056,2026-04-13,Shipped,Mobile App,Islamabad
O005752,C0523,2026-05-24,Shipped,Website,Rawalpindi
O005753,C0447,2026-01-15,Delivered,Marketplace,Peshawar
O005754,C0184,2026-05-04,Delivered,Website,Peshawar
O005755,C0461,2026-03-26,Delivered,Website,Lahore
O005756,C0258,2026-02-06,Delivered,Website,Lahore
O005757,C0583,2026-04-12,Delivered,Mobile App,Islamabad
O005758,C0022,2026-04-19,Delivered,Website,Peshawar
O005759,C0018,2026-02-15,Delivered,Mobile App,Lahore
O005760,C0327,2026-05-12,Delivered,Website,Multan
O005761,C0559,2026-07-01,Delivered,Website,Islamabad
O005762,C0039,2026-03-06,Delivered,Website,Karachi
O005763,C0467,2026-08-23,Delivered,Mobile App,Peshawar
O005764,C0564,2026-05-29,Delivered,Mobile App,Karachi
O005765,C0292,2026-07-07,Delivered,Mobile App,Multan
O005766,C0521,2026-01-18,Delivered,Marketplace,Karachi
O005767,C0455,2026-07-06,Delivered,Website,Islamabad
O005768,C0129,2026-03-23,Delivered,Marketplace,Islamabad
O005769,C0513,2026-06-22,Cancelled,Website,Karachi
O005770,C0420,2026-07-15,Delivered,Website,Rawalpindi
O005771,C0008,2026-03-02,Shipped,Mobile App,Karachi
O005772,C0341,2026-03-05,Delivered,Website,Lahore
O005773,C0393,2026-01-15,Delivered,Website,Karachi
O005774,C0481,2026-05-28,Delivered,Mobile App,Peshawar
O005775,C0463,2026-07-08,Delivered,Website,Peshawar
O005776,C0286,2026-04-10,Cancelled,Website,Karachi
O005777,C0180,2026-02-09,Delivered,Mobile App,Peshawar
O005778,C0116,2026-03-18,Delivered,Website,Multan
O005779,C0054,2026-04-08,Delivered,Website,Karachi
O005780,C0384,2026-08-11,Delivered,Website,Multan
O005781,C0576,2026-01-31,Delivered,Marketplace,Karachi
O005782,C0049,2026-03-25,Shipped,Marketplace,Peshawar
O005783,C0422,2026-06-05,Delivered,Mobile App,Lahore
O005784,C0351,2026-02-27,Delivered,Website,Multan
O005785,C0104,2026-08-03,Shipped,Website,Karachi
O005786,C0128,2026-08-09,Delivered,Website,Lahore
O005787,C0171,2026-04-03,Delivered,Mobile App,Peshawar
O005788,C0411,2026-07-01,Shipped,Mobile App,Rawalpindi
O005789,C0180,2026-07-03,Delivered,Mobile App,Islamabad
O005790,C0497,2026-06-15,Delivered,Website,Islamabad
O005791,C0222,2026-02-15,Shipped,Marketplace,Islamabad
O005792,C0066,2026-01-13,Delivered,Website,Karachi
O005793,C0058,2026-03-26,Shipped,Website,Karachi
O005794,C0241,2026-02-01,Delivered,Mobile App,Karachi
O005795,C0245,2026-03-13,Delivered,Mobile App,Karachi
O005796,C0441,2026-06-05,Delivered,Marketplace,Peshawar
O005797,C0288,2026-05-24,Delivered,Website,Lahore
O005798,C0099,2026-02-20,Delivered,Marketplace,Lahore
O005799,C0128,2026-01-05,Delivered,Website,Karachi
O005800,C0340,2026-02-24,Delivered,Website,Peshawar
O005801,C0201,2026-04-21,Delivered,Website,Karachi
O005802,C0404,2026-07-09,Delivered,Website,Karachi
O005803,C0554,2026-03-30,Delivered,Mobile App,Peshawar
O005804,C0213,2026-03-11,Delivered,Website,Karachi
O005805,C0332,2026-05-14,Delivered,Website,Peshawar
O005806,C0500,2026-01-18,Delivered,Website,Lahore
O005807,C0127,2026-02-24,Delivered,Mobile App,Rawalpindi
O005808,C0307,2026-01-09,Delivered,Marketplace,Karachi
O005809,C0184,2026-05-08,Delivered,Mobile App,Karachi
O005810,C0377,2026-04-18,Delivered,Website,Lahore
O005811,C0446,2026-05-22,Delivered,Website,Islamabad
O005812,C0085,2026-05-30,Delivered,Website,Peshawar
O005813,C0113,2026-04-07,Shipped,Marketplace,Karachi
O005814,C0014,2026-07-31,Delivered,Website,Islamabad
O005815,C0008,2026-08-12,Delivered,Marketplace,Karachi
O005816,C0031,2026-01-27,Delivered,Mobile App,Peshawar
O005817,C0425,2026-08-12,Delivered,Mobile App,Multan
O005818,C0543,2026-02-17,Delivered,Mobile App,Karachi
O005819,C0246,2026-03-02,Delivered,Website,Karachi
O005820,C0530,2026-05-09,Delivered,Website,Rawalpindi
O005821,C0438,2026-01-08,Delivered,Website,Multan
O005822,C0485,2026-03-30,Delivered,Website,Islamabad
O005823,C0444,2026-02-17,Delivered,Mobile App,Lahore
O005824,C0120,2026-04-28,Delivered,Website,Rawalpindi
O005825,C0315,2026-07-17,Delivered,Marketplace,Karachi
O005826,C0316,2026-08-13,Delivered,Marketplace,Multan
O005827,C0385,2026-02-21,Delivered,Website,Peshawar
O005828,C0478,2026-05-13,Delivered,Website,Multan
O005829,C0068,2026-04-26,Delivered,Website,Peshawar
O005830,C0405,2026-04-11,Cancelled,Website,Multan
O005831,C0500,2026-06-03,Shipped,Mobile App,Karachi
O005832,C0070,2026-08-29,Delivered,Mobile App,Multan
O005833,C0249,2026-04-09,Delivered,Mobile App,Karachi
O005834,C0538,2026-01-16,Delivered,Website,Lahore
O005835,C0015,2026-08-11,Cancelled,Mobile App,Lahore
O005836,C0097,2026-08-15,Delivered,Mobile App,Karachi
O005837,C0483,2026-03-20,Delivered,Marketplace,Lahore
O005838,C0104,2026-05-02,Delivered,Mobile App,Lahore
O005839,C0422,2026-07-29,Delivered,Mobile App,Karachi
O005840,C0541,2026-05-03,Delivered,Website,Lahore
O005841,C0300,2026-04-27,Delivered,Mobile App,Karachi
O005842,C0291,2026-08-13,Delivered,Website,Islamabad
O005843,C0258,2026-07-21,Delivered,Website,Islamabad
O005844,C0224,2026-05-04,Delivered,Website,Rawalpindi
O005845,C0229,2026-02-09,Delivered,Website,Rawalpindi
O005846,C0333,2026-04-17,Delivered,Website,Islamabad
O005847,C0538,2026-06-14,Shipped,Website,Karachi
O005848,C0589,2026-03-08,Delivered,Mobile App,Lahore
O005849,C0520,2026-05-11,Returned,Mobile App,Lahore
O005850,C0072,2026-06-10,Delivered,Marketplace,Karachi
O005851,C0185,2026-01-21,Delivered,Mobile App,Multan
O005852,C0455,2026-05-19,Shipped,Website,Karachi
O005853,C0328,2026-06-29,Delivered,Mobile App,Multan
O005854,C0201,2026-02-22,Shipped,Mobile App,Karachi
O005855,C0187,2026-05-14,Delivered,Website,Rawalpindi
O005856,C0071,2026-06-22,Delivered,Marketplace,Karachi
O005857,C0200,2026-01-11,Delivered,Marketplace,Multan
O005858,C0254,2026-06-06,Delivered,Website,Peshawar
O005859,C0250,2026-03-05,Delivered,Mobile App,Karachi
O005860,C0330,2026-04-07,Delivered,Website,Karachi
O005861,C0164,2026-06-07,Delivered,Marketplace,Islamabad
O005862,C0124,2026-01-02,Delivered,Mobile App,Karachi
O005863,C0533,2026-01-05,Delivered,Website,Karachi
O005864,C0244,2026-04-19,Delivered,Mobile App,Multan
O005865,C0153,2026-08-19,Delivered,Mobile App,Islamabad
O005866,C0382,2026-01-02,Delivered,Website,Karachi
O005867,C0326,2026-07-11,Delivered,Mobile App,Lahore
O005868,C0346,2026-01-19,Delivered,Mobile App,Karachi
O005869,C0133,2026-04-29,Delivered,Mobile App,Peshawar
O005870,C0434,2026-04-15,Delivered,Mobile App,Karachi
O005871,C0116,2026-04-24,Delivered,Website,Lahore
O005872,C0502,2026-01-20,Delivered,Website,Karachi
O005873,C0255,2026-07-03,Delivered,Mobile App,Multan
O005874,C0246,2026-03-08,Delivered,Website,Karachi
O005875,C0234,2026-07-07,Delivered,Website,Rawalpindi
O005876,C0254,2026-06-09,Delivered,Marketplace,Lahore
O005877,C0400,2026-05-14,Delivered,Mobile App,Peshawar
O005878,C0299,2026-03-16,Delivered,Mobile App,Karachi
O005879,C0077,2026-06-08,Delivered,Mobile App,Peshawar
O005880,C0340,2026-08-31,Delivered,Marketplace,Multan
O005881,C0161,2026-08-13,Delivered,Marketplace,Karachi
O005882,C0065,2026-08-11,Delivered,Website,Karachi
O005883,C0504,2026-02-23,Delivered,Website,Multan
O005884,C0188,2026-05-23,Delivered,Website,Lahore
O005885,C0358,2026-04-07,Delivered,Website,Peshawar
O005886,C0104,2026-08-23,Delivered,Website,Peshawar
O005887,C0204,2026-08-19,Delivered,Mobile App,Karachi
O005888,C0232,2026-07-30,Delivered,Mobile App,Karachi
O005889,C0081,2026-02-09,Delivered,Marketplace,Lahore
O005890,C0585,2026-03-19,Delivered,Website,Islamabad
O005891,C0187,2026-06-22,Delivered,Website,Lahore
O005892,C0350,2026-07-02,Delivered,Website,Rawalpindi
O005893,C0340,2026-03-27,Shipped,Website,Lahore
O005894,C0258,2026-02-03,Delivered,Website,Peshawar
O005895,C0352,2026-02-03,Delivered,Marketplace,Karachi
O005896,C0340,2026-06-16,Delivered,Website,Lahore
O005897,C0049,2026-04-21,Delivered,Mobile App,Karachi
O005898,C0402,2026-04-30,Delivered,Website,Karachi
O005899,C0069,2026-07-18,Delivered,Mobile App,Karachi
O005900,C0261,2026-01-05,Cancelled,Marketplace,Multan
O005901,C0219,2026-07-03,Delivered,Marketplace,Lahore
O005902,C0269,2026-03-08,Delivered,Website,Karachi
O005903,C0044,2026-08-15,Delivered,Marketplace,Islamabad
O005904,C0421,2026-08-21,Delivered,Website,Rawalpindi
O005905,C0252,2026-05-03,Delivered,Mobile App,Lahore
O005906,C0037,2026-03-18,Delivered,Website,Karachi
O005907,C0003,2026-02-26,Delivered,Mobile App,Karachi
O005908,C0325,2026-02-14,Delivered,Mobile App,Karachi
O005909,C0400,2026-08-31,Delivered,Mobile App,Lahore
O005910,C0329,2026-02-15,Delivered,Mobile App,Karachi
O005911,C0433,2026-04-19,Delivered,Website,Islamabad
O005912,C0455,2026-04-27,Delivered,Marketplace,Multan
O005913,C0524,2026-06-15,Delivered,Website,Karachi
O005914,C0590,2026-07-24,Delivered,Website,Karachi
O005915,C0531,2026-05-16,Delivered,Website,Multan
O005916,C0478,2026-07-04,Delivered,Website,Lahore
O005917,C0259,2026-05-18,Shipped,Website,Rawalpindi
O005918,C0303,2026-04-17,Delivered,Mobile App,Multan
O005919,C0370,2026-02-08,Delivered,Website,Islamabad
O005920,C0102,2026-02-20,Delivered,Mobile App,Rawalpindi
O005921,C0407,2026-04-16,Delivered,Website,Lahore
O005922,C0353,2026-01-12,Returned,Mobile App,Multan
O005923,C0313,2026-03-18,Delivered,Website,Rawalpindi
O005924,C0501,2026-04-23,Delivered,Website,Karachi
O005925,C0413,2026-04-25,Delivered,Mobile App,Islamabad
O005926,C0560,2026-07-17,Delivered,Marketplace,Karachi
O005927,C0586,2026-08-24,Delivered,Marketplace,Lahore
O005928,C0496,2026-06-27,Cancelled,Website,Karachi
O005929,C0179,2026-01-20,Delivered,Marketplace,Islamabad
O005930,C0114,2026-04-10,Delivered,Mobile App,Lahore
O005931,C0180,2026-06-27,Delivered,Marketplace,Lahore
O005932,C0428,2026-05-25,Shipped,Website,Islamabad
O005933,C0519,2026-04-22,Delivered,Website,Karachi
O005934,C0529,2026-04-17,Delivered,Website,Karachi
O005935,C0411,2026-04-09,Delivered,Mobile App,Lahore
O005936,C0409,2026-05-21,Delivered,Website,Lahore
O005937,C0572,2026-02-13,Shipped,Website,Multan
O005938,C0412,2026-05-06,Delivered,Mobile App,Lahore
O005939,C0085,2026-02-20,Delivered,Marketplace,Islamabad
O005940,C0301,2026-06-15,Delivered,Mobile App,Multan
O005941,C0216,2026-07-30,Cancelled,Mobile App,Rawalpindi
O005942,C0383,2026-05-04,Delivered,Website,Karachi
O005943,C0382,2026-04-05,Shipped,Marketplace,Lahore
O005944,C0177,2026-08-17,Delivered,Website,Peshawar
O005945,C0180,2026-06-10,Shipped,Website,Lahore
O005946,C0054,2026-04-15,Delivered,Website,Karachi
O005947,C0176,2026-01-07,Delivered,Website,Lahore
O005948,C0497,2026-01-04,Shipped,Mobile App,Karachi
O005949,C0394,2026-02-23,Cancelled,Mobile App,Islamabad
O005950,C0566,2026-02-27,Delivered,Website,Multan
O005951,C0556,2026-06-25,Delivered,Website,Multan
O005952,C0515,2026-05-02,Delivered,Website,Islamabad
O005953,C0108,2026-08-31,Delivered,Website,Multan
O005954,C0201,2026-05-12,Shipped,Marketplace,Peshawar
O005955,C0035,2026-08-08,Delivered,Mobile App,Multan
O005956,C0057,2026-05-15,Delivered,Website,Peshawar
O005957,C0139,2026-03-29,Delivered,Website,Multan
O005958,C0169,2026-06-23,Shipped,Mobile App,Karachi
O005959,C0010,2026-04-20,Delivered,Mobile App,Karachi
O005960,C0506,2026-03-08,Delivered,Marketplace,Karachi
O005961,C0317,2026-04-25,Delivered,Website,Islamabad
O005962,C0394,2026-06-11,Delivered,Mobile App,Multan
O005963,C0393,2026-04-02,Delivered,Website,Multan
O005964,C0581,2026-06-21,Delivered,Mobile App,Peshawar
O005965,C0089,2026-08-27,Delivered,Website,Peshawar
O005966,C0206,2026-04-10,Cancelled,Mobile App,Lahore
O005967,C0186,2026-03-13,Delivered,Website,Lahore
O005968,C0331,2026-04-08,Delivered,Mobile App,Islamabad
O005969,C0316,2026-07-23,Delivered,Website,Karachi
O005970,C0475,2026-02-13,Delivered,Mobile App,Peshawar
O005971,C0337,2026-08-25,Delivered,Website,Islamabad
O005972,C0141,2026-04-11,Delivered,Mobile App,Karachi
O005973,C0339,2026-07-24,Delivered,Website,Islamabad
O005974,C0579,2026-07-11,Shipped,Mobile App,Islamabad
O005975,C0348,2026-07-10,Delivered,Mobile App,Rawalpindi
O005976,C0356,2026-08-09,Shipped,Website,Peshawar
O005977,C0106,2026-02-14,Delivered,Website,Karachi
O005978,C0005,2026-05-25,Delivered,Website,Peshawar
O005979,C0126,2026-01-25,Shipped,Website,Karachi
O005980,C0016,2026-03-14,Shipped,Mobile App,Lahore
O005981,C0272,2026-01-10,Delivered,Website,Lahore
O005982,C0530,2026-06-15,Delivered,Website,Peshawar
O005983,C0269,2026-05-28,Delivered,Website,Multan
O005984,C0388,2026-06-29,Delivered,Website,Karachi
O005985,C0514,2026-02-12,Delivered,Website,Rawalpindi
O005986,C0458,2026-03-22,Delivered,Mobile App,Peshawar
O005987,C0391,2026-06-14,Delivered,Website,Multan
O005988,C0471,2026-07-20,Delivered,Marketplace,Karachi
O005989,C0169,2026-08-04,Shipped,Mobile App,Karachi
O005990,C0253,2026-01-18,Delivered,Website,Lahore
O005991,C0240,2026-04-08,Delivered,Marketplace,Multan
O005992,C0480,2026-01-03,Delivered,Mobile App,Karachi
O005993,C0246,2026-07-18,Shipped,Mobile App,Lahore
O005994,C0563,2026-01-30,Delivered,Website,Multan
O005995,C0112,2026-07-19,Shipped,Mobile App,Lahore
O005996,C0104,2026-02-07,Delivered,Website,Islamabad
O005997,C0430,2026-01-04,Delivered,Mobile App,Multan
O005998,C0459,2026-08-02,Delivered,Website,Lahore
O005999,C0408,2026-04-17,Delivered,Website,Karachi
O006000,C0185,2026-04-14,Delivered,Mobile App,Karachi
O006001,C0006,2026-06-07,Delivered,Website,Islamabad
O006002,C0193,2026-03-08,Delivered,Website,Karachi
O006003,C0280,2026-06-17,Delivered,Mobile App,Karachi
O006004,C0248,2026-04-15,Shipped,Website,Karachi
O006005,C0554,2026-03-08,Delivered,Website,Lahore
O006006,C0519,2026-04-06,Delivered,Website,Peshawar
O006007,C0466,2026-01-02,Delivered,Marketplace,Lahore
O006008,C0014,2026-03-15,Returned,Mobile App,Rawalpindi
O006009,C0077,2026-05-24,Shipped,Mobile App,Multan
O006010,C0261,2026-02-03,Shipped,Mobile App,Rawalpindi
O006011,C0374,2026-01-29,Delivered,Mobile App,Islamabad
O006012,C0409,2026-06-09,Delivered,Mobile App,Karachi
O006013,C0178,2026-04-15,Shipped,Mobile App,Lahore
O006014,C0067,2026-02-03,Shipped,Marketplace,Karachi
O006015,C0197,2026-07-01,Delivered,Mobile App,Lahore
O006016,C0476,2026-07-08,Delivered,Website,Multan
O006017,C0592,2026-01-09,Shipped,Website,Karachi
O006018,C0566,2026-02-19,Delivered,Website,Karachi
O006019,C0356,2026-03-31,Delivered,Mobile App,Peshawar
O006020,C0055,2026-06-27,Returned,Marketplace,Multan
O006021,C0581,2026-01-18,Delivered,Mobile App,Rawalpindi
O006022,C0092,2026-07-15,Delivered,Mobile App,Karachi
O006023,C0161,2026-03-19,Delivered,Mobile App,Lahore
O006024,C0585,2026-01-31,Delivered,Marketplace,Lahore
O006025,C0303,2026-07-29,Delivered,Mobile App,Islamabad
O006026,C0119,2026-01-22,Delivered,Website,Islamabad
O006027,C0302,2026-02-01,Delivered,Mobile App,Peshawar
O006028,C0048,2026-08-19,Delivered,Website,Karachi
O006029,C0190,2026-05-07,Delivered,Website,Multan
O006030,C0572,2026-04-23,Shipped,Website,Karachi
O006031,C0180,2026-06-17,Delivered,Website,Karachi
O006032,C0536,2026-06-03,Delivered,Website,Peshawar
O006033,C0326,2026-05-30,Delivered,Website,Lahore
O006034,C0394,2026-01-06,Delivered,Marketplace,Lahore
O006035,C0422,2026-05-15,Delivered,Website,Karachi
O006036,C0331,2026-03-09,Delivered,Mobile App,Karachi
O006037,C0021,2026-07-16,Delivered,Website,Karachi
O006038,C0552,2026-05-03,Delivered,Marketplace,Rawalpindi
O006039,C0286,2026-01-31,Delivered,Mobile App,Karachi
O006040,C0394,2026-08-04,Delivered,Marketplace,Multan
O006041,C0333,2026-03-11,Delivered,Mobile App,Rawalpindi
O006042,C0396,2026-03-07,Delivered,Mobile App,Peshawar
O006043,C0213,2026-08-16,Delivered,Website,Peshawar
O006044,C0507,2026-07-08,Delivered,Website,Rawalpindi
O006045,C0135,2026-07-28,Delivered,Mobile App,Lahore
O006046,C0392,2026-06-10,Delivered,Website,Multan
O006047,C0347,2026-08-10,Delivered,Website,Lahore
O006048,C0303,2026-01-29,Delivered,Marketplace,Karachi
O006049,C0014,2026-05-26,Delivered,Website,Islamabad
O006050,C0234,2026-03-13,Delivered,Mobile App,Karachi
O006051,C0029,2026-04-07,Delivered,Website,Islamabad
O006052,C0302,2026-02-27,Delivered,Website,Multan
O006053,C0413,2026-02-19,Delivered,Website,Islamabad
O006054,C0314,2026-04-18,Cancelled,Mobile App,Karachi
O006055,C0455,2026-08-12,Delivered,Mobile App,Karachi
O006056,C0217,2026-06-04,Delivered,Marketplace,Lahore
O006057,C0184,2026-03-26,Delivered,Website,Karachi
O006058,C0269,2026-04-16,Delivered,Website,Lahore
O006059,C0138,2026-05-09,Delivered,Mobile App,Rawalpindi
O006060,C0482,2026-03-01,Delivered,Website,Islamabad
O006061,C0486,2026-05-07,Delivered,Website,Islamabad
O006062,C0250,2026-06-19,Delivered,Website,Lahore
O006063,C0476,2026-03-01,Delivered,Mobile App,Karachi
O006064,C0016,2026-05-23,Delivered,Website,Islamabad
O006065,C0093,2026-06-22,Delivered,Website,Lahore
O006066,C0170,2026-05-07,Delivered,Marketplace,Karachi
O006067,C0233,2026-03-12,Delivered,Marketplace,Islamabad
O006068,C0140,2026-05-15,Shipped,Mobile App,Lahore
O006069,C0308,2026-07-12,Delivered,Mobile App,Karachi
O006070,C0477,2026-02-23,Delivered,Marketplace,Lahore
O006071,C0274,2026-05-20,Returned,Mobile App,Karachi
O006072,C0270,2026-06-15,Cancelled,Mobile App,Rawalpindi
O006073,C0036,2026-03-20,Delivered,Website,Karachi
O006074,C0169,2026-04-05,Delivered,Website,Peshawar
O006075,C0485,2026-08-04,Delivered,Mobile App,Lahore
O006076,C0487,2026-03-30,Cancelled,Mobile App,Karachi
O006077,C0063,2026-05-26,Delivered,Website,Karachi
O006078,C0012,2026-02-06,Delivered,Mobile App,Multan
O006079,C0499,2026-08-14,Delivered,Mobile App,Lahore
O006080,C0105,2026-05-26,Delivered,Website,Rawalpindi
O006081,C0345,2026-07-04,Delivered,Mobile App,Multan
O006082,C0497,2026-05-27,Delivered,Website,Karachi
O006083,C0473,2026-03-28,Delivered,Mobile App,Lahore
O006084,C0331,2026-03-24,Delivered,Marketplace,Islamabad
O006085,C0226,2026-06-20,Shipped,Marketplace,Peshawar
O006086,C0465,2026-07-28,Delivered,Marketplace,Lahore
O006087,C0417,2026-02-01,Delivered,Mobile App,Multan
O006088,C0503,2026-07-25,Delivered,Website,Islamabad
O006089,C0309,2026-07-21,Delivered,Mobile App,Peshawar
O006090,C0566,2026-01-27,Delivered,Website,Karachi
O006091,C0462,2026-01-27,Delivered,Mobile App,Lahore
O006092,C0039,2026-06-18,Delivered,Mobile App,Karachi
O006093,C0177,2026-07-24,Delivered,Mobile App,Multan
O006094,C0480,2026-04-06,Delivered,Website,Karachi
O006095,C0070,2026-06-05,Delivered,Website,Rawalpindi
O006096,C0426,2026-08-31,Delivered,Website,Karachi
O006097,C0205,2026-03-20,Delivered,Website,Karachi
O006098,C0125,2026-02-24,Delivered,Website,Karachi
O006099,C0324,2026-08-29,Delivered,Website,Rawalpindi
O006100,C0560,2026-03-10,Cancelled,Marketplace,Karachi
O006101,C0539,2026-04-25,Delivered,Website,Peshawar
O006102,C0243,2026-04-18,Delivered,Mobile App,Rawalpindi
O006103,C0003,2026-05-08,Delivered,Website,Multan
O006104,C0533,2026-03-07,Delivered,Marketplace,Islamabad
O006105,C0539,2026-06-15,Cancelled,Mobile App,Islamabad
O006106,C0364,2026-06-18,Cancelled,Marketplace,Islamabad
O006107,C0378,2026-02-18,Delivered,Marketplace,Karachi
O006108,C0317,2026-04-27,Cancelled,Mobile App,Lahore
O006109,C0008,2026-01-14,Delivered,Website,Peshawar
O006110,C0096,2026-02-23,Returned,Mobile App,Karachi
O006111,C0087,2026-08-28,Delivered,Website,Karachi
O006112,C0549,2026-05-04,Delivered,Marketplace,Islamabad
O006113,C0030,2026-06-01,Delivered,Marketplace,Peshawar
O006114,C0334,2026-08-04,Delivered,Website,Karachi
O006115,C0218,2026-06-23,Delivered,Mobile App,Peshawar
O006116,C0004,2026-07-12,Delivered,Website,Karachi
O006117,C0552,2026-06-23,Delivered,Mobile App,Lahore
O006118,C0011,2026-05-02,Delivered,Mobile App,Multan
O006119,C0514,2026-06-03,Delivered,Mobile App,Lahore
O006120,C0467,2026-03-12,Delivered,Marketplace,Islamabad
O006121,C0477,2026-08-05,Delivered,Website,Multan
O006122,C0098,2026-02-13,Delivered,Mobile App,Karachi
O006123,C0529,2026-08-03,Delivered,Mobile App,Karachi
O006124,C0360,2026-08-02,Delivered,Website,Multan
O006125,C0242,2026-02-04,Delivered,Website,Lahore
O006126,C0409,2026-06-22,Delivered,Website,Multan
O006127,C0205,2026-08-29,Delivered,Mobile App,Peshawar
O006128,C0168,2026-05-20,Delivered,Marketplace,Islamabad
O006129,C0173,2026-03-24,Delivered,Website,Lahore
O006130,C0342,2026-08-02,Delivered,Website,Lahore
O006131,C0361,2026-05-05,Delivered,Website,Karachi
O006132,C0145,2026-01-30,Shipped,Website,Lahore
O006133,C0148,2026-03-02,Delivered,Website,Peshawar
O006134,C0568,2026-06-15,Shipped,Mobile App,Multan
O006135,C0309,2026-04-21,Delivered,Website,Multan
O006136,C0517,2026-02-22,Delivered,Mobile App,Multan
O006137,C0199,2026-07-14,Delivered,Website,Karachi
O006138,C0173,2026-01-30,Delivered,Mobile App,Lahore
O006139,C0170,2026-02-23,Delivered,Website,Karachi
O006140,C0318,2026-04-24,Delivered,Website,Islamabad
O006141,C0468,2026-01-10,Delivered,Website,Multan
O006142,C0301,2026-04-05,Delivered,Mobile App,Peshawar
O006143,C0177,2026-08-10,Returned,Marketplace,Peshawar
O006144,C0577,2026-08-17,Delivered,Website,Lahore
O006145,C0344,2026-07-31,Delivered,Mobile App,Lahore
O006146,C0237,2026-03-20,Delivered,Mobile App,Karachi
O006147,C0006,2026-01-16,Delivered,Website,Lahore
O006148,C0338,2026-07-18,Delivered,Mobile App,Karachi
O006149,C0373,2026-04-01,Delivered,Website,Peshawar
O006150,C0558,2026-07-01,Delivered,Marketplace,Lahore
O006151,C0139,2026-01-29,Delivered,Mobile App,Rawalpindi
O006152,C0098,2026-06-12,Delivered,Website,Peshawar
O006153,C0600,2026-05-23,Delivered,Mobile App,Karachi
O006154,C0331,2026-08-12,Delivered,Website,Islamabad
O006155,C0017,2026-01-25,Cancelled,Mobile App,Peshawar
O006156,C0064,2026-04-10,Delivered,Mobile App,Multan
O006157,C0286,2026-08-29,Delivered,Mobile App,Karachi
O006158,C0371,2026-04-05,Delivered,Website,Islamabad
O006159,C0147,2026-06-09,Delivered,Website,Lahore
O006160,C0220,2026-02-09,Delivered,Mobile App,Karachi
O006161,C0442,2026-06-27,Delivered,Mobile App,Karachi
O006162,C0581,2026-03-09,Delivered,Mobile App,Islamabad
O006163,C0295,2026-05-20,Delivered,Website,Karachi
O006164,C0250,2026-08-02,Delivered,Mobile App,Islamabad
O006165,C0217,2026-06-10,Delivered,Mobile App,Karachi
O006166,C0082,2026-04-26,Shipped,Mobile App,Karachi
O006167,C0032,2026-02-16,Delivered,Website,Rawalpindi
O006168,C0501,2026-03-24,Delivered,Website,Karachi
O006169,C0023,2026-07-26,Delivered,Website,Karachi
O006170,C0493,2026-02-22,Delivered,Mobile App,Karachi
O006171,C0149,2026-06-09,Delivered,Mobile App,Karachi
O006172,C0417,2026-04-28,Delivered,Marketplace,Lahore
O006173,C0571,2026-03-19,Delivered,Website,Peshawar
O006174,C0450,2026-06-24,Delivered,Mobile App,Islamabad
O006175,C0438,2026-03-29,Delivered,Marketplace,Karachi
O006176,C0159,2026-03-11,Delivered,Website,Karachi
O006177,C0359,2026-05-09,Delivered,Website,Peshawar
O006178,C0386,2026-07-04,Delivered,Website,Karachi
O006179,C0256,2026-07-29,Delivered,Mobile App,Karachi
O006180,C0023,2026-06-03,Delivered,Website,Karachi
O006181,C0548,2026-06-10,Delivered,Website,Rawalpindi
O006182,C0119,2026-07-11,Delivered,Mobile App,Rawalpindi
O006183,C0585,2026-03-07,Delivered,Mobile App,Karachi
O006184,C0560,2026-03-02,Delivered,Marketplace,Karachi
O006185,C0012,2026-04-28,Delivered,Mobile App,Rawalpindi
O006186,C0444,2026-06-03,Delivered,Marketplace,Karachi
O006187,C0381,2026-06-06,Delivered,Mobile App,Lahore
O006188,C0139,2026-02-07,Delivered,Mobile App,Peshawar
O006189,C0488,2026-07-09,Delivered,Website,Karachi
O006190,C0067,2026-03-30,Shipped,Marketplace,Lahore
O006191,C0150,2026-08-02,Delivered,Marketplace,Islamabad
O006192,C0570,2026-06-26,Delivered,Mobile App,Islamabad
O006193,C0446,2026-08-27,Delivered,Website,Lahore
O006194,C0068,2026-06-03,Cancelled,Website,Lahore
O006195,C0087,2026-05-09,Delivered,Website,Lahore
O006196,C0155,2026-02-15,Delivered,Website,Lahore
O006197,C0043,2026-04-07,Delivered,Website,Karachi
O006198,C0110,2026-07-28,Delivered,Website,Karachi
O006199,C0344,2026-04-03,Delivered,Website,Karachi
O006200,C0005,2026-01-13,Delivered,Marketplace,Lahore
O006201,C0173,2026-03-01,Delivered,Mobile App,Lahore
O006202,C0189,2026-05-25,Cancelled,Mobile App,Islamabad
O006203,C0583,2026-06-02,Shipped,Website,Islamabad
O006204,C0585,2026-08-28,Cancelled,Website,Multan
O006205,C0508,2026-08-15,Delivered,Website,Islamabad
O006206,C0206,2026-05-10,Delivered,Marketplace,Rawalpindi
O006207,C0317,2026-05-15,Delivered,Website,Karachi
O006208,C0303,2026-07-14,Delivered,Mobile App,Rawalpindi
O006209,C0517,2026-01-12,Delivered,Website,Lahore
O006210,C0448,2026-05-25,Delivered,Website,Peshawar
O006211,C0544,2026-04-26,Shipped,Website,Multan
O006212,C0331,2026-07-10,Delivered,Website,Karachi
O006213,C0552,2026-07-14,Delivered,Website,Multan
O006214,C0447,2026-06-09,Delivered,Marketplace,Islamabad
O006215,C0444,2026-06-09,Delivered,Website,Rawalpindi
O006216,C0397,2026-06-17,Delivered,Website,Lahore
O006217,C0202,2026-05-21,Delivered,Website,Lahore
O006218,C0366,2026-02-25,Delivered,Marketplace,Peshawar
O006219,C0214,2026-03-11,Delivered,Mobile App,Karachi
O006220,C0390,2026-06-30,Cancelled,Mobile App,Lahore
O006221,C0153,2026-05-31,Delivered,Mobile App,Karachi
O006222,C0480,2026-02-27,Delivered,Marketplace,Karachi
O006223,C0343,2026-08-02,Delivered,Website,Rawalpindi
O006224,C0427,2026-08-27,Delivered,Mobile App,Rawalpindi
O006225,C0134,2026-06-02,Delivered,Mobile App,Multan
O006226,C0476,2026-02-25,Delivered,Website,Rawalpindi
O006227,C0482,2026-08-17,Delivered,Website,Islamabad
O006228,C0088,2026-02-27,Delivered,Mobile App,Multan
O006229,C0211,2026-04-16,Delivered,Website,Lahore
O006230,C0407,2026-07-28,Delivered,Website,Islamabad
O006231,C0525,2026-05-07,Delivered,Website,Peshawar
O006232,C0443,2026-03-01,Delivered,Website,Rawalpindi
O006233,C0284,2026-01-20,Delivered,Mobile App,Rawalpindi
O006234,C0180,2026-03-29,Shipped,Mobile App,Lahore
O006235,C0546,2026-06-13,Delivered,Mobile App,Lahore
O006236,C0525,2026-06-23,Delivered,Website,Islamabad
O006237,C0539,2026-02-24,Shipped,Website,Rawalpindi
O006238,C0183,2026-02-08,Returned,Mobile App,Lahore
O006239,C0262,2026-06-20,Delivered,Marketplace,Karachi
O006240,C0147,2026-02-08,Delivered,Website,Karachi
O006241,C0573,2026-01-16,Cancelled,Mobile App,Lahore
O006242,C0521,2026-04-29,Delivered,Mobile App,Karachi
O006243,C0104,2026-05-19,Delivered,Mobile App,Lahore
O006244,C0149,2026-03-01,Delivered,Website,Karachi
O006245,C0332,2026-02-21,Cancelled,Website,Karachi
O006246,C0250,2026-02-27,Delivered,Mobile App,Peshawar
O006247,C0276,2026-03-25,Delivered,Mobile App,Lahore
O006248,C0221,2026-01-03,Delivered,Mobile App,Rawalpindi
O006249,C0405,2026-01-03,Delivered,Mobile App,Karachi
O006250,C0539,2026-04-01,Delivered,Website,Karachi
O006251,C0551,2026-01-05,Delivered,Mobile App,Karachi
O006252,C0274,2026-03-19,Delivered,Mobile App,Karachi
O006253,C0497,2026-05-22,Shipped,Marketplace,Karachi
O006254,C0417,2026-01-08,Delivered,Mobile App,Lahore
O006255,C0119,2026-05-31,Delivered,Website,Karachi
O006256,C0477,2026-05-31,Delivered,Mobile App,Peshawar
O006257,C0211,2026-05-20,Delivered,Mobile App,Lahore
O006258,C0377,2026-06-02,Returned,Website,Karachi
O006259,C0433,2026-07-16,Delivered,Mobile App,Peshawar
O006260,C0567,2026-01-18,Delivered,Website,Lahore
O006261,C0569,2026-02-11,Delivered,Website,Lahore
O006262,C0482,2026-03-19,Delivered,Mobile App,Lahore
O006263,C0304,2026-06-17,Delivered,Website,Islamabad
O006264,C0241,2026-08-01,Delivered,Mobile App,Lahore
O006265,C0265,2026-08-12,Delivered,Mobile App,Multan
O006266,C0571,2026-05-22,Delivered,Mobile App,Lahore
O006267,C0124,2026-04-10,Delivered,Mobile App,Lahore
O006268,C0315,2026-04-11,Delivered,Mobile App,Peshawar
O006269,C0408,2026-01-15,Delivered,Website,Islamabad
O006270,C0014,2026-04-24,Shipped,Marketplace,Multan
O006271,C0381,2026-05-05,Delivered,Website,Peshawar
O006272,C0157,2026-02-20,Delivered,Mobile App,Lahore
O006273,C0169,2026-07-06,Delivered,Mobile App,Islamabad
O006274,C0374,2026-07-17,Delivered,Website,Lahore
O006275,C0006,2026-03-15,Delivered,Mobile App,Karachi
O006276,C0095,2026-08-11,Delivered,Website,Lahore
O006277,C0273,2026-01-27,Delivered,Website,Karachi
O006278,C0351,2026-08-10,Delivered,Website,Islamabad
O006279,C0066,2026-07-06,Delivered,Website,Islamabad
O006280,C0217,2026-02-24,Delivered,Marketplace,Multan
O006281,C0185,2026-06-07,Delivered,Mobile App,Karachi
O006282,C0321,2026-03-17,Delivered,Website,Lahore
O006283,C0181,2026-07-14,Cancelled,Mobile App,Lahore
O006284,C0002,2026-02-09,Delivered,Mobile App,Lahore
O006285,C0319,2026-03-01,Delivered,Mobile App,Karachi
O006286,C0510,2026-03-16,Delivered,Mobile App,Lahore
O006287,C0351,2026-02-18,Delivered,Website,Islamabad
O006288,C0218,2026-03-22,Delivered,Website,Karachi
O006289,C0290,2026-05-27,Shipped,Mobile App,Islamabad
O006290,C0085,2026-06-03,Delivered,Mobile App,Karachi
O006291,C0142,2026-05-15,Delivered,Mobile App,Lahore
O006292,C0263,2026-02-16,Delivered,Website,Multan
O006293,C0356,2026-02-19,Delivered,Mobile App,Karachi
O006294,C0292,2026-08-12,Delivered,Website,Karachi
O006295,C0578,2026-03-03,Delivered,Mobile App,Multan
O006296,C0383,2026-01-26,Delivered,Website,Karachi
O006297,C0014,2026-04-21,Shipped,Mobile App,Lahore
O006298,C0315,2026-01-02,Delivered,Marketplace,Lahore
O006299,C0350,2026-03-25,Delivered,Website,Islamabad
O006300,C0027,2026-07-27,Returned,Mobile App,Islamabad
O006301,C0232,2026-03-06,Delivered,Mobile App,Islamabad
O006302,C0523,2026-06-21,Delivered,Website,Multan
O006303,C0215,2026-04-30,Delivered,Website,Lahore
O006304,C0274,2026-03-28,Cancelled,Mobile App,Lahore
O006305,C0133,2026-06-10,Delivered,Website,Multan
O006306,C0047,2026-05-25,Delivered,Website,Karachi
O006307,C0191,2026-03-19,Delivered,Marketplace,Multan
O006308,C0464,2026-02-24,Delivered,Mobile App,Multan
O006309,C0590,2026-08-11,Delivered,Mobile App,Multan
O006310,C0397,2026-02-10,Delivered,Mobile App,Karachi
O006311,C0499,2026-08-22,Shipped,Mobile App,Islamabad
O006312,C0390,2026-04-25,Delivered,Mobile App,Peshawar
O006313,C0396,2026-08-31,Delivered,Website,Karachi
O006314,C0257,2026-03-27,Delivered,Website,Islamabad
O006315,C0037,2026-05-18,Delivered,Mobile App,Karachi
O006316,C0247,2026-05-30,Delivered,Marketplace,Karachi
O006317,C0519,2026-03-24,Delivered,Website,Peshawar
O006318,C0322,2026-02-23,Delivered,Marketplace,Multan
O006319,C0458,2026-05-07,Shipped,Mobile App,Karachi
O006320,C0031,2026-06-11,Delivered,Mobile App,Karachi
O006321,C0121,2026-03-05,Delivered,Website,Islamabad
O006322,C0180,2026-07-06,Shipped,Website,Karachi
O006323,C0216,2026-06-05,Delivered,Mobile App,Islamabad
O006324,C0593,2026-02-10,Shipped,Website,Rawalpindi
O006325,C0278,2026-08-17,Delivered,Website,Lahore
O006326,C0398,2026-01-11,Delivered,Website,Rawalpindi
O006327,C0387,2026-06-08,Delivered,Marketplace,Karachi
O006328,C0252,2026-04-17,Delivered,Website,Karachi
O006329,C0580,2026-06-08,Shipped,Mobile App,Peshawar
O006330,C0134,2026-07-08,Delivered,Website,Karachi
O006331,C0021,2026-06-16,Cancelled,Website,Karachi
O006332,C0448,2026-06-08,Delivered,Website,Islamabad
O006333,C0393,2026-07-24,Delivered,Mobile App,Karachi
O006334,C0157,2026-06-20,Delivered,Mobile App,Lahore
O006335,C0521,2026-07-17,Cancelled,Website,Peshawar
O006336,C0098,2026-04-08,Delivered,Mobile App,Karachi
O006337,C0151,2026-02-19,Delivered,Website,Lahore
O006338,C0093,2026-02-27,Shipped,Mobile App,Karachi
O006339,C0112,2026-05-29,Delivered,Website,Rawalpindi
O006340,C0438,2026-05-10,Delivered,Marketplace,Lahore
O006341,C0423,2026-01-19,Shipped,Marketplace,Peshawar
O006342,C0386,2026-02-19,Delivered,Mobile App,Karachi
O006343,C0517,2026-08-24,Delivered,Website,Rawalpindi
O006344,C0042,2026-06-26,Delivered,Mobile App,Peshawar
O006345,C0373,2026-07-03,Delivered,Mobile App,Rawalpindi
O006346,C0070,2026-02-17,Delivered,Mobile App,Rawalpindi
O006347,C0574,2026-01-16,Delivered,Website,Karachi
O006348,C0381,2026-03-12,Delivered,Website,Lahore
O006349,C0456,2026-07-28,Delivered,Website,Lahore
O006350,C0343,2026-05-04,Delivered,Mobile App,Karachi
O006351,C0231,2026-07-10,Shipped,Website,Lahore
O006352,C0412,2026-04-29,Delivered,Mobile App,Rawalpindi
O006353,C0502,2026-04-30,Delivered,Website,Lahore
O006354,C0107,2026-05-27,Cancelled,Website,Multan
O006355,C0524,2026-08-22,Delivered,Website,Rawalpindi
O006356,C0436,2026-04-17,Delivered,Marketplace,Lahore
O006357,C0052,2026-05-25,Cancelled,Mobile App,Lahore
O006358,C0562,2026-08-12,Delivered,Mobile App,Islamabad
O006359,C0109,2026-04-01,Delivered,Mobile App,Lahore
O006360,C0361,2026-07-24,Delivered,Mobile App,Karachi
O006361,C0078,2026-05-11,Delivered,Website,Lahore
O006362,C0118,2026-08-02,Delivered,Mobile App,Islamabad
O006363,C0386,2026-04-24,Delivered,Website,Lahore
O006364,C0408,2026-06-02,Shipped,Mobile App,Karachi
O006365,C0413,2026-03-20,Delivered,Website,Karachi
O006366,C0206,2026-06-04,Delivered,Marketplace,Lahore
O006367,C0493,2026-03-21,Delivered,Mobile App,Karachi
O006368,C0030,2026-05-29,Delivered,Website,Rawalpindi
O006369,C0513,2026-07-11,Cancelled,Mobile App,Islamabad
O006370,C0182,2026-04-16,Delivered,Website,Karachi
O006371,C0373,2026-04-15,Delivered,Website,Multan
O006372,C0544,2026-03-20,Delivered,Marketplace,Islamabad
O006373,C0154,2026-06-27,Delivered,Mobile App,Karachi
O006374,C0247,2026-05-24,Delivered,Mobile App,Peshawar
O006375,C0497,2026-05-06,Delivered,Website,Rawalpindi
O006376,C0519,2026-01-07,Delivered,Website,Lahore
O006377,C0142,2026-01-27,Delivered,Website,Karachi
O006378,C0306,2026-01-02,Delivered,Mobile App,Peshawar
O006379,C0200,2026-07-26,Delivered,Mobile App,Karachi
O006380,C0311,2026-07-26,Delivered,Website,Lahore
O006381,C0228,2026-01-17,Delivered,Website,Peshawar
O006382,C0004,2026-01-12,Delivered,Website,Peshawar
O006383,C0555,2026-07-09,Delivered,Website,Islamabad
O006384,C0383,2026-05-08,Delivered,Website,Karachi
O006385,C0278,2026-03-17,Shipped,Website,Karachi
O006386,C0065,2026-05-30,Delivered,Website,Peshawar
O006387,C0043,2026-02-27,Delivered,Website,Rawalpindi
O006388,C0288,2026-02-18,Delivered,Website,Peshawar
O006389,C0390,2026-03-31,Delivered,Mobile App,Karachi
O006390,C0157,2026-08-06,Delivered,Mobile App,Multan
O006391,C0447,2026-07-06,Cancelled,Website,Karachi
O006392,C0236,2026-02-16,Delivered,Website,Karachi
O006393,C0007,2026-05-17,Delivered,Mobile App,Peshawar
O006394,C0323,2026-08-03,Delivered,Website,Lahore
O006395,C0109,2026-08-20,Delivered,Website,Islamabad
O006396,C0009,2026-07-05,Delivered,Website,Lahore
O006397,C0079,2026-02-01,Cancelled,Website,Peshawar
O006398,C0171,2026-02-28,Delivered,Mobile App,Karachi
O006399,C0309,2026-02-23,Delivered,Mobile App,Karachi
O006400,C0594,2026-02-06,Cancelled,Website,Islamabad
O006401,C0131,2026-02-12,Delivered,Website,Peshawar
O006402,C0035,2026-03-18,Delivered,Marketplace,Multan
O006403,C0115,2026-05-15,Shipped,Mobile App,Lahore
O006404,C0192,2026-04-07,Delivered,Marketplace,Rawalpindi
O006405,C0124,2026-04-13,Delivered,Mobile App,Lahore
O006406,C0193,2026-03-01,Delivered,Website,Karachi
O006407,C0582,2026-02-06,Cancelled,Website,Karachi
O006408,C0228,2026-08-31,Delivered,Website,Karachi
O006409,C0381,2026-05-26,Delivered,Mobile App,Karachi
O006410,C0411,2026-02-25,Delivered,Website,Karachi
O006411,C0079,2026-07-16,Shipped,Mobile App,Karachi
O006412,C0149,2026-07-21,Delivered,Mobile App,Peshawar
O006413,C0250,2026-08-23,Delivered,Mobile App,Karachi
O006414,C0277,2026-02-08,Cancelled,Mobile App,Peshawar
O006415,C0008,2026-06-05,Delivered,Website,Peshawar
O006416,C0387,2026-08-27,Delivered,Website,Lahore
O006417,C0181,2026-07-16,Delivered,Mobile App,Rawalpindi
O006418,C0194,2026-02-24,Delivered,Mobile App,Karachi
O006419,C0362,2026-08-06,Delivered,Mobile App,Karachi
O006420,C0570,2026-04-13,Delivered,Mobile App,Rawalpindi
O006421,C0519,2026-04-29,Delivered,Mobile App,Islamabad
O006422,C0588,2026-05-16,Delivered,Website,Lahore
O006423,C0249,2026-07-07,Delivered,Website,Multan
O006424,C0072,2026-01-30,Delivered,Marketplace,Rawalpindi
O006425,C0130,2026-05-12,Shipped,Mobile App,Lahore
O006426,C0207,2026-07-18,Delivered,Mobile App,Karachi
O006427,C0181,2026-05-14,Delivered,Website,Peshawar
O006428,C0125,2026-03-08,Delivered,Mobile App,Multan
O006429,C0091,2026-01-14,Delivered,Website,Islamabad
O006430,C0113,2026-05-14,Delivered,Website,Rawalpindi
O006431,C0395,2026-06-20,Delivered,Website,Lahore
O006432,C0295,2026-05-14,Shipped,Mobile App,Karachi
O006433,C0023,2026-08-26,Delivered,Website,Multan
O006434,C0339,2026-05-27,Delivered,Website,Islamabad
O006435,C0506,2026-05-04,Delivered,Website,Lahore
O006436,C0256,2026-01-14,Delivered,Website,Islamabad
O006437,C0192,2026-05-16,Delivered,Mobile App,Lahore
O006438,C0164,2026-02-10,Delivered,Mobile App,Karachi
O006439,C0228,2026-06-26,Delivered,Mobile App,Islamabad
O006440,C0168,2026-02-09,Delivered,Website,Karachi
O006441,C0555,2026-08-09,Delivered,Mobile App,Karachi
O006442,C0596,2026-03-15,Delivered,Website,Karachi
O006443,C0206,2026-04-16,Delivered,Mobile App,Karachi
O006444,C0555,2026-02-05,Delivered,Marketplace,Multan
O006445,C0513,2026-02-21,Delivered,Website,Karachi
O006446,C0046,2026-08-13,Delivered,Marketplace,Lahore
O006447,C0295,2026-03-10,Delivered,Website,Rawalpindi
O006448,C0394,2026-05-05,Shipped,Mobile App,Peshawar
O006449,C0254,2026-08-27,Delivered,Mobile App,Rawalpindi
O006450,C0275,2026-06-01,Delivered,Mobile App,Multan
O006451,C0297,2026-01-11,Shipped,Mobile App,Rawalpindi
O006452,C0414,2026-03-28,Delivered,Website,Rawalpindi
O006453,C0177,2026-04-05,Delivered,Mobile App,Lahore
O006454,C0359,2026-03-09,Delivered,Mobile App,Karachi
O006455,C0147,2026-02-28,Delivered,Mobile App,Lahore
O006456,C0534,2026-05-03,Delivered,Website,Rawalpindi
O006457,C0051,2026-04-02,Delivered,Website,Islamabad
O006458,C0041,2026-03-13,Delivered,Marketplace,Rawalpindi
O006459,C0023,2026-04-11,Delivered,Website,Islamabad
O006460,C0210,2026-03-25,Cancelled,Website,Rawalpindi
O006461,C0364,2026-02-25,Delivered,Website,Karachi
O006462,C0592,2026-04-21,Returned,Mobile App,Karachi
O006463,C0273,2026-08-17,Delivered,Mobile App,Lahore
O006464,C0110,2026-05-03,Delivered,Marketplace,Karachi
O006465,C0221,2026-05-26,Cancelled,Mobile App,Multan
O006466,C0077,2026-08-28,Delivered,Website,Karachi
O006467,C0284,2026-05-30,Delivered,Website,Karachi
O006468,C0438,2026-02-24,Delivered,Website,Islamabad
O006469,C0022,2026-04-07,Delivered,Mobile App,Karachi
O006470,C0467,2026-04-29,Delivered,Marketplace,Lahore
O006471,C0138,2026-04-26,Returned,Website,Karachi
O006472,C0404,2026-02-06,Delivered,Website,Karachi
O006473,C0490,2026-01-26,Delivered,Mobile App,Rawalpindi
O006474,C0466,2026-03-27,Delivered,Mobile App,Lahore
O006475,C0402,2026-08-11,Delivered,Mobile App,Islamabad
O006476,C0417,2026-06-24,Delivered,Website,Karachi
O006477,C0113,2026-07-24,Delivered,Website,Lahore
O006478,C0082,2026-02-12,Delivered,Mobile App,Lahore
O006479,C0229,2026-04-11,Delivered,Website,Karachi
O006480,C0365,2026-05-22,Delivered,Mobile App,Rawalpindi
O006481,C0371,2026-04-16,Delivered,Website,Lahore
O006482,C0467,2026-04-12,Delivered,Mobile App,Multan
O006483,C0186,2026-03-29,Delivered,Marketplace,Peshawar
O006484,C0520,2026-01-13,Delivered,Mobile App,Islamabad
O006485,C0270,2026-07-28,Delivered,Website,Karachi
O006486,C0148,2026-08-15,Delivered,Marketplace,Rawalpindi
O006487,C0442,2026-01-20,Delivered,Website,Lahore
O006488,C0077,2026-04-11,Delivered,Mobile App,Peshawar
O006489,C0244,2026-05-06,Cancelled,Website,Islamabad
O006490,C0469,2026-07-10,Cancelled,Marketplace,Karachi
O006491,C0463,2026-08-28,Delivered,Website,Peshawar
O006492,C0154,2026-04-12,Cancelled,Website,Peshawar
O006493,C0100,2026-07-01,Delivered,Marketplace,Karachi
O006494,C0020,2026-08-16,Delivered,Mobile App,Islamabad
O006495,C0054,2026-07-21,Delivered,Website,Lahore
O006496,C0496,2026-03-12,Delivered,Website,Islamabad
O006497,C0471,2026-07-18,Delivered,Website,Multan
O006498,C0304,2026-04-11,Cancelled,Website,Karachi
O006499,C0343,2026-01-05,Delivered,Mobile App,Karachi
O006500,C0196,2026-07-04,Delivered,Mobile App,Karachi
O006501,C0116,2026-07-23,Delivered,Marketplace,Multan
O006502,C0007,2026-03-25,Delivered,Mobile App,Karachi
O006503,C0404,2026-04-20,Delivered,Marketplace,Islamabad
O006504,C0022,2026-03-30,Delivered,Mobile App,Rawalpindi
O006505,C0064,2026-01-29,Delivered,Website,Peshawar
O006506,C0476,2026-08-30,Delivered,Mobile App,Karachi
O006507,C0350,2026-01-06,Delivered,Website,Karachi
O006508,C0294,2026-05-16,Delivered,Website,Multan
O006509,C0132,2026-01-04,Delivered,Mobile App,Lahore
O006510,C0090,2026-06-17,Delivered,Mobile App,Karachi
O006511,C0280,2026-08-07,Delivered,Website,Karachi
O006512,C0216,2026-06-06,Delivered,Website,Peshawar
O006513,C0321,2026-05-28,Delivered,Website,Multan
O006514,C0100,2026-07-21,Delivered,Mobile App,Lahore
O006515,C0139,2026-08-25,Shipped,Website,Lahore
O006516,C0068,2026-07-29,Delivered,Marketplace,Rawalpindi
O006517,C0255,2026-02-26,Delivered,Mobile App,Karachi
O006518,C0166,2026-05-17,Cancelled,Website,Multan
O006519,C0135,2026-07-18,Delivered,Mobile App,Karachi
O006520,C0330,2026-03-13,Shipped,Marketplace,Karachi
O006521,C0299,2026-06-14,Delivered,Mobile App,Karachi
O006522,C0127,2026-01-06,Cancelled,Mobile App,Karachi
O006523,C0420,2026-08-02,Delivered,Website,Lahore
O006524,C0207,2026-05-30,Delivered,Mobile App,Rawalpindi
O006525,C0205,2026-06-30,Delivered,Mobile App,Lahore
O006526,C0287,2026-07-20,Delivered,Marketplace,Islamabad
O006527,C0084,2026-02-23,Delivered,Website,Karachi
O006528,C0253,2026-04-20,Delivered,Mobile App,Lahore
O006529,C0350,2026-07-28,Delivered,Website,Lahore
O006530,C0078,2026-02-10,Cancelled,Website,Islamabad
O006531,C0339,2026-07-19,Delivered,Website,Karachi
O006532,C0024,2026-03-12,Delivered,Website,Peshawar
O006533,C0363,2026-05-20,Delivered,Mobile App,Karachi
O006534,C0022,2026-05-04,Delivered,Website,Karachi
O006535,C0106,2026-06-16,Returned,Mobile App,Karachi
O006536,C0211,2026-07-23,Delivered,Mobile App,Islamabad
O006537,C0369,2026-03-26,Delivered,Website,Karachi
O006538,C0432,2026-02-11,Delivered,Mobile App,Karachi
O006539,C0282,2026-04-13,Delivered,Website,Lahore
O006540,C0079,2026-05-29,Delivered,Website,Karachi
O006541,C0233,2026-07-02,Delivered,Marketplace,Karachi
O006542,C0473,2026-07-03,Delivered,Website,Islamabad
O006543,C0055,2026-03-24,Delivered,Website,Islamabad
O006544,C0430,2026-08-16,Delivered,Mobile App,Karachi
O006545,C0232,2026-01-21,Delivered,Website,Karachi
O006546,C0003,2026-01-29,Delivered,Website,Lahore
O006547,C0417,2026-01-07,Delivered,Mobile App,Multan
O006548,C0017,2026-08-14,Delivered,Mobile App,Rawalpindi
O006549,C0222,2026-02-13,Delivered,Mobile App,Karachi
O006550,C0118,2026-05-27,Delivered,Marketplace,Multan
O006551,C0351,2026-07-17,Delivered,Website,Lahore
O006552,C0034,2026-07-06,Delivered,Website,Lahore
O006553,C0055,2026-08-19,Delivered,Website,Multan
O006554,C0319,2026-01-14,Delivered,Website,Rawalpindi
O006555,C0597,2026-04-09,Delivered,Marketplace,Lahore
O006556,C0024,2026-05-03,Delivered,Mobile App,Islamabad
O006557,C0277,2026-06-19,Delivered,Website,Multan
O006558,C0482,2026-06-01,Delivered,Website,Karachi
O006559,C0175,2026-05-17,Delivered,Website,Karachi
O006560,C0296,2026-03-16,Delivered,Mobile App,Lahore
O006561,C0504,2026-01-26,Delivered,Website,Multan
O006562,C0437,2026-04-15,Delivered,Marketplace,Karachi
O006563,C0176,2026-03-05,Delivered,Website,Karachi
O006564,C0451,2026-05-15,Delivered,Website,Lahore
O006565,C0406,2026-07-13,Delivered,Marketplace,Karachi
O006566,C0305,2026-05-15,Delivered,Marketplace,Islamabad
O006567,C0265,2026-05-22,Delivered,Website,Lahore
O006568,C0556,2026-01-11,Delivered,Mobile App,Peshawar
O006569,C0525,2026-06-06,Delivered,Marketplace,Rawalpindi
O006570,C0595,2026-04-17,Delivered,Mobile App,Lahore
O006571,C0406,2026-01-31,Delivered,Mobile App,Peshawar
O006572,C0216,2026-02-21,Delivered,Mobile App,Karachi
O006573,C0066,2026-07-09,Delivered,Marketplace,Islamabad
O006574,C0076,,Delivered,Mobile App,Islamabad
O006575,C0571,2026-05-04,Cancelled,Website,Karachi
O006576,C0218,2026-08-26,Delivered,Website,Karachi
O006577,C0067,2026-02-13,Delivered,Mobile App,Lahore
O006578,C0135,2026-03-14,Delivered,Mobile App,Lahore
O006579,C0013,2026-08-15,Shipped,Website,Islamabad
O006580,C0319,2026-02-12,Delivered,Mobile App,Karachi
O006581,C0355,2026-06-10,Delivered,Website,Karachi
O006582,C0228,2026-02-23,Delivered,Marketplace,Multan
O006583,C0447,2026-03-22,Delivered,Website,Karachi
O006584,C0289,2026-04-27,Delivered,Mobile App,Multan
O006585,C0576,2026-03-29,Delivered,Mobile App,Rawalpindi
O006586,C0458,2026-08-01,Delivered,Website,Islamabad
O006587,C0046,2026-08-25,Delivered,Website,Karachi
O006588,C0165,2026-05-02,Delivered,Website,Peshawar
O006589,C0453,2026-05-08,Delivered,Mobile App,Multan
O006590,C0323,2026-01-14,Delivered,Mobile App,Rawalpindi
O006591,C0452,2026-02-26,Delivered,Website,Rawalpindi
O006592,C0202,2026-01-10,Shipped,Mobile App,Lahore
O006593,C0023,2026-07-28,Delivered,Marketplace,Karachi
O006594,C0471,2026-02-25,Cancelled,Website,Multan
O006595,C0472,2026-03-24,Delivered,Marketplace,Karachi
O006596,C0384,2026-07-24,Delivered,Website,Lahore
O006597,C0243,2026-06-23,Delivered,Website,Lahore
O006598,C0006,2026-06-01,Delivered,Mobile App,Rawalpindi
O006599,C0437,2026-01-10,Delivered,Website,Rawalpindi
O006600,C0397,2026-05-17,Delivered,Marketplace,Islamabad
O006601,C0401,2026-05-17,Delivered,Mobile App,Karachi
O006602,C0103,2026-03-19,Delivered,Mobile App,Karachi
O006603,C0439,2026-07-01,Shipped,Mobile App,Karachi
O006604,C0435,2026-08-14,Delivered,Mobile App,Multan
O006605,C0515,2026-03-04,Delivered,Mobile App,Karachi
O006606,C0341,2026-03-22,Delivered,Mobile App,Multan
O006607,C0439,2026-03-20,Delivered,Mobile App,Karachi
O006608,C0241,2026-07-22,Delivered,Mobile App,Peshawar
O006609,C0419,2026-01-19,Delivered,Website,Islamabad
O006610,C0417,,Delivered,Website,Peshawar
O006611,C0468,2026-07-08,Shipped,Website,Islamabad
O006612,C0514,2026-04-28,Delivered,Website,Rawalpindi
O006613,C0002,2026-05-22,Delivered,Website,Rawalpindi
O006614,C0468,2026-08-06,Delivered,Website,Karachi
O006615,C0476,2026-07-07,Delivered,Website,Multan
O006616,C0328,2026-03-09,Delivered,Mobile App,Islamabad
O006617,C0312,2026-01-13,Delivered,Mobile App,Karachi
O006618,C0434,2026-06-09,Delivered,Website,Karachi
O006619,C0274,2026-02-05,Cancelled,Marketplace,Lahore
O006620,C0249,2026-01-22,Delivered,Marketplace,Multan
O006621,C0483,2026-08-27,Shipped,Marketplace,Peshawar
O006622,C0474,2026-04-26,Delivered,Website,Karachi
O006623,C0125,2026-06-08,Delivered,Website,Islamabad
O006624,C0498,2026-02-22,Delivered,Website,Karachi
O006625,C0196,2026-01-25,Delivered,Mobile App,Karachi
O006626,C0083,2026-01-16,Returned,Mobile App,Peshawar
O006627,C0528,2026-03-28,Delivered,Mobile App,Karachi
O006628,C0143,2026-01-01,Delivered,Mobile App,Lahore
O006629,C0122,2026-04-13,Delivered,Marketplace,Karachi
O006630,C0162,2026-03-20,Delivered,Mobile App,Karachi
O006631,C0295,2026-05-09,Delivered,Marketplace,Karachi
O006632,C0100,2026-05-24,Delivered,Mobile App,Karachi
O006633,C0096,2026-03-16,Delivered,Website,Lahore
O006634,C0236,2026-04-21,Delivered,Mobile App,Multan
O006635,C0131,2026-01-19,Delivered,Website,Karachi
O006636,C0116,2026-03-15,Delivered,Website,Peshawar
O006637,C0548,2026-08-26,Delivered,Marketplace,Islamabad
O006638,C0358,2026-08-29,Delivered,Website,Karachi
O006639,C0009,2026-04-29,Delivered,Website,Karachi
O006640,C0061,2026-08-17,Delivered,Marketplace,Karachi
O006641,C0489,2026-05-02,Delivered,Website,Rawalpindi
O006642,C0162,2026-01-31,Delivered,Website,Rawalpindi
O006643,C0092,2026-07-30,Delivered,Website,Karachi
O006644,C0400,2026-04-11,Delivered,Mobile App,Karachi
O006645,C0503,2026-05-29,Cancelled,Website,Karachi
O006646,C0240,2026-06-07,Delivered,Website,Islamabad
O006647,C0446,2026-03-16,Delivered,Mobile App,Karachi
O006648,C0253,2026-06-28,Returned,Website,Lahore
O006649,C0066,2026-05-02,Delivered,Mobile App,Islamabad
O006650,C0479,2026-03-31,Delivered,Website,Islamabad
O006651,C0552,2026-03-14,Delivered,Mobile App,Karachi
O006652,C0591,2026-07-01,Delivered,Mobile App,Lahore
O006653,C0061,2026-03-02,Shipped,Website,Lahore
O006654,C0340,2026-01-31,Delivered,Website,Peshawar
O006655,C0375,2026-08-03,Returned,Website,Lahore
O006656,C0048,2026-03-22,Delivered,Website,Lahore
O006657,C0571,2026-06-05,Delivered,Website,Karachi
O006658,C0062,2026-06-24,Delivered,Mobile App,Rawalpindi
O006659,C0162,2026-07-23,Cancelled,Website,Islamabad
O006660,C0582,2026-06-02,Cancelled,Website,Rawalpindi
O006661,C0334,2026-06-22,Delivered,Website,Islamabad
O006662,C0408,2026-07-23,Delivered,Mobile App,Peshawar
O006663,C0297,2026-08-18,Delivered,Website,Peshawar
O006664,C0452,2026-01-12,Delivered,Mobile App,Karachi
O006665,C0049,2026-06-30,Delivered,Mobile App,Karachi
O006666,C0406,2026-02-12,Returned,Website,Multan
O006667,C0040,2026-08-05,Delivered,Website,Rawalpindi
O006668,C0108,2026-01-12,Delivered,Website,Multan
O006669,C0304,2026-03-01,Returned,Mobile App,Lahore
O006670,C0270,2026-02-16,Delivered,Website,Multan
O006671,C0092,2026-05-27,Delivered,Website,Karachi
O006672,C0479,2026-01-02,Delivered,Marketplace,Islamabad
O006673,C0182,2026-01-05,Delivered,Mobile App,Lahore
O006674,C0520,2026-05-03,Delivered,Website,Karachi
O006675,C0009,2026-08-25,Delivered,Marketplace,Karachi
O006676,C0143,2026-05-09,Delivered,Website,Karachi
O006677,C0179,2026-04-19,Delivered,Website,Karachi
O006678,C0358,2026-06-09,Delivered,Website,Multan
O006679,C0241,2026-05-15,Shipped,Marketplace,Multan
O006680,C0095,2026-04-04,Delivered,Website,Multan
O006681,C0343,2026-05-24,Shipped,Mobile App,Multan
O006682,C0575,2026-01-01,Delivered,Mobile App,Peshawar
O006683,C0081,2026-03-01,Cancelled,Mobile App,Multan
O006684,C0152,2026-06-13,Delivered,Website,Karachi
O006685,C0288,2026-03-24,Delivered,Website,Karachi
O006686,C0436,2026-01-14,Delivered,Mobile App,Peshawar
O006687,C0082,2026-01-31,Cancelled,Website,Lahore
O006688,C0139,2026-07-30,Returned,Mobile App,Rawalpindi
O006689,C0142,2026-03-22,Delivered,Website,Lahore
O006690,C0370,2026-01-06,Delivered,Mobile App,Karachi
O006691,C0050,2026-06-27,Delivered,Mobile App,Karachi
O006692,C0396,2026-05-09,Delivered,Mobile App,Rawalpindi
O006693,C0256,2026-04-20,Delivered,Mobile App,Lahore
O006694,C0198,2026-08-06,Delivered,Website,Lahore
O006695,C0518,2026-03-18,Delivered,Website,Islamabad
O006696,C0492,2026-05-20,Cancelled,Website,Lahore
O006697,C0482,2026-07-01,Delivered,Mobile App,Lahore
O006698,C0532,2026-05-28,Delivered,Website,Islamabad
O006699,C0141,2026-02-20,Delivered,Website,Lahore
O006700,C0514,2026-06-15,Delivered,Website,Multan
O006701,C0106,2026-06-30,Delivered,Website,Lahore
O006702,C0199,2026-01-30,Delivered,Mobile App,Multan
O006703,C0334,2026-02-10,Delivered,Mobile App,Peshawar
O006704,C0447,2026-06-14,Delivered,Website,Multan
O006705,C0347,2026-01-29,Delivered,Website,Rawalpindi
O006706,C0336,2026-08-02,Delivered,Mobile App,Islamabad
O006707,C0226,2026-01-27,Delivered,Mobile App,Lahore
O006708,C0356,2026-08-25,Delivered,Mobile App,Lahore
O006709,C0286,2026-06-13,Delivered,Mobile App,Karachi
O006710,C0287,2026-04-18,Delivered,Mobile App,Karachi
O006711,C0352,2026-03-07,Delivered,Mobile App,Karachi
O006712,C0361,2026-03-25,Delivered,Marketplace,Rawalpindi
O006713,C0198,2026-07-01,Delivered,Mobile App,Karachi
O006714,C0082,2026-07-03,Delivered,Mobile App,Islamabad
O006715,C0180,2026-02-20,Delivered,Mobile App,Karachi
O006716,C0246,2026-05-12,Delivered,Website,Karachi
O006717,C0097,2026-08-30,Delivered,Website,Lahore
O006718,C0107,2026-03-04,Delivered,Marketplace,Peshawar
O006719,C0571,2026-06-18,Delivered,Mobile App,Lahore
O006720,C0169,2026-02-11,Returned,Website,Multan
O006721,C0444,2026-07-22,Delivered,Website,Karachi
O006722,C0077,2026-02-11,Delivered,Website,Lahore
O006723,C0584,2026-03-14,Delivered,Website,Karachi
O006724,C0128,2026-04-22,Delivered,Mobile App,Karachi
O006725,C0237,2026-04-01,Delivered,Mobile App,Karachi
O006726,C0470,2026-02-11,Shipped,Mobile App,Karachi
O006727,C0121,2026-06-05,Delivered,Website,Rawalpindi
O006728,C0330,2026-01-05,Delivered,Website,Islamabad
O006729,C0472,2026-08-27,Cancelled,Website,Karachi
O006730,C0015,2026-01-13,Delivered,Website,Multan
O006731,C0016,2026-03-23,Delivered,Mobile App,Islamabad
O006732,C0474,2026-08-14,Delivered,Website,Karachi
O006733,C0158,2026-02-07,Delivered,Marketplace,Lahore
O006734,C0546,2026-01-18,Shipped,Mobile App,Karachi
O006735,C0557,2026-06-30,Delivered,Website,Peshawar
O006736,C0529,2026-01-18,Returned,Website,Lahore
O006737,C0599,2026-08-07,Delivered,Website,Karachi
O006738,C0494,2026-04-20,Delivered,Website,Karachi
O006739,C0231,2026-07-31,Delivered,Marketplace,Karachi
O006740,C0596,2026-03-01,Delivered,Mobile App,Lahore
O006741,C0208,2026-02-04,Delivered,Mobile App,Islamabad
O006742,C0352,2026-08-22,Delivered,Mobile App,Multan
O006743,C0004,2026-07-05,Delivered,Marketplace,Karachi
O006744,C0578,2026-08-10,Delivered,Marketplace,Karachi
O006745,C0356,2026-03-19,Returned,Website,Karachi
O006746,C0570,2026-04-09,Delivered,Website,Lahore
O006747,C0212,2026-05-21,Delivered,Website,Islamabad
O006748,C0188,2026-04-20,Delivered,Website,Multan
O006749,C0314,2026-02-28,Delivered,Mobile App,Rawalpindi
O006750,C0519,2026-04-02,Shipped,Website,Karachi
O006751,C0330,2026-05-28,Cancelled,Mobile App,Multan
O006752,C0476,2026-01-10,Delivered,Website,Peshawar
O006753,C0129,2026-03-23,Delivered,Mobile App,Karachi
O006754,C0466,2026-03-13,Delivered,Website,Multan
O006755,C0440,2026-01-18,Delivered,Website,Rawalpindi
O006756,C0538,2026-01-30,Delivered,Mobile App,Rawalpindi
O006757,C0035,2026-05-01,Delivered,Website,Lahore
O006758,C0231,2026-01-25,Cancelled,Mobile App,Karachi
O006759,C0054,2026-03-25,Delivered,Marketplace,Peshawar
O006760,C0241,2026-05-17,Delivered,Website,Lahore
O006761,C0456,2026-08-01,Delivered,Website,Multan
O006762,C0385,2026-01-24,Returned,Website,Karachi
O006763,C0452,2026-04-16,Delivered,Website,Lahore
O006764,C0443,2026-01-26,Delivered,Marketplace,Rawalpindi
O006765,C0596,2026-04-15,Delivered,Mobile App,Islamabad
O006766,C0528,2026-04-27,Delivered,Website,Lahore
O006767,C0352,2026-07-14,Delivered,Mobile App,Rawalpindi
O006768,C0526,2026-04-18,Delivered,Marketplace,Rawalpindi
O006769,C0029,2026-08-16,Delivered,Website,Islamabad
O006770,C0433,2026-02-03,Delivered,Website,Karachi
O006771,C0314,2026-01-13,Delivered,Mobile App,Islamabad
O006772,C0575,2026-01-02,Returned,Mobile App,Lahore
O006773,C0303,2026-03-28,Delivered,Website,Peshawar
O006774,C0108,2026-02-16,Delivered,Mobile App,Islamabad
O006775,C0435,2026-01-23,Delivered,Website,Lahore
O006776,C0571,2026-02-27,Delivered,Mobile App,Karachi
O006777,C0010,2026-08-25,Delivered,Mobile App,Karachi
O006778,C0039,2026-07-14,Delivered,Website,Karachi
O006779,C0397,2026-01-05,Delivered,Mobile App,Islamabad
O006780,C0334,2026-08-11,Delivered,Website,Peshawar
O006781,C0330,2026-02-19,Delivered,Mobile App,Multan
O006782,C0055,2026-04-09,Delivered,Mobile App,Islamabad
O006783,C0344,2026-03-21,Delivered,Website,Rawalpindi
O006784,C0341,2026-04-09,Delivered,Website,Islamabad
O006785,C0510,2026-07-04,Delivered,Website,Lahore
O006786,C0235,2026-06-23,Shipped,Mobile App,Islamabad
O006787,C0209,2026-05-25,Delivered,Mobile App,Lahore
O006788,C0049,2026-06-02,Delivered,Website,Lahore
O006789,C0341,2026-06-26,Delivered,Marketplace,Multan
O006790,C0389,2026-02-14,Delivered,Mobile App,Lahore
O006791,C0169,2026-04-07,Cancelled,Website,Karachi
O006792,C0439,2026-01-27,Delivered,Website,Lahore
O006793,C0563,2026-06-21,Delivered,Mobile App,Multan
O006794,C0105,2026-04-17,Delivered,Website,Karachi
O006795,C0344,2026-06-04,Delivered,Marketplace,Multan
O006796,C0417,2026-05-18,Shipped,Mobile App,Multan
O006797,C0012,2026-03-08,Cancelled,Website,Lahore
O006798,C0108,2026-02-03,Delivered,Website,Karachi
O006799,C0238,2026-08-25,Delivered,Website,Karachi
O006800,C0083,2026-03-13,Delivered,Mobile App,Karachi
O006801,C0214,2026-01-27,Delivered,Website,Lahore
O006802,C0089,2026-03-16,Delivered,Mobile App,Rawalpindi
O006803,C0538,2026-08-08,Cancelled,Mobile App,Multan
O006804,C0360,2026-03-05,Delivered,Marketplace,Karachi
O006805,C0198,2026-08-28,Delivered,Website,Lahore
O006806,C0468,2026-04-22,Delivered,Website,Lahore
O006807,C0012,2026-07-29,Returned,Mobile App,Lahore
O006808,C0359,2026-06-08,Cancelled,Website,Lahore
O006809,C0411,2026-01-11,Delivered,Website,Multan
O006810,C0486,2026-05-04,Delivered,Marketplace,Lahore
O006811,C0134,2026-04-12,Delivered,Mobile App,Karachi
O006812,C0355,2026-02-18,Delivered,Marketplace,Islamabad
O006813,C0461,2026-05-14,Cancelled,Website,Karachi
O006814,C0479,2026-01-26,Shipped,Mobile App,Multan
O006815,C0106,2026-06-19,Delivered,Website,Multan
O006816,C0586,2026-07-19,Delivered,Website,Karachi
O006817,C0165,2026-01-23,Delivered,Website,Lahore
O006818,C0235,2026-04-27,Returned,Mobile App,Peshawar
O006819,C0116,2026-06-09,Delivered,Website,Lahore
O006820,C0090,2026-01-16,Shipped,Mobile App,Lahore
O006821,C0154,2026-04-05,Delivered,Marketplace,Multan
O006822,C0082,2026-03-04,Returned,Mobile App,Karachi
O006823,C0440,2026-01-10,Delivered,Website,Lahore
O006824,C0359,2026-07-15,Delivered,Mobile App,Karachi
O006825,C0235,2026-04-19,Delivered,Mobile App,Karachi
O006826,C0329,2026-07-02,Delivered,Website,Peshawar
O006827,C0363,2026-05-23,Delivered,Website,Rawalpindi
O006828,C0111,2026-08-01,Cancelled,Mobile App,Islamabad
O006829,C0179,2026-08-31,Delivered,Mobile App,Karachi
O006830,C0530,2026-05-27,Cancelled,Marketplace,Peshawar
O006831,C0008,2026-03-27,Delivered,Website,Karachi
O006832,C0575,2026-04-13,Delivered,Website,Lahore
O006833,C0579,2026-07-20,Cancelled,Website,Karachi
O006834,C0152,2026-04-14,Delivered,Marketplace,Lahore
O006835,C0193,2026-05-07,Shipped,Mobile App,Lahore
O006836,C0125,2026-02-17,Returned,Marketplace,Karachi
O006837,C0337,2026-08-29,Delivered,Mobile App,Lahore
O006838,C0129,2026-06-08,Delivered,Website,Lahore
O006839,C0475,2026-03-22,Delivered,Mobile App,Rawalpindi
O006840,C0233,2026-05-23,Delivered,Website,Lahore
O006841,C0581,2026-04-08,Delivered,Website,Peshawar
O006842,C0512,2026-02-07,Delivered,Website,Karachi
O006843,C0241,2026-08-01,Delivered,Website,Karachi
O006844,C0358,2026-08-04,Delivered,Website,Karachi
O006845,C0015,2026-07-22,Cancelled,Marketplace,Karachi
O006846,C0041,2026-03-31,Delivered,Mobile App,Lahore
O006847,C0304,2026-03-04,Cancelled,Mobile App,Karachi
O006848,C0284,2026-01-13,Delivered,Website,Karachi
O006849,C0239,2026-06-27,Delivered,Mobile App,Karachi
O006850,C0055,2026-03-21,Delivered,Website,Lahore
O006851,C0504,2026-08-05,Delivered,Website,Rawalpindi
O006852,C0244,2026-07-31,Delivered,Website,Lahore
O006853,C0283,2026-02-01,Delivered,Website,Multan
O006854,C0243,2026-08-11,Delivered,Marketplace,Karachi
O006855,C0299,2026-02-04,Delivered,Mobile App,Lahore
O006856,C0390,2026-04-30,Delivered,Website,Karachi
O006857,C0459,2026-04-26,Delivered,Mobile App,Peshawar
O006858,C0330,2026-08-21,Delivered,Website,Karachi
O006859,C0100,2026-06-09,Delivered,Website,Multan
O006860,C0525,2026-08-01,Delivered,Mobile App,Rawalpindi
O006861,C0171,2026-05-25,Shipped,Mobile App,Lahore
O006862,C0010,2026-07-20,Cancelled,Mobile App,Lahore
O006863,C0024,2026-07-27,Delivered,Website,Lahore
O006864,C0465,2026-07-28,Delivered,Mobile App,Karachi
O006865,C0233,2026-04-11,Delivered,Website,Multan
O006866,C0014,2026-04-03,Delivered,Website,Peshawar
O006867,C0487,2026-08-28,Delivered,Website,Karachi
O006868,C0183,2026-07-03,Delivered,Website,Karachi
O006869,C0587,2026-08-11,Cancelled,Website,Karachi
O006870,C0528,2026-05-21,Delivered,Website,Rawalpindi
O006871,C0029,2026-08-14,Delivered,Mobile App,Lahore
O006872,C0415,2026-06-24,Delivered,Website,Islamabad
O006873,C0362,2026-06-30,Cancelled,Website,Karachi
O006874,C0104,2026-02-13,Delivered,Marketplace,Multan
O006875,C0206,2026-05-18,Delivered,Marketplace,Karachi
O006876,C0295,2026-06-27,Delivered,Website,Karachi
O006877,C0088,2026-07-04,Delivered,Website,Multan
O006878,C0434,2026-08-21,Shipped,Website,Rawalpindi
O006879,C0167,2026-03-21,Delivered,Marketplace,Lahore
O006880,C0563,2026-03-15,Delivered,Website,Peshawar
O006881,C0482,2026-08-24,Delivered,Website,Karachi
O006882,C0381,2026-08-28,Delivered,Mobile App,Karachi
O006883,C0072,2026-02-13,Delivered,Mobile App,Karachi
O006884,C0015,2026-04-02,Shipped,Website,Karachi
O006885,C0088,2026-08-19,Delivered,Website,Rawalpindi
O006886,C0300,2026-02-18,Delivered,Website,Lahore
O006887,C0469,2026-07-10,Delivered,Website,Lahore
O006888,C0092,2026-01-28,Delivered,Website,Rawalpindi
O006889,C0425,2026-02-13,Delivered,Mobile App,Karachi
O006890,C0029,2026-07-10,Delivered,Mobile App,Karachi
O006891,C0160,2026-05-28,Delivered,Mobile App,Lahore
O006892,C0360,2026-05-15,Cancelled,Mobile App,Rawalpindi
O006893,C0498,2026-07-28,Delivered,Mobile App,Lahore
O006894,C0467,2026-03-16,Delivered,Website,Multan
O006895,C0320,2026-05-03,Shipped,Mobile App,Peshawar
O006896,C0022,2026-05-28,Delivered,Website,Peshawar
O006897,C0177,2026-06-29,Delivered,Website,Rawalpindi
O006898,C0471,2026-03-22,Delivered,Website,Islamabad
O006899,C0049,2026-06-03,Delivered,Mobile App,Multan
O006900,C0424,2026-04-19,Delivered,Mobile App,Islamabad
O006901,C0423,2026-05-12,Delivered,Website,Lahore
O006902,C0452,2026-07-29,Delivered,Website,Karachi
O006903,C0131,2026-04-06,Delivered,Mobile App,Peshawar
O006904,C0147,2026-06-12,Delivered,Website,Lahore
O006905,C0120,2026-08-17,Delivered,Website,Peshawar
O006906,C0237,2026-07-05,Delivered,Mobile App,Multan
O006907,C0315,2026-08-29,Delivered,Mobile App,Lahore
O006908,C0072,2026-05-22,Delivered,Website,Karachi
O006909,C0341,2026-03-10,Delivered,Website,Karachi
O006910,C0144,2026-08-29,Delivered,Marketplace,Lahore
O006911,C0338,2026-06-06,Delivered,Website,Islamabad
O006912,C0182,2026-02-28,Delivered,Marketplace,Karachi
O006913,C0573,,Delivered,Mobile App,Lahore
O006914,C0192,2026-03-05,Shipped,Marketplace,Lahore
O006915,C0523,2026-07-22,Delivered,Website,Karachi
O006916,C0106,2026-01-23,Delivered,Website,Karachi
O006917,C0051,2026-06-29,Delivered,Website,Karachi
O006918,C0114,2026-05-15,Delivered,Website,Peshawar
O006919,C0252,2026-01-18,Delivered,Website,Karachi
O006920,C0541,2026-05-30,Delivered,Website,Karachi
O006921,C0106,2026-07-03,Delivered,Website,Lahore
O006922,C0471,2026-06-26,Returned,Mobile App,Islamabad
O006923,C0419,2026-05-09,Delivered,Website,Rawalpindi
O006924,C0207,2026-03-23,Delivered,Website,Lahore
O006925,C0202,2026-02-09,Delivered,Website,Islamabad
O006926,C0569,2026-01-03,Delivered,Mobile App,Rawalpindi
O006927,C0429,2026-03-29,Delivered,Website,Multan
O006928,C0144,2026-06-03,Delivered,Mobile App,Islamabad
O006929,C0548,2026-01-10,Delivered,Website,Rawalpindi
O006930,C0245,2026-08-31,Delivered,Mobile App,Karachi
O006931,C0048,2026-05-23,Delivered,Mobile App,Lahore
O006932,C0489,2026-03-13,Delivered,Mobile App,Multan
O006933,C0522,2026-08-22,Delivered,Mobile App,Karachi
O006934,C0266,2026-02-14,Delivered,Marketplace,Karachi
O006935,C0423,2026-08-21,Delivered,Website,Islamabad
O006936,C0141,2026-03-10,Shipped,Website,Multan
O006937,C0511,2026-04-03,Delivered,Marketplace,Karachi
O006938,C0222,2026-04-14,Returned,Mobile App,Peshawar
O006939,C0161,2026-08-30,Delivered,Mobile App,Karachi
O006940,C0301,2026-03-02,Delivered,Website,Peshawar
O006941,C0161,2026-08-25,Delivered,Website,Multan
O006942,C0373,2026-03-26,Delivered,Marketplace,Rawalpindi
O006943,C0449,2026-03-11,Delivered,Mobile App,Multan
O006944,C0244,2026-06-05,Delivered,Website,Multan
O006945,C0471,2026-06-18,Delivered,Website,Multan
O006946,C0259,2026-03-25,Delivered,Mobile App,Lahore
O006947,C0583,2026-02-02,Delivered,Mobile App,Lahore
O006948,C0159,2026-04-07,Delivered,Marketplace,Karachi
O006949,C0423,2026-05-12,Delivered,Website,Karachi
O006950,C0322,2026-01-10,Cancelled,Website,Islamabad
O006951,C0567,2026-01-20,Delivered,Website,Karachi
O006952,C0132,2026-08-12,Delivered,Mobile App,Multan
O006953,C0119,2026-01-09,Delivered,Website,Karachi
O006954,C0521,2026-04-09,Delivered,Website,Karachi
O006955,C0541,2026-07-05,Cancelled,Website,Karachi
O006956,C0449,2026-03-21,Delivered,Website,Karachi
O006957,C0285,2026-05-01,Delivered,Mobile App,Karachi
O006958,C0247,2026-01-22,Delivered,Website,Islamabad
O006959,C0400,2026-07-13,Delivered,Website,Karachi
O006960,C0449,2026-06-04,Delivered,Mobile App,Peshawar
O006961,C0166,2026-07-26,Delivered,Website,Lahore
O006962,C0005,2026-07-29,Delivered,Mobile App,Rawalpindi
O006963,C0045,2026-03-27,Delivered,Mobile App,Rawalpindi
O006964,C0207,2026-01-11,Cancelled,Mobile App,Karachi
O006965,C0410,2026-03-26,Delivered,Mobile App,Karachi
O006966,C0265,2026-02-05,Delivered,Mobile App,Peshawar
O006967,C0372,2026-05-10,Delivered,Marketplace,Rawalpindi
O006968,C0282,2026-02-05,Delivered,Mobile App,Karachi
O006969,C0151,2026-08-13,Delivered,Website,Islamabad
O006970,C0450,2026-05-27,Delivered,Mobile App,Karachi
O006971,C0435,2026-03-03,Delivered,Mobile App,Karachi
O006972,C0578,2026-08-12,Delivered,Website,Karachi
O006973,C0496,2026-07-07,Delivered,Website,Rawalpindi
O006974,C0228,2026-04-17,Delivered,Mobile App,Lahore
O006975,C0423,2026-02-05,Delivered,Website,Lahore
O006976,C0211,2026-03-25,Delivered,Marketplace,Karachi
O006977,C0524,2026-05-22,Delivered,Marketplace,Karachi
O006978,C0367,2026-07-06,Returned,Website,Karachi
O006979,C0501,2026-03-05,Delivered,Website,Lahore
O006980,C0169,2026-06-30,Delivered,Marketplace,Peshawar
O006981,C0009,2026-03-10,Cancelled,Website,Rawalpindi
O006982,C0085,2026-03-01,Delivered,Mobile App,Karachi
O006983,C0319,2026-04-19,Cancelled,Website,Karachi
O006984,C0577,2026-02-09,Returned,Website,Karachi
O006985,C0377,2026-04-09,Delivered,Website,Peshawar
O006986,C0486,2026-03-28,Returned,Website,Lahore
O006987,C0282,2026-03-10,Delivered,Marketplace,Peshawar
O006988,C0576,2026-07-08,Delivered,Website,Lahore
O006989,C0565,2026-03-22,Cancelled,Website,Islamabad
O006990,C0131,2026-06-18,Delivered,Mobile App,Islamabad
O006991,C0518,2026-06-25,Delivered,Marketplace,Islamabad
O006992,C0011,2026-06-11,Delivered,Website,Lahore
O006993,C0356,2026-03-07,Delivered,Mobile App,Karachi
O006994,C0263,2026-07-21,Shipped,Website,Lahore
O006995,C0181,2026-02-27,Delivered,Mobile App,Multan
O006996,C0561,2026-03-09,Delivered,Mobile App,Karachi
O006997,C0398,2026-08-01,Delivered,Marketplace,Rawalpindi
O006998,C0083,2026-03-24,Delivered,Mobile App,Multan
O006999,C0084,2026-06-19,Cancelled,Marketplace,Lahore
O007000,C0071,2026-01-11,Delivered,Website,Lahore
O007001,C0183,2026-05-30,Delivered,Mobile App,Karachi
O007002,C0042,2026-07-31,Delivered,Mobile App,Rawalpindi
O007003,C0159,2026-06-22,Delivered,Website,Multan
O007004,C0460,2026-05-22,Delivered,Marketplace,Multan
O007005,C0525,2026-07-26,Delivered,Mobile App,Karachi
O007006,C0472,2026-03-14,Delivered,Marketplace,Multan
O007007,C0298,2026-04-02,Shipped,Website,Lahore
O007008,C0418,2026-01-17,Delivered,Mobile App,Islamabad
O007009,C0567,2026-06-19,Delivered,Website,Karachi
O007010,C0032,2026-06-25,Delivered,Marketplace,Karachi
O007011,C0543,2026-07-02,Returned,Website,Islamabad
O007012,C0434,2026-07-01,Delivered,Mobile App,Lahore
O007013,C0232,2026-01-31,Delivered,Website,Multan
O007014,C0270,2026-06-11,Cancelled,Mobile App,Karachi
O007015,C0264,2026-07-05,Shipped,Website,Peshawar
O007016,C0095,2026-02-19,Delivered,Marketplace,Lahore
O007017,C0139,2026-04-26,Delivered,Marketplace,Karachi
O007018,C0178,2026-08-10,Delivered,Website,Karachi
O007019,C0004,2026-04-11,Delivered,Mobile App,Rawalpindi
O007020,C0301,2026-07-03,Delivered,Mobile App,Peshawar
O007021,C0286,2026-05-09,Delivered,Website,Karachi
O007022,C0198,2026-06-09,Delivered,Website,Lahore
O007023,C0106,2026-06-02,Delivered,Website,Lahore
O007024,C0582,2026-06-08,Cancelled,Website,Islamabad
O007025,C0408,2026-07-09,Delivered,Mobile App,Islamabad
O007026,C0285,2026-08-08,Delivered,Mobile App,Peshawar
O007027,C0434,2026-03-13,Delivered,Website,Karachi
O007028,C0224,2026-08-14,Delivered,Marketplace,Karachi
O007029,C0130,2026-06-02,Delivered,Website,Karachi
O007030,C0404,2026-05-25,Delivered,Marketplace,Multan
O007031,C0463,2026-03-21,Delivered,Mobile App,Lahore
O007032,C0391,2026-04-12,Delivered,Mobile App,Karachi
O007033,C0340,2026-06-08,Delivered,Mobile App,Rawalpindi
O007034,C0002,2026-03-30,Delivered,Website,Islamabad
O007035,C0383,2026-03-11,Delivered,Marketplace,Lahore
O007036,C0372,2026-07-19,Delivered,Mobile App,Karachi
O007037,C0248,2026-04-11,Delivered,Mobile App,Rawalpindi
O007038,C0147,2026-06-06,Delivered,Website,Rawalpindi
O007039,C0588,2026-01-08,Delivered,Mobile App,Karachi
O007040,C0226,2026-01-19,Delivered,Website,Karachi
O007041,C0164,2026-07-26,Delivered,Mobile App,Karachi
O007042,C0424,2026-02-04,Shipped,Mobile App,Islamabad
O007043,C0290,2026-07-13,Delivered,Website,Karachi
O007044,C0335,,Delivered,Website,Karachi
O007045,C0389,2026-04-27,Delivered,Website,Lahore
O007046,C0222,2026-08-03,Delivered,Website,Multan
O007047,C0092,2026-04-14,Delivered,Website,Lahore
O007048,C0101,2026-08-20,Delivered,Website,Lahore
O007049,C0564,2026-02-27,Delivered,Website,Lahore
O007050,C0304,2026-04-14,Returned,Mobile App,Rawalpindi
O007051,C0251,2026-04-05,Delivered,Mobile App,Multan
O007052,C0192,2026-07-10,Delivered,Website,Multan
O007053,C0433,2026-01-11,Cancelled,Website,Lahore
O007054,C0548,2026-07-21,Delivered,Mobile App,Lahore
O007055,C0462,2026-01-06,Delivered,Website,Karachi
O007056,C0321,2026-03-18,Delivered,Website,Rawalpindi
O007057,C0286,2026-05-25,Delivered,Website,Islamabad
O007058,C0520,2026-02-05,Returned,Marketplace,Lahore
O007059,C0514,2026-04-30,Delivered,Website,Lahore
O007060,C0235,2026-08-31,Delivered,Marketplace,Karachi
O007061,C0579,2026-07-20,Delivered,Website,Rawalpindi
O007062,C0497,2026-01-08,Delivered,Website,Karachi
O007063,C0508,2026-05-24,Delivered,Website,Karachi
O007064,C0034,2026-05-26,Delivered,Mobile App,Karachi
O007065,C0079,2026-01-17,Delivered,Mobile App,Karachi
O007066,C0179,2026-06-08,Delivered,Mobile App,Karachi
O007067,C0457,2026-05-07,Shipped,Marketplace,Rawalpindi
O007068,C0047,2026-06-15,Shipped,Mobile App,Rawalpindi
O007069,C0050,2026-03-14,Shipped,Website,Lahore
O007070,C0019,2026-03-04,Delivered,Mobile App,Lahore
O007071,C0116,2026-06-28,Delivered,Website,Multan
O007072,C0552,2026-06-25,Cancelled,Mobile App,Multan
O007073,C0433,2026-02-09,Delivered,Marketplace,Islamabad
O007074,C0431,2026-02-22,Delivered,Website,Islamabad
O007075,C0176,2026-05-23,Delivered,Website,Peshawar
O007076,C0376,2026-07-21,Returned,Mobile App,Rawalpindi
O007077,C0468,2026-02-19,Cancelled,Website,Karachi
O007078,C0320,2026-02-23,Delivered,Website,Lahore
O007079,C0514,2026-07-16,Delivered,Mobile App,Karachi
O007080,C0342,2026-06-19,Cancelled,Website,Peshawar
O007081,C0195,2026-08-08,Delivered,Website,Islamabad
O007082,C0384,2026-07-10,Delivered,Mobile App,Multan
O007083,C0566,2026-08-20,Delivered,Website,Karachi
O007084,C0496,2026-02-15,Delivered,Website,Lahore
O007085,C0300,2026-03-08,Shipped,Marketplace,Rawalpindi
O007086,C0359,2026-02-27,Delivered,Website,Peshawar
O007087,C0586,2026-01-14,Delivered,Website,Peshawar
O007088,C0450,2026-07-09,Delivered,Marketplace,Karachi
O007089,C0302,2026-06-10,Delivered,Website,Multan
O007090,C0169,2026-01-21,Shipped,Marketplace,Multan
O007091,C0544,2026-02-18,Delivered,Mobile App,Multan
O007092,C0587,2026-02-16,Delivered,Mobile App,Islamabad
O007093,C0043,2026-04-08,Delivered,Website,Peshawar
O007094,C0020,2026-04-21,Delivered,Website,Karachi
O007095,C0070,2026-03-12,Shipped,Mobile App,Karachi
O007096,C0232,2026-08-15,Delivered,Website,Karachi
O007097,C0096,2026-02-21,Delivered,Mobile App,Lahore
O007098,C0530,2026-05-17,Cancelled,Mobile App,Multan
O007099,C0549,2026-04-17,Delivered,Mobile App,Islamabad
O007100,C0109,2026-04-05,Delivered,Website,Lahore
O007101,C0498,2026-07-20,Delivered,Mobile App,Peshawar
O007102,C0085,2026-08-26,Returned,Mobile App,Lahore
O007103,C0473,2026-01-02,Delivered,Website,Lahore
O007104,C0220,2026-04-23,Delivered,Marketplace,Islamabad
O007105,C0025,2026-01-29,Delivered,Website,Lahore
O007106,C0257,2026-04-16,Delivered,Marketplace,Islamabad
O007107,C0494,2026-05-30,Delivered,Website,Peshawar
O007108,C0561,2026-04-11,Delivered,Website,Lahore
O007109,C0073,2026-03-17,Delivered,Mobile App,Lahore
O007110,C0502,2026-03-17,Delivered,Website,Lahore
O007111,C0176,2026-03-14,Delivered,Website,Multan
O007112,C0279,2026-03-21,Delivered,Website,Lahore
O007113,C0066,2026-04-01,Delivered,Mobile App,Peshawar
O007114,C0584,2026-06-17,Delivered,Website,Islamabad
O007115,C0475,2026-01-24,Delivered,Mobile App,Karachi
O007116,C0386,2026-01-10,Shipped,Mobile App,Lahore
O007117,C0437,2026-05-06,Shipped,Mobile App,Karachi
O007118,C0525,2026-06-15,Cancelled,Website,Karachi
O007119,C0087,2026-03-04,Delivered,Website,Karachi
O007120,C0148,2026-02-18,Delivered,Marketplace,Rawalpindi
O007121,C0023,2026-06-01,Delivered,Mobile App,Islamabad
O007122,C0294,2026-04-04,Delivered,Marketplace,Lahore
O007123,C0297,2026-06-28,Delivered,Mobile App,Lahore
O007124,C0018,2026-02-05,Delivered,Mobile App,Lahore
O007125,C0397,2026-01-30,Delivered,Marketplace,Multan
O007126,C0006,2026-05-15,Delivered,Website,Multan
O007127,C0476,2026-04-06,Delivered,Marketplace,Rawalpindi
O007128,C0424,2026-06-27,Cancelled,Website,Karachi
O007129,C0490,2026-05-03,Delivered,Website,Multan
O007130,C0071,2026-03-28,Delivered,Mobile App,Peshawar
O007131,C0523,2026-02-08,Delivered,Website,Karachi
O007132,C0329,2026-02-09,Delivered,Website,Karachi
O007133,C0519,2026-07-03,Cancelled,Mobile App,Karachi
O007134,C0418,2026-02-25,Delivered,Mobile App,Rawalpindi
O007135,C0394,2026-05-03,Delivered,Marketplace,Lahore
O007136,C0020,2026-07-18,Delivered,Website,Karachi
O007137,C0416,2026-08-07,Delivered,Website,Karachi
O007138,C0270,2026-03-07,Cancelled,Mobile App,Lahore
O007139,C0510,2026-01-27,Cancelled,Mobile App,Islamabad
O007140,C0411,2026-07-08,Delivered,Mobile App,Lahore
O007141,C0045,2026-06-17,Delivered,Website,Karachi
O007142,C0534,2026-03-22,Delivered,Website,Islamabad
O007143,C0038,2026-05-25,Delivered,Marketplace,Multan
O007144,C0180,2026-02-15,Delivered,Website,Karachi
O007145,C0131,2026-06-20,Delivered,Mobile App,Lahore
O007146,C0585,2026-06-26,Delivered,Website,Lahore
O007147,C0092,2026-03-14,Cancelled,Website,Karachi
O007148,C0507,2026-04-24,Delivered,Mobile App,Peshawar
O007149,C0134,2026-03-23,Delivered,Website,Multan
O007150,C0391,2026-01-08,Delivered,Website,Lahore
O007151,C0055,2026-01-31,Returned,Mobile App,Karachi
O007152,C0236,2026-08-22,Delivered,Website,Karachi
O007153,C0374,2026-04-21,Delivered,Website,Islamabad
O007154,C0427,2026-02-05,Delivered,Mobile App,Karachi
O007155,C0524,2026-01-11,Delivered,Website,Lahore
O007156,C0490,2026-03-27,Delivered,Mobile App,Karachi
O007157,C0312,2026-08-27,Delivered,Website,Islamabad
O007158,C0182,2026-04-04,Delivered,Website,Multan
O007159,C0157,2026-08-31,Delivered,Website,Karachi
O007160,C0596,2026-04-29,Delivered,Marketplace,Rawalpindi
O007161,C0365,2026-07-05,Delivered,Website,Peshawar
O007162,C0546,2026-07-10,Delivered,Marketplace,Karachi
O007163,C0261,2026-01-07,Delivered,Website,Multan
O007164,C0292,2026-01-02,Delivered,Website,Islamabad
O007165,C0496,2026-08-13,Cancelled,Mobile App,Lahore
O007166,C0434,2026-08-15,Delivered,Website,Islamabad
O007167,C0121,2026-02-02,Delivered,Mobile App,Karachi
O007168,C0315,2026-06-06,Delivered,Marketplace,Karachi
O007169,C0129,2026-08-13,Delivered,Mobile App,Lahore
O007170,C0457,2026-08-20,Delivered,Mobile App,Rawalpindi
O007171,C0018,2026-03-14,Delivered,Mobile App,Multan
O007172,C0497,2026-07-18,Delivered,Website,Lahore
O007173,C0558,2026-06-07,Delivered,Mobile App,Karachi
O007174,C0014,2026-08-14,Delivered,Website,Karachi
O007175,C0379,2026-02-05,Delivered,Website,Multan
O007176,C0048,2026-05-27,Delivered,Mobile App,Karachi
O007177,C0217,2026-01-06,Delivered,Website,Multan
O007178,C0202,2026-03-28,Delivered,Mobile App,Karachi
O007179,C0312,2026-01-03,Delivered,Website,Karachi
O007180,C0551,2026-04-18,Delivered,Website,Karachi
O007181,C0277,2026-07-17,Delivered,Mobile App,Lahore
O007182,C0239,2026-06-09,Delivered,Mobile App,Karachi
O007183,C0056,2026-03-19,Delivered,Marketplace,Multan
O007184,C0533,2026-04-14,Delivered,Website,Lahore
O007185,C0189,2026-03-31,Returned,Website,Karachi
O007186,C0278,2026-06-27,Shipped,Website,Islamabad
O007187,C0056,2026-03-06,Delivered,Website,Lahore
O007188,C0174,2026-01-23,Cancelled,Website,Islamabad
O007189,C0333,2026-05-04,Delivered,Mobile App,Rawalpindi
O007190,C0541,2026-07-21,Shipped,Website,Multan
O007191,C0198,2026-04-26,Delivered,Marketplace,Islamabad
O007192,C0337,2026-02-19,Delivered,Mobile App,Lahore
O007193,C0526,2026-01-12,Returned,Mobile App,Lahore
O007194,C0217,2026-08-18,Delivered,Website,Lahore
O007195,C0177,2026-07-04,Delivered,Website,Lahore
O007196,C0027,2026-02-07,Delivered,Website,Karachi
O007197,C0545,2026-01-18,Delivered,Mobile App,Karachi
O007198,C0067,2026-02-01,Cancelled,Mobile App,Multan
O007199,C0130,2026-04-02,Delivered,Website,Multan
O007200,C0084,2026-07-17,Shipped,Website,Karachi
O005375,C0585,2026-08-30,Shipped,Website,Karachi
O000449,C0569,2026-06-27,Delivered,Website,Lahore
O006161,C0442,2026-06-27,Delivered,Mobile App,Karachi
O006026,C0119,2026-01-22,Delivered,Website,Islamabad
O000506,C0450,2026-08-07,Delivered,Marketplace,Rawalpindi
O004555,C0275,2026-05-07,Delivered,Mobile App,Karachi
O006011,C0374,2026-01-29,Delivered,Mobile App,Islamabad
O002188,C0103,2026-04-25,Delivered,Mobile App,Islamabad
O006728,C0330,2026-01-05,Delivered,Website,Islamabad
O000279,C0327,2026-06-09,Delivered,Marketplace,Lahore
O005801,C0201,2026-04-21,Delivered,Website,Karachi
O000951,C0530,2026-01-25,Delivered,Website,Karachi
O004665,C0185,2026-06-23,Delivered,Mobile App,Lahore
O007040,C0226,2026-01-19,Delivered,Website,Karachi
O003210,C0230,2026-06-15,Delivered,Website,Karachi
O004023,C0062,2026-07-25,Delivered,Mobile App,Multan
O003204,C0140,2026-03-30,Delivered,Mobile App,Rawalpindi
O001744,C0092,2026-02-03,Shipped,Website,Peshawar
