order_item_id,order_id,product_id,quantity,unit_price,discount
OI0000001,O000001,P009,2,22000.0,0.0
OI0000002,O000002,P010,1,5525.0,0.15
OI0000003,O000003,P006,2,15000.0,0.0
OI0000004,O000004,P008,1,18000.0,0.0
OI0000005,O000004,P006,3,13500.0,0.1
OI0000006,O000005,P011,1,22800.0,0.05
OI0000007,O000006,P002,1,52000.0,0.2
OI0000008,O000006,P004,1,25200.0,0.1
OI0000009,O000007,P006,1,14250.0,0.05
OI0000010,O000008,P004,2,28000.0,0.0
OI0000011,O000009,P005,1,52000.0,0.0
OI0000012,O000009,P009,3,22000.0,0.0
OI0000013,O000010,P008,1,18000.0,0.0
OI0000014,O000011,P008,2,16200.0,0.1
OI0000015,O000012,P009,1,22000.0,0.0
OI0000016,O000013,P009,2,19800.0,0.1
OI0000017,O000014,P003,2,12000.0,0.0
OI0000018,O000015,P006,2,14250.0,0.05
OI0000019,O000016,P004,2,26600.0,0.05
OI0000020,O000017,P008,1,18000.0,0.0
OI0000021,O000018,P002,1,58500.0,0.1
OI0000022,O000019,P002,1,65000.0,0.0
OI0000023,O000020,P011,2,22800.0,0.05
OI0000024,O000021,P007,3,4275.0,0.05
OI0000025,O000022,P001,3,8500.0,0.0
OI0000026,O000023,P007,1,3825.0,0.15
OI0000027,O000024,P009,1,22000.0,0.0
OI0000028,O000025,P003,1,10200.0,0.15
OI0000029,O000026,P001,2,7225.0,0.15
OI0000030,O000026,P002,1,65000.0,0.0
OI0000031,O000027,P003,1,12000.0,0.0
OI0000032,O000028,P008,2,18000.0,0.0
OI0000033,O000028,P001,1,8075.0,0.05
OI0000034,O000029,P004,2,28000.0,0.0
OI0000035,O000029,P011,2,20400.0,0.15
OI0000036,O000030,P012,3,2500.0,0.0
OI0000037,O000031,P001,3,8075.0,0.05
OI0000038,O000032,P012,1,2125.0,0.15
OI0000039,O000032,P007,3,4050.0,0.1
OI0000040,O000033,P006,3,14250.0,0.05
OI0000041,O000034,P007,3,4275.0,0.05
OI0000042,O000034,P010,3,5850.0,0.1
OI0000043,O000035,P007,1,3825.0,0.15
OI0000044,O000036,P009,2,20900.0,0.05
OI0000045,O000036,P004,3,23800.0,0.15
OI0000046,O000037,P009,3,19800.0,0.1
OI0000047,O000037,P001,1,7225.0,0.15
OI0000048,O000038,P011,2,22800.0,0.05
OI0000049,O000039,P007,2,4050.0,0.1
OI0000050,O000040,P006,3,15000.0,0.0
OI0000051,O000041,P012,1,2250.0,0.1
OI0000052,O000041,P009,1,22000.0,0.0
OI0000053,O000042,P001,1,7650.0,0.1
OI0000054,O000042,P003,3,10800.0,0.1
OI0000055,O000043,P010,3,6500.0,0.0
OI0000056,O000044,P006,2,14250.0,0.05
OI0000057,O000045,P008,1,17100.0,0.05
OI0000058,O000046,P009,1,22000.0,0.0
OI0000059,O000047,P004,3,28000.0,0.0
OI0000060,O000048,P004,2,26600.0,0.05
OI0000061,O000049,P004,3,25200.0,0.1
OI0000062,O000050,P006,3,15000.0,0.0
OI0000063,O000051,P005,2,52000.0,0.0
OI0000064,O000052,P008,3,17100.0,0.05
OI0000065,O000053,P001,2,7650.0,0.1
OI0000066,O000053,P010,3,6500.0,0.0
OI0000067,O000054,P001,1,8500.0,0.0
OI0000068,O000055,P003,3,10200.0,0.15
OI0000069,O000056,P005,1,44200.0,0.15
OI0000070,O000057,P006,3,15000.0,0.0
OI0000071,O000057,P001,3,8500.0,0.0
OI0000072,O000058,P006,1,15000.0,0.0
OI0000073,O000059,P001,3,7225.0,0.15
OI0000074,O000060,P005,3,41600.0,0.2
OI0000075,O000061,P005,3,46800.0,0.1
OI0000076,O000061,P001,3,7650.0,0.1
OI0000077,O000062,P010,1,6175.0,0.05
OI0000078,O000063,P004,2,26600.0,0.05
OI0000079,O000064,P008,2,17100.0,0.05
OI0000080,O000065,P005,3,49400.0,0.05
OI0000081,O000066,P007,3,4500.0,0.0
OI0000082,O000067,P006,2,15000.0,0.0
OI0000083,O000068,P003,3,11400.0,0.05
OI0000084,O000069,P010,3,6500.0,0.0
OI0000085,O000069,P009,2,19800.0,0.1
OI0000086,O000070,P007,1,4050.0,0.1
OI0000087,O000071,P002,3,61750.0,0.05
OI0000088,O000072,P008,2,18000.0,0.0
OI0000089,O000072,P002,1,65000.0,0.0
OI0000090,O000073,P008,2,15300.0,0.15
OI0000091,O000074,P003,3,12000.0,0.0
OI0000092,O000075,P006,-1,15000.0,0.0
OI0000093,O000076,P009,3,22000.0,0.0
OI0000094,O000077,P001,2,8075.0,0.05
OI0000095,O000078,P006,3,15000.0,0.0
OI0000096,O000079,P006,3,15000.0,0.0
OI0000097,O000080,P006,1,14250.0,0.05
OI0000098,O000081,P009,1,18700.0,0.15
OI0000099,O000082,P011,3,21600.0,0.1
OI0000100,O000083,P010,2,5850.0,0.1
OI0000101,O000084,P006,2,15000.0,0.0
OI0000102,O000084,P012,2,2500.0,0.0
OI0000103,O000085,P001,2,8500.0,0.0
OI0000104,O000086,P002,1,61750.0,0.05
OI0000105,O000087,P009,2,22000.0,0.0
OI0000106,O000088,P011,2,24000.0,0.0
OI0000107,O000088,P004,2,23800.0,0.15
OI0000108,O000089,P011,2,21600.0,0.1
OI0000109,O000089,P012,3,2500.0,0.0
OI0000110,O000090,P002,1,65000.0,0.0
OI0000111,O000091,P009,1,19800.0,0.1
OI0000112,O000092,P002,1,61750.0,0.05
OI0000113,O000092,P001,1,7650.0,0.1
OI0000114,O000093,P008,3,16200.0,0.1
OI0000115,O000094,P008,1,18000.0,0.0
OI0000116,O000095,P003,2,10800.0,0.1
OI0000117,O000095,P010,2,5850.0,0.1
OI0000118,O000096,P003,1,12000.0,0.0
OI0000119,O000097,P011,1,19200.0,0.2
OI0000120,O000097,P003,2,10800.0,0.1
OI0000121,O000098,P005,1,52000.0,0.0
OI0000122,O000099,P009,2,19800.0,0.1
OI0000123,O000100,P009,2,19800.0,0.1
OI0000124,O000101,P005,2,52000.0,0.0
OI0000125,O000102,P008,2,18000.0,0.0
OI0000126,O000103,P008,2,16200.0,0.1
OI0000127,O000104,P010,2,6500.0,0.0
OI0000128,O000105,P006,3,12000.0,0.2
OI0000129,O000105,P008,3,18000.0,0.0
OI0000130,O000106,P012,1,2375.0,0.05
OI0000131,O000107,P001,2,7650.0,0.1
OI0000132,O000107,P002,1,65000.0,0.0
OI0000133,O000108,P008,1,17100.0,0.05
OI0000134,O000108,P011,2,24000.0,0.0
OI0000135,O000109,P007,2,3600.0,0.2
OI0000136,O000110,P003,1,11400.0,0.05
OI0000137,O000111,P003,1,12000.0,0.0
OI0000138,O000112,P001,3,8500.0,0.0
OI0000139,O000113,P010,2,6500.0,0.0
OI0000140,O000114,P011,2,24000.0,0.0
OI0000141,O000115,P001,2,8500.0,0.0
OI0000142,O000116,P006,1,15000.0,0.0
OI0000143,O000117,P004,1,28000.0,0.0
OI0000144,O000117,P006,2,15000.0,0.0
OI0000145,O000118,P001,3,8500.0,0.0
OI0000146,O000119,P005,2,49400.0,0.05
OI0000147,O000120,P006,2,12000.0,0.2
OI0000148,O000121,P001,2,7650.0,0.1
OI0000149,O000122,P002,3,61750.0,0.05
OI0000150,O000123,P001,3,8500.0,0.0
OI0000151,O000124,P009,3,20900.0,0.05
OI0000152,O000125,P012,2,2375.0,0.05
OI0000153,O000125,P001,3,7650.0,0.1
OI0000154,O000126,P009,3,22000.0,0.0
OI0000155,O000126,P008,1,17100.0,0.05
OI0000156,O000127,P007,2,4500.0,0.0
OI0000157,O000128,P012,3,2250.0,0.1
OI0000158,O000129,P005,1,52000.0,0.0
OI0000159,O000130,P009,3,18700.0,0.15
OI0000160,O000131,P004,1,28000.0,0.0
OI0000161,O000132,P002,2,65000.0,0.0
OI0000162,O000133,P008,1,17100.0,0.05
OI0000163,O000133,P010,2,5525.0,0.15
OI0000164,O000134,P008,2,15300.0,0.15
OI0000165,O000135,P005,1,52000.0,0.0
OI0000166,O000135,P010,2,6500.0,0.0
OI0000167,O000136,P003,2,12000.0,0.0
OI0000168,O000137,P011,1,22800.0,0.05
OI0000169,O000137,P010,2,6175.0,0.05
OI0000170,O000138,P006,3,15000.0,0.0
OI0000171,O000139,P005,1,52000.0,0.0
OI0000172,O000140,P004,3,28000.0,0.0
OI0000173,O000141,P006,2,14250.0,0.05
OI0000174,O000141,P004,2,28000.0,0.0
OI0000175,O000142,P005,3,46800.0,0.1
OI0000176,O000143,P007,2,4050.0,0.1
OI0000177,O000144,P006,2,15000.0,0.0
OI0000178,O000145,P004,2,26600.0,0.05
OI0000179,O000146,P005,2,52000.0,0.0
OI0000180,O000147,P008,3,17100.0,0.05
OI0000181,O000148,P004,3,25200.0,0.1
OI0000182,O000148,P007,2,4050.0,0.1
OI0000183,O000149,P009,1,20900.0,0.05
OI0000184,O000150,P011,3,21600.0,0.1
OI0000185,O000151,P004,1,23800.0,0.15
OI0000186,O000152,P010,3,6500.0,0.0
OI0000187,O000153,P008,2,18000.0,0.0
OI0000188,O000154,P003,1,12000.0,0.0
OI0000189,O000155,P004,1,28000.0,0.0
OI0000190,O000156,P008,1,18000.0,0.0
OI0000191,O000156,P001,2,8075.0,0.05
OI0000192,O000157,P004,3,26600.0,0.05
OI0000193,O000157,P007,3,4050.0,0.1
OI0000194,O000158,P006,1,15000.0,0.0
OI0000195,O000159,P009,3,17600.0,0.2
OI0000196,O000160,P010,2,5850.0,0.1
OI0000197,O000161,P009,3,19800.0,0.1
OI0000198,O000161,P006,2,12750.0,0.15
OI0000199,O000162,P008,2,18000.0,0.0
OI0000200,O000163,P008,2,16200.0,0.1
OI0000201,O000164,P007,3,4500.0,0.0
OI0000202,O000165,P002,2,61750.0,0.05
OI0000203,O000166,P011,3,21600.0,0.1
OI0000204,O000167,P004,1,25200.0,0.1
OI0000205,O000168,P004,1,28000.0,0.0
OI0000206,O000168,P007,1,4500.0,0.0
OI0000207,O000169,P009,2,19800.0,0.1
OI0000208,O000170,P010,1,6500.0,0.0
OI0000209,O000170,P004,2,28000.0,0.0
OI0000210,O000171,P007,2,4050.0,0.1
OI0000211,O000172,P003,2,10200.0,0.15
OI0000212,O000173,P006,3,13500.0,0.1
OI0000213,O000174,P011,1,21600.0,0.1
OI0000214,O000175,P008,1,16200.0,0.1
OI0000215,O000176,P005,2,49400.0,0.05
OI0000216,O000177,P006,2,14250.0,0.05
OI0000217,O000178,P002,-1,65000.0,0.0
OI0000218,O000179,P004,2,25200.0,0.1
OI0000219,O000180,P006,2,12750.0,0.15
OI0000220,O000181,P006,1,15000.0,0.0
OI0000221,O000182,P003,1,12000.0,0.0
OI0000222,O000182,P007,1,4500.0,0.0
OI0000223,O000183,P001,3,8500.0,0.0
OI0000224,O000184,P003,3,12000.0,0.0
OI0000225,O000185,P009,1,22000.0,0.0
OI0000226,O000185,P008,3,15300.0,0.15
OI0000227,O000186,P010,3,6500.0,0.0
OI0000228,O000187,P012,3,2500.0,0.0
OI0000229,O000188,P007,2,4500.0,0.0
OI0000230,O000189,P011,2,22800.0,0.05
OI0000231,O000190,P001,3,8075.0,0.05
OI0000232,O000190,P003,1,11400.0,0.05
OI0000233,O000191,P005,1,49400.0,0.05
OI0000234,O000192,P007,3,3600.0,0.2
OI0000235,O000193,P011,3,20400.0,0.15
OI0000236,O000194,P006,3,15000.0,0.0
OI0000237,O000195,P007,1,4275.0,0.05
OI0000238,O000196,P005,1,46800.0,0.1
OI0000239,O000196,P011,1,24000.0,0.0
OI0000240,O000197,P001,3,8500.0,0.0
OI0000241,O000197,P010,2,6500.0,0.0
OI0000242,O000198,P011,1,21600.0,0.1
OI0000243,O000199,P003,3,12000.0,0.0
OI0000244,O000200,P009,3,22000.0,0.0
OI0000245,O000200,P004,2,23800.0,0.15
OI0000246,O000201,P010,3,5200.0,0.2
OI0000247,O000202,P006,3,15000.0,0.0
OI0000248,O000203,P003,2,11400.0,0.05
OI0000249,O000203,P008,1,17100.0,0.05
OI0000250,O000204,P002,3,58500.0,0.1
OI0000251,O000205,P007,1,4275.0,0.05
OI0000252,O000206,P003,3,11400.0,0.05
OI0000253,O000207,P004,3,26600.0,0.05
OI0000254,O000208,P007,1,4275.0,0.05
OI0000255,O000209,P004,2,26600.0,0.05
OI0000256,O000210,P006,3,13500.0,0.1
OI0000257,O000210,P004,3,22400.0,0.2
OI0000258,O000211,P001,1,8075.0,0.05
OI0000259,O000212,P003,1,10200.0,0.15
OI0000260,O000213,P002,1,65000.0,0.0
OI0000261,O000214,P006,1,12750.0,0.15
OI0000262,O000215,P002,2,65000.0,0.0
OI0000263,O000216,P004,3,25200.0,0.1
OI0000264,O000217,P011,2,20400.0,0.15
OI0000265,O000218,P010,1,6500.0,0.0
OI0000266,O000219,P001,3,8075.0,0.05
OI0000267,O000220,P007,3,3600.0,0.2
OI0000268,O000220,P004,2,28000.0,0.0
OI0000269,O000221,P004,2,26600.0,0.05
OI0000270,O000222,P007,3,4275.0,0.05
OI0000271,O000223,P010,2,6500.0,0.0
OI0000272,O000224,P002,3,61750.0,0.05
OI0000273,O000224,P001,3,8075.0,0.05
OI0000274,O000225,P002,1,52000.0,0.2
OI0000275,O000226,P006,1,13500.0,0.1
OI0000276,O000227,P001,1,7225.0,0.15
OI0000277,O000228,P010,2,5850.0,0.1
OI0000278,O000229,P012,2,2500.0,0.0
OI0000279,O000230,P009,1,22000.0,0.0
OI0000280,O000231,P001,1,8500.0,0.0
OI0000281,O000232,P005,1,46800.0,0.1
OI0000282,O000233,P005,2,52000.0,0.0
OI0000283,O000234,P001,1,8500.0,0.0
OI0000284,O000235,P001,2,8500.0,0.0
OI0000285,O000236,P005,2,46800.0,0.1
OI0000286,O000237,P004,3,23800.0,0.15
OI0000287,O000237,P001,1,8500.0,0.0
OI0000288,O000238,P006,3,15000.0,0.0
OI0000289,O000239,P003,3,11400.0,0.05
OI0000290,O000240,P001,3,8075.0,0.05
OI0000291,O000241,P001,2,8075.0,0.05
OI0000292,O000241,P006,1,13500.0,0.1
OI0000293,O000242,P009,1,19800.0,0.1
OI0000294,O000243,P001,1,7225.0,0.15
OI0000295,O000244,P001,3,8500.0,0.0
OI0000296,O000245,P001,3,7225.0,0.15
OI0000297,O000246,P004,2,28000.0,0.0
OI0000298,O000247,P011,1,21600.0,0.1
OI0000299,O000248,P009,2,20900.0,0.05
OI0000300,O000248,P004,1,28000.0,0.0
OI0000301,O000249,P001,2,8500.0,0.0
OI0000302,O000250,P012,3,2500.0,0.0
OI0000303,O000251,P002,1,61750.0,0.05
OI0000304,O000252,P010,2,5850.0,0.1
OI0000305,O000252,P008,3,15300.0,0.15
OI0000306,O000253,P002,1,55250.0,0.15
OI0000307,O000254,P002,1,65000.0,0.0
OI0000308,O000255,P003,3,11400.0,0.05
OI0000309,O000256,P001,3,8500.0,0.0
OI0000310,O000257,P005,2,52000.0,0.0
OI0000311,O000258,P003,2,10800.0,0.1
OI0000312,O000259,P004,2,28000.0,0.0
OI0000313,O000260,P004,1,25200.0,0.1
OI0000314,O000261,P005,3,41600.0,0.2
OI0000315,O000262,P006,1,15000.0,0.0
OI0000316,O000263,P001,2,8500.0,0.0
OI0000317,O000264,P011,3,22800.0,0.05
OI0000318,O000265,P008,1,18000.0,0.0
OI0000319,O000266,P012,3,2500.0,0.0
OI0000320,O000267,P003,3,10800.0,0.1
OI0000321,O000267,P008,1,18000.0,0.0
OI0000322,O000268,P007,3,4275.0,0.05
OI0000323,O000269,P003,3,10800.0,0.1
OI0000324,O000269,P008,1,18000.0,0.0
OI0000325,O000270,P008,1,16200.0,0.1
OI0000326,O000271,P004,3,25200.0,0.1
OI0000327,O000272,P008,1,17100.0,0.05
OI0000328,O000272,P006,2,15000.0,0.0
OI0000329,O000273,P007,2,4500.0,0.0
OI0000330,O000274,P002,2,58500.0,0.1
OI0000331,O000274,P008,1,16200.0,0.1
OI0000332,O000275,P005,3,44200.0,0.15
OI0000333,O000275,P007,3,4050.0,0.1
OI0000334,O000276,P007,2,4500.0,0.0
OI0000335,O000277,P006,2,15000.0,0.0
OI0000336,O000278,P011,1,24000.0,0.0
OI0000337,O000279,P008,1,18000.0,0.0
OI0000338,O000280,P010,2,6500.0,0.0
OI0000339,O000281,P001,1,7650.0,0.1
OI0000340,O000282,P012,3,2500.0,0.0
OI0000341,O000283,P009,3,19800.0,0.1
OI0000342,O000284,P001,3,8500.0,0.0
OI0000343,O000285,P005,1,49400.0,0.05
OI0000344,O000285,P006,1,15000.0,0.0
OI0000345,O000286,P004,1,28000.0,0.0
OI0000346,O000287,P007,1,3825.0,0.15
OI0000347,O000287,P008,3,17100.0,0.05
OI0000348,O000288,P004,2,28000.0,0.0
OI0000349,O000289,P005,2,52000.0,0.0
OI0000350,O000289,P002,3,61750.0,0.05
OI0000351,O000290,P004,2,26600.0,0.05
OI0000352,O000291,P011,1,21600.0,0.1
OI0000353,O000292,P003,1,10800.0,0.1
OI0000354,O000293,P002,2,65000.0,0.0
OI0000355,O000294,P008,2,18000.0,0.0
OI0000356,O000295,P004,3,28000.0,0.0
OI0000357,O000296,P003,3,10800.0,0.1
OI0000358,O000297,P007,1,4275.0,0.05
OI0000359,O000298,P003,3,12000.0,0.0
OI0000360,O000299,P012,1,2000.0,0.2
OI0000361,O000300,P007,3,4275.0,0.05
OI0000362,O000301,P003,3,9600.0,0.2
OI0000363,O000302,P003,1,10800.0,0.1
OI0000364,O000303,P004,2,28000.0,0.0
OI0000365,O000303,P006,1,15000.0,0.0
OI0000366,O000304,P005,2,49400.0,0.05
OI0000367,O000305,P006,1,14250.0,0.05
OI0000368,O000306,P006,1,15000.0,0.0
OI0000369,O000306,P002,2,65000.0,0.0
OI0000370,O000307,P001,3,8075.0,0.05
OI0000371,O000308,P008,2,18000.0,0.0
OI0000372,O000309,P012,3,2375.0,0.05
OI0000373,O000310,P007,1,4500.0,0.0
OI0000374,O000310,P002,3,58500.0,0.1
OI0000375,O000311,P007,1,4500.0,0.0
OI0000376,O000312,P002,2,65000.0,0.0
OI0000377,O000312,P005,3,49400.0,0.05
OI0000378,O000313,P008,3,16200.0,0.1
OI0000379,O000314,P010,3,6500.0,0.0
OI0000380,O000314,P004,3,28000.0,0.0
OI0000381,O000315,P005,3,49400.0,0.05
OI0000382,O000316,P012,2,2500.0,0.0
OI0000383,O000317,P001,3,6800.0,0.2
OI0000384,O000318,P003,1,11400.0,0.05
OI0000385,O000319,P006,2,13500.0,0.1
OI0000386,O000320,P008,3,15300.0,0.15
OI0000387,O000321,P008,3,16200.0,0.1
OI0000388,O000322,P009,2,19800.0,0.1
OI0000389,O000323,P002,3,58500.0,0.1
OI0000390,O000324,P012,1,2375.0,0.05
OI0000391,O000325,P009,2,20900.0,0.05
OI0000392,O000326,P004,3,28000.0,0.0
OI0000393,O000327,P004,3,28000.0,0.0
OI0000394,O000328,P003,2,11400.0,0.05
OI0000395,O000328,P008,3,17100.0,0.05
OI0000396,O000329,P011,1,22800.0,0.05
OI0000397,O000329,P004,2,26600.0,0.05
OI0000398,O000330,P011,1,22800.0,0.05
OI0000399,O000331,P012,1,2500.0,0.0
OI0000400,O000332,P006,3,15000.0,0.0
OI0000401,O000332,P005,1,52000.0,0.0
OI0000402,O000333,P003,1,9600.0,0.2
OI0000403,O000333,P006,3,13500.0,0.1
OI0000404,O000334,P011,3,22800.0,0.05
OI0000405,O000334,P009,1,22000.0,0.0
OI0000406,O000335,P003,1,12000.0,0.0
OI0000407,O000336,P006,2,15000.0,0.0
OI0000408,O000337,P003,2,11400.0,0.05
OI0000409,O000338,P008,3,18000.0,0.0
OI0000410,O000339,P010,3,5850.0,0.95
OI0000411,O000339,P012,2,2500.0,0.0
OI0000412,O000340,P002,2,61750.0,0.05
OI0000413,O000341,P002,3,65000.0,0.0
OI0000414,O000341,P006,3,15000.0,0.0
OI0000415,O000342,P003,2,11400.0,0.05
OI0000416,O000343,P002,2,58500.0,0.1
OI0000417,O000344,P005,3,46800.0,0.1
OI0000418,O000345,P002,1,61750.0,0.05
OI0000419,O000346,P010,1,6500.0,0.0
OI0000420,O000347,P003,3,10800.0,0.1
OI0000421,O000348,P006,2,15000.0,0.0
OI0000422,O000349,P002,3,58500.0,0.1
OI0000423,O000349,P011,1,24000.0,0.0
OI0000424,O000350,P008,2,18000.0,0.0
OI0000425,O000351,P009,3,20900.0,0.05
OI0000426,O000351,P012,1,2500.0,0.0
OI0000427,O000352,P002,1,58500.0,0.1
OI0000428,O000353,P002,1,61750.0,0.05
OI0000429,O000354,P009,1,22000.0,0.0
OI0000430,O000355,P007,2,4500.0,0.0
OI0000431,O000356,P011,2,24000.0,0.0
OI0000432,O000357,P011,1,22800.0,0.05
OI0000433,O000358,P010,3,6500.0,0.0
OI0000434,O000358,P009,1,19800.0,0.1
OI0000435,O000359,P010,1,6175.0,0.05
OI0000436,O000359,P011,2,22800.0,0.05
OI0000437,O000360,P002,3,65000.0,0.0
OI0000438,O000361,P004,1,25200.0,0.1
OI0000439,O000362,P006,1,14250.0,0.05
OI0000440,O000363,P006,3,15000.0,0.0
OI0000441,O000364,P009,1,18700.0,0.15
OI0000442,O000365,P006,1,12750.0,0.15
OI0000443,O000366,P007,3,4500.0,0.0
OI0000444,O000367,P007,2,4500.0,0.0
OI0000445,O000368,P012,3,2125.0,0.15
OI0000446,O000369,P005,1,49400.0,0.05
OI0000447,O000370,P006,3,14250.0,0.05
OI0000448,O000371,P005,2,49400.0,0.05
OI0000449,O000372,P004,2,28000.0,0.0
OI0000450,O000373,P012,1,2500.0,0.0
OI0000451,O000374,P012,2,2500.0,0.0
OI0000452,O000375,P004,2,26600.0,0.05
OI0000453,O000376,P007,1,4500.0,0.0
OI0000454,O000376,P008,1,15300.0,0.15
OI0000455,O000377,P010,2,6500.0,0.0
OI0000456,O000377,P001,3,8075.0,0.05
OI0000457,O000378,P005,2,46800.0,0.1
OI0000458,O000379,P002,2,65000.0,0.0
OI0000459,O000379,P008,1,18000.0,0.0
OI0000460,O000380,P006,1,12000.0,0.2
OI0000461,O000381,P006,3,14250.0,0.05
OI0000462,O000381,P001,3,7650.0,0.1
OI0000463,O000382,P008,3,16200.0,0.1
OI0000464,O000383,P004,1,22400.0,0.2
OI0000465,O000384,P001,1,8075.0,0.05
OI0000466,O000385,P002,3,65000.0,0.0
OI0000467,O000386,P006,1,14250.0,0.05
OI0000468,O000387,P009,1,18700.0,0.15
OI0000469,O000388,P001,1,8500.0,0.0
OI0000470,O000389,P001,1,7650.0,0.1
OI0000471,O000390,P003,2,10800.0,0.1
OI0000472,O000390,P001,3,8500.0,0.0
OI0000473,O000391,P003,2,10800.0,0.1
OI0000474,O000392,P003,2,11400.0,0.05
OI0000475,O000393,P011,2,21600.0,0.1
OI0000476,O000394,P008,2,18000.0,0.0
OI0000477,O000395,P007,3,4500.0,0.0
OI0000478,O000396,P011,1,21600.0,0.1
OI0000479,O000397,P012,2,2375.0,0.05
OI0000480,O000397,P008,2,16200.0,0.1
OI0000481,O000398,P010,3,6175.0,0.05
OI0000482,O000398,P006,3,15000.0,0.0
OI0000483,O000399,P001,2,7650.0,0.1
OI0000484,O000400,P011,1,24000.0,0.0
OI0000485,O000401,P006,2,15000.0,0.0
OI0000486,O000402,P006,1,15000.0,0.0
OI0000487,O000403,P002,2,65000.0,0.0
OI0000488,O000404,P009,1,20900.0,0.05
OI0000489,O000405,P010,1,5525.0,0.15
OI0000490,O000406,P009,1,18700.0,0.15
OI0000491,O000407,P006,2,13500.0,0.1
OI0000492,O000408,P001,2,6800.0,0.2
OI0000493,O000409,P003,1,11400.0,0.05
OI0000494,O000410,P002,1,55250.0,0.15
OI0000495,O000411,P002,1,65000.0,0.0
OI0000496,O000412,P006,3,13500.0,0.1
OI0000497,O000413,P009,2,20900.0,0.05
OI0000498,O000414,P010,3,6500.0,0.0
OI0000499,O000415,P001,1,7225.0,0.15
OI0000500,O000416,P004,1,28000.0,0.0
OI0000501,O000417,P010,3,5850.0,0.1
OI0000502,O000418,P011,2,20400.0,0.15
OI0000503,O000419,P011,2,22800.0,0.05
OI0000504,O000420,P004,1,22400.0,0.2
OI0000505,O000421,P006,1,15000.0,0.0
OI0000506,O000422,P010,3,6500.0,0.0
OI0000507,O000423,P001,1,8500.0,0.0
OI0000508,O000423,P003,2,12000.0,0.0
OI0000509,O000424,P001,2,8075.0,0.05
OI0000510,O000425,P001,3,8500.0,0.0
OI0000511,O000426,P006,2,12000.0,0.2
OI0000512,O000427,P005,1,46800.0,0.1
OI0000513,O000428,P001,1,8075.0,0.05
OI0000514,O000429,P004,2,26600.0,0.05
OI0000515,O000429,P011,1,24000.0,0.0
OI0000516,O000430,P004,3,26600.0,0.05
OI0000517,O000430,P006,1,15000.0,0.0
OI0000518,O000431,P012,3,2250.0,0.1
OI0000519,O000432,P005,1,44200.0,0.15
OI0000520,O000433,P009,2,20900.0,0.05
OI0000521,O000434,P006,3,12000.0,0.2
OI0000522,O000434,P003,3,10200.0,0.15
OI0000523,O000435,P004,2,26600.0,0.05
OI0000524,O000436,P002,3,65000.0,0.0
OI0000525,O000437,P004,1,25200.0,0.1
OI0000526,O000438,P007,3,4275.0,0.05
OI0000527,O000439,P011,2,19200.0,0.2
OI0000528,O000440,P009,1,18700.0,0.15
OI0000529,O000441,P002,3,65000.0,0.0
OI0000530,O000442,P001,1,8500.0,0.0
OI0000531,O000443,P001,3,7650.0,0.1
OI0000532,O000444,P007,2,4050.0,0.1
OI0000533,O000445,P006,1,14250.0,0.05
OI0000534,O000446,P010,3,5850.0,0.1
OI0000535,O000447,P005,3,49400.0,0.05
OI0000536,O000448,P001,3,8500.0,0.0
OI0000537,O000449,P010,3,5200.0,0.2
OI0000538,O000450,P009,1,19800.0,0.1
OI0000539,O000451,P004,1,28000.0,0.0
OI0000540,O000452,P009,1,19800.0,0.1
OI0000541,O000453,P006,2,13500.0,0.1
OI0000542,O000454,P002,3,55250.0,0.15
OI0000543,O000454,P003,1,10800.0,0.1
OI0000544,O000455,P007,1,4275.0,0.05
OI0000545,O000456,P001,2,7225.0,0.15
OI0000546,O000457,P011,3,21600.0,0.1
OI0000547,O000457,P010,3,5850.0,0.1
OI0000548,O000458,P007,2,4500.0,0.0
OI0000549,O000458,P003,2,9600.0,0.2
OI0000550,O000459,P012,3,2500.0,0.0
OI0000551,O000460,P011,1,22800.0,0.05
OI0000552,O000461,P010,3,6500.0,0.0
OI0000553,O000461,P009,3,22000.0,0.0
OI0000554,O000462,P003,1,12000.0,0.0
OI0000555,O000463,P007,1,4500.0,0.0
OI0000556,O000464,P001,1,7650.0,0.1
OI0000557,O000465,P008,1,18000.0,0.0
OI0000558,O000465,P012,3,2500.0,0.0
OI0000559,O000466,P007,2,4500.0,0.0
OI0000560,O000467,P006,3,14250.0,0.05
OI0000561,O000467,P011,3,24000.0,0.0
OI0000562,O000468,P003,1,10200.0,0.15
OI0000563,O000469,P002,2,61750.0,0.05
OI0000564,O000470,P002,2,55250.0,0.15
OI0000565,O000471,P011,1,21600.0,0.95
OI0000566,O000472,P002,1,58500.0,0.1
OI0000567,O000473,P004,1,23800.0,0.15
OI0000568,O000474,P008,3,18000.0,0.0
OI0000569,O000475,P002,1,58500.0,0.1
OI0000570,O000476,P012,2,2250.0,0.1
OI0000571,O000477,P002,2,65000.0,0.0
OI0000572,O000478,P001,2,8500.0,0.0
OI0000573,O000479,P008,1,14400.0,0.2
OI0000574,O000480,P004,3,28000.0,0.0
OI0000575,O000480,P006,2,14250.0,0.05
OI0000576,O000481,P009,3,20900.0,0.05
OI0000577,O000482,P001,2,8075.0,0.05
OI0000578,O000482,P004,3,28000.0,0.0
OI0000579,O000483,P008,1,18000.0,0.0
OI0000580,O000484,P003,1,12000.0,0.0
OI0000581,O000485,P009,2,20900.0,0.05
OI0000582,O000486,P005,2,52000.0,0.0
OI0000583,O000487,P002,3,58500.0,0.1
OI0000584,O000487,P010,2,5525.0,0.15
OI0000585,O000488,P007,1,4500.0,0.0
OI0000586,O000488,P003,2,12000.0,0.0
OI0000587,O000489,P007,3,4500.0,0.0
OI0000588,O000489,P003,3,10200.0,0.15
OI0000589,O000490,P002,1,55250.0,0.15
OI0000590,O000491,P012,1,2375.0,0.05
OI0000591,O000492,P008,3,18000.0,0.0
OI0000592,O000493,P004,2,28000.0,0.0
OI0000593,O000494,P006,1,14250.0,0.05
OI0000594,O000494,P008,2,18000.0,0.0
OI0000595,O000495,P005,3,46800.0,0.1
OI0000596,O000495,P011,3,22800.0,0.05
OI0000597,O000496,P004,2,28000.0,0.0
OI0000598,O000497,P006,2,15000.0,0.0
OI0000599,O000498,P006,3,15000.0,0.0
OI0000600,O000499,P007,1,3825.0,0.15
OI0000601,O000500,P008,1,17100.0,0.05
OI0000602,O000501,P010,1,5850.0,0.1
OI0000603,O000502,P001,3,8500.0,0.0
OI0000604,O000503,P009,3,20900.0,0.05
OI0000605,O000504,P008,1,18000.0,0.0
OI0000606,O000504,P009,1,20900.0,0.05
OI0000607,O000505,P008,3,16200.0,0.1
OI0000608,O000506,P005,2,44200.0,0.15
OI0000609,O000507,P002,1,65000.0,0.0
OI0000610,O000508,P008,3,17100.0,0.05
OI0000611,O000509,P010,1,6500.0,0.0
OI0000612,O000509,P006,3,15000.0,0.0
OI0000613,O000510,P007,3,4500.0,0.0
OI0000614,O000511,P003,1,12000.0,0.0
OI0000615,O000512,P010,1,6500.0,0.0
OI0000616,O000512,P006,2,14250.0,0.05
OI0000617,O000513,P009,1,18700.0,0.15
OI0000618,O000514,P001,2,8500.0,0.0
OI0000619,O000514,P011,1,22800.0,0.05
OI0000620,O000515,P005,3,49400.0,0.05
OI0000621,O000516,P010,2,6175.0,0.05
OI0000622,O000516,P005,3,52000.0,0.0
OI0000623,O000517,P010,1,6175.0,0.05
OI0000624,O000518,P010,2,6500.0,0.0
OI0000625,O000519,P004,3,28000.0,0.0
OI0000626,O000520,P003,1,10800.0,0.1
OI0000627,O000521,P003,1,10800.0,0.1
OI0000628,O000521,P005,1,49400.0,0.05
OI0000629,O000522,P009,1,20900.0,0.05
OI0000630,O000523,P011,3,24000.0,0.0
OI0000631,O000523,P007,1,3825.0,0.15
OI0000632,O000524,P009,3,22000.0,0.0
OI0000633,O000525,P009,1,22000.0,0.0
OI0000634,O000526,P004,3,28000.0,0.0
OI0000635,O000527,P001,2,8075.0,0.05
OI0000636,O000528,P006,3,13500.0,0.1
OI0000637,O000529,P004,2,26600.0,0.05
OI0000638,O000530,P011,2,21600.0,0.1
OI0000639,O000531,P009,2,20900.0,0.05
OI0000640,O000532,P001,1,8500.0,0.0
OI0000641,O000533,P004,3,28000.0,0.0
OI0000642,O000534,P007,1,4500.0,0.0
OI0000643,O000535,P006,3,13500.0,0.1
OI0000644,O000536,P008,1,17100.0,0.05
OI0000645,O000537,P007,3,4275.0,0.05
OI0000646,O000538,P005,3,44200.0,0.15
OI0000647,O000539,P005,3,46800.0,0.1
OI0000648,O000540,P009,2,19800.0,0.1
OI0000649,O000541,P002,2,65000.0,0.0
OI0000650,O000542,P001,3,8075.0,0.05
OI0000651,O000543,P008,3,18000.0,0.0
OI0000652,O000544,P011,2,21600.0,0.1
OI0000653,O000545,P001,3,8075.0,0.05
OI0000654,O000545,P011,3,21600.0,0.1
OI0000655,O000546,P008,2,17100.0,0.05
OI0000656,O000547,P005,3,46800.0,0.1
OI0000657,O000548,P006,1,15000.0,0.0
OI0000658,O000549,P003,3,10800.0,0.1
OI0000659,O000550,P009,3,20900.0,0.05
OI0000660,O000551,P007,3,4500.0,0.0
OI0000661,O000552,P002,1,61750.0,0.05
OI0000662,O000553,P012,2,2500.0,0.0
OI0000663,O000554,P001,1,8500.0,0.0
OI0000664,O000554,P010,2,6500.0,0.0
OI0000665,O000555,P009,2,22000.0,0.0
OI0000666,O000556,P007,1,4275.0,0.05
OI0000667,O000557,P006,1,14250.0,0.05
OI0000668,O000558,P012,1,2375.0,0.05
OI0000669,O000559,P010,1,5850.0,0.1
OI0000670,O000560,P010,3,6500.0,0.0
OI0000671,O000561,P008,2,15300.0,0.15
OI0000672,O000562,P008,2,15300.0,0.15
OI0000673,O000563,P003,3,11400.0,0.05
OI0000674,O000564,P008,1,15300.0,0.15
OI0000675,O000565,P011,2,19200.0,0.2
OI0000676,O000566,P006,3,13500.0,0.1
OI0000677,O000567,P011,1,24000.0,0.0
OI0000678,O000568,P008,3,18000.0,0.0
OI0000679,O000569,P009,2,22000.0,0.0
OI0000680,O000569,P010,3,6175.0,0.05
OI0000681,O000570,P010,1,6500.0,0.0
OI0000682,O000571,P004,3,28000.0,0.0
OI0000683,O000572,P002,3,55250.0,0.15
OI0000684,O000572,P001,2,8500.0,0.0
OI0000685,O000573,P005,3,52000.0,0.0
OI0000686,O000574,P010,2,6500.0,0.0
OI0000687,O000574,P006,1,15000.0,0.0
OI0000688,O000575,P009,2,22000.0,0.0
OI0000689,O000576,P002,2,65000.0,0.0
OI0000690,O000577,P009,1,22000.0,0.0
OI0000691,O000578,P011,2,21600.0,0.1
OI0000692,O000579,P001,2,8500.0,0.0
OI0000693,O000580,P010,1,6175.0,0.05
OI0000694,O000581,P001,2,8500.0,0.0
OI0000695,O000582,P002,2,61750.0,0.05
OI0000696,O000582,P006,3,12000.0,0.2
OI0000697,O000583,P010,3,6500.0,0.0
OI0000698,O000584,P010,1,6500.0,0.0
OI0000699,O000585,P005,1,46800.0,0.1
OI0000700,O000586,P008,1,17100.0,0.05
OI0000701,O000586,P005,2,52000.0,0.0
OI0000702,O000587,P008,2,15300.0,0.15
OI0000703,O000588,P010,2,5525.0,0.15
OI0000704,O000589,P001,3,7650.0,0.1
OI0000705,O000589,P005,2,52000.0,0.0
OI0000706,O000590,P011,3,24000.0,0.0
OI0000707,O000591,P005,3,49400.0,0.05
OI0000708,O000592,P009,2,22000.0,0.0
OI0000709,O000593,P001,1,7650.0,0.1
OI0000710,O000593,P009,2,22000.0,0.0
OI0000711,O000594,P004,1,25200.0,0.1
OI0000712,O000595,P011,1,22800.0,0.05
OI0000713,O000596,P011,2,21600.0,0.1
OI0000714,O000597,P007,1,4050.0,0.1
OI0000715,O000598,P008,3,16200.0,0.1
OI0000716,O000599,P001,1,8500.0,0.0
OI0000717,O000600,P012,1,2250.0,0.1
OI0000718,O000601,P010,3,6500.0,0.0
OI0000719,O000601,P006,2,15000.0,0.0
OI0000720,O000602,P005,2,44200.0,0.15
OI0000721,O000602,P003,2,9600.0,0.2
OI0000722,O000603,P007,1,4500.0,0.0
OI0000723,O000603,P008,3,15300.0,0.15
OI0000724,O000604,P004,2,28000.0,0.0
OI0000725,O000605,P008,1,18000.0,0.0
OI0000726,O000606,P002,1,65000.0,0.0
OI0000727,O000606,P003,1,12000.0,0.0
OI0000728,O000607,P006,3,15000.0,0.0
OI0000729,O000608,P010,2,6500.0,0.0
OI0000730,O000608,P008,2,17100.0,0.05
OI0000731,O000609,P007,1,4050.0,0.1
OI0000732,O000610,P006,1,15000.0,0.0
OI0000733,O000611,P006,2,12000.0,0.2
OI0000734,O000612,P001,2,8075.0,0.05
OI0000735,O000613,P010,2,5525.0,0.15
OI0000736,O000614,P002,1,65000.0,0.0
OI0000737,O000615,P006,2,14250.0,0.05
OI0000738,O000616,P006,2,14250.0,0.05
OI0000739,O000617,P006,1,15000.0,0.0
OI0000740,O000617,P005,1,52000.0,0.0
OI0000741,O000618,P009,3,19800.0,0.1
OI0000742,O000619,P002,1,65000.0,0.0
OI0000743,O000620,P002,3,61750.0,0.05
OI0000744,O000621,P005,1,52000.0,0.0
OI0000745,O000622,P002,1,61750.0,0.05
OI0000746,O000623,P011,1,21600.0,0.1
OI0000747,O000624,P003,3,12000.0,0.0
OI0000748,O000625,P008,3,17100.0,0.05
OI0000749,O000626,P002,2,65000.0,0.0
OI0000750,O000627,P007,1,4500.0,0.0
OI0000751,O000628,P001,3,8500.0,0.0
OI0000752,O000629,P007,3,4500.0,0.0
OI0000753,O000630,P001,3,8075.0,0.05
OI0000754,O000631,P011,3,22800.0,0.05
OI0000755,O000632,P006,1,15000.0,0.0
OI0000756,O000633,P001,2,8500.0,0.0
OI0000757,O000634,P001,3,8075.0,0.05
OI0000758,O000635,P007,3,4050.0,0.1
OI0000759,O000636,P006,2,15000.0,0.0
OI0000760,O000637,P007,3,4050.0,0.1
OI0000761,O000638,P011,1,21600.0,0.1
OI0000762,O000638,P001,3,8500.0,0.0
OI0000763,O000639,P010,1,6500.0,0.0
OI0000764,O000639,P009,1,18700.0,0.15
OI0000765,O000640,P003,3,11400.0,0.05
OI0000766,O000640,P008,1,14400.0,0.2
OI0000767,O000641,P009,2,22000.0,0.0
OI0000768,O000642,P006,2,13500.0,0.1
OI0000769,O000643,P011,3,20400.0,0.15
OI0000770,O000644,P005,1,52000.0,0.0
OI0000771,O000645,P005,2,46800.0,0.1
OI0000772,O000646,P006,3,14250.0,0.05
OI0000773,O000647,P009,1,22000.0,0.0
OI0000774,O000647,P003,1,11400.0,0.05
OI0000775,O000648,P003,2,12000.0,0.0
OI0000776,O000649,P009,3,22000.0,0.0
OI0000777,O000649,P003,3,10800.0,0.1
OI0000778,O000650,P011,2,21600.0,0.1
OI0000779,O000651,P001,2,8075.0,0.05
OI0000780,O000652,P010,2,6175.0,0.05
OI0000781,O000653,P009,3,22000.0,0.0
OI0000782,O000654,P008,2,17100.0,0.05
OI0000783,O000655,P008,1,18000.0,0.0
OI0000784,O000656,P008,3,18000.0,0.0
OI0000785,O000657,P002,1,65000.0,0.0
OI0000786,O000657,P009,3,20900.0,0.05
OI0000787,O000658,P007,3,3600.0,0.2
OI0000788,O000659,P010,3,5850.0,0.1
OI0000789,O000660,P010,1,5200.0,0.2
OI0000790,O000661,P006,1,12750.0,0.15
OI0000791,O000661,P004,3,26600.0,0.05
OI0000792,O000662,P004,1,28000.0,0.0
OI0000793,O000663,P012,2,2250.0,0.1
OI0000794,O000664,P008,3,17100.0,0.05
OI0000795,O000665,P010,3,5525.0,0.15
OI0000796,O000666,P005,1,44200.0,0.15
OI0000797,O000666,P012,1,2500.0,0.0
OI0000798,O000667,P009,1,22000.0,0.0
OI0000799,O000668,P006,1,15000.0,0.0
OI0000800,O000669,P010,2,6500.0,0.0
OI0000801,O000670,P007,3,3600.0,0.2
OI0000802,O000671,P006,3,15000.0,0.0
OI0000803,O000671,P001,3,8500.0,0.0
OI0000804,O000672,P004,2,28000.0,0.0
OI0000805,O000673,P012,2,2500.0,0.0
OI0000806,O000674,P004,2,23800.0,0.15
OI0000807,O000675,P004,3,26600.0,0.05
OI0000808,O000676,P002,3,65000.0,0.0
OI0000809,O000677,P009,1,22000.0,0.0
OI0000810,O000678,P007,1,4500.0,0.0
OI0000811,O000679,P007,1,4275.0,0.05
OI0000812,O000679,P011,1,24000.0,0.0
OI0000813,O000680,P001,1,7225.0,0.15
OI0000814,O000681,P001,1,8075.0,0.05
OI0000815,O000681,P003,3,10800.0,0.1
OI0000816,O000682,P008,1,15300.0,0.15
OI0000817,O000683,P010,3,6175.0,0.05
OI0000818,O000684,P007,3,4500.0,0.0
OI0000819,O000685,P006,3,15000.0,0.0
OI0000820,O000685,P009,2,20900.0,0.05
OI0000821,O000686,P004,3,23800.0,0.15
OI0000822,O000686,P012,2,2500.0,0.0
OI0000823,O000687,P007,-1,4500.0,0.0
OI0000824,O000687,P001,1,7650.0,0.1
OI0000825,O000688,P003,3,10200.0,0.15
OI0000826,O000689,P008,2,15300.0,0.15
OI0000827,O000690,P012,2,2250.0,0.1
OI0000828,O000691,P002,2,61750.0,0.05
OI0000829,O000691,P007,3,4275.0,0.05
OI0000830,O000692,P001,1,8500.0,0.0
OI0000831,O000693,P002,3,65000.0,0.0
OI0000832,O000694,P001,2,7225.0,0.15
OI0000833,O000695,P003,1,12000.0,0.0
OI0000834,O000695,P001,1,7650.0,0.1
OI0000835,O000696,P006,2,13500.0,0.1
OI0000836,O000697,P008,3,17100.0,0.05
OI0000837,O000698,P002,3,65000.0,0.0
OI0000838,O000699,P005,1,46800.0,0.1
OI0000839,O000700,P012,3,2125.0,0.15
OI0000840,O000701,P004,1,28000.0,0.0
OI0000841,O000702,P002,1,65000.0,0.0
OI0000842,O000703,P003,2,10800.0,0.1
OI0000843,O000704,P002,2,58500.0,0.1
OI0000844,O000705,P006,1,14250.0,0.05
OI0000845,O000706,P006,1,13500.0,0.1
OI0000846,O000707,P008,3,17100.0,0.05
OI0000847,O000708,P008,1,18000.0,0.0
OI0000848,O000709,P003,3,11400.0,0.05
OI0000849,O000710,P008,1,17100.0,0.05
OI0000850,O000711,P003,2,12000.0,0.0
OI0000851,O000712,P009,2,22000.0,0.0
OI0000852,O000713,P007,1,3825.0,0.15
OI0000853,O000714,P001,2,7650.0,0.1
OI0000854,O000714,P006,1,15000.0,0.0
OI0000855,O000715,P006,3,12750.0,0.15
OI0000856,O000716,P011,2,24000.0,0.0
OI0000857,O000717,P009,3,18700.0,0.15
OI0000858,O000718,P006,2,15000.0,0.0
OI0000859,O000719,P008,1,18000.0,0.0
OI0000860,O000719,P007,3,3825.0,0.15
OI0000861,O000720,P010,2,6175.0,0.05
OI0000862,O000721,P009,3,22000.0,0.0
OI0000863,O000722,P006,2,13500.0,0.1
OI0000864,O000723,P001,3,8500.0,0.0
OI0000865,O000724,P010,1,5850.0,0.1
OI0000866,O000725,P006,3,12000.0,0.2
OI0000867,O000726,P005,3,52000.0,0.0
OI0000868,O000727,P003,1,11400.0,0.05
OI0000869,O000728,P004,1,23800.0,0.15
OI0000870,O000729,P009,1,20900.0,0.05
OI0000871,O000730,P008,2,18000.0,0.0
OI0000872,O000731,P009,1,18700.0,0.15
OI0000873,O000732,P008,1,16200.0,0.1
OI0000874,O000733,P006,2,13500.0,0.1
OI0000875,O000733,P003,2,10200.0,0.15
OI0000876,O000734,P011,2,24000.0,0.0
OI0000877,O000735,P004,1,23800.0,0.15
OI0000878,O000736,P009,3,22000.0,0.0
OI0000879,O000737,P007,1,4500.0,0.0
OI0000880,O000738,P009,2,22000.0,0.0
OI0000881,O000739,P004,1,23800.0,0.15
OI0000882,O000740,P001,2,7225.0,0.15
OI0000883,O000741,P007,3,3825.0,0.15
OI0000884,O000742,P001,2,8500.0,0.0
OI0000885,O000743,P003,1,11400.0,0.05
OI0000886,O000744,P001,2,7225.0,0.15
OI0000887,O000744,P005,3,49400.0,0.05
OI0000888,O000745,P008,2,17100.0,0.05
OI0000889,O000746,P001,3,8500.0,0.0
OI0000890,O000746,P006,1,15000.0,0.0
OI0000891,O000747,P006,1,15000.0,0.0
OI0000892,O000748,P003,3,12000.0,0.0
OI0000893,O000749,P004,1,25200.0,0.1
OI0000894,O000750,P007,3,3825.0,0.15
OI0000895,O000751,P011,1,22800.0,0.05
OI0000896,O000752,P003,1,11400.0,0.05
OI0000897,O000752,P010,2,6500.0,0.0
OI0000898,O000753,P002,3,65000.0,0.0
OI0000899,O000754,P009,1,19800.0,0.1
OI0000900,O000755,P006,3,13500.0,0.1
OI0000901,O000755,P004,3,28000.0,0.0
OI0000902,O000756,P002,2,58500.0,0.1
OI0000903,O000757,P007,2,3600.0,0.2
OI0000904,O000758,P010,3,5850.0,0.1
OI0000905,O000759,P005,3,52000.0,0.0
OI0000906,O000760,P001,2,7650.0,0.1
OI0000907,O000761,P002,2,55250.0,0.15
OI0000908,O000762,P011,2,22800.0,0.05
OI0000909,O000762,P004,1,23800.0,0.15
OI0000910,O000763,P006,2,15000.0,0.0
OI0000911,O000764,P004,3,28000.0,0.0
OI0000912,O000764,P010,3,5850.0,0.1
OI0000913,O000765,P005,1,49400.0,0.05
OI0000914,O000766,P009,1,19800.0,0.1
OI0000915,O000767,P001,1,8500.0,0.0
OI0000916,O000768,P005,1,44200.0,0.15
OI0000917,O000768,P009,1,20900.0,0.05
OI0000918,O000769,P007,2,4050.0,0.1
OI0000919,O000769,P001,1,7650.0,0.1
OI0000920,O000770,P009,3,20900.0,0.05
OI0000921,O000771,P011,1,21600.0,0.1
OI0000922,O000772,P008,1,16200.0,0.1
OI0000923,O000773,P002,2,65000.0,0.0
OI0000924,O000773,P007,1,4275.0,0.05
OI0000925,O000774,P012,3,2500.0,0.0
OI0000926,O000774,P007,3,4500.0,0.0
OI0000927,O000775,P009,3,22000.0,0.0
OI0000928,O000776,P001,3,7650.0,0.1
OI0000929,O000777,P005,2,52000.0,0.0
OI0000930,O000778,P009,2,22000.0,0.0
OI0000931,O000779,P012,1,2500.0,0.0
OI0000932,O000780,P007,1,3600.0,0.2
OI0000933,O000781,P010,2,6500.0,0.0
OI0000934,O000782,P005,2,52000.0,0.0
OI0000935,O000783,P003,3,12000.0,0.0
OI0000936,O000784,P004,2,25200.0,0.1
OI0000937,O000785,P001,3,7225.0,0.15
OI0000938,O000785,P012,3,2375.0,0.05
OI0000939,O000786,P009,3,18700.0,0.15
OI0000940,O000787,P006,2,14250.0,0.05
OI0000941,O000787,P007,1,4050.0,0.1
OI0000942,O000788,P001,3,6800.0,0.2
OI0000943,O000789,P003,3,12000.0,0.0
OI0000944,O000790,P001,1,8500.0,0.0
OI0000945,O000791,P002,2,61750.0,0.05
OI0000946,O000792,P007,3,4275.0,0.05
OI0000947,O000793,P004,3,28000.0,0.0
OI0000948,O000794,P012,2,2500.0,0.0
OI0000949,O000795,P003,2,12000.0,0.0
OI0000950,O000796,P004,3,28000.0,0.0
OI0000951,O000797,P001,1,8500.0,0.0
OI0000952,O000798,P007,2,4500.0,0.0
OI0000953,O000798,P001,1,7650.0,0.1
OI0000954,O000799,P002,3,61750.0,0.05
OI0000955,O000800,P001,2,7650.0,0.1
OI0000956,O000801,P001,2,8500.0,0.0
OI0000957,O000802,P006,3,14250.0,0.05
OI0000958,O000803,P006,3,12000.0,0.2
OI0000959,O000804,P004,3,28000.0,0.0
OI0000960,O000804,P008,1,18000.0,0.0
OI0000961,O000805,P011,2,21600.0,0.1
OI0000962,O000806,P011,3,24000.0,0.0
OI0000963,O000807,P002,2,65000.0,0.0
OI0000964,O000807,P001,2,8500.0,0.0
OI0000965,O000808,P009,3,20900.0,0.05
OI0000966,O000809,P002,1,61750.0,0.05
OI0000967,O000810,P011,2,21600.0,0.1
OI0000968,O000811,P008,2,16200.0,0.1
OI0000969,O000812,P001,3,8075.0,0.05
OI0000970,O000813,P006,3,15000.0,0.0
OI0000971,O000814,P006,2,15000.0,0.0
OI0000972,O000815,P005,2,46800.0,0.1
OI0000973,O000816,P006,3,13500.0,0.1
OI0000974,O000817,P005,1,41600.0,0.2
OI0000975,O000818,P005,3,49400.0,0.05
OI0000976,O000819,P012,3,2250.0,0.1
OI0000977,O000820,P002,3,65000.0,0.0
OI0000978,O000821,P011,3,21600.0,0.1
OI0000979,O000822,P009,3,18700.0,0.15
OI0000980,O000823,P006,2,15000.0,0.0
OI0000981,O000824,P005,1,49400.0,0.05
OI0000982,O000825,P001,3,8075.0,0.05
OI0000983,O000825,P004,3,26600.0,0.05
OI0000984,O000826,P001,2,7650.0,0.1
OI0000985,O000827,P010,1,5850.0,0.1
OI0000986,O000827,P008,2,16200.0,0.1
OI0000987,O000828,P004,2,23800.0,0.15
OI0000988,O000829,P004,3,25200.0,0.1
OI0000989,O000830,P003,3,11400.0,0.05
OI0000990,O000831,P007,2,4050.0,0.1
OI0000991,O000832,P003,1,10200.0,0.15
OI0000992,O000833,P001,3,7650.0,0.1
OI0000993,O000833,P007,3,4050.0,0.1
OI0000994,O000834,P008,1,18000.0,0.0
OI0000995,O000835,P004,3,28000.0,0.0
OI0000996,O000836,P006,2,15000.0,0.0
OI0000997,O000837,P004,1,28000.0,0.0
OI0000998,O000838,P005,3,52000.0,0.0
OI0000999,O000839,P008,1,18000.0,0.0
OI0001000,O000839,P007,1,4500.0,0.0
OI0001001,O000840,P011,2,24000.0,0.0
OI0001002,O000841,P004,2,28000.0,0.0
OI0001003,O000842,P012,1,2500.0,0.0
OI0001004,O000843,P007,2,4500.0,0.0
OI0001005,O000844,P007,3,4500.0,0.0
OI0001006,O000844,P006,3,15000.0,0.0
OI0001007,O000845,P002,1,55250.0,0.15
OI0001008,O000846,P001,1,8500.0,0.0
OI0001009,O000846,P011,3,24000.0,0.0
OI0001010,O000847,P008,3,18000.0,0.0
OI0001011,O000848,P002,1,65000.0,0.0
OI0001012,O000848,P011,1,24000.0,0.0
OI0001013,O000849,P007,3,4050.0,0.1
OI0001014,O000850,P006,2,15000.0,0.0
OI0001015,O000851,P011,2,24000.0,0.0
OI0001016,O000852,P003,2,11400.0,0.05
OI0001017,O000853,P010,1,6500.0,0.0
OI0001018,O000854,P004,1,25200.0,0.1
OI0001019,O000855,P005,3,46800.0,0.1
OI0001020,O000855,P003,3,10800.0,0.1
OI0001021,O000856,P007,1,4500.0,0.0
OI0001022,O000857,P001,1,8500.0,0.0
OI0001023,O000857,P004,1,23800.0,0.15
OI0001024,O000858,P006,1,13500.0,0.1
OI0001025,O000859,P004,3,28000.0,0.0
OI0001026,O000860,P007,2,4500.0,0.0
OI0001027,O000861,P011,3,24000.0,0.0
OI0001028,O000862,P001,1,8500.0,0.0
OI0001029,O000863,P002,3,65000.0,0.0
OI0001030,O000864,P005,1,46800.0,0.1
OI0001031,O000865,P004,3,28000.0,0.0
OI0001032,O000866,P004,2,26600.0,0.05
OI0001033,O000867,P006,1,15000.0,0.0
OI0001034,O000868,P001,3,8500.0,0.0
OI0001035,O000869,P007,2,4050.0,0.1
OI0001036,O000870,P009,2,18700.0,0.15
OI0001037,O000871,P009,3,22000.0,0.0
OI0001038,O000872,P002,1,58500.0,0.1
OI0001039,O000872,P011,2,22800.0,0.05
OI0001040,O000873,P005,3,52000.0,0.0
OI0001041,O000874,P004,3,28000.0,0.0
OI0001042,O000874,P006,3,13500.0,0.1
OI0001043,O000875,P001,3,8075.0,0.05
OI0001044,O000876,P001,2,8075.0,0.05
OI0001045,O000876,P010,2,6500.0,0.0
OI0001046,O000877,P011,2,24000.0,0.0
OI0001047,O000877,P006,3,12750.0,0.15
OI0001048,O000878,P007,3,4275.0,0.05
OI0001049,O000879,P008,1,17100.0,0.05
OI0001050,O000880,P005,3,52000.0,0.0
OI0001051,O000880,P010,1,6500.0,0.0
OI0001052,O000881,P007,3,4500.0,0.0
OI0001053,O000882,P009,2,19800.0,0.1
OI0001054,O000883,P004,1,28000.0,0.0
OI0001055,O000884,P005,3,52000.0,0.0
OI0001056,O000885,P007,2,4275.0,0.05
OI0001057,O000886,P003,2,12000.0,0.0
OI0001058,O000887,P003,3,12000.0,0.0
OI0001059,O000887,P012,2,2500.0,0.0
OI0001060,O000888,P003,2,12000.0,0.0
OI0001061,O000888,P009,2,19800.0,0.1
OI0001062,O000889,P008,2,16200.0,0.1
OI0001063,O000890,P004,3,25200.0,0.1
OI0001064,O000891,P007,2,4500.0,0.0
OI0001065,O000892,P007,1,4050.0,0.1
OI0001066,O000892,P006,3,15000.0,0.0
OI0001067,O000893,P005,1,52000.0,0.0
OI0001068,O000894,P002,2,65000.0,0.0
OI0001069,O000895,P001,2,8500.0,0.0
OI0001070,O000896,P010,2,6175.0,0.05
OI0001071,O000897,P012,1,2500.0,0.0
OI0001072,O000897,P007,3,4050.0,0.1
OI0001073,O000898,P008,3,15300.0,0.15
OI0001074,O000899,P009,1,17600.0,0.2
OI0001075,O000900,P004,2,26600.0,0.05
OI0001076,O000900,P005,2,52000.0,0.0
OI0001077,O000901,P011,3,24000.0,0.0
OI0001078,O000902,P007,1,3825.0,0.15
OI0001079,O000903,P005,1,44200.0,0.15
OI0001080,O000904,P001,2,8075.0,0.05
OI0001081,O000905,P011,2,24000.0,0.0
OI0001082,O000906,P001,1,6800.0,0.2
OI0001083,O000906,P003,1,12000.0,0.0
OI0001084,O000907,P009,3,22000.0,0.0
OI0001085,O000908,P011,2,22800.0,0.05
OI0001086,O000909,P006,1,15000.0,0.0
OI0001087,O000910,P001,1,8500.0,0.0
OI0001088,O000911,P005,3,52000.0,0.0
OI0001089,O000912,P004,3,23800.0,0.15
OI0001090,O000912,P007,2,4050.0,0.1
OI0001091,O000913,P009,2,18700.0,0.15
OI0001092,O000914,P009,3,22000.0,0.0
OI0001093,O000914,P005,2,44200.0,0.15
OI0001094,O000915,P006,3,15000.0,0.0
OI0001095,O000916,P004,2,25200.0,0.1
OI0001096,O000917,P007,1,4275.0,0.05
OI0001097,O000918,P001,2,7650.0,0.1
OI0001098,O000918,P004,3,26600.0,0.05
OI0001099,O000919,P012,2,2500.0,0.0
OI0001100,O000920,P010,1,5525.0,0.15
OI0001101,O000920,P003,2,10800.0,0.1
OI0001102,O000921,P006,1,12750.0,0.15
OI0001103,O000922,P001,3,8075.0,0.05
OI0001104,O000922,P008,3,18000.0,0.0
OI0001105,O000923,P012,3,2375.0,0.05
OI0001106,O000924,P001,2,8500.0,0.0
OI0001107,O000925,P001,2,8500.0,0.0
OI0001108,O000926,P006,3,12750.0,0.15
OI0001109,O000927,P003,1,11400.0,0.05
OI0001110,O000928,P001,3,7225.0,0.15
OI0001111,O000929,P010,2,5850.0,0.1
OI0001112,O000930,P008,3,17100.0,0.05
OI0001113,O000931,P003,3,10200.0,0.15
OI0001114,O000932,P008,1,17100.0,0.05
OI0001115,O000932,P009,3,22000.0,0.0
OI0001116,O000933,P007,3,4050.0,0.1
OI0001117,O000934,P012,1,2500.0,0.0
OI0001118,O000934,P009,1,20900.0,0.05
OI0001119,O000935,P006,3,14250.0,0.05
OI0001120,O000936,P003,1,12000.0,0.0
OI0001121,O000936,P007,3,4050.0,0.1
OI0001122,O000937,P009,2,19800.0,0.1
OI0001123,O000938,P011,3,22800.0,0.05
OI0001124,O000939,P005,3,52000.0,0.0
OI0001125,O000940,P008,3,18000.0,0.0
OI0001126,O000941,P007,3,4050.0,0.1
OI0001127,O000942,P004,1,28000.0,0.0
OI0001128,O000942,P007,1,4275.0,0.05
OI0001129,O000943,P003,2,12000.0,0.0
OI0001130,O000944,P001,1,8500.0,0.0
OI0001131,O000945,P008,3,15300.0,0.15
OI0001132,O000946,P008,3,18000.0,0.0
OI0001133,O000946,P003,3,10200.0,0.15
OI0001134,O000947,P006,3,15000.0,0.0
OI0001135,O000948,P006,3,14250.0,0.05
OI0001136,O000949,P010,1,6175.0,0.05
OI0001137,O000949,P003,1,11400.0,0.05
OI0001138,O000950,P003,2,12000.0,0.0
OI0001139,O000950,P001,1,8500.0,0.0
OI0001140,O000951,P003,2,11400.0,0.05
OI0001141,O000952,P002,2,58500.0,0.1
OI0001142,O000953,P001,3,8500.0,0.0
OI0001143,O000954,P008,3,18000.0,0.0
OI0001144,O000955,P010,3,6175.0,0.05
OI0001145,O000956,P007,1,4500.0,0.0
OI0001146,O000957,P008,1,15300.0,0.15
OI0001147,O000957,P003,1,12000.0,0.0
OI0001148,O000958,P008,2,18000.0,0.0
OI0001149,O000958,P009,2,18700.0,0.15
OI0001150,O000959,P010,1,5850.0,0.1
OI0001151,O000960,P011,3,20400.0,0.15
OI0001152,O000961,P007,3,4500.0,0.0
OI0001153,O000962,P011,1,24000.0,0.0
OI0001154,O000963,P011,3,22800.0,0.05
OI0001155,O000964,P001,3,7225.0,0.15
OI0001156,O000965,P004,2,25200.0,0.1
OI0001157,O000966,P011,1,20400.0,0.15
OI0001158,O000966,P010,2,6175.0,0.05
OI0001159,O000967,P001,3,8500.0,0.0
OI0001160,O000968,P001,2,6800.0,0.2
OI0001161,O000968,P004,2,25200.0,0.1
OI0001162,O000969,P001,3,8500.0,0.0
OI0001163,O000970,P011,3,24000.0,0.0
OI0001164,O000970,P004,1,26600.0,0.05
OI0001165,O000971,P001,3,8075.0,0.05
OI0001166,O000972,P004,2,28000.0,0.0
OI0001167,O000973,P007,2,3825.0,0.15
OI0001168,O000974,P009,1,22000.0,0.0
OI0001169,O000975,P008,3,18000.0,0.0
OI0001170,O000976,P006,1,12750.0,0.15
OI0001171,O000977,P008,3,17100.0,0.05
OI0001172,O000978,P002,1,65000.0,0.0
OI0001173,O000979,P003,3,12000.0,0.0
OI0001174,O000980,P002,3,65000.0,0.0
OI0001175,O000981,P002,2,65000.0,0.0
OI0001176,O000982,P006,1,15000.0,0.0
OI0001177,O000982,P009,2,17600.0,0.2
OI0001178,O000983,P005,1,52000.0,0.0
OI0001179,O000984,P006,3,15000.0,0.0
OI0001180,O000985,P005,2,49400.0,0.05
OI0001181,O000986,P008,2,16200.0,0.1
OI0001182,O000986,P003,1,12000.0,0.0
OI0001183,O000987,P010,1,6500.0,0.0
OI0001184,O000987,P003,3,12000.0,0.0
OI0001185,O000988,P009,3,22000.0,0.0
OI0001186,O000988,P006,3,13500.0,0.1
OI0001187,O000989,P010,1,5525.0,0.15
OI0001188,O000989,P005,2,52000.0,0.0
OI0001189,O000990,P004,3,26600.0,0.05
OI0001190,O000990,P001,1,8500.0,0.0
OI0001191,O000991,P011,2,22800.0,0.05
OI0001192,O000992,P008,1,17100.0,0.05
OI0001193,O000993,P005,1,49400.0,0.05
OI0001194,O000993,P006,1,15000.0,0.0
OI0001195,O000994,P005,1,52000.0,0.0
OI0001196,O000995,P001,3,7650.0,0.1
OI0001197,O000996,P005,1,52000.0,0.0
OI0001198,O000996,P001,2,8075.0,0.05
OI0001199,O000997,P005,1,52000.0,0.0
OI0001200,O000998,P003,3,12000.0,0.0
OI0001201,O000999,P009,2,22000.0,0.0
OI0001202,O001000,P005,3,49400.0,0.05
OI0001203,O001001,P009,2,22000.0,0.0
OI0001204,O001002,P012,3,2500.0,0.0
OI0001205,O001002,P001,2,8075.0,0.05
OI0001206,O001003,P004,3,26600.0,0.05
OI0001207,O001004,P010,2,5850.0,0.1
OI0001208,O001004,P011,2,24000.0,0.0
OI0001209,O001005,P011,1,21600.0,0.1
OI0001210,O001006,P002,3,58500.0,0.1
OI0001211,O001007,P004,1,28000.0,0.0
OI0001212,O001008,P003,3,12000.0,0.0
OI0001213,O001009,P002,3,61750.0,0.05
OI0001214,O001010,P010,2,6175.0,0.05
OI0001215,O001011,P008,3,18000.0,0.0
OI0001216,O001012,P005,2,49400.0,0.05
OI0001217,O001012,P007,1,4275.0,0.05
OI0001218,O001013,P006,3,13500.0,0.1
OI0001219,O001014,P011,2,24000.0,0.0
OI0001220,O001015,P011,3,24000.0,0.0
OI0001221,O001016,P003,1,11400.0,0.05
OI0001222,O001017,P008,1,18000.0,0.0
OI0001223,O001018,P004,2,28000.0,0.0
OI0001224,O001019,P010,2,6175.0,0.05
OI0001225,O001019,P008,2,17100.0,0.05
OI0001226,O001020,P011,2,22800.0,0.05
OI0001227,O001020,P012,2,2500.0,0.0
OI0001228,O001021,P008,3,15300.0,0.15
OI0001229,O001022,P010,1,6175.0,0.05
OI0001230,O001022,P005,3,49400.0,0.05
OI0001231,O001023,P007,3,4050.0,0.1
OI0001232,O001024,P009,1,20900.0,0.05
OI0001233,O001024,P003,1,10800.0,0.1
OI0001234,O001025,P006,2,12750.0,0.15
OI0001235,O001026,P009,1,19800.0,0.1
OI0001236,O001027,P009,3,20900.0,0.05
OI0001237,O001027,P006,1,15000.0,0.0
OI0001238,O001028,P003,1,12000.0,0.0
OI0001239,O001029,P001,1,8500.0,0.0
OI0001240,O001029,P003,3,11400.0,0.05
OI0001241,O001030,P009,3,20900.0,0.05
OI0001242,O001031,P009,2,22000.0,0.0
OI0001243,O001032,P001,3,8500.0,0.0
OI0001244,O001033,P001,1,8500.0,0.0
OI0001245,O001034,P007,2,4500.0,0.0
OI0001246,O001034,P008,1,14400.0,0.2
OI0001247,O001035,P010,1,6500.0,0.0
OI0001248,O001036,P009,2,18700.0,0.15
OI0001249,O001037,P003,2,12000.0,0.0
OI0001250,O001038,P007,2,4500.0,0.0
OI0001251,O001039,P012,3,2375.0,0.05
OI0001252,O001039,P003,1,12000.0,0.0
OI0001253,O001040,P011,1,24000.0,0.0
OI0001254,O001041,P001,1,7650.0,0.1
OI0001255,O001042,P005,3,46800.0,0.1
OI0001256,O001042,P002,3,61750.0,0.05
OI0001257,O001043,P006,2,14250.0,0.05
OI0001258,O001044,P005,1,46800.0,0.1
OI0001259,O001045,P009,2,22000.0,0.0
OI0001260,O001046,P010,2,6500.0,0.0
OI0001261,O001047,P011,1,21600.0,0.1
OI0001262,O001047,P008,1,18000.0,0.0
OI0001263,O001048,P001,3,8075.0,0.05
OI0001264,O001049,P004,3,28000.0,0.0
OI0001265,O001050,P006,3,15000.0,0.0
OI0001266,O001051,P009,1,20900.0,0.05
OI0001267,O001052,P005,3,52000.0,0.0
OI0001268,O001052,P002,1,61750.0,0.05
OI0001269,O001053,P001,1,8500.0,0.0
OI0001270,O001053,P005,1,49400.0,0.05
OI0001271,O001054,P001,2,8500.0,0.0
OI0001272,O001055,P008,3,18000.0,0.0
OI0001273,O001056,P009,3,22000.0,0.0
OI0001274,O001056,P004,2,25200.0,0.1
OI0001275,O001057,P008,1,16200.0,0.1
OI0001276,O001058,P003,1,11400.0,0.05
OI0001277,O001058,P005,2,52000.0,0.0
OI0001278,O001059,P009,2,18700.0,0.15
OI0001279,O001060,P007,1,4500.0,0.0
OI0001280,O001061,P007,1,4050.0,0.1
OI0001281,O001062,P002,2,61750.0,0.05
OI0001282,O001063,P002,1,65000.0,0.0
OI0001283,O001064,P004,2,23800.0,0.15
OI0001284,O001065,P009,3,20900.0,0.05
OI0001285,O001066,P007,2,3600.0,0.2
OI0001286,O001066,P002,1,55250.0,0.15
OI0001287,O001067,P007,2,4050.0,0.1
OI0001288,O001068,P001,2,8500.0,0.0
OI0001289,O001069,P004,2,23800.0,0.15
OI0001290,O001070,P011,3,21600.0,0.1
OI0001291,O001071,P002,2,52000.0,0.2
OI0001292,O001072,P007,2,4500.0,0.0
OI0001293,O001073,P006,2,12750.0,0.15
OI0001294,O001074,P003,2,12000.0,0.0
OI0001295,O001075,P002,2,58500.0,0.1
OI0001296,O001076,P010,1,5525.0,0.15
OI0001297,O001077,P008,1,18000.0,0.0
OI0001298,O001078,P001,1,7650.0,0.1
OI0001299,O001079,P007,2,4050.0,0.1
OI0001300,O001080,P010,2,5850.0,0.1
OI0001301,O001081,P006,2,15000.0,0.0
OI0001302,O001082,P011,2,24000.0,0.0
OI0001303,O001082,P012,2,2500.0,0.0
OI0001304,O001083,P007,1,3825.0,0.15
OI0001305,O001083,P009,1,22000.0,0.0
OI0001306,O001084,P003,1,11400.0,0.05
OI0001307,O001084,P006,2,12000.0,0.2
OI0001308,O001085,P006,2,12750.0,0.15
OI0001309,O001086,P009,2,22000.0,0.0
OI0001310,O001087,P001,3,8500.0,0.0
OI0001311,O001088,P001,3,7650.0,0.1
OI0001312,O001089,P006,2,15000.0,0.0
OI0001313,O001090,P005,2,44200.0,0.15
OI0001314,O001091,P008,1,16200.0,0.1
OI0001315,O001092,P004,3,25200.0,0.1
OI0001316,O001093,P007,2,4050.0,0.1
OI0001317,O001093,P004,2,28000.0,0.0
OI0001318,O001094,P002,3,65000.0,0.0
OI0001319,O001095,P004,2,28000.0,0.0
OI0001320,O001096,P009,2,20900.0,0.05
OI0001321,O001097,P008,2,17100.0,0.05
OI0001322,O001097,P010,1,6500.0,0.0
OI0001323,O001098,P007,2,4275.0,0.05
OI0001324,O001099,P003,1,10800.0,0.1
OI0001325,O001100,P001,2,8500.0,0.0
OI0001326,O001100,P007,3,4500.0,0.0
OI0001327,O001101,P007,2,4275.0,0.05
OI0001328,O001102,P005,3,52000.0,0.0
OI0001329,O001103,P002,2,65000.0,0.0
OI0001330,O001104,P009,3,22000.0,0.0
OI0001331,O001105,P011,2,24000.0,0.0
OI0001332,O001106,P007,3,4275.0,0.05
OI0001333,O001107,P002,1,65000.0,0.0
OI0001334,O001108,P002,3,61750.0,0.05
OI0001335,O001108,P007,3,4275.0,0.05
OI0001336,O001109,P010,1,5850.0,0.1
OI0001337,O001110,P007,2,4275.0,0.05
OI0001338,O001111,P009,3,22000.0,0.0
OI0001339,O001112,P003,3,11400.0,0.05
OI0001340,O001113,P010,3,6175.0,0.05
OI0001341,O001114,P008,1,18000.0,0.0
OI0001342,O001115,P012,2,2500.0,0.0
OI0001343,O001116,P007,1,4275.0,0.05
OI0001344,O001116,P001,3,7650.0,0.1
OI0001345,O001117,P001,2,8500.0,0.0
OI0001346,O001118,P011,1,21600.0,0.1
OI0001347,O001119,P006,3,15000.0,0.0
OI0001348,O001119,P001,3,8500.0,0.0
OI0001349,O001120,P011,3,24000.0,0.0
OI0001350,O001121,P009,3,22000.0,0.0
OI0001351,O001121,P007,1,4500.0,0.0
OI0001352,O001122,P007,1,4500.0,0.0
OI0001353,O001123,P006,2,15000.0,0.0
OI0001354,O001124,P012,3,2250.0,0.1
OI0001355,O001125,P009,3,19800.0,0.1
OI0001356,O001126,P002,3,65000.0,0.0
OI0001357,O001127,P008,2,16200.0,0.1
OI0001358,O001128,P006,1,15000.0,0.0
OI0001359,O001129,P001,3,8500.0,0.0
OI0001360,O001130,P001,3,8075.0,0.05
OI0001361,O001131,P012,3,2500.0,0.0
OI0001362,O001132,P004,1,28000.0,0.0
OI0001363,O001133,P007,2,4500.0,0.0
OI0001364,O001133,P005,3,52000.0,0.0
OI0001365,O001134,P001,3,7650.0,0.1
OI0001366,O001135,P008,2,18000.0,0.0
OI0001367,O001135,P011,1,24000.0,0.0
OI0001368,O001136,P006,1,15000.0,0.0
OI0001369,O001137,P001,1,8075.0,0.05
OI0001370,O001137,P009,1,19800.0,0.1
OI0001371,O001138,P001,1,8075.0,0.05
OI0001372,O001139,P006,2,15000.0,0.0
OI0001373,O001140,P010,2,6175.0,0.05
OI0001374,O001141,P010,1,6500.0,0.0
OI0001375,O001142,P007,1,4500.0,0.0
OI0001376,O001143,P005,1,49400.0,0.05
OI0001377,O001143,P001,2,8500.0,0.0
OI0001378,O001144,P004,2,26600.0,0.05
OI0001379,O001145,P001,3,7650.0,0.1
OI0001380,O001146,P001,-1,8500.0,0.0
OI0001381,O001147,P002,3,58500.0,0.1
OI0001382,O001147,P004,3,23800.0,0.15
OI0001383,O001148,P012,3,2250.0,0.1
OI0001384,O001149,P011,1,20400.0,0.15
OI0001385,O001150,P007,2,4275.0,0.05
OI0001386,O001151,P009,1,22000.0,0.0
OI0001387,O001152,P003,3,12000.0,0.0
OI0001388,O001153,P002,3,65000.0,0.0
OI0001389,O001154,P002,1,61750.0,0.05
OI0001390,O001155,P003,3,10200.0,0.15
OI0001391,O001155,P005,1,49400.0,0.05
OI0001392,O001156,P005,3,49400.0,0.05
OI0001393,O001157,P002,2,65000.0,0.0
OI0001394,O001158,P001,2,8075.0,0.05
OI0001395,O001158,P012,1,2250.0,0.1
OI0001396,O001159,P003,3,12000.0,0.0
OI0001397,O001160,P002,3,55250.0,0.15
OI0001398,O001161,P008,3,15300.0,0.15
OI0001399,O001162,P002,2,61750.0,0.05
OI0001400,O001163,P006,1,12750.0,0.15
OI0001401,O001164,P003,2,10200.0,0.15
OI0001402,O001165,P002,1,61750.0,0.05
OI0001403,O001166,P004,3,26600.0,0.05
OI0001404,O001167,P005,2,46800.0,0.1
OI0001405,O001168,P012,3,2375.0,0.05
OI0001406,O001169,P006,1,15000.0,0.0
OI0001407,O001170,P012,2,2500.0,0.0
OI0001408,O001171,P005,2,52000.0,0.0
OI0001409,O001172,P012,2,2375.0,0.05
OI0001410,O001172,P011,2,24000.0,0.0
OI0001411,O001173,P006,3,15000.0,0.0
OI0001412,O001174,P009,1,22000.0,0.0
OI0001413,O001174,P011,1,24000.0,0.0
OI0001414,O001175,P005,3,49400.0,0.05
OI0001415,O001176,P009,1,18700.0,0.15
OI0001416,O001177,P009,2,18700.0,0.15
OI0001417,O001178,P010,2,6500.0,0.0
OI0001418,O001179,P008,3,18000.0,0.0
OI0001419,O001180,P001,1,6800.0,0.2
OI0001420,O001181,P008,1,18000.0,0.0
OI0001421,O001181,P004,1,28000.0,0.0
OI0001422,O001182,P006,1,12750.0,0.15
OI0001423,O001182,P001,3,8500.0,0.0
OI0001424,O001183,P004,1,26600.0,0.05
OI0001425,O001184,P007,2,3600.0,0.2
OI0001426,O001185,P011,1,24000.0,0.0
OI0001427,O001186,P009,1,22000.0,0.0
OI0001428,O001186,P006,1,13500.0,0.1
OI0001429,O001187,P008,3,16200.0,0.1
OI0001430,O001188,P011,3,24000.0,0.0
OI0001431,O001189,P005,2,46800.0,0.1
OI0001432,O001189,P003,2,11400.0,0.05
OI0001433,O001190,P001,1,8500.0,0.0
OI0001434,O001191,P009,3,22000.0,0.0
OI0001435,O001192,P005,1,49400.0,0.05
OI0001436,O001193,P005,2,52000.0,0.0
OI0001437,O001194,P001,1,7650.0,0.1
OI0001438,O001195,P012,1,2000.0,0.2
OI0001439,O001196,P008,2,18000.0,0.0
OI0001440,O001197,P012,2,2500.0,0.0
OI0001441,O001198,P008,3,17100.0,0.05
OI0001442,O001199,P001,1,8500.0,0.0
OI0001443,O001199,P002,3,61750.0,0.05
OI0001444,O001200,P009,3,17600.0,0.95
OI0001445,O001201,P010,3,6500.0,0.0
OI0001446,O001202,P005,2,44200.0,0.15
OI0001447,O001203,P007,2,4500.0,0.0
OI0001448,O001204,P010,1,6500.0,0.0
OI0001449,O001204,P006,3,12000.0,0.2
OI0001450,O001205,P003,1,10800.0,0.1
OI0001451,O001206,P001,2,7650.0,0.1
OI0001452,O001206,P009,1,22000.0,0.0
OI0001453,O001207,P008,2,15300.0,0.15
OI0001454,O001207,P012,2,2375.0,0.05
OI0001455,O001208,P001,1,8500.0,0.0
OI0001456,O001209,P008,3,16200.0,0.1
OI0001457,O001210,P007,3,4275.0,0.05
OI0001458,O001211,P009,2,19800.0,0.1
OI0001459,O001212,P002,2,58500.0,0.1
OI0001460,O001213,P003,2,12000.0,0.0
OI0001461,O001213,P011,2,20400.0,0.15
OI0001462,O001214,P012,3,2375.0,0.05
OI0001463,O001215,P010,3,6500.0,0.0
OI0001464,O001216,P007,1,4050.0,0.1
OI0001465,O001217,P011,3,20400.0,0.15
OI0001466,O001217,P010,3,6500.0,0.0
OI0001467,O001218,P001,3,8500.0,0.0
OI0001468,O001219,P012,1,2375.0,0.05
OI0001469,O001220,P006,1,12750.0,0.15
OI0001470,O001220,P008,1,18000.0,0.0
OI0001471,O001221,P012,1,2250.0,0.1
OI0001472,O001222,P005,3,52000.0,0.0
OI0001473,O001223,P001,3,7225.0,0.15
OI0001474,O001224,P010,3,6175.0,0.05
OI0001475,O001225,P009,1,20900.0,0.05
OI0001476,O001226,P004,1,28000.0,0.0
OI0001477,O001226,P003,3,12000.0,0.0
OI0001478,O001227,P004,3,25200.0,0.1
OI0001479,O001228,P003,1,12000.0,0.0
OI0001480,O001228,P009,1,20900.0,0.05
OI0001481,O001229,P012,2,2125.0,0.15
OI0001482,O001230,P008,3,17100.0,0.05
OI0001483,O001231,P009,1,18700.0,0.15
OI0001484,O001232,P001,3,7225.0,0.15
OI0001485,O001232,P011,3,24000.0,0.0
OI0001486,O001233,P001,3,8500.0,0.0
OI0001487,O001234,P012,2,2375.0,0.05
OI0001488,O001234,P011,1,22800.0,0.05
OI0001489,O001235,P005,2,46800.0,0.1
OI0001490,O001236,P001,3,8075.0,0.05
OI0001491,O001236,P005,3,44200.0,0.15
OI0001492,O001237,P004,2,23800.0,0.15
OI0001493,O001238,P006,2,13500.0,0.1
OI0001494,O001239,P002,3,61750.0,0.05
OI0001495,O001240,P007,1,4500.0,0.0
OI0001496,O001241,P005,2,49400.0,0.05
OI0001497,O001242,P011,3,22800.0,0.05
OI0001498,O001243,P008,2,18000.0,0.0
OI0001499,O001244,P002,3,65000.0,0.0
OI0001500,O001245,P006,1,15000.0,0.0
OI0001501,O001246,P001,3,8075.0,0.05
OI0001502,O001247,P003,3,11400.0,0.05
OI0001503,O001248,P012,3,2375.0,0.05
OI0001504,O001249,P006,1,12750.0,0.15
OI0001505,O001249,P007,1,4500.0,0.0
OI0001506,O001250,P001,2,8500.0,0.0
OI0001507,O001250,P009,3,22000.0,0.0
OI0001508,O001251,P001,1,8500.0,0.0
OI0001509,O001251,P003,2,12000.0,0.0
OI0001510,O001252,P008,1,18000.0,0.0
OI0001511,O001252,P004,3,28000.0,0.0
OI0001512,O001253,P011,1,24000.0,0.0
OI0001513,O001254,P008,3,16200.0,0.1
OI0001514,O001255,P001,1,7225.0,0.15
OI0001515,O001256,P001,1,7650.0,0.1
OI0001516,O001257,P004,3,23800.0,0.15
OI0001517,O001258,P006,2,14250.0,0.05
OI0001518,O001259,P001,2,8500.0,0.0
OI0001519,O001260,P009,2,20900.0,0.05
OI0001520,O001261,P004,3,25200.0,0.1
OI0001521,O001262,P010,1,6175.0,0.05
OI0001522,O001262,P011,1,22800.0,0.05
OI0001523,O001263,P010,1,6500.0,0.0
OI0001524,O001264,P002,1,65000.0,0.0
OI0001525,O001265,P001,3,8075.0,0.05
OI0001526,O001266,P001,2,6800.0,0.2
OI0001527,O001267,P008,2,15300.0,0.15
OI0001528,O001268,P003,3,10800.0,0.1
OI0001529,O001269,P009,3,18700.0,0.15
OI0001530,O001270,P009,2,20900.0,0.05
OI0001531,O001270,P011,2,21600.0,0.1
OI0001532,O001271,P006,1,15000.0,0.0
OI0001533,O001272,P002,1,55250.0,0.15
OI0001534,O001273,P010,3,6500.0,0.0
OI0001535,O001274,P011,3,24000.0,0.0
OI0001536,O001275,P002,1,61750.0,0.05
OI0001537,O001275,P004,2,28000.0,0.0
OI0001538,O001276,P007,1,4050.0,0.1
OI0001539,O001276,P006,1,14250.0,0.05
OI0001540,O001277,P009,1,20900.0,0.05
OI0001541,O001277,P006,3,14250.0,0.05
OI0001542,O001278,P005,3,52000.0,0.0
OI0001543,O001279,P008,2,15300.0,0.15
OI0001544,O001279,P005,2,52000.0,0.0
OI0001545,O001280,P010,2,6500.0,0.0
OI0001546,O001281,P006,3,12750.0,0.15
OI0001547,O001282,P007,2,3825.0,0.15
OI0001548,O001283,P001,2,7225.0,0.15
OI0001549,O001284,P004,3,23800.0,0.15
OI0001550,O001285,P008,1,15300.0,0.15
OI0001551,O001286,P005,2,46800.0,0.1
OI0001552,O001286,P002,3,65000.0,0.0
OI0001553,O001287,P004,1,23800.0,0.15
OI0001554,O001287,P005,2,52000.0,0.0
OI0001555,O001288,P006,1,14250.0,0.05
OI0001556,O001289,P011,3,21600.0,0.1
OI0001557,O001290,P002,1,61750.0,0.05
OI0001558,O001291,P005,2,44200.0,0.15
OI0001559,O001292,P006,1,15000.0,0.0
OI0001560,O001293,P008,1,16200.0,0.1
OI0001561,O001293,P003,1,12000.0,0.0
OI0001562,O001294,P011,1,21600.0,0.1
OI0001563,O001295,P005,2,52000.0,0.0
OI0001564,O001296,P010,3,5525.0,0.15
OI0001565,O001297,P002,2,65000.0,0.0
OI0001566,O001298,P008,3,17100.0,0.05
OI0001567,O001299,P010,1,5850.0,0.1
OI0001568,O001300,P012,3,2375.0,0.05
OI0001569,O001301,P002,1,65000.0,0.0
OI0001570,O001302,P001,2,8500.0,0.0
OI0001571,O001303,P001,1,8500.0,0.0
OI0001572,O001303,P007,3,4500.0,0.0
OI0001573,O001304,P008,1,15300.0,0.15
OI0001574,O001305,P007,2,3825.0,0.15
OI0001575,O001306,P009,3,19800.0,0.1
OI0001576,O001307,P001,3,7650.0,0.1
OI0001577,O001308,P009,2,20900.0,0.05
OI0001578,O001309,P004,3,28000.0,0.0
OI0001579,O001309,P001,1,8075.0,0.05
OI0001580,O001310,P008,1,15300.0,0.15
OI0001581,O001311,P005,3,46800.0,0.1
OI0001582,O001312,P002,3,65000.0,0.0
OI0001583,O001312,P008,1,18000.0,0.0
OI0001584,O001313,P001,1,8075.0,0.05
OI0001585,O001314,P004,1,23800.0,0.15
OI0001586,O001315,P010,2,6500.0,0.0
OI0001587,O001315,P009,3,20900.0,0.05
OI0001588,O001316,P003,1,10800.0,0.1
OI0001589,O001316,P002,2,65000.0,0.0
OI0001590,O001317,P007,2,4500.0,0.0
OI0001591,O001317,P011,3,24000.0,0.0
OI0001592,O001318,P002,2,65000.0,0.0
OI0001593,O001319,P006,2,15000.0,0.0
OI0001594,O001320,P002,1,65000.0,0.0
OI0001595,O001321,P006,1,14250.0,0.05
OI0001596,O001321,P010,1,6500.0,0.0
OI0001597,O001322,P010,1,6175.0,0.05
OI0001598,O001323,P009,3,20900.0,0.05
OI0001599,O001324,P006,1,15000.0,0.0
OI0001600,O001325,P001,2,8075.0,0.05
OI0001601,O001326,P005,2,49400.0,0.05
OI0001602,O001327,P001,1,8500.0,0.0
OI0001603,O001328,P004,1,28000.0,0.0
OI0001604,O001329,P003,2,12000.0,0.0
OI0001605,O001330,P012,1,2375.0,0.05
OI0001606,O001331,P011,2,22800.0,0.05
OI0001607,O001332,P008,2,15300.0,0.15
OI0001608,O001333,P010,1,5200.0,0.2
OI0001609,O001334,P010,3,6175.0,0.05
OI0001610,O001335,P004,1,26600.0,0.05
OI0001611,O001336,P007,2,4500.0,0.0
OI0001612,O001337,P007,1,4500.0,0.0
OI0001613,O001338,P012,1,2375.0,0.05
OI0001614,O001339,P007,3,4275.0,0.05
OI0001615,O001340,P012,1,2500.0,0.0
OI0001616,O001341,P011,1,21600.0,0.1
OI0001617,O001342,P008,2,16200.0,0.1
OI0001618,O001343,P006,3,13500.0,0.1
OI0001619,O001344,P006,3,14250.0,0.05
OI0001620,O001345,P003,3,11400.0,0.05
OI0001621,O001346,P004,3,28000.0,0.0
OI0001622,O001347,P012,2,2500.0,0.0
OI0001623,O001348,P003,1,11400.0,0.05
OI0001624,O001349,P007,2,4500.0,0.0
OI0001625,O001349,P005,2,52000.0,0.0
OI0001626,O001350,P003,2,11400.0,0.05
OI0001627,O001351,P010,1,5525.0,0.15
OI0001628,O001352,P009,1,20900.0,0.05
OI0001629,O001353,P008,3,15300.0,0.15
OI0001630,O001353,P001,2,8075.0,0.05
OI0001631,O001354,P010,1,6500.0,0.0
OI0001632,O001354,P004,-1,28000.0,0.0
OI0001633,O001355,P010,3,6500.0,0.0
OI0001634,O001356,P009,2,19800.0,0.1
OI0001635,O001357,P004,3,28000.0,0.0
OI0001636,O001358,P001,2,7225.0,0.15
OI0001637,O001358,P006,1,13500.0,0.1
OI0001638,O001359,P005,2,46800.0,0.1
OI0001639,O001360,P008,1,15300.0,0.15
OI0001640,O001360,P003,1,11400.0,0.05
OI0001641,O001361,P006,2,15000.0,0.0
OI0001642,O001362,P006,1,12750.0,0.15
OI0001643,O001362,P003,3,10200.0,0.15
OI0001644,O001363,P012,3,2500.0,0.0
OI0001645,O001364,P004,1,28000.0,0.0
OI0001646,O001364,P001,1,7650.0,0.1
OI0001647,O001365,P001,-1,8500.0,0.0
OI0001648,O001365,P010,3,5850.0,0.1
OI0001649,O001366,P003,3,10200.0,0.15
OI0001650,O001367,P004,2,26600.0,0.05
OI0001651,O001368,P011,1,20400.0,0.15
OI0001652,O001369,P002,2,61750.0,0.05
OI0001653,O001370,P009,2,22000.0,0.0
OI0001654,O001371,P011,1,21600.0,0.1
OI0001655,O001371,P005,3,52000.0,0.0
OI0001656,O001372,P003,3,10800.0,0.1
OI0001657,O001373,P009,3,20900.0,0.05
OI0001658,O001374,P001,1,8500.0,0.0
OI0001659,O001374,P011,3,21600.0,0.1
OI0001660,O001375,P007,2,4275.0,0.05
OI0001661,O001376,P008,3,18000.0,0.0
OI0001662,O001377,P011,2,24000.0,0.0
OI0001663,O001378,P001,2,8075.0,0.05
OI0001664,O001379,P011,3,20400.0,0.15
OI0001665,O001380,P007,1,4500.0,0.0
OI0001666,O001380,P004,1,26600.0,0.05
OI0001667,O001381,P006,1,13500.0,0.1
OI0001668,O001382,P010,2,6175.0,0.05
OI0001669,O001383,P011,2,20400.0,0.15
OI0001670,O001384,P012,1,2500.0,0.0
OI0001671,O001384,P005,1,46800.0,0.1
OI0001672,O001385,P004,1,22400.0,0.2
OI0001673,O001386,P003,2,12000.0,0.0
OI0001674,O001387,P002,3,61750.0,0.05
OI0001675,O001388,P009,2,22000.0,0.0
OI0001676,O001389,P010,2,5525.0,0.15
OI0001677,O001389,P006,1,14250.0,0.05
OI0001678,O001390,P007,1,4050.0,0.1
OI0001679,O001390,P004,1,28000.0,0.0
OI0001680,O001391,P001,1,8500.0,0.0
OI0001681,O001392,P005,2,46800.0,0.1
OI0001682,O001393,P008,2,18000.0,0.0
OI0001683,O001394,P012,1,2500.0,0.0
OI0001684,O001395,P005,2,52000.0,0.0
OI0001685,O001395,P006,3,15000.0,0.0
OI0001686,O001396,P009,2,19800.0,0.1
OI0001687,O001397,P001,3,7225.0,0.15
OI0001688,O001398,P004,3,25200.0,0.1
OI0001689,O001399,P011,1,21600.0,0.1
OI0001690,O001399,P008,1,15300.0,0.15
OI0001691,O001400,P006,3,15000.0,0.0
OI0001692,O001401,P001,1,8500.0,0.0
OI0001693,O001401,P009,3,20900.0,0.05
OI0001694,O001402,P008,1,18000.0,0.0
OI0001695,O001403,P012,1,2500.0,0.0
OI0001696,O001404,P003,2,10200.0,0.15
OI0001697,O001404,P002,2,61750.0,0.05
OI0001698,O001405,P008,1,16200.0,0.1
OI0001699,O001406,P006,2,15000.0,0.0
OI0001700,O001407,P011,1,21600.0,0.1
OI0001701,O001407,P009,3,20900.0,0.05
OI0001702,O001408,P001,2,8075.0,0.05
OI0001703,O001409,P004,1,28000.0,0.0
OI0001704,O001410,P012,3,2125.0,0.15
OI0001705,O001411,P010,3,5850.0,0.1
OI0001706,O001411,P005,3,41600.0,0.2
OI0001707,O001412,P005,2,46800.0,0.1
OI0001708,O001413,P007,3,4275.0,0.05
OI0001709,O001414,P011,1,20400.0,0.15
OI0001710,O001415,P001,2,8500.0,0.0
OI0001711,O001416,P010,1,6175.0,0.05
OI0001712,O001417,P012,2,2500.0,0.0
OI0001713,O001418,P007,1,4500.0,0.0
OI0001714,O001419,P006,3,15000.0,0.0
OI0001715,O001420,P004,1,26600.0,0.05
OI0001716,O001421,P001,1,8075.0,0.05
OI0001717,O001422,P001,3,8500.0,0.0
OI0001718,O001423,P007,3,3825.0,0.15
OI0001719,O001423,P003,3,12000.0,0.0
OI0001720,O001424,P007,2,4050.0,0.1
OI0001721,O001425,P011,2,24000.0,0.0
OI0001722,O001426,P001,3,8500.0,0.0
OI0001723,O001426,P012,2,2375.0,0.05
OI0001724,O001427,P010,1,6500.0,0.0
OI0001725,O001428,P011,3,22800.0,0.05
OI0001726,O001429,P001,2,8500.0,0.0
OI0001727,O001429,P004,3,28000.0,0.0
OI0001728,O001430,P003,1,10800.0,0.1
OI0001729,O001431,P005,2,52000.0,0.0
OI0001730,O001432,P005,2,46800.0,0.1
OI0001731,O001433,P008,1,18000.0,0.0
OI0001732,O001434,P007,2,4275.0,0.05
OI0001733,O001435,P001,2,8500.0,0.0
OI0001734,O001435,P011,3,24000.0,0.0
OI0001735,O001436,P001,2,8075.0,0.05
OI0001736,O001437,P002,1,55250.0,0.15
OI0001737,O001438,P002,1,55250.0,0.15
OI0001738,O001439,P001,1,8500.0,0.0
OI0001739,O001439,P009,3,22000.0,0.0
OI0001740,O001440,P005,1,52000.0,0.0
OI0001741,O001440,P006,1,12000.0,0.2
OI0001742,O001441,P008,3,16200.0,0.1
OI0001743,O001442,P006,2,14250.0,0.05
OI0001744,O001442,P003,2,11400.0,0.05
OI0001745,O001443,P010,2,6175.0,0.05
OI0001746,O001444,P006,3,14250.0,0.05
OI0001747,O001445,P005,2,41600.0,0.2
OI0001748,O001446,P004,2,26600.0,0.05
OI0001749,O001447,P006,1,15000.0,0.0
OI0001750,O001447,P004,2,26600.0,0.05
OI0001751,O001448,P006,3,15000.0,0.0
OI0001752,O001449,P012,2,2375.0,0.05
OI0001753,O001450,P006,2,12000.0,0.2
OI0001754,O001450,P008,1,18000.0,0.0
OI0001755,O001451,P001,2,8075.0,0.05
OI0001756,O001452,P002,2,58500.0,0.1
OI0001757,O001453,P009,1,20900.0,0.05
OI0001758,O001454,P004,1,25200.0,0.1
OI0001759,O001455,P006,1,14250.0,0.05
OI0001760,O001455,P005,1,49400.0,0.05
OI0001761,O001456,P007,1,3825.0,0.15
OI0001762,O001457,P008,2,18000.0,0.0
OI0001763,O001458,P001,1,8500.0,0.0
OI0001764,O001459,P004,2,28000.0,0.0
OI0001765,O001459,P008,2,17100.0,0.05
OI0001766,O001460,P005,1,49400.0,0.05
OI0001767,O001461,P010,2,5850.0,0.1
OI0001768,O001462,P006,2,15000.0,0.0
OI0001769,O001463,P001,3,8500.0,0.0
OI0001770,O001464,P004,1,26600.0,0.05
OI0001771,O001465,P007,2,4500.0,0.0
OI0001772,O001466,P007,2,4275.0,0.05
OI0001773,O001467,P003,2,10200.0,0.15
OI0001774,O001467,P007,2,4050.0,0.1
OI0001775,O001468,P012,1,2125.0,0.15
OI0001776,O001469,P006,2,14250.0,0.05
OI0001777,O001470,P008,3,18000.0,0.0
OI0001778,O001471,P012,1,2000.0,0.2
OI0001779,O001472,P006,3,15000.0,0.0
OI0001780,O001473,P009,1,22000.0,0.0
OI0001781,O001473,P008,3,14400.0,0.2
OI0001782,O001474,P007,3,3600.0,0.2
OI0001783,O001474,P002,3,65000.0,0.0
OI0001784,O001475,P007,2,4050.0,0.1
OI0001785,O001476,P011,3,24000.0,0.0
OI0001786,O001476,P007,3,4500.0,0.0
OI0001787,O001477,P009,1,19800.0,0.1
OI0001788,O001478,P006,3,15000.0,0.0
OI0001789,O001478,P009,1,19800.0,0.1
OI0001790,O001479,P001,3,8500.0,0.0
OI0001791,O001480,P007,2,4500.0,0.0
OI0001792,O001480,P005,3,52000.0,0.0
OI0001793,O001481,P004,3,25200.0,0.1
OI0001794,O001482,P004,2,28000.0,0.0
OI0001795,O001483,P006,2,15000.0,0.0
OI0001796,O001483,P010,2,6500.0,0.0
OI0001797,O001484,P009,1,20900.0,0.05
OI0001798,O001485,P003,2,10200.0,0.15
OI0001799,O001486,P008,3,18000.0,0.0
OI0001800,O001487,P004,1,23800.0,0.15
OI0001801,O001488,P008,1,15300.0,0.15
OI0001802,O001489,P003,2,10200.0,0.15
OI0001803,O001489,P006,3,15000.0,0.0
OI0001804,O001490,P006,1,15000.0,0.0
OI0001805,O001490,P012,1,2375.0,0.05
OI0001806,O001491,P011,2,21600.0,0.1
OI0001807,O001492,P004,3,28000.0,0.0
OI0001808,O001492,P012,3,2500.0,0.0
OI0001809,O001493,P003,2,10200.0,0.15
OI0001810,O001494,P002,3,65000.0,0.0
OI0001811,O001495,P007,1,4500.0,0.0
OI0001812,O001495,P006,3,15000.0,0.0
OI0001813,O001496,P012,1,2125.0,0.15
OI0001814,O001497,P003,3,10200.0,0.15
OI0001815,O001497,P008,2,16200.0,0.1
OI0001816,O001498,P010,1,6500.0,0.0
OI0001817,O001499,P008,3,18000.0,0.0
OI0001818,O001500,P011,2,19200.0,0.2
OI0001819,O001501,P001,1,7650.0,0.1
OI0001820,O001502,P003,3,12000.0,0.0
OI0001821,O001503,P007,1,4275.0,0.05
OI0001822,O001504,P007,2,4275.0,0.05
OI0001823,O001505,P002,3,61750.0,0.05
OI0001824,O001506,P005,1,49400.0,0.05
OI0001825,O001507,P002,2,61750.0,0.05
OI0001826,O001508,P001,2,7650.0,0.1
OI0001827,O001509,P007,3,4275.0,0.05
OI0001828,O001510,P001,2,8500.0,0.0
OI0001829,O001511,P012,3,2250.0,0.1
OI0001830,O001512,P001,3,7650.0,0.1
OI0001831,O001513,P005,3,52000.0,0.0
OI0001832,O001514,P009,3,19800.0,0.1
OI0001833,O001514,P010,3,5850.0,0.1
OI0001834,O001515,P009,2,17600.0,0.2
OI0001835,O001515,P010,3,5525.0,0.15
OI0001836,O001516,P012,3,2125.0,0.15
OI0001837,O001517,P007,2,4050.0,0.1
OI0001838,O001518,P006,2,14250.0,0.05
OI0001839,O001519,P012,3,2500.0,0.0
OI0001840,O001520,P002,2,65000.0,0.0
OI0001841,O001520,P003,2,10200.0,0.15
OI0001842,O001521,P004,3,26600.0,0.05
OI0001843,O001522,P006,1,15000.0,0.0
OI0001844,O001523,P008,1,14400.0,0.2
OI0001845,O001523,P002,2,58500.0,0.1
OI0001846,O001524,P011,2,24000.0,0.0
OI0001847,O001525,P009,3,19800.0,0.1
OI0001848,O001525,P003,1,12000.0,0.0
OI0001849,O001526,P008,2,17100.0,0.05
OI0001850,O001527,P001,1,8500.0,0.0
OI0001851,O001528,P012,2,2250.0,0.1
OI0001852,O001529,P009,1,22000.0,0.0
OI0001853,O001530,P006,3,13500.0,0.1
OI0001854,O001531,P009,3,22000.0,0.0
OI0001855,O001532,P006,2,12000.0,0.2
OI0001856,O001533,P003,1,12000.0,0.0
OI0001857,O001534,P010,1,6500.0,0.0
OI0001858,O001535,P005,1,52000.0,0.0
OI0001859,O001536,P006,1,15000.0,0.0
OI0001860,O001537,P001,1,6800.0,0.2
OI0001861,O001538,P001,1,6800.0,0.2
OI0001862,O001539,P004,3,25200.0,0.1
OI0001863,O001539,P008,2,18000.0,0.0
OI0001864,O001540,P003,3,10800.0,0.1
OI0001865,O001541,P006,3,12750.0,0.15
OI0001866,O001542,P008,2,15300.0,0.15
OI0001867,O001542,P002,3,65000.0,0.0
OI0001868,O001543,P008,1,18000.0,0.0
OI0001869,O001544,P001,2,7650.0,0.1
OI0001870,O001545,P005,2,44200.0,0.15
OI0001871,O001546,P005,3,46800.0,0.1
OI0001872,O001547,P001,2,7225.0,0.15
OI0001873,O001548,P011,2,22800.0,0.05
OI0001874,O001549,P006,2,14250.0,0.05
OI0001875,O001550,P011,2,20400.0,0.15
OI0001876,O001550,P006,3,12750.0,0.15
OI0001877,O001551,P003,1,11400.0,0.05
OI0001878,O001552,P005,3,52000.0,0.0
OI0001879,O001553,P004,3,26600.0,0.05
OI0001880,O001554,P001,2,8500.0,0.0
OI0001881,O001555,P002,2,61750.0,0.05
OI0001882,O001556,P006,3,14250.0,0.05
OI0001883,O001557,P009,1,22000.0,0.0
OI0001884,O001558,P007,1,4050.0,0.1
OI0001885,O001559,P006,2,14250.0,0.05
OI0001886,O001559,P002,3,61750.0,0.05
OI0001887,O001560,P005,1,49400.0,0.05
OI0001888,O001561,P009,3,22000.0,0.0
OI0001889,O001561,P006,3,15000.0,0.0
OI0001890,O001562,P001,1,7650.0,0.1
OI0001891,O001563,P001,3,7650.0,0.1
OI0001892,O001564,P011,2,20400.0,0.15
OI0001893,O001565,P008,3,16200.0,0.1
OI0001894,O001565,P010,2,6500.0,0.0
OI0001895,O001566,P011,3,24000.0,0.0
OI0001896,O001567,P006,2,12750.0,0.15
OI0001897,O001568,P001,3,8075.0,0.05
OI0001898,O001568,P003,3,10800.0,0.1
OI0001899,O001569,P001,3,8500.0,0.0
OI0001900,O001570,P007,1,3825.0,0.15
OI0001901,O001571,P011,1,24000.0,0.0
OI0001902,O001572,P004,1,28000.0,0.0
OI0001903,O001573,P007,2,4050.0,0.1
OI0001904,O001574,P009,3,22000.0,0.0
OI0001905,O001574,P012,1,2500.0,0.0
OI0001906,O001575,P007,3,4500.0,0.0
OI0001907,O001576,P005,3,44200.0,0.15
OI0001908,O001577,P005,3,49400.0,0.05
OI0001909,O001578,P004,3,25200.0,0.1
OI0001910,O001579,P001,2,8500.0,0.0
OI0001911,O001580,P003,2,10200.0,0.15
OI0001912,O001581,P002,2,65000.0,0.0
OI0001913,O001582,P006,2,12000.0,0.2
OI0001914,O001582,P010,3,5525.0,0.15
OI0001915,O001583,P007,2,4275.0,0.05
OI0001916,O001584,P011,3,22800.0,0.05
OI0001917,O001585,P007,2,4500.0,0.0
OI0001918,O001586,P012,2,2125.0,0.15
OI0001919,O001587,P010,1,6175.0,0.05
OI0001920,O001588,P012,1,2375.0,0.05
OI0001921,O001588,P007,2,4050.0,0.1
OI0001922,O001589,P001,2,7650.0,0.1
OI0001923,O001590,P008,3,18000.0,0.0
OI0001924,O001591,P001,2,8500.0,0.0
OI0001925,O001592,P007,1,3825.0,0.15
OI0001926,O001593,P008,2,17100.0,0.05
OI0001927,O001594,P003,3,12000.0,0.0
OI0001928,O001595,P005,1,44200.0,0.15
OI0001929,O001596,P004,1,25200.0,0.1
OI0001930,O001597,P007,1,4275.0,0.05
OI0001931,O001598,P009,1,20900.0,0.05
OI0001932,O001599,P009,3,19800.0,0.1
OI0001933,O001600,P001,1,8500.0,0.0
OI0001934,O001600,P011,3,21600.0,0.1
OI0001935,O001601,P003,2,12000.0,0.0
OI0001936,O001602,P008,2,15300.0,0.15
OI0001937,O001603,P001,3,8500.0,0.0
OI0001938,O001604,P006,1,15000.0,0.0
OI0001939,O001604,P008,2,17100.0,0.05
OI0001940,O001605,P008,3,17100.0,0.05
OI0001941,O001605,P011,3,24000.0,0.0
OI0001942,O001606,P007,3,4275.0,0.05
OI0001943,O001607,P002,3,61750.0,0.05
OI0001944,O001608,P008,3,16200.0,0.1
OI0001945,O001609,P004,2,25200.0,0.1
OI0001946,O001610,P004,2,25200.0,0.1
OI0001947,O001611,P011,2,20400.0,0.15
OI0001948,O001612,P002,3,61750.0,0.05
OI0001949,O001613,P003,1,11400.0,0.05
OI0001950,O001614,P003,2,12000.0,0.0
OI0001951,O001615,P004,1,25200.0,0.1
OI0001952,O001616,P011,3,20400.0,0.15
OI0001953,O001617,P004,1,25200.0,0.1
OI0001954,O001618,P012,3,2125.0,0.15
OI0001955,O001619,P002,1,65000.0,0.0
OI0001956,O001619,P006,2,15000.0,0.0
OI0001957,O001620,P010,1,6175.0,0.05
OI0001958,O001621,P011,2,20400.0,0.15
OI0001959,O001622,P004,2,26600.0,0.05
OI0001960,O001623,P012,1,2500.0,0.0
OI0001961,O001623,P001,2,8500.0,0.0
OI0001962,O001624,P006,2,12750.0,0.15
OI0001963,O001625,P005,2,46800.0,0.1
OI0001964,O001626,P010,2,6500.0,0.0
OI0001965,O001626,P006,2,12750.0,0.15
OI0001966,O001627,P002,3,65000.0,0.0
OI0001967,O001628,P007,2,4500.0,0.0
OI0001968,O001629,P005,1,52000.0,0.0
OI0001969,O001630,P001,1,8500.0,0.0
OI0001970,O001631,P001,1,8500.0,0.0
OI0001971,O001632,P009,3,22000.0,0.0
OI0001972,O001633,P003,3,10200.0,0.15
OI0001973,O001634,P001,3,8500.0,0.0
OI0001974,O001635,P004,2,25200.0,0.1
OI0001975,O001636,P003,3,12000.0,0.0
OI0001976,O001637,P006,3,15000.0,0.0
OI0001977,O001638,P003,2,10200.0,0.15
OI0001978,O001638,P002,3,58500.0,0.1
OI0001979,O001639,P006,3,14250.0,0.05
OI0001980,O001640,P008,3,18000.0,0.0
OI0001981,O001640,P010,2,5525.0,0.15
OI0001982,O001641,P011,3,22800.0,0.05
OI0001983,O001641,P009,2,19800.0,0.1
OI0001984,O001642,P007,2,4275.0,0.05
OI0001985,O001643,P001,2,7650.0,0.1
OI0001986,O001643,P008,2,18000.0,0.0
OI0001987,O001644,P001,1,7650.0,0.1
OI0001988,O001645,P006,2,15000.0,0.0
OI0001989,O001646,P011,2,24000.0,0.0
OI0001990,O001647,P009,3,20900.0,0.05
OI0001991,O001648,P011,1,24000.0,0.0
OI0001992,O001649,P007,3,3825.0,0.15
OI0001993,O001650,P002,2,61750.0,0.05
OI0001994,O001651,P011,2,24000.0,0.0
OI0001995,O001652,P001,3,8500.0,0.0
OI0001996,O001653,P001,1,8075.0,0.05
OI0001997,O001654,P007,1,3600.0,0.2
OI0001998,O001655,P004,3,25200.0,0.1
OI0001999,O001656,P009,1,22000.0,0.0
OI0002000,O001657,P010,2,6175.0,0.05
OI0002001,O001658,P008,1,18000.0,0.0
OI0002002,O001659,P001,2,8075.0,0.05
OI0002003,O001660,P011,1,24000.0,0.0
OI0002004,O001661,P009,3,20900.0,0.05
OI0002005,O001661,P004,3,28000.0,0.0
OI0002006,O001662,P003,2,10200.0,0.15
OI0002007,O001663,P004,1,28000.0,0.0
OI0002008,O001663,P002,3,58500.0,0.1
OI0002009,O001664,P004,3,28000.0,0.0
OI0002010,O001664,P009,2,18700.0,0.15
OI0002011,O001665,P001,2,7650.0,0.1
OI0002012,O001666,P004,2,25200.0,0.1
OI0002013,O001667,P006,1,14250.0,0.05
OI0002014,O001668,P001,1,8500.0,0.0
OI0002015,O001668,P009,1,20900.0,0.05
OI0002016,O001669,P001,1,7650.0,0.1
OI0002017,O001670,P010,2,6500.0,0.0
OI0002018,O001671,P008,3,14400.0,0.2
OI0002019,O001672,P005,3,46800.0,0.1
OI0002020,O001673,P006,2,13500.0,0.1
OI0002021,O001674,P012,3,2500.0,0.0
OI0002022,O001675,P011,1,21600.0,0.1
OI0002023,O001676,P011,2,24000.0,0.0
OI0002024,O001677,P005,1,49400.0,0.05
OI0002025,O001678,P001,1,8500.0,0.0
OI0002026,O001679,P006,2,15000.0,0.0
OI0002027,O001680,P008,3,17100.0,0.05
OI0002028,O001681,P012,3,2250.0,0.1
OI0002029,O001682,P010,1,6175.0,0.05
OI0002030,O001683,P005,2,44200.0,0.15
OI0002031,O001684,P005,2,46800.0,0.1
OI0002032,O001685,P005,1,44200.0,0.15
OI0002033,O001686,P001,2,8075.0,0.05
OI0002034,O001687,P004,2,28000.0,0.0
OI0002035,O001688,P009,3,20900.0,0.05
OI0002036,O001689,P012,1,2250.0,0.1
OI0002037,O001690,P009,2,22000.0,0.0
OI0002038,O001691,P007,1,4500.0,0.0
OI0002039,O001692,P008,1,15300.0,0.15
OI0002040,O001693,P007,3,4275.0,0.05
OI0002041,O001694,P009,2,18700.0,0.15
OI0002042,O001695,P003,1,12000.0,0.0
OI0002043,O001696,P003,3,10800.0,0.1
OI0002044,O001696,P007,2,4275.0,0.05
OI0002045,O001697,P004,3,25200.0,0.1
OI0002046,O001697,P002,2,65000.0,0.0
OI0002047,O001698,P001,1,7225.0,0.15
OI0002048,O001698,P010,-1,6175.0,0.05
OI0002049,O001699,P001,2,7650.0,0.1
OI0002050,O001700,P009,2,22000.0,0.0
OI0002051,O001701,P008,3,17100.0,0.05
OI0002052,O001702,P004,1,28000.0,0.0
OI0002053,O001702,P005,2,46800.0,0.1
OI0002054,O001703,P004,2,28000.0,0.0
OI0002055,O001703,P002,2,61750.0,0.05
OI0002056,O001704,P004,1,26600.0,0.05
OI0002057,O001704,P009,2,18700.0,0.15
OI0002058,O001705,P005,3,52000.0,0.0
OI0002059,O001705,P004,3,26600.0,0.05
OI0002060,O001706,P007,1,4500.0,0.0
OI0002061,O001706,P005,2,52000.0,0.0
OI0002062,O001707,P001,2,7225.0,0.15
OI0002063,O001708,P011,3,21600.0,0.1
OI0002064,O001709,P010,2,6500.0,0.0
OI0002065,O001709,P002,2,61750.0,0.05
OI0002066,O001710,P008,1,18000.0,0.0
OI0002067,O001711,P010,2,6500.0,0.0
OI0002068,O001711,P009,3,22000.0,0.0
OI0002069,O001712,P011,2,22800.0,0.05
OI0002070,O001713,P004,1,23800.0,0.15
OI0002071,O001713,P011,2,22800.0,0.05
OI0002072,O001714,P005,1,44200.0,0.15
OI0002073,O001715,P012,2,2250.0,0.1
OI0002074,O001716,P003,3,11400.0,0.05
OI0002075,O001717,P001,2,7650.0,0.1
OI0002076,O001718,P004,1,25200.0,0.1
OI0002077,O001719,P004,1,28000.0,0.0
OI0002078,O001720,P001,1,8075.0,0.05
OI0002079,O001721,P004,1,25200.0,0.1
OI0002080,O001722,P011,3,21600.0,0.1
OI0002081,O001723,P005,3,52000.0,0.0
OI0002082,O001724,P012,1,2125.0,0.15
OI0002083,O001725,P012,1,2250.0,0.1
OI0002084,O001726,P004,3,23800.0,0.15
OI0002085,O001726,P005,3,46800.0,0.1
OI0002086,O001727,P011,1,21600.0,0.1
OI0002087,O001727,P003,3,10200.0,0.15
OI0002088,O001728,P007,1,3825.0,0.15
OI0002089,O001729,P006,1,14250.0,0.05
OI0002090,O001730,P010,2,6500.0,0.0
OI0002091,O001731,P005,3,46800.0,0.1
OI0002092,O001732,P001,1,8075.0,0.05
OI0002093,O001733,P009,3,22000.0,0.0
OI0002094,O001734,P005,1,46800.0,0.1
OI0002095,O001735,P001,3,8075.0,0.05
OI0002096,O001736,P003,2,11400.0,0.05
OI0002097,O001736,P008,3,18000.0,0.0
OI0002098,O001737,P002,2,55250.0,0.15
OI0002099,O001738,P008,3,18000.0,0.0
OI0002100,O001739,P007,2,4500.0,0.0
OI0002101,O001740,P001,2,7225.0,0.15
OI0002102,O001740,P008,1,16200.0,0.1
OI0002103,O001741,P006,2,14250.0,0.05
OI0002104,O001742,P009,3,22000.0,0.0
OI0002105,O001743,P010,2,6500.0,0.0
OI0002106,O001744,P003,3,10200.0,0.15
OI0002107,O001745,P011,3,22800.0,0.05
OI0002108,O001745,P001,1,8500.0,0.0
OI0002109,O001746,P003,2,10800.0,0.1
OI0002110,O001747,P001,3,8075.0,0.05
OI0002111,O001747,P009,3,20900.0,0.05
OI0002112,O001748,P001,1,8075.0,0.05
OI0002113,O001748,P010,3,5525.0,0.15
OI0002114,O001749,P007,2,4500.0,0.0
OI0002115,O001750,P010,3,5850.0,0.1
OI0002116,O001751,P008,3,18000.0,0.0
OI0002117,O001751,P009,2,20900.0,0.05
OI0002118,O001752,P008,2,14400.0,0.2
OI0002119,O001753,P010,2,6500.0,0.0
OI0002120,O001753,P009,3,18700.0,0.15
OI0002121,O001754,P009,1,20900.0,0.05
OI0002122,O001755,P008,1,15300.0,0.15
OI0002123,O001756,P001,3,8500.0,0.0
OI0002124,O001757,P010,3,5850.0,0.1
OI0002125,O001758,P009,2,22000.0,0.0
OI0002126,O001759,P003,3,9600.0,0.2
OI0002127,O001760,P004,1,23800.0,0.15
OI0002128,O001761,P003,1,12000.0,0.0
OI0002129,O001762,P001,3,7650.0,0.1
OI0002130,O001762,P008,2,16200.0,0.1
OI0002131,O001763,P001,2,8500.0,0.0
OI0002132,O001763,P005,1,49400.0,0.05
OI0002133,O001764,P011,1,24000.0,0.0
OI0002134,O001765,P008,3,15300.0,0.15
OI0002135,O001766,P007,1,4500.0,0.0
OI0002136,O001767,P003,2,12000.0,0.0
OI0002137,O001768,P001,2,8075.0,0.05
OI0002138,O001769,P008,1,14400.0,0.2
OI0002139,O001770,P002,2,61750.0,0.05
OI0002140,O001771,P011,1,22800.0,0.05
OI0002141,O001772,P010,1,5850.0,0.1
OI0002142,O001773,P003,3,11400.0,0.05
OI0002143,O001774,P006,1,14250.0,0.05
OI0002144,O001775,P001,3,7225.0,0.15
OI0002145,O001776,P007,3,4500.0,0.0
OI0002146,O001777,P003,3,10800.0,0.1
OI0002147,O001778,P003,1,10200.0,0.15
OI0002148,O001779,P010,1,6175.0,0.05
OI0002149,O001780,P006,1,15000.0,0.0
OI0002150,O001780,P005,2,44200.0,0.15
OI0002151,O001781,P001,3,7650.0,0.1
OI0002152,O001781,P011,1,21600.0,0.1
OI0002153,O001782,P001,1,8075.0,0.05
OI0002154,O001783,P009,3,22000.0,0.0
OI0002155,O001784,P012,2,2250.0,0.1
OI0002156,O001785,P012,3,2500.0,0.0
OI0002157,O001786,P004,1,28000.0,0.0
OI0002158,O001787,P006,3,13500.0,0.1
OI0002159,O001788,P008,1,18000.0,0.0
OI0002160,O001789,P012,2,2250.0,0.1
OI0002161,O001790,P004,2,26600.0,0.05
OI0002162,O001791,P001,1,7225.0,0.15
OI0002163,O001792,P003,3,12000.0,0.0
OI0002164,O001793,P006,1,15000.0,0.0
OI0002165,O001793,P009,1,22000.0,0.0
OI0002166,O001794,P001,1,8500.0,0.0
OI0002167,O001795,P008,2,18000.0,0.0
OI0002168,O001795,P001,3,7650.0,0.1
OI0002169,O001796,P001,2,8500.0,0.0
OI0002170,O001796,P012,1,2375.0,0.05
OI0002171,O001797,P002,3,65000.0,0.0
OI0002172,O001798,P004,1,28000.0,0.0
OI0002173,O001799,P009,2,22000.0,0.0
OI0002174,O001799,P012,1,2375.0,0.05
OI0002175,O001800,P007,1,3825.0,0.15
OI0002176,O001801,P004,1,26600.0,0.05
OI0002177,O001802,P003,1,11400.0,0.05
OI0002178,O001803,P004,3,28000.0,0.0
OI0002179,O001804,P010,3,6500.0,0.0
OI0002180,O001804,P006,3,12750.0,0.15
OI0002181,O001805,P010,2,6175.0,0.05
OI0002182,O001806,P002,3,65000.0,0.0
OI0002183,O001807,P004,2,28000.0,0.0
OI0002184,O001808,P001,2,8500.0,0.0
OI0002185,O001808,P002,3,65000.0,0.0
OI0002186,O001809,P001,3,8500.0,0.0
OI0002187,O001810,P006,1,15000.0,0.0
OI0002188,O001810,P004,2,26600.0,0.05
OI0002189,O001811,P009,1,22000.0,0.0
OI0002190,O001812,P009,1,20900.0,0.05
OI0002191,O001813,P010,3,5525.0,0.15
OI0002192,O001813,P011,2,21600.0,0.1
OI0002193,O001814,P006,2,14250.0,0.05
OI0002194,O001815,P012,1,2375.0,0.05
OI0002195,O001816,P002,1,58500.0,0.1
OI0002196,O001816,P012,2,2375.0,0.05
OI0002197,O001817,P002,3,65000.0,0.0
OI0002198,O001817,P006,3,14250.0,0.05
OI0002199,O001818,P010,2,6500.0,0.0
OI0002200,O001819,P006,3,13500.0,0.1
OI0002201,O001820,P003,1,12000.0,0.0
OI0002202,O001821,P002,2,55250.0,0.15
OI0002203,O001822,P007,1,4050.0,0.1
OI0002204,O001822,P011,3,22800.0,0.05
OI0002205,O001823,P010,1,6175.0,0.05
OI0002206,O001824,P003,3,10800.0,0.1
OI0002207,O001825,P001,2,7650.0,0.1
OI0002208,O001825,P012,1,2375.0,0.05
OI0002209,O001826,P001,3,8075.0,0.05
OI0002210,O001827,P009,1,17600.0,0.2
OI0002211,O001828,P005,1,46800.0,0.1
OI0002212,O001828,P006,1,14250.0,0.05
OI0002213,O001829,P008,1,16200.0,0.1
OI0002214,O001829,P002,2,55250.0,0.15
OI0002215,O001830,P008,1,15300.0,0.15
OI0002216,O001831,P009,1,22000.0,0.0
OI0002217,O001832,P009,2,22000.0,0.0
OI0002218,O001832,P002,2,58500.0,0.1
OI0002219,O001833,P006,3,12750.0,0.15
OI0002220,O001833,P004,3,26600.0,0.05
OI0002221,O001834,P003,-1,10200.0,0.15
OI0002222,O001835,P001,2,8075.0,0.05
OI0002223,O001836,P003,2,12000.0,0.0
OI0002224,O001837,P010,3,6500.0,0.0
OI0002225,O001838,P007,3,4500.0,0.0
OI0002226,O001839,P012,2,2125.0,0.15
OI0002227,O001840,P007,2,4500.0,0.0
OI0002228,O001841,P007,2,4500.0,0.0
OI0002229,O001842,P002,2,55250.0,0.15
OI0002230,O001842,P001,3,8500.0,0.0
OI0002231,O001843,P010,1,5850.0,0.1
OI0002232,O001844,P004,1,23800.0,0.15
OI0002233,O001845,P006,3,14250.0,0.05
OI0002234,O001845,P001,3,8500.0,0.0
OI0002235,O001846,P008,1,18000.0,0.0
OI0002236,O001847,P012,1,2500.0,0.0
OI0002237,O001847,P005,3,49400.0,0.05
OI0002238,O001848,P007,2,4500.0,0.0
OI0002239,O001849,P010,2,6175.0,0.05
OI0002240,O001849,P009,1,22000.0,0.0
OI0002241,O001850,P008,2,16200.0,0.1
OI0002242,O001851,P008,3,18000.0,0.0
OI0002243,O001852,P004,3,23800.0,0.15
OI0002244,O001853,P010,3,5850.0,0.1
OI0002245,O001854,P006,3,15000.0,0.0
OI0002246,O001855,P008,1,18000.0,0.0
OI0002247,O001856,P010,2,6500.0,0.0
OI0002248,O001857,P003,3,10800.0,0.1
OI0002249,O001858,P002,2,65000.0,0.0
OI0002250,O001859,P003,3,12000.0,0.0
OI0002251,O001860,P002,1,65000.0,0.0
OI0002252,O001860,P001,3,8500.0,0.0
OI0002253,O001861,P011,2,22800.0,0.05
OI0002254,O001862,P006,2,13500.0,0.1
OI0002255,O001863,P008,3,17100.0,0.05
OI0002256,O001863,P010,1,6175.0,0.05
OI0002257,O001864,P002,1,65000.0,0.0
OI0002258,O001865,P001,1,8500.0,0.0
OI0002259,O001865,P007,3,4500.0,0.0
OI0002260,O001866,P006,2,15000.0,0.0
OI0002261,O001867,P007,1,4275.0,0.05
OI0002262,O001868,P006,3,14250.0,0.05
OI0002263,O001869,P007,2,4050.0,0.1
OI0002264,O001870,P001,2,7650.0,0.1
OI0002265,O001871,P009,1,17600.0,0.2
OI0002266,O001871,P003,2,12000.0,0.0
OI0002267,O001872,P004,3,28000.0,0.0
OI0002268,O001873,P002,3,65000.0,0.0
OI0002269,O001874,P003,1,12000.0,0.0
OI0002270,O001875,P010,3,6500.0,0.0
OI0002271,O001876,P001,3,8075.0,0.05
OI0002272,O001877,P007,3,4500.0,0.0
OI0002273,O001878,P005,3,49400.0,0.05
OI0002274,O001879,P009,2,22000.0,0.0
OI0002275,O001880,P002,1,61750.0,0.05
OI0002276,O001881,P009,2,20900.0,0.05
OI0002277,O001882,P012,3,2250.0,0.1
OI0002278,O001882,P004,1,28000.0,0.0
OI0002279,O001883,P001,2,8500.0,0.0
OI0002280,O001884,P008,3,17100.0,0.05
OI0002281,O001884,P002,2,55250.0,0.15
OI0002282,O001885,P006,2,15000.0,0.0
OI0002283,O001886,P001,1,8075.0,0.05
OI0002284,O001887,P009,3,22000.0,0.0
OI0002285,O001887,P003,3,12000.0,0.0
OI0002286,O001888,P010,1,6175.0,0.05
OI0002287,O001889,P006,2,14250.0,0.05
OI0002288,O001890,P011,1,21600.0,0.1
OI0002289,O001891,P008,3,18000.0,0.0
OI0002290,O001892,P002,2,58500.0,0.1
OI0002291,O001893,P007,1,4500.0,0.0
OI0002292,O001893,P001,1,8500.0,0.0
OI0002293,O001894,P001,3,8075.0,0.05
OI0002294,O001895,P008,1,16200.0,0.1
OI0002295,O001896,P012,3,2250.0,0.1
OI0002296,O001897,P010,2,6500.0,0.0
OI0002297,O001898,P004,2,28000.0,0.0
OI0002298,O001899,P007,2,4275.0,0.05
OI0002299,O001899,P004,1,25200.0,0.1
OI0002300,O001900,P001,3,7225.0,0.15
OI0002301,O001901,P010,2,5525.0,0.15
OI0002302,O001901,P008,1,18000.0,0.0
OI0002303,O001902,P007,1,4050.0,0.1
OI0002304,O001903,P001,2,7650.0,0.1
OI0002305,O001904,P010,2,6500.0,0.0
OI0002306,O001904,P002,2,58500.0,0.1
OI0002307,O001905,P006,2,13500.0,0.1
OI0002308,O001906,P006,1,14250.0,0.05
OI0002309,O001906,P001,1,8075.0,0.05
OI0002310,O001907,P004,3,28000.0,0.0
OI0002311,O001908,P004,3,26600.0,0.05
OI0002312,O001909,P010,1,6500.0,0.0
OI0002313,O001910,P001,1,7650.0,0.1
OI0002314,O001911,P007,1,3825.0,0.15
OI0002315,O001912,P006,2,15000.0,0.0
OI0002316,O001913,P008,1,16200.0,0.1
OI0002317,O001914,P005,1,46800.0,0.1
OI0002318,O001915,P005,3,52000.0,0.0
OI0002319,O001916,P001,2,8500.0,0.0
OI0002320,O001917,P007,2,4500.0,0.0
OI0002321,O001918,P002,1,55250.0,0.15
OI0002322,O001919,P001,3,7225.0,0.15
OI0002323,O001920,P009,2,17600.0,0.2
OI0002324,O001920,P004,1,26600.0,0.05
OI0002325,O001921,P009,3,22000.0,0.0
OI0002326,O001922,P006,3,15000.0,0.0
OI0002327,O001922,P002,2,61750.0,0.05
OI0002328,O001923,P006,2,14250.0,0.05
OI0002329,O001924,P012,2,2125.0,0.15
OI0002330,O001925,P002,1,65000.0,0.0
OI0002331,O001926,P001,3,7650.0,0.1
OI0002332,O001926,P003,2,12000.0,0.0
OI0002333,O001927,P006,2,12750.0,0.15
OI0002334,O001928,P004,3,28000.0,0.0
OI0002335,O001928,P001,2,7650.0,0.1
OI0002336,O001929,P006,3,14250.0,0.05
OI0002337,O001930,P004,2,28000.0,0.0
OI0002338,O001931,P003,2,9600.0,0.2
OI0002339,O001932,P009,2,22000.0,0.0
OI0002340,O001932,P010,1,6500.0,0.0
OI0002341,O001933,P009,3,18700.0,0.15
OI0002342,O001934,P002,1,58500.0,0.1
OI0002343,O001935,P007,1,4275.0,0.05
OI0002344,O001935,P001,2,7650.0,0.1
OI0002345,O001936,P010,2,5200.0,0.2
OI0002346,O001937,P010,1,6500.0,0.0
OI0002347,O001938,P010,2,6500.0,0.0
OI0002348,O001939,P012,1,2500.0,0.0
OI0002349,O001939,P009,2,22000.0,0.0
OI0002350,O001940,P004,1,28000.0,0.0
OI0002351,O001941,P008,3,18000.0,0.0
OI0002352,O001941,P012,2,2125.0,0.15
OI0002353,O001942,P001,2,8500.0,0.0
OI0002354,O001942,P004,2,28000.0,0.0
OI0002355,O001943,P008,3,15300.0,0.15
OI0002356,O001944,P004,1,25200.0,0.1
OI0002357,O001945,P009,3,19800.0,0.1
OI0002358,O001946,P009,3,22000.0,0.0
OI0002359,O001947,P007,1,4275.0,0.05
OI0002360,O001948,P005,3,52000.0,0.0
OI0002361,O001949,P007,1,4500.0,0.0
OI0002362,O001950,P009,3,22000.0,0.0
OI0002363,O001950,P002,1,58500.0,0.1
OI0002364,O001951,P007,3,4500.0,0.0
OI0002365,O001952,P002,2,65000.0,0.0
OI0002366,O001953,P003,2,10800.0,0.1
OI0002367,O001954,P007,3,4500.0,0.0
OI0002368,O001954,P011,3,24000.0,0.0
OI0002369,O001955,P009,3,22000.0,0.0
OI0002370,O001956,P010,3,5525.0,0.15
OI0002371,O001957,P006,1,14250.0,0.05
OI0002372,O001958,P011,3,24000.0,0.0
OI0002373,O001958,P003,1,11400.0,0.95
OI0002374,O001959,P006,3,14250.0,0.05
OI0002375,O001960,P009,1,22000.0,0.0
OI0002376,O001961,P006,1,12750.0,0.15
OI0002377,O001962,P010,1,6500.0,0.0
OI0002378,O001963,P010,-1,6175.0,0.05
OI0002379,O001964,P004,2,23800.0,0.15
OI0002380,O001964,P011,3,24000.0,0.0
OI0002381,O001965,P007,1,4050.0,0.1
OI0002382,O001966,P007,2,4500.0,0.0
OI0002383,O001967,P002,2,65000.0,0.0
OI0002384,O001968,P001,3,8500.0,0.0
OI0002385,O001969,P001,1,8500.0,0.0
OI0002386,O001970,P010,2,5850.0,0.1
OI0002387,O001971,P006,1,15000.0,0.0
OI0002388,O001972,P001,1,7650.0,0.1
OI0002389,O001972,P003,3,12000.0,0.0
OI0002390,O001973,P002,2,65000.0,0.0
OI0002391,O001973,P009,2,19800.0,0.1
OI0002392,O001974,P012,3,2500.0,0.0
OI0002393,O001975,P008,1,18000.0,0.0
OI0002394,O001975,P002,2,61750.0,0.05
OI0002395,O001976,P005,3,44200.0,0.15
OI0002396,O001977,P008,3,18000.0,0.0
OI0002397,O001978,P010,3,6500.0,0.0
OI0002398,O001978,P011,3,24000.0,0.0
OI0002399,O001979,P001,3,8500.0,0.0
OI0002400,O001980,P007,2,4500.0,0.0
OI0002401,O001981,P004,3,28000.0,0.0
OI0002402,O001982,P004,1,28000.0,0.0
OI0002403,O001983,P004,2,25200.0,0.1
OI0002404,O001984,P004,2,28000.0,0.0
OI0002405,O001985,P004,2,25200.0,0.1
OI0002406,O001986,P011,2,20400.0,0.15
OI0002407,O001987,P001,3,8075.0,0.05
OI0002408,O001988,P006,2,12000.0,0.2
OI0002409,O001989,P011,3,22800.0,0.05
OI0002410,O001990,P004,3,28000.0,0.0
OI0002411,O001991,P012,2,2250.0,0.1
OI0002412,O001991,P002,1,61750.0,0.05
OI0002413,O001992,P004,1,28000.0,0.0
OI0002414,O001993,P004,1,28000.0,0.0
OI0002415,O001994,P009,3,18700.0,0.15
OI0002416,O001995,P008,1,18000.0,0.0
OI0002417,O001996,P001,1,8500.0,0.0
OI0002418,O001996,P005,3,46800.0,0.1
OI0002419,O001997,P004,3,25200.0,0.1
OI0002420,O001998,P001,1,7650.0,0.1
OI0002421,O001998,P010,2,5850.0,0.1
OI0002422,O001999,P006,2,12000.0,0.2
OI0002423,O002000,P003,1,12000.0,0.0
OI0002424,O002001,P002,2,65000.0,0.0
OI0002425,O002002,P004,3,23800.0,0.15
OI0002426,O002003,P002,3,52000.0,0.2
OI0002427,O002004,P006,1,12750.0,0.15
OI0002428,O002005,P012,1,2000.0,0.2
OI0002429,O002006,P009,1,19800.0,0.1
OI0002430,O002006,P012,1,2500.0,0.0
OI0002431,O002007,P005,2,52000.0,0.0
OI0002432,O002008,P007,3,4050.0,0.1
OI0002433,O002009,P007,1,3825.0,0.15
OI0002434,O002010,P003,2,11400.0,0.05
OI0002435,O002010,P008,3,15300.0,0.15
OI0002436,O002011,P010,3,6500.0,0.0
OI0002437,O002012,P005,1,49400.0,0.05
OI0002438,O002012,P010,1,6500.0,0.0
OI0002439,O002013,P011,2,21600.0,0.1
OI0002440,O002014,P012,3,2500.0,0.0
OI0002441,O002015,P003,3,12000.0,0.0
OI0002442,O002016,P001,3,8075.0,0.05
OI0002443,O002017,P011,3,20400.0,0.15
OI0002444,O002018,P008,3,17100.0,0.05
OI0002445,O002019,P004,2,23800.0,0.15
OI0002446,O002019,P005,2,52000.0,0.0
OI0002447,O002020,P004,1,23800.0,0.15
OI0002448,O002021,P012,1,2250.0,0.1
OI0002449,O002021,P005,1,49400.0,0.05
OI0002450,O002022,P001,2,8500.0,0.0
OI0002451,O002023,P009,2,22000.0,0.0
OI0002452,O002024,P001,2,7225.0,0.15
OI0002453,O002025,P009,2,22000.0,0.0
OI0002454,O002026,P006,1,15000.0,0.0
OI0002455,O002027,P001,3,8075.0,0.05
OI0002456,O002028,P008,3,16200.0,0.1
OI0002457,O002029,P008,3,17100.0,0.05
OI0002458,O002030,P003,3,10200.0,0.15
OI0002459,O002031,P001,3,7225.0,0.15
OI0002460,O002032,P001,3,8075.0,0.05
OI0002461,O002033,P003,2,10800.0,0.1
OI0002462,O002033,P002,3,61750.0,0.05
OI0002463,O002034,P007,3,4275.0,0.05
OI0002464,O002034,P011,1,21600.0,0.1
OI0002465,O002035,P004,2,26600.0,0.05
OI0002466,O002036,P005,3,46800.0,0.1
OI0002467,O002037,P006,1,15000.0,0.0
OI0002468,O002038,P010,1,6175.0,0.05
OI0002469,O002038,P007,2,4275.0,0.05
OI0002470,O002039,P006,1,15000.0,0.0
OI0002471,O002040,P011,1,20400.0,0.15
OI0002472,O002041,P010,2,6500.0,0.0
OI0002473,O002042,P007,2,4500.0,0.0
OI0002474,O002043,P002,2,65000.0,0.0
OI0002475,O002044,P006,2,12750.0,0.15
OI0002476,O002044,P004,1,23800.0,0.15
OI0002477,O002045,P005,1,52000.0,0.0
OI0002478,O002046,P003,2,12000.0,0.0
OI0002479,O002047,P004,1,28000.0,0.0
OI0002480,O002048,P011,2,22800.0,0.05
OI0002481,O002049,P006,3,13500.0,0.1
OI0002482,O002050,P001,3,8075.0,0.05
OI0002483,O002051,P001,3,7650.0,0.1
OI0002484,O002052,P008,2,18000.0,0.0
OI0002485,O002053,P009,1,20900.0,0.05
OI0002486,O002054,P009,3,19800.0,0.1
OI0002487,O002055,P004,2,25200.0,0.1
OI0002488,O002056,P002,1,61750.0,0.05
OI0002489,O002057,P001,1,7225.0,0.15
OI0002490,O002057,P006,3,15000.0,0.0
OI0002491,O002058,P005,2,49400.0,0.05
OI0002492,O002059,P009,1,20900.0,0.05
OI0002493,O002060,P009,2,19800.0,0.1
OI0002494,O002060,P006,1,13500.0,0.1
OI0002495,O002061,P003,2,12000.0,0.0
OI0002496,O002062,P003,2,12000.0,0.0
OI0002497,O002062,P007,2,4050.0,0.1
OI0002498,O002063,P001,2,8500.0,0.0
OI0002499,O002064,P005,3,52000.0,0.0
OI0002500,O002065,P010,1,6500.0,0.0
OI0002501,O002066,P012,3,2375.0,0.05
OI0002502,O002066,P007,3,4500.0,0.0
OI0002503,O002067,P012,1,2500.0,0.0
OI0002504,O002067,P005,1,49400.0,0.05
OI0002505,O002068,P001,2,8500.0,0.0
OI0002506,O002068,P007,3,4275.0,0.05
OI0002507,O002069,P001,1,8500.0,0.0
OI0002508,O002070,P004,2,25200.0,0.1
OI0002509,O002071,P011,1,21600.0,0.1
OI0002510,O002072,P005,3,46800.0,0.1
OI0002511,O002073,P008,2,18000.0,0.0
OI0002512,O002074,P001,1,7650.0,0.1
OI0002513,O002075,P006,3,13500.0,0.1
OI0002514,O002076,P003,1,10800.0,0.1
OI0002515,O002077,P001,3,8500.0,0.0
OI0002516,O002078,P003,1,11400.0,0.05
OI0002517,O002079,P007,1,3825.0,0.15
OI0002518,O002080,P001,3,8500.0,0.0
OI0002519,O002081,P004,2,25200.0,0.1
OI0002520,O002082,P008,1,16200.0,0.1
OI0002521,O002082,P004,2,25200.0,0.1
OI0002522,O002083,P010,2,6500.0,0.0
OI0002523,O002084,P005,2,41600.0,0.2
OI0002524,O002085,P011,1,20400.0,0.15
OI0002525,O002086,P010,2,6500.0,0.0
OI0002526,O002087,P005,3,49400.0,0.05
OI0002527,O002088,P004,1,25200.0,0.1
OI0002528,O002089,P008,3,15300.0,0.15
OI0002529,O002090,P004,3,26600.0,0.05
OI0002530,O002091,P010,3,6500.0,0.0
OI0002531,O002092,P010,2,6175.0,0.05
OI0002532,O002093,P002,2,65000.0,0.0
OI0002533,O002094,P001,1,7650.0,0.1
OI0002534,O002094,P009,3,22000.0,0.0
OI0002535,O002095,P012,2,2250.0,0.1
OI0002536,O002096,P009,3,17600.0,0.2
OI0002537,O002097,P004,3,25200.0,0.1
OI0002538,O002098,P003,1,11400.0,0.05
OI0002539,O002099,P005,1,52000.0,0.0
OI0002540,O002100,P007,3,4275.0,0.05
OI0002541,O002101,P007,1,4050.0,0.1
OI0002542,O002102,P011,3,21600.0,0.1
OI0002543,O002102,P006,1,13500.0,0.1
OI0002544,O002103,P004,2,23800.0,0.15
OI0002545,O002104,P001,3,8500.0,0.0
OI0002546,O002105,P001,2,7650.0,0.1
OI0002547,O002105,P007,2,4500.0,0.0
OI0002548,O002106,P009,2,22000.0,0.0
OI0002549,O002106,P004,2,28000.0,0.0
OI0002550,O002107,P005,2,49400.0,0.05
OI0002551,O002108,P012,1,2500.0,0.0
OI0002552,O002108,P008,1,18000.0,0.0
OI0002553,O002109,P007,1,4275.0,0.05
OI0002554,O002110,P008,3,18000.0,0.0
OI0002555,O002111,P004,2,28000.0,0.0
OI0002556,O002112,P010,1,5525.0,0.15
OI0002557,O002113,P005,2,41600.0,0.2
OI0002558,O002114,P006,3,13500.0,0.1
OI0002559,O002114,P010,2,6500.0,0.0
OI0002560,O002115,P011,1,21600.0,0.1
OI0002561,O002115,P005,2,46800.0,0.1
OI0002562,O002116,P004,1,26600.0,0.05
OI0002563,O002117,P011,2,24000.0,0.0
OI0002564,O002118,P004,3,28000.0,0.0
OI0002565,O002119,P006,1,12000.0,0.2
OI0002566,O002120,P002,1,58500.0,0.1
OI0002567,O002121,P007,1,4500.0,0.0
OI0002568,O002122,P012,2,2250.0,0.1
OI0002569,O002123,P010,2,5525.0,0.15
OI0002570,O002124,P001,3,7650.0,0.1
OI0002571,O002125,P007,1,4500.0,0.0
OI0002572,O002125,P012,2,2125.0,0.15
OI0002573,O002126,P006,2,14250.0,0.05
OI0002574,O002126,P009,2,22000.0,0.0
OI0002575,O002127,P007,2,4500.0,0.0
OI0002576,O002128,P007,1,4500.0,0.0
OI0002577,O002129,P006,2,13500.0,0.1
OI0002578,O002130,P008,1,18000.0,0.0
OI0002579,O002131,P006,3,15000.0,0.0
OI0002580,O002132,P012,3,2125.0,0.15
OI0002581,O002133,P001,2,8075.0,0.05
OI0002582,O002133,P006,1,13500.0,0.1
OI0002583,O002134,P012,3,2500.0,0.0
OI0002584,O002135,P011,3,24000.0,0.0
OI0002585,O002135,P009,2,20900.0,0.05
OI0002586,O002136,P003,1,12000.0,0.0
OI0002587,O002137,P007,3,3825.0,0.15
OI0002588,O002138,P005,1,49400.0,0.05
OI0002589,O002139,P004,2,28000.0,0.0
OI0002590,O002140,P005,3,52000.0,0.0
OI0002591,O002141,P006,1,13500.0,0.1
OI0002592,O002141,P002,3,61750.0,0.05
OI0002593,O002142,P006,1,12750.0,0.15
OI0002594,O002142,P003,3,12000.0,0.0
OI0002595,O002143,P007,2,4500.0,0.0
OI0002596,O002144,P002,3,55250.0,0.15
OI0002597,O002144,P010,3,6175.0,0.05
OI0002598,O002145,P008,1,17100.0,0.05
OI0002599,O002146,P006,3,15000.0,0.0
OI0002600,O002147,P006,2,12750.0,0.15
OI0002601,O002148,P005,3,52000.0,0.0
OI0002602,O002149,P003,3,10200.0,0.15
OI0002603,O002149,P002,2,55250.0,0.15
OI0002604,O002150,P002,2,65000.0,0.0
OI0002605,O002151,P007,3,4500.0,0.0
OI0002606,O002152,P006,2,15000.0,0.0
OI0002607,O002153,P001,3,8075.0,0.05
OI0002608,O002154,P009,3,20900.0,0.05
OI0002609,O002155,P003,3,10200.0,0.15
OI0002610,O002156,P007,2,4500.0,0.0
OI0002611,O002157,P006,3,15000.0,0.0
OI0002612,O002158,P005,1,44200.0,0.15
OI0002613,O002159,P011,3,24000.0,0.0
OI0002614,O002160,P012,3,2375.0,0.05
OI0002615,O002160,P005,3,52000.0,0.0
OI0002616,O002161,P001,2,8075.0,0.05
OI0002617,O002162,P001,1,8500.0,0.0
OI0002618,O002163,P010,1,5850.0,0.1
OI0002619,O002163,P001,3,7650.0,0.1
OI0002620,O002164,P006,3,12750.0,0.15
OI0002621,O002164,P003,2,12000.0,0.0
OI0002622,O002165,P006,3,14250.0,0.05
OI0002623,O002166,P001,1,8500.0,0.0
OI0002624,O002167,P006,2,15000.0,0.0
OI0002625,O002168,P001,3,8500.0,0.0
OI0002626,O002169,P009,2,20900.0,0.05
OI0002627,O002170,P007,1,4500.0,0.0
OI0002628,O002171,P009,1,20900.0,0.05
OI0002629,O002172,P011,2,21600.0,0.1
OI0002630,O002172,P003,3,11400.0,0.05
OI0002631,O002173,P006,3,15000.0,0.0
OI0002632,O002174,P002,1,65000.0,0.0
OI0002633,O002175,P012,3,2000.0,0.2
OI0002634,O002176,P002,1,65000.0,0.0
OI0002635,O002177,P004,2,25200.0,0.1
OI0002636,O002178,P006,1,14250.0,0.05
OI0002637,O002179,P012,3,2500.0,0.0
OI0002638,O002180,P012,2,2250.0,0.1
OI0002639,O002180,P009,1,20900.0,0.05
OI0002640,O002181,P007,2,4050.0,0.1
OI0002641,O002182,P006,3,15000.0,0.0
OI0002642,O002183,P009,3,22000.0,0.0
OI0002643,O002184,P001,2,8075.0,0.05
OI0002644,O002185,P004,1,26600.0,0.05
OI0002645,O002186,P010,1,5850.0,0.1
OI0002646,O002187,P010,2,6175.0,0.05
OI0002647,O002188,P005,2,52000.0,0.0
OI0002648,O002188,P010,2,5850.0,0.1
OI0002649,O002189,P009,3,19800.0,0.1
OI0002650,O002190,P006,2,13500.0,0.1
OI0002651,O002191,P008,3,17100.0,0.05
OI0002652,O002192,P004,2,25200.0,0.1
OI0002653,O002192,P002,1,55250.0,0.15
OI0002654,O002193,P010,2,5850.0,0.1
OI0002655,O002193,P006,1,15000.0,0.0
OI0002656,O002194,P009,2,18700.0,0.15
OI0002657,O002194,P001,2,8500.0,0.0
OI0002658,O002195,P010,3,6500.0,0.0
OI0002659,O002196,P006,2,13500.0,0.1
OI0002660,O002197,P010,3,5850.0,0.1
OI0002661,O002198,P004,1,26600.0,0.05
OI0002662,O002199,P005,2,52000.0,0.0
OI0002663,O002200,P006,3,15000.0,0.0
OI0002664,O002201,P010,1,6500.0,0.0
OI0002665,O002201,P008,1,16200.0,0.1
OI0002666,O002202,P002,2,61750.0,0.05
OI0002667,O002203,P002,3,61750.0,0.05
OI0002668,O002204,P006,1,12000.0,0.2
OI0002669,O002205,P009,1,19800.0,0.1
OI0002670,O002206,P007,2,4275.0,0.05
OI0002671,O002207,P009,2,22000.0,0.0
OI0002672,O002208,P006,1,12000.0,0.2
OI0002673,O002208,P002,3,61750.0,0.05
OI0002674,O002209,P004,3,26600.0,0.05
OI0002675,O002210,P003,1,12000.0,0.0
OI0002676,O002210,P004,3,22400.0,0.2
OI0002677,O002211,P001,1,8500.0,0.0
OI0002678,O002212,P001,3,7650.0,0.1
OI0002679,O002213,P010,3,6500.0,0.0
OI0002680,O002214,P008,3,14400.0,0.2
OI0002681,O002215,P012,3,2250.0,0.1
OI0002682,O002216,P006,3,13500.0,0.1
OI0002683,O002217,P003,2,10800.0,0.1
OI0002684,O002218,P007,2,4500.0,0.0
OI0002685,O002219,P001,1,8075.0,0.05
OI0002686,O002220,P001,2,8500.0,0.0
OI0002687,O002221,P001,3,7225.0,0.15
OI0002688,O002221,P012,2,2250.0,0.1
OI0002689,O002222,P008,1,18000.0,0.0
OI0002690,O002222,P003,3,11400.0,0.05
OI0002691,O002223,P009,1,18700.0,0.15
OI0002692,O002224,P012,3,2250.0,0.1
OI0002693,O002225,P001,1,8500.0,0.0
OI0002694,O002226,P001,2,8075.0,0.05
OI0002695,O002227,P005,2,52000.0,0.0
OI0002696,O002228,P011,3,24000.0,0.0
OI0002697,O002229,P011,3,20400.0,0.15
OI0002698,O002230,P003,2,10800.0,0.1
OI0002699,O002230,P009,2,20900.0,0.05
OI0002700,O002231,P004,3,25200.0,0.1
OI0002701,O002231,P007,2,4500.0,0.0
OI0002702,O002232,P012,3,2375.0,0.05
OI0002703,O002233,P006,2,12000.0,0.2
OI0002704,O002234,P009,3,20900.0,0.05
OI0002705,O002235,P009,3,20900.0,0.05
OI0002706,O002236,P002,1,65000.0,0.0
OI0002707,O002237,P005,1,44200.0,0.15
OI0002708,O002237,P008,1,17100.0,0.05
OI0002709,O002238,P004,2,28000.0,0.0
OI0002710,O002238,P006,1,14250.0,0.05
OI0002711,O002239,P002,3,61750.0,0.05
OI0002712,O002239,P008,3,16200.0,0.1
OI0002713,O002240,P011,2,20400.0,0.15
OI0002714,O002241,P010,3,5200.0,0.2
OI0002715,O002242,P006,2,15000.0,0.0
OI0002716,O002243,P009,3,19800.0,0.1
OI0002717,O002244,P005,3,52000.0,0.0
OI0002718,O002245,P009,2,18700.0,0.15
OI0002719,O002246,P012,1,2500.0,0.0
OI0002720,O002246,P001,2,7650.0,0.1
OI0002721,O002247,P001,2,8500.0,0.0
OI0002722,O002247,P006,2,13500.0,0.1
OI0002723,O002248,P005,1,52000.0,0.0
OI0002724,O002249,P009,3,20900.0,0.05
OI0002725,O002250,P006,2,15000.0,0.0
OI0002726,O002251,P003,1,12000.0,0.0
OI0002727,O002251,P012,2,2125.0,0.15
OI0002728,O002252,P007,3,4050.0,0.1
OI0002729,O002253,P011,-1,20400.0,0.15
OI0002730,O002254,P004,1,26600.0,0.05
OI0002731,O002255,P005,1,44200.0,0.15
OI0002732,O002256,P006,1,12750.0,0.15
OI0002733,O002257,P009,3,22000.0,0.0
OI0002734,O002257,P001,3,8075.0,0.05
OI0002735,O002258,P001,3,8075.0,0.05
OI0002736,O002258,P002,2,65000.0,0.0
OI0002737,O002259,P011,3,21600.0,0.1
OI0002738,O002259,P012,1,2125.0,0.15
OI0002739,O002260,P006,3,15000.0,0.0
OI0002740,O002261,P008,1,17100.0,0.05
OI0002741,O002262,P007,2,4500.0,0.0
OI0002742,O002263,P005,1,52000.0,0.0
OI0002743,O002263,P009,2,18700.0,0.15
OI0002744,O002264,P006,1,13500.0,0.1
OI0002745,O002265,P011,1,24000.0,0.0
OI0002746,O002266,P007,3,4500.0,0.0
OI0002747,O002267,P004,1,23800.0,0.15
OI0002748,O002268,P001,3,6800.0,0.2
OI0002749,O002269,P002,2,65000.0,0.0
OI0002750,O002270,P004,1,28000.0,0.0
OI0002751,O002271,P003,2,11400.0,0.05
OI0002752,O002271,P010,2,5200.0,0.2
OI0002753,O002272,P002,2,65000.0,0.0
OI0002754,O002273,P011,2,20400.0,0.15
OI0002755,O002274,P006,2,15000.0,0.0
OI0002756,O002275,P007,2,4500.0,0.0
OI0002757,O002276,P008,3,18000.0,0.0
OI0002758,O002277,P009,2,22000.0,0.0
OI0002759,O002277,P007,1,4050.0,0.1
OI0002760,O002278,P007,2,4500.0,0.0
OI0002761,O002279,P011,2,22800.0,0.05
OI0002762,O002280,P001,1,7225.0,0.15
OI0002763,O002280,P012,3,2250.0,0.1
OI0002764,O002281,P002,3,65000.0,0.0
OI0002765,O002281,P008,2,17100.0,0.05
OI0002766,O002282,P002,3,65000.0,0.0
OI0002767,O002283,P005,1,52000.0,0.0
OI0002768,O002283,P006,3,15000.0,0.0
OI0002769,O002284,P011,2,24000.0,0.0
OI0002770,O002285,P010,1,6175.0,0.05
OI0002771,O002285,P008,2,15300.0,0.15
OI0002772,O002286,P007,3,4050.0,0.1
OI0002773,O002286,P009,1,19800.0,0.1
OI0002774,O002287,P009,3,22000.0,0.0
OI0002775,O002288,P001,1,8075.0,0.05
OI0002776,O002289,P008,1,14400.0,0.2
OI0002777,O002290,P002,3,58500.0,0.1
OI0002778,O002291,P002,1,65000.0,0.0
OI0002779,O002292,P008,3,18000.0,0.0
OI0002780,O002293,P008,3,14400.0,0.2
OI0002781,O002294,P010,3,6500.0,0.0
OI0002782,O002295,P009,3,22000.0,0.0
OI0002783,O002296,P009,3,22000.0,0.0
OI0002784,O002297,P003,2,12000.0,0.0
OI0002785,O002298,P001,3,8075.0,0.05
OI0002786,O002299,P012,3,2375.0,0.05
OI0002787,O002299,P005,3,52000.0,0.0
OI0002788,O002300,P003,3,10800.0,0.1
OI0002789,O002301,P007,2,4275.0,0.05
OI0002790,O002301,P005,2,49400.0,0.05
OI0002791,O002302,P003,1,10800.0,0.1
OI0002792,O002302,P002,1,55250.0,0.15
OI0002793,O002303,P005,3,52000.0,0.0
OI0002794,O002304,P012,3,2500.0,0.0
OI0002795,O002304,P009,1,22000.0,0.0
OI0002796,O002305,P001,2,8500.0,0.0
OI0002797,O002306,P008,-1,17100.0,0.05
OI0002798,O002306,P004,2,28000.0,0.0
OI0002799,O002307,P006,1,15000.0,0.0
OI0002800,O002308,P007,3,4500.0,0.0
OI0002801,O002308,P006,3,15000.0,0.0
OI0002802,O002309,P010,2,6175.0,0.05
OI0002803,O002310,P004,1,23800.0,0.15
OI0002804,O002311,P006,1,13500.0,0.1
OI0002805,O002312,P005,3,44200.0,0.15
OI0002806,O002313,P001,2,8500.0,0.0
OI0002807,O002314,P004,1,28000.0,0.0
OI0002808,O002315,P006,3,15000.0,0.0
OI0002809,O002316,P001,1,8500.0,0.0
OI0002810,O002317,P007,3,4500.0,0.0
OI0002811,O002318,P006,2,14250.0,0.05
OI0002812,O002319,P007,-1,4275.0,0.05
OI0002813,O002320,P001,1,7225.0,0.15
OI0002814,O002321,P006,2,13500.0,0.1
OI0002815,O002322,P006,3,15000.0,0.0
OI0002816,O002323,P009,1,20900.0,0.05
OI0002817,O002324,P002,2,65000.0,0.0
OI0002818,O002324,P003,2,11400.0,0.05
OI0002819,O002325,P002,1,61750.0,0.05
OI0002820,O002326,P003,2,12000.0,0.0
OI0002821,O002327,P012,1,2500.0,0.0
OI0002822,O002328,P002,3,65000.0,0.0
OI0002823,O002329,P002,1,58500.0,0.1
OI0002824,O002329,P010,3,6175.0,0.05
OI0002825,O002330,P010,3,6175.0,0.05
OI0002826,O002331,P002,3,65000.0,0.0
OI0002827,O002332,P006,1,13500.0,0.1
OI0002828,O002333,P009,3,20900.0,0.05
OI0002829,O002334,P010,1,5525.0,0.15
OI0002830,O002335,P007,1,4275.0,0.05
OI0002831,O002336,P005,2,46800.0,0.1
OI0002832,O002337,P006,1,12750.0,0.15
OI0002833,O002338,P010,2,6500.0,0.0
OI0002834,O002339,P011,1,21600.0,0.1
OI0002835,O002340,P007,2,4275.0,0.05
OI0002836,O002340,P003,2,12000.0,0.0
OI0002837,O002341,P010,1,5850.0,0.1
OI0002838,O002342,P001,1,8500.0,0.0
OI0002839,O002343,P009,3,22000.0,0.0
OI0002840,O002344,P008,2,18000.0,0.0
OI0002841,O002345,P003,3,12000.0,0.0
OI0002842,O002346,P006,3,13500.0,0.1
OI0002843,O002347,P012,3,2375.0,0.05
OI0002844,O002347,P005,2,49400.0,0.05
OI0002845,O002348,P008,2,18000.0,0.0
OI0002846,O002349,P001,3,8500.0,0.0
OI0002847,O002350,P004,1,25200.0,0.1
OI0002848,O002351,P009,2,19800.0,0.1
OI0002849,O002352,P004,2,28000.0,0.0
OI0002850,O002353,P002,3,55250.0,0.15
OI0002851,O002354,P005,2,49400.0,0.05
OI0002852,O002355,P004,3,25200.0,0.1
OI0002853,O002356,P003,2,11400.0,0.05
OI0002854,O002357,P006,1,15000.0,0.0
OI0002855,O002358,P001,2,7650.0,0.1
OI0002856,O002359,P008,2,17100.0,0.05
OI0002857,O002360,P004,1,25200.0,0.1
OI0002858,O002361,P012,1,2250.0,0.1
OI0002859,O002362,P012,2,2250.0,0.1
OI0002860,O002363,P006,1,15000.0,0.0
OI0002861,O002364,P004,1,28000.0,0.0
OI0002862,O002364,P007,3,3600.0,0.2
OI0002863,O002365,P009,3,19800.0,0.1
OI0002864,O002366,P004,2,22400.0,0.2
OI0002865,O002366,P009,2,18700.0,0.15
OI0002866,O002367,P004,3,25200.0,0.1
OI0002867,O002368,P001,2,8500.0,0.0
OI0002868,O002369,P009,1,19800.0,0.1
OI0002869,O002370,P001,2,7650.0,0.1
OI0002870,O002371,P010,1,5850.0,0.1
OI0002871,O002371,P002,1,55250.0,0.15
OI0002872,O002372,P006,2,13500.0,0.1
OI0002873,O002373,P009,3,18700.0,0.15
OI0002874,O002374,P010,3,6500.0,0.0
OI0002875,O002375,P011,2,22800.0,0.05
OI0002876,O002376,P010,1,6500.0,0.0
OI0002877,O002377,P012,1,2375.0,0.05
OI0002878,O002377,P008,2,18000.0,0.0
OI0002879,O002378,P001,2,8500.0,0.0
OI0002880,O002379,P007,1,4050.0,0.1
OI0002881,O002380,P004,1,26600.0,0.05
OI0002882,O002381,P008,2,18000.0,0.0
OI0002883,O002382,P005,1,52000.0,0.0
OI0002884,O002382,P001,1,8500.0,0.0
OI0002885,O002383,P009,1,22000.0,0.0
OI0002886,O002383,P001,3,7650.0,0.1
OI0002887,O002384,P004,2,28000.0,0.0
OI0002888,O002385,P009,3,19800.0,0.1
OI0002889,O002386,P008,3,16200.0,0.1
OI0002890,O002386,P003,2,12000.0,0.0
OI0002891,O002387,P008,1,18000.0,0.0
OI0002892,O002388,P002,3,61750.0,0.05
OI0002893,O002389,P002,2,61750.0,0.05
OI0002894,O002390,P010,2,5525.0,0.15
OI0002895,O002391,P009,3,19800.0,0.1
OI0002896,O002392,P001,3,7650.0,0.1
OI0002897,O002393,P001,1,8500.0,0.0
OI0002898,O002394,P007,2,4500.0,0.0
OI0002899,O002395,P012,3,2375.0,0.05
OI0002900,O002395,P009,1,22000.0,0.0
OI0002901,O002396,P003,2,12000.0,0.0
OI0002902,O002397,P002,2,65000.0,0.0
OI0002903,O002397,P005,1,44200.0,0.15
OI0002904,O002398,P002,2,65000.0,0.0
OI0002905,O002399,P007,2,4050.0,0.1
OI0002906,O002400,P011,3,21600.0,0.1
OI0002907,O002401,P004,3,26600.0,0.05
OI0002908,O002402,P001,3,8075.0,0.05
OI0002909,O002403,P002,1,65000.0,0.0
OI0002910,O002404,P004,3,25200.0,0.1
OI0002911,O002405,P008,3,18000.0,0.0
OI0002912,O002406,P005,2,49400.0,0.05
OI0002913,O002407,P006,2,12000.0,0.2
OI0002914,O002408,P001,2,8075.0,0.05
OI0002915,O002409,P006,1,12750.0,0.15
OI0002916,O002410,P010,2,6175.0,0.05
OI0002917,O002411,P003,2,10800.0,0.1
OI0002918,O002412,P004,1,28000.0,0.0
OI0002919,O002412,P006,1,12750.0,0.15
OI0002920,O002413,P004,2,25200.0,0.1
OI0002921,O002414,P001,1,7650.0,0.1
OI0002922,O002415,P011,2,21600.0,0.1
OI0002923,O002415,P007,3,4275.0,0.05
OI0002924,O002416,P004,2,26600.0,0.05
OI0002925,O002417,P007,3,4500.0,0.0
OI0002926,O002417,P011,1,19200.0,0.2
OI0002927,O002418,P006,3,12750.0,0.15
OI0002928,O002419,P011,1,24000.0,0.0
OI0002929,O002420,P010,3,6500.0,0.0
OI0002930,O002421,P003,2,12000.0,0.0
OI0002931,O002422,P006,2,13500.0,0.1
OI0002932,O002423,P003,1,11400.0,0.05
OI0002933,O002424,P008,1,16200.0,0.1
OI0002934,O002425,P006,2,15000.0,0.0
OI0002935,O002426,P005,2,52000.0,0.0
OI0002936,O002426,P007,2,4500.0,0.0
OI0002937,O002427,P008,1,18000.0,0.0
OI0002938,O002428,P004,2,26600.0,0.05
OI0002939,O002429,P011,1,22800.0,0.05
OI0002940,O002430,P009,2,20900.0,0.05
OI0002941,O002431,P001,1,7650.0,0.1
OI0002942,O002432,P003,1,12000.0,0.0
OI0002943,O002433,P007,3,4050.0,0.1
OI0002944,O002434,P009,3,20900.0,0.05
OI0002945,O002435,P004,3,28000.0,0.0
OI0002946,O002436,P003,3,10800.0,0.1
OI0002947,O002437,P003,1,12000.0,0.0
OI0002948,O002438,P006,1,13500.0,0.1
OI0002949,O002439,P010,1,5850.0,0.1
OI0002950,O002440,P008,2,17100.0,0.05
OI0002951,O002441,P004,3,22400.0,0.2
OI0002952,O002441,P008,2,18000.0,0.0
OI0002953,O002442,P003,3,10800.0,0.1
OI0002954,O002443,P006,3,13500.0,0.1
OI0002955,O002444,P005,2,49400.0,0.05
OI0002956,O002445,P008,3,18000.0,0.0
OI0002957,O002446,P006,1,15000.0,0.0
OI0002958,O002447,P009,2,19800.0,0.1
OI0002959,O002448,P008,1,18000.0,0.0
OI0002960,O002449,P006,2,13500.0,0.1
OI0002961,O002450,P009,1,22000.0,0.0
OI0002962,O002451,P005,2,52000.0,0.0
OI0002963,O002452,P010,3,6500.0,0.0
OI0002964,O002453,P007,3,3825.0,0.15
OI0002965,O002454,P011,3,24000.0,0.0
OI0002966,O002454,P005,3,52000.0,0.0
OI0002967,O002455,P006,1,14250.0,0.05
OI0002968,O002456,P004,3,25200.0,0.1
OI0002969,O002456,P003,3,12000.0,0.0
OI0002970,O002457,P010,2,5525.0,0.15
OI0002971,O002458,P008,2,18000.0,0.0
OI0002972,O002459,P007,3,3825.0,0.15
OI0002973,O002460,P012,-1,2500.0,0.0
OI0002974,O002461,P001,3,8075.0,0.05
OI0002975,O002462,P009,1,19800.0,0.1
OI0002976,O002463,P010,2,5525.0,0.15
OI0002977,O002464,P003,2,10800.0,0.1
OI0002978,O002465,P001,3,8500.0,0.0
OI0002979,O002465,P010,2,5850.0,0.1
OI0002980,O002466,P003,2,11400.0,0.05
OI0002981,O002467,P007,1,4500.0,0.0
OI0002982,O002468,P012,1,2375.0,0.05
OI0002983,O002469,P012,1,2250.0,0.1
OI0002984,O002470,P003,3,11400.0,0.05
OI0002985,O002471,P012,1,2125.0,0.15
OI0002986,O002471,P002,1,55250.0,0.15
OI0002987,O002472,P001,2,8075.0,0.05
OI0002988,O002473,P003,3,12000.0,0.0
OI0002989,O002474,P002,3,65000.0,0.0
OI0002990,O002475,P012,2,2250.0,0.1
OI0002991,O002476,P008,3,17100.0,0.05
OI0002992,O002477,P011,1,24000.0,0.0
OI0002993,O002478,P008,2,18000.0,0.0
OI0002994,O002478,P004,3,25200.0,0.1
OI0002995,O002479,P003,1,12000.0,0.0
OI0002996,O002479,P001,3,7225.0,0.15
OI0002997,O002480,P005,1,49400.0,0.05
OI0002998,O002481,P003,2,12000.0,0.0
OI0002999,O002481,P007,3,4500.0,0.0
OI0003000,O002482,P007,1,4500.0,0.0
OI0003001,O002483,P004,1,25200.0,0.1
OI0003002,O002483,P010,1,6500.0,0.0
OI0003003,O002484,P010,3,6500.0,0.0
OI0003004,O002485,P005,3,52000.0,0.0
OI0003005,O002486,P011,2,21600.0,0.1
OI0003006,O002487,P007,1,4500.0,0.0
OI0003007,O002487,P006,3,15000.0,0.0
OI0003008,O002488,P004,1,26600.0,0.05
OI0003009,O002489,P002,2,61750.0,0.05
OI0003010,O002490,P006,3,15000.0,0.0
OI0003011,O002491,P009,1,19800.0,0.1
OI0003012,O002492,P009,3,22000.0,0.0
OI0003013,O002493,P001,3,8075.0,0.05
OI0003014,O002494,P007,3,4275.0,0.05
OI0003015,O002494,P010,1,6500.0,0.0
OI0003016,O002495,P007,2,4500.0,0.0
OI0003017,O002496,P004,3,26600.0,0.05
OI0003018,O002497,P011,1,22800.0,0.05
OI0003019,O002498,P008,2,18000.0,0.0
OI0003020,O002499,P001,3,7650.0,0.1
OI0003021,O002500,P007,2,4050.0,0.1
OI0003022,O002501,P006,3,14250.0,0.05
OI0003023,O002502,P009,1,22000.0,0.0
OI0003024,O002502,P004,3,28000.0,0.0
OI0003025,O002503,P004,3,28000.0,0.0
OI0003026,O002504,P001,2,7225.0,0.15
OI0003027,O002505,P008,3,16200.0,0.1
OI0003028,O002506,P011,3,22800.0,0.05
OI0003029,O002507,P010,3,6500.0,0.0
OI0003030,O002508,P006,1,12750.0,0.15
OI0003031,O002508,P005,3,44200.0,0.15
OI0003032,O002509,P010,3,5850.0,0.1
OI0003033,O002510,P001,2,8500.0,0.0
OI0003034,O002511,P007,2,4275.0,0.05
OI0003035,O002511,P003,1,10800.0,0.1
OI0003036,O002512,P001,2,8075.0,0.05
OI0003037,O002513,P006,1,15000.0,0.0
OI0003038,O002514,P008,2,17100.0,0.05
OI0003039,O002515,P007,1,4500.0,0.0
OI0003040,O002516,P004,2,25200.0,0.1
OI0003041,O002517,P011,1,21600.0,0.1
OI0003042,O002518,P003,2,12000.0,0.0
OI0003043,O002518,P007,1,4050.0,0.1
OI0003044,O002519,P010,1,5850.0,0.1
OI0003045,O002520,P007,2,4500.0,0.0
OI0003046,O002521,P002,3,65000.0,0.0
OI0003047,O002522,P006,2,13500.0,0.1
OI0003048,O002523,P011,1,21600.0,0.1
OI0003049,O002524,P011,2,24000.0,0.0
OI0003050,O002524,P010,1,6500.0,0.0
OI0003051,O002525,P011,1,20400.0,0.15
OI0003052,O002526,P011,2,24000.0,0.0
OI0003053,O002527,P011,2,21600.0,0.1
OI0003054,O002528,P010,2,6175.0,0.05
OI0003055,O002529,P006,3,14250.0,0.05
OI0003056,O002529,P007,2,4050.0,0.1
OI0003057,O002530,P009,3,22000.0,0.0
OI0003058,O002531,P007,2,4050.0,0.1
OI0003059,O002532,P006,1,15000.0,0.0
OI0003060,O002532,P012,2,2250.0,0.1
OI0003061,O002533,P012,3,2500.0,0.0
OI0003062,O002534,P001,2,8500.0,0.0
OI0003063,O002535,P011,2,22800.0,0.05
OI0003064,O002536,P011,1,20400.0,0.15
OI0003065,O002537,P005,1,52000.0,0.0
OI0003066,O002537,P006,3,15000.0,0.0
OI0003067,O002538,P001,1,8500.0,0.0
OI0003068,O002538,P004,1,22400.0,0.2
OI0003069,O002539,P005,2,49400.0,0.05
OI0003070,O002540,P008,1,17100.0,0.05
OI0003071,O002541,P002,3,55250.0,0.15
OI0003072,O002542,P001,2,7650.0,0.1
OI0003073,O002542,P010,3,5850.0,0.1
OI0003074,O002543,P001,3,6800.0,0.2
OI0003075,O002543,P004,2,25200.0,0.1
OI0003076,O002544,P003,2,9600.0,0.2
OI0003077,O002545,P007,2,3600.0,0.2
OI0003078,O002546,P011,1,24000.0,0.0
OI0003079,O002547,P004,3,28000.0,0.0
OI0003080,O002547,P010,2,6500.0,0.0
OI0003081,O002548,P008,2,18000.0,0.0
OI0003082,O002549,P007,2,4275.0,0.05
OI0003083,O002549,P008,1,18000.0,0.0
OI0003084,O002550,P011,2,24000.0,0.0
OI0003085,O002551,P004,2,25200.0,0.1
OI0003086,O002552,P010,2,6500.0,0.0
OI0003087,O002553,P012,1,2125.0,0.15
OI0003088,O002553,P001,2,7650.0,0.1
OI0003089,O002554,P010,3,5850.0,0.1
OI0003090,O002555,P008,3,16200.0,0.1
OI0003091,O002556,P009,2,22000.0,0.0
OI0003092,O002557,P004,1,25200.0,0.1
OI0003093,O002557,P001,2,7650.0,0.1
OI0003094,O002558,P007,3,4500.0,0.0
OI0003095,O002559,P003,3,11400.0,0.05
OI0003096,O002560,P010,2,5525.0,0.15
OI0003097,O002561,P010,2,6175.0,0.05
OI0003098,O002562,P009,2,22000.0,0.0
OI0003099,O002563,P003,1,11400.0,0.05
OI0003100,O002564,P009,1,19800.0,0.1
OI0003101,O002565,P010,2,5850.0,0.1
OI0003102,O002566,P002,2,55250.0,0.15
OI0003103,O002567,P004,3,23800.0,0.15
OI0003104,O002567,P009,1,22000.0,0.0
OI0003105,O002568,P001,3,7225.0,0.15
OI0003106,O002569,P001,1,8500.0,0.0
OI0003107,O002570,P007,3,4500.0,0.0
OI0003108,O002571,P007,2,3600.0,0.2
OI0003109,O002572,P004,1,23800.0,0.15
OI0003110,O002573,P004,1,26600.0,0.05
OI0003111,O002574,P007,2,4500.0,0.0
OI0003112,O002575,P011,3,24000.0,0.0
OI0003113,O002576,P012,2,2375.0,0.05
OI0003114,O002577,P006,1,13500.0,0.1
OI0003115,O002578,P004,3,26600.0,0.05
OI0003116,O002579,P007,1,4275.0,0.05
OI0003117,O002580,P001,1,8500.0,0.0
OI0003118,O002580,P010,2,5525.0,0.15
OI0003119,O002581,P006,2,14250.0,0.05
OI0003120,O002582,P004,3,26600.0,0.05
OI0003121,O002583,P008,1,18000.0,0.0
OI0003122,O002584,P001,2,7225.0,0.15
OI0003123,O002585,P007,1,4500.0,0.0
OI0003124,O002586,P001,2,8075.0,0.05
OI0003125,O002587,P007,3,4500.0,0.0
OI0003126,O002588,P008,1,18000.0,0.0
OI0003127,O002589,P009,2,20900.0,0.05
OI0003128,O002590,P001,2,8500.0,0.0
OI0003129,O002591,P001,3,7650.0,0.1
OI0003130,O002591,P002,1,65000.0,0.0
OI0003131,O002592,P005,3,49400.0,0.05
OI0003132,O002592,P009,3,17600.0,0.2
OI0003133,O002593,P001,1,7225.0,0.15
OI0003134,O002593,P007,2,4050.0,0.1
OI0003135,O002594,P003,3,12000.0,0.0
OI0003136,O002595,P002,3,58500.0,0.1
OI0003137,O002596,P002,3,65000.0,0.0
OI0003138,O002596,P009,3,20900.0,0.05
OI0003139,O002597,P001,2,8500.0,0.0
OI0003140,O002598,P001,3,8500.0,0.0
OI0003141,O002599,P004,2,28000.0,0.0
OI0003142,O002600,P008,3,17100.0,0.05
OI0003143,O002601,P003,2,11400.0,0.05
OI0003144,O002602,P004,3,28000.0,0.0
OI0003145,O002602,P007,1,4500.0,0.0
OI0003146,O002603,P001,1,8500.0,0.0
OI0003147,O002604,P011,3,24000.0,0.0
OI0003148,O002604,P005,1,46800.0,0.1
OI0003149,O002605,P003,3,12000.0,0.0
OI0003150,O002605,P001,1,8500.0,0.0
OI0003151,O002606,P001,2,7650.0,0.1
OI0003152,O002607,P002,1,58500.0,0.1
OI0003153,O002608,P004,1,28000.0,0.0
OI0003154,O002609,P008,1,15300.0,0.15
OI0003155,O002610,P003,3,12000.0,0.0
OI0003156,O002611,P001,2,8075.0,0.05
OI0003157,O002611,P007,3,4500.0,0.0
OI0003158,O002612,P002,3,61750.0,0.95
OI0003159,O002613,P007,2,4500.0,0.0
OI0003160,O002614,P001,1,7225.0,0.15
OI0003161,O002615,P002,2,55250.0,0.15
OI0003162,O002615,P007,1,4275.0,0.05
OI0003163,O002616,P008,2,18000.0,0.0
OI0003164,O002617,P004,1,28000.0,0.0
OI0003165,O002618,P006,3,12750.0,0.15
OI0003166,O002618,P010,1,5850.0,0.1
OI0003167,O002619,P010,3,6175.0,0.05
OI0003168,O002620,P001,2,7225.0,0.15
OI0003169,O002620,P012,2,2250.0,0.1
OI0003170,O002621,P006,2,14250.0,0.05
OI0003171,O002621,P001,1,8500.0,0.0
OI0003172,O002622,P008,2,17100.0,0.05
OI0003173,O002622,P009,3,20900.0,0.95
OI0003174,O002623,P007,1,4500.0,0.0
OI0003175,O002624,P004,1,22400.0,0.2
OI0003176,O002624,P005,2,52000.0,0.0
OI0003177,O002625,P012,1,2500.0,0.0
OI0003178,O002626,P011,3,21600.0,0.1
OI0003179,O002626,P001,3,7650.0,0.1
OI0003180,O002627,P008,1,16200.0,0.1
OI0003181,O002628,P009,1,22000.0,0.0
OI0003182,O002629,P011,1,20400.0,0.15
OI0003183,O002629,P009,1,20900.0,0.05
OI0003184,O002630,P011,1,24000.0,0.0
OI0003185,O002630,P004,3,28000.0,0.0
OI0003186,O002631,P003,3,12000.0,0.0
OI0003187,O002631,P006,3,12750.0,0.15
OI0003188,O002632,P012,3,2500.0,0.0
OI0003189,O002633,P010,1,6500.0,0.0
OI0003190,O002634,P002,1,55250.0,0.15
OI0003191,O002635,P003,2,12000.0,0.0
OI0003192,O002636,P001,2,7225.0,0.15
OI0003193,O002637,P003,2,12000.0,0.0
OI0003194,O002638,P007,2,4500.0,0.0
OI0003195,O002639,P011,1,22800.0,0.05
OI0003196,O002640,P010,1,6500.0,0.0
OI0003197,O002641,P005,3,52000.0,0.0
OI0003198,O002642,P004,3,23800.0,0.15
OI0003199,O002642,P011,1,21600.0,0.1
OI0003200,O002643,P009,3,22000.0,0.0
OI0003201,O002644,P007,2,4275.0,0.05
OI0003202,O002644,P009,2,22000.0,0.0
OI0003203,O002645,P004,1,28000.0,0.0
OI0003204,O002646,P010,3,6175.0,0.05
OI0003205,O002646,P011,1,22800.0,0.05
OI0003206,O002647,P001,3,8500.0,0.0
OI0003207,O002648,P004,2,28000.0,0.0
OI0003208,O002649,P010,3,5200.0,0.2
OI0003209,O002649,P009,3,20900.0,0.05
OI0003210,O002650,P003,1,11400.0,0.05
OI0003211,O002651,P012,2,2125.0,0.15
OI0003212,O002652,P008,1,18000.0,0.0
OI0003213,O002653,P007,2,4500.0,0.0
OI0003214,O002653,P001,3,7225.0,0.15
OI0003215,O002654,P003,3,10800.0,0.1
OI0003216,O002655,P007,1,4275.0,0.05
OI0003217,O002655,P001,1,8500.0,0.0
OI0003218,O002656,P006,2,14250.0,0.05
OI0003219,O002657,P003,1,10800.0,0.1
OI0003220,O002658,P010,3,5525.0,0.15
OI0003221,O002658,P006,1,15000.0,0.0
OI0003222,O002659,P010,2,5525.0,0.15
OI0003223,O002659,P005,3,52000.0,0.0
OI0003224,O002660,P006,2,13500.0,0.1
OI0003225,O002660,P010,1,5525.0,0.15
OI0003226,O002661,P010,1,5850.0,0.1
OI0003227,O002662,P011,1,24000.0,0.0
OI0003228,O002663,P008,2,18000.0,0.0
OI0003229,O002664,P007,1,4275.0,0.05
OI0003230,O002665,P006,3,13500.0,0.1
OI0003231,O002665,P011,1,22800.0,0.05
OI0003232,O002666,P012,2,2250.0,0.1
OI0003233,O002666,P005,1,52000.0,0.0
OI0003234,O002667,P009,3,22000.0,0.0
OI0003235,O002668,P003,1,10800.0,0.1
OI0003236,O002668,P006,2,15000.0,0.0
OI0003237,O002669,P003,3,10200.0,0.15
OI0003238,O002670,P003,1,12000.0,0.0
OI0003239,O002671,P003,3,10800.0,0.1
OI0003240,O002672,P002,2,65000.0,0.0
OI0003241,O002673,P001,2,8500.0,0.0
OI0003242,O002673,P009,3,22000.0,0.0
OI0003243,O002674,P011,3,21600.0,0.1
OI0003244,O002675,P005,1,46800.0,0.1
OI0003245,O002676,P011,2,22800.0,0.05
OI0003246,O002677,P002,2,61750.0,0.05
OI0003247,O002678,P007,1,4050.0,0.1
OI0003248,O002679,P005,2,52000.0,0.0
OI0003249,O002679,P008,1,18000.0,0.0
OI0003250,O002680,P010,2,5200.0,0.2
OI0003251,O002681,P001,3,8500.0,0.0
OI0003252,O002682,P005,1,52000.0,0.0
OI0003253,O002682,P011,2,21600.0,0.1
OI0003254,O002683,P008,2,16200.0,0.1
OI0003255,O002684,P001,2,6800.0,0.2
OI0003256,O002685,P001,2,7650.0,0.1
OI0003257,O002685,P009,2,22000.0,0.0
OI0003258,O002686,P010,3,6500.0,0.0
OI0003259,O002686,P007,1,4500.0,0.0
OI0003260,O002687,P009,1,20900.0,0.05
OI0003261,O002687,P012,3,2125.0,0.15
OI0003262,O002688,P003,3,10800.0,0.1
OI0003263,O002689,P003,3,12000.0,0.0
OI0003264,O002690,P011,3,24000.0,0.0
OI0003265,O002691,P008,1,18000.0,0.0
OI0003266,O002692,P006,3,13500.0,0.1
OI0003267,O002693,P003,3,12000.0,0.0
OI0003268,O002694,P002,1,58500.0,0.1
OI0003269,O002695,P003,3,10800.0,0.1
OI0003270,O002695,P010,2,5525.0,0.15
OI0003271,O002696,P008,3,15300.0,0.15
OI0003272,O002697,P007,1,4500.0,0.0
OI0003273,O002698,P004,3,28000.0,0.0
OI0003274,O002699,P001,3,8500.0,0.0
OI0003275,O002700,P006,2,12000.0,0.2
OI0003276,O002701,P001,2,7650.0,0.1
OI0003277,O002702,P010,3,6500.0,0.0
OI0003278,O002703,P006,2,14250.0,0.05
OI0003279,O002703,P010,1,6500.0,0.0
OI0003280,O002704,P009,2,22000.0,0.0
OI0003281,O002705,P003,1,12000.0,0.0
OI0003282,O002706,P006,2,13500.0,0.1
OI0003283,O002707,P003,1,11400.0,0.05
OI0003284,O002707,P006,2,15000.0,0.0
OI0003285,O002708,P007,1,4500.0,0.0
OI0003286,O002709,P010,1,6500.0,0.0
OI0003287,O002709,P007,2,4500.0,0.0
OI0003288,O002710,P010,2,6500.0,0.0
OI0003289,O002711,P003,3,12000.0,0.0
OI0003290,O002712,P008,3,18000.0,0.95
OI0003291,O002713,P010,1,6500.0,0.0
OI0003292,O002713,P007,1,4500.0,0.0
OI0003293,O002714,P003,3,11400.0,0.05
OI0003294,O002715,P011,3,22800.0,0.05
OI0003295,O002716,P012,3,2375.0,0.05
OI0003296,O002717,P008,2,16200.0,0.1
OI0003297,O002718,P003,3,11400.0,0.05
OI0003298,O002719,P001,3,7225.0,0.15
OI0003299,O002719,P006,2,15000.0,0.0
OI0003300,O002720,P001,3,8500.0,0.0
OI0003301,O002721,P003,1,11400.0,0.05
OI0003302,O002722,P004,1,26600.0,0.05
OI0003303,O002723,P012,2,2125.0,0.15
OI0003304,O002724,P008,3,15300.0,0.15
OI0003305,O002724,P001,3,8500.0,0.0
OI0003306,O002725,P006,3,15000.0,0.0
OI0003307,O002726,P002,1,58500.0,0.1
OI0003308,O002726,P001,2,8075.0,0.05
OI0003309,O002727,P011,1,24000.0,0.0
OI0003310,O002728,P005,2,49400.0,0.05
OI0003311,O002729,P001,1,8500.0,0.0
OI0003312,O002730,P008,3,17100.0,0.05
OI0003313,O002731,P005,1,49400.0,0.05
OI0003314,O002731,P002,3,58500.0,0.1
OI0003315,O002732,P004,1,22400.0,0.2
OI0003316,O002733,P010,3,6175.0,0.05
OI0003317,O002733,P006,1,13500.0,0.1
OI0003318,O002734,P008,1,18000.0,0.0
OI0003319,O002735,P010,1,6175.0,0.05
OI0003320,O002736,P011,3,21600.0,0.1
OI0003321,O002737,P011,2,22800.0,0.05
OI0003322,O002738,P006,3,15000.0,0.0
OI0003323,O002739,P009,3,18700.0,0.15
OI0003324,O002740,P007,1,4500.0,0.0
OI0003325,O002741,P006,1,15000.0,0.0
OI0003326,O002742,P010,3,5850.0,0.1
OI0003327,O002743,P009,1,22000.0,0.0
OI0003328,O002744,P001,2,8500.0,0.0
OI0003329,O002745,P011,3,24000.0,0.0
OI0003330,O002746,P005,2,52000.0,0.0
OI0003331,O002746,P003,2,11400.0,0.05
OI0003332,O002747,P009,3,20900.0,0.05
OI0003333,O002748,P007,3,4500.0,0.0
OI0003334,O002749,P001,1,7650.0,0.1
OI0003335,O002750,P004,2,25200.0,0.1
OI0003336,O002751,P010,2,6175.0,0.05
OI0003337,O002752,P001,1,8500.0,0.0
OI0003338,O002753,P002,3,61750.0,0.05
OI0003339,O002754,P002,1,55250.0,0.15
OI0003340,O002755,P003,3,12000.0,0.0
OI0003341,O002756,P007,1,4500.0,0.0
OI0003342,O002756,P002,2,65000.0,0.0
OI0003343,O002757,P001,2,8075.0,0.05
OI0003344,O002757,P005,2,52000.0,0.0
OI0003345,O002758,P009,3,22000.0,0.0
OI0003346,O002759,P011,3,21600.0,0.1
OI0003347,O002760,P009,3,18700.0,0.15
OI0003348,O002761,P010,1,6175.0,0.05
OI0003349,O002762,P004,1,23800.0,0.15
OI0003350,O002762,P002,2,58500.0,0.1
OI0003351,O002763,P003,2,11400.0,0.05
OI0003352,O002764,P009,2,22000.0,0.0
OI0003353,O002765,P004,2,28000.0,0.0
OI0003354,O002766,P001,1,8075.0,0.05
OI0003355,O002766,P003,3,10800.0,0.1
OI0003356,O002767,P008,2,18000.0,0.0
OI0003357,O002768,P004,1,28000.0,0.0
OI0003358,O002769,P012,2,2500.0,0.0
OI0003359,O002769,P009,2,22000.0,0.0
OI0003360,O002770,P004,3,28000.0,0.0
OI0003361,O002770,P008,2,18000.0,0.0
OI0003362,O002771,P005,2,52000.0,0.0
OI0003363,O002772,P011,3,22800.0,0.05
OI0003364,O002773,P008,1,14400.0,0.2
OI0003365,O002774,P012,3,2375.0,0.05
OI0003366,O002775,P012,2,2125.0,0.15
OI0003367,O002776,P001,3,8500.0,0.0
OI0003368,O002777,P012,2,2125.0,0.15
OI0003369,O002778,P003,2,10200.0,0.15
OI0003370,O002779,P010,2,6175.0,0.05
OI0003371,O002779,P009,3,19800.0,0.1
OI0003372,O002780,P009,1,19800.0,0.1
OI0003373,O002781,P003,2,12000.0,0.0
OI0003374,O002782,P008,3,18000.0,0.0
OI0003375,O002783,P007,3,3600.0,0.2
OI0003376,O002784,P012,2,2250.0,0.1
OI0003377,O002785,P010,3,6500.0,0.0
OI0003378,O002785,P001,2,7650.0,0.1
OI0003379,O002786,P001,2,7225.0,0.15
OI0003380,O002787,P005,3,46800.0,0.1
OI0003381,O002788,P001,3,7650.0,0.1
OI0003382,O002788,P011,1,22800.0,0.05
OI0003383,O002789,P001,2,8075.0,0.05
OI0003384,O002790,P006,3,15000.0,0.0
OI0003385,O002790,P011,1,20400.0,0.15
OI0003386,O002791,P003,1,12000.0,0.0
OI0003387,O002792,P009,1,22000.0,0.0
OI0003388,O002793,P004,3,22400.0,0.2
OI0003389,O002794,P004,2,28000.0,0.0
OI0003390,O002795,P006,1,14250.0,0.05
OI0003391,O002796,P001,3,7650.0,0.1
OI0003392,O002797,P008,3,15300.0,0.15
OI0003393,O002798,P008,2,18000.0,0.0
OI0003394,O002799,P006,3,15000.0,0.0
OI0003395,O002800,P008,2,15300.0,0.15
OI0003396,O002801,P002,1,65000.0,0.0
OI0003397,O002801,P006,2,14250.0,0.05
OI0003398,O002802,P012,3,2250.0,0.1
OI0003399,O002803,P003,3,12000.0,0.0
OI0003400,O002803,P006,3,14250.0,0.05
OI0003401,O002804,P002,3,65000.0,0.0
OI0003402,O002804,P007,1,4500.0,0.0
OI0003403,O002805,P001,3,8500.0,0.0
OI0003404,O002805,P004,3,26600.0,0.05
OI0003405,O002806,P011,2,24000.0,0.0
OI0003406,O002807,P007,3,4500.0,0.0
OI0003407,O002808,P010,2,6175.0,0.05
OI0003408,O002809,P007,3,4275.0,0.05
OI0003409,O002810,P011,1,20400.0,0.15
OI0003410,O002811,P007,3,4500.0,0.0
OI0003411,O002812,P005,2,46800.0,0.1
OI0003412,O002812,P002,1,65000.0,0.0
OI0003413,O002813,P007,1,3825.0,0.15
OI0003414,O002814,P002,1,61750.0,0.05
OI0003415,O002814,P001,3,8500.0,0.0
OI0003416,O002815,P002,1,65000.0,0.0
OI0003417,O002815,P006,2,15000.0,0.0
OI0003418,O002816,P009,2,19800.0,0.1
OI0003419,O002817,P011,1,22800.0,0.05
OI0003420,O002818,P007,1,4275.0,0.05
OI0003421,O002818,P012,2,2500.0,0.0
OI0003422,O002819,P004,3,23800.0,0.15
OI0003423,O002820,P003,2,10800.0,0.1
OI0003424,O002821,P001,3,7650.0,0.1
OI0003425,O002822,P009,3,22000.0,0.0
OI0003426,O002822,P001,2,7225.0,0.15
OI0003427,O002823,P010,3,6500.0,0.0
OI0003428,O002824,P007,2,4500.0,0.0
OI0003429,O002825,P002,3,58500.0,0.1
OI0003430,O002826,P009,3,22000.0,0.0
OI0003431,O002827,P012,1,2500.0,0.0
OI0003432,O002828,P006,3,13500.0,0.1
OI0003433,O002829,P006,3,12750.0,0.15
OI0003434,O002830,P003,1,12000.0,0.0
OI0003435,O002830,P007,1,4500.0,0.0
OI0003436,O002831,P003,1,10200.0,0.15
OI0003437,O002831,P006,1,14250.0,0.05
OI0003438,O002832,P010,1,6500.0,0.0
OI0003439,O002832,P003,3,12000.0,0.0
OI0003440,O002833,P003,3,10800.0,0.1
OI0003441,O002834,P005,2,52000.0,0.0
OI0003442,O002835,P012,3,2250.0,0.1
OI0003443,O002836,P011,2,24000.0,0.0
OI0003444,O002837,P009,1,22000.0,0.0
OI0003445,O002838,P005,3,46800.0,0.1
OI0003446,O002839,P006,1,15000.0,0.0
OI0003447,O002840,P004,2,26600.0,0.05
OI0003448,O002840,P003,3,12000.0,0.0
OI0003449,O002841,P006,3,14250.0,0.05
OI0003450,O002842,P004,1,25200.0,0.1
OI0003451,O002843,P001,3,7225.0,0.15
OI0003452,O002844,P009,2,22000.0,0.0
OI0003453,O002844,P010,2,6500.0,0.0
OI0003454,O002845,P010,1,6500.0,0.0
OI0003455,O002846,P003,2,10800.0,0.1
OI0003456,O002847,P004,3,23800.0,0.15
OI0003457,O002848,P008,1,16200.0,0.1
OI0003458,O002848,P007,2,3825.0,0.15
OI0003459,O002849,P003,1,9600.0,0.2
OI0003460,O002850,P012,1,2375.0,0.05
OI0003461,O002851,P008,2,17100.0,0.05
OI0003462,O002852,P007,1,4500.0,0.0
OI0003463,O002853,P010,3,5525.0,0.15
OI0003464,O002854,P007,1,4500.0,0.0
OI0003465,O002855,P009,3,20900.0,0.05
OI0003466,O002856,P009,3,18700.0,0.15
OI0003467,O002857,P004,2,23800.0,0.15
OI0003468,O002858,P004,2,25200.0,0.1
OI0003469,O002859,P002,3,55250.0,0.15
OI0003470,O002860,P001,2,8075.0,0.05
OI0003471,O002860,P010,3,6500.0,0.0
OI0003472,O002861,P001,1,7650.0,0.1
OI0003473,O002861,P002,2,65000.0,0.0
OI0003474,O002862,P009,3,19800.0,0.1
OI0003475,O002863,P001,1,8075.0,0.05
OI0003476,O002864,P001,3,8075.0,0.05
OI0003477,O002865,P006,3,13500.0,0.1
OI0003478,O002866,P007,1,4050.0,0.1
OI0003479,O002867,P011,3,21600.0,0.1
OI0003480,O002868,P009,2,18700.0,0.15
OI0003481,O002869,P012,2,2125.0,0.15
OI0003482,O002870,P002,1,61750.0,0.05
OI0003483,O002871,P011,3,21600.0,0.1
OI0003484,O002872,P012,3,2125.0,0.15
OI0003485,O002873,P004,2,28000.0,0.0
OI0003486,O002874,P004,2,28000.0,0.0
OI0003487,O002874,P003,3,11400.0,0.05
OI0003488,O002875,P011,2,24000.0,0.0
OI0003489,O002875,P003,3,10800.0,0.1
OI0003490,O002876,P002,2,55250.0,0.15
OI0003491,O002876,P003,2,12000.0,0.0
OI0003492,O002877,P001,2,8500.0,0.0
OI0003493,O002878,P009,2,20900.0,0.05
OI0003494,O002879,P001,2,8500.0,0.0
OI0003495,O002880,P012,1,2500.0,0.0
OI0003496,O002881,P004,1,28000.0,0.0
OI0003497,O002881,P002,3,65000.0,0.0
OI0003498,O002882,P005,1,52000.0,0.0
OI0003499,O002883,P001,1,8500.0,0.0
OI0003500,O002883,P005,1,49400.0,0.05
OI0003501,O002884,P001,3,7225.0,0.15
OI0003502,O002885,P001,2,8500.0,0.0
OI0003503,O002886,P003,3,11400.0,0.05
OI0003504,O002887,P010,2,5850.0,0.1
OI0003505,O002887,P002,3,58500.0,0.1
OI0003506,O002888,P008,2,18000.0,0.0
OI0003507,O002889,P007,3,4275.0,0.05
OI0003508,O002890,P006,2,15000.0,0.0
OI0003509,O002891,P006,1,15000.0,0.0
OI0003510,O002892,P006,2,12000.0,0.2
OI0003511,O002893,P009,-1,22000.0,0.0
OI0003512,O002894,P004,2,23800.0,0.15
OI0003513,O002895,P004,1,25200.0,0.1
OI0003514,O002896,P004,3,23800.0,0.15
OI0003515,O002897,P004,2,23800.0,0.15
OI0003516,O002898,P006,3,15000.0,0.0
OI0003517,O002898,P010,3,5850.0,0.1
OI0003518,O002899,P003,3,10800.0,0.1
OI0003519,O002900,P012,1,2250.0,0.1
OI0003520,O002901,P008,3,16200.0,0.1
OI0003521,O002902,P001,1,8500.0,0.0
OI0003522,O002903,P001,3,8500.0,0.0
OI0003523,O002904,P001,1,7225.0,0.15
OI0003524,O002905,P006,2,15000.0,0.0
OI0003525,O002906,P007,2,3825.0,0.15
OI0003526,O002907,P002,3,58500.0,0.1
OI0003527,O002908,P012,1,2500.0,0.0
OI0003528,O002908,P005,3,52000.0,0.0
OI0003529,O002909,P001,3,8500.0,0.0
OI0003530,O002910,P002,2,61750.0,0.05
OI0003531,O002911,P007,3,4500.0,0.0
OI0003532,O002912,P001,2,6800.0,0.2
OI0003533,O002912,P010,2,6175.0,0.05
OI0003534,O002913,P002,3,55250.0,0.15
OI0003535,O002914,P006,3,13500.0,0.1
OI0003536,O002915,P004,2,28000.0,0.0
OI0003537,O002916,P012,2,2375.0,0.05
OI0003538,O002916,P001,3,8500.0,0.0
OI0003539,O002917,P009,1,18700.0,0.15
OI0003540,O002918,P008,1,18000.0,0.0
OI0003541,O002919,P001,3,8075.0,0.05
OI0003542,O002920,P007,2,4500.0,0.0
OI0003543,O002921,P003,2,12000.0,0.0
OI0003544,O002922,P006,1,15000.0,0.0
OI0003545,O002923,P009,1,20900.0,0.05
OI0003546,O002924,P006,3,15000.0,0.0
OI0003547,O002925,P011,2,20400.0,0.15
OI0003548,O002926,P003,2,12000.0,0.0
OI0003549,O002927,P001,3,8075.0,0.05
OI0003550,O002928,P010,3,5525.0,0.15
OI0003551,O002928,P009,2,18700.0,0.15
OI0003552,O002929,P008,1,17100.0,0.05
OI0003553,O002930,P011,2,24000.0,0.0
OI0003554,O002930,P002,1,58500.0,0.1
OI0003555,O002931,P008,1,15300.0,0.15
OI0003556,O002932,P006,2,13500.0,0.1
OI0003557,O002932,P004,1,26600.0,0.05
OI0003558,O002933,P007,1,4275.0,0.05
OI0003559,O002933,P011,1,20400.0,0.15
OI0003560,O002934,P011,2,21600.0,0.1
OI0003561,O002935,P003,3,10200.0,0.15
OI0003562,O002936,P004,3,25200.0,0.1
OI0003563,O002936,P007,1,4275.0,0.05
OI0003564,O002937,P006,2,14250.0,0.05
OI0003565,O002937,P002,1,58500.0,0.1
OI0003566,O002938,P008,1,16200.0,0.1
OI0003567,O002938,P010,2,6175.0,0.05
OI0003568,O002939,P005,2,52000.0,0.0
OI0003569,O002940,P002,3,61750.0,0.05
OI0003570,O002941,P004,1,28000.0,0.0
OI0003571,O002941,P009,1,22000.0,0.0
OI0003572,O002942,P005,1,52000.0,0.0
OI0003573,O002943,P001,1,8500.0,0.0
OI0003574,O002944,P005,1,46800.0,0.1
OI0003575,O002944,P007,3,4500.0,0.0
OI0003576,O002945,P011,1,20400.0,0.15
OI0003577,O002946,P003,2,12000.0,0.0
OI0003578,O002947,P001,2,8500.0,0.0
OI0003579,O002947,P002,1,61750.0,0.05
OI0003580,O002948,P005,3,52000.0,0.0
OI0003581,O002949,P011,2,22800.0,0.05
OI0003582,O002950,P006,3,13500.0,0.1
OI0003583,O002951,P008,2,18000.0,0.0
OI0003584,O002952,P010,2,5525.0,0.15
OI0003585,O002953,P002,3,58500.0,0.1
OI0003586,O002954,P011,3,20400.0,0.15
OI0003587,O002955,P002,3,55250.0,0.15
OI0003588,O002956,P011,1,21600.0,0.1
OI0003589,O002957,P001,2,7225.0,0.15
OI0003590,O002958,P012,1,2500.0,0.0
OI0003591,O002959,P007,3,4275.0,0.05
OI0003592,O002960,P005,1,46800.0,0.1
OI0003593,O002960,P006,3,13500.0,0.1
OI0003594,O002961,P005,3,49400.0,0.05
OI0003595,O002962,P011,2,20400.0,0.15
OI0003596,O002962,P007,1,4500.0,0.0
OI0003597,O002963,P005,2,52000.0,0.0
OI0003598,O002964,P009,3,19800.0,0.1
OI0003599,O002965,P002,3,65000.0,0.0
OI0003600,O002966,P012,3,2375.0,0.05
OI0003601,O002967,P007,2,4275.0,0.05
OI0003602,O002968,P008,3,18000.0,0.0
OI0003603,O002969,P005,2,46800.0,0.1
OI0003604,O002970,P005,3,46800.0,0.1
OI0003605,O002970,P007,1,3600.0,0.2
OI0003606,O002971,P006,1,13500.0,0.1
OI0003607,O002972,P006,2,14250.0,0.05
OI0003608,O002973,P007,2,4050.0,0.1
OI0003609,O002974,P008,2,16200.0,0.1
OI0003610,O002975,P006,1,15000.0,0.0
OI0003611,O002976,P007,3,4275.0,0.05
OI0003612,O002977,P001,2,8075.0,0.05
OI0003613,O002977,P004,2,28000.0,0.0
OI0003614,O002978,P010,3,6175.0,0.05
OI0003615,O002979,P001,3,8500.0,0.0
OI0003616,O002979,P003,2,11400.0,0.05
OI0003617,O002980,P006,3,12750.0,0.15
OI0003618,O002981,P001,3,7225.0,0.15
OI0003619,O002982,P007,3,4500.0,0.0
OI0003620,O002983,P010,3,6175.0,0.05
OI0003621,O002984,P011,2,20400.0,0.15
OI0003622,O002985,P011,2,24000.0,0.0
OI0003623,O002986,P009,-1,19800.0,0.1
OI0003624,O002987,P012,3,2375.0,0.05
OI0003625,O002988,P001,1,7225.0,0.15
OI0003626,O002988,P002,1,65000.0,0.0
OI0003627,O002989,P001,3,8075.0,0.05
OI0003628,O002990,P011,1,20400.0,0.15
OI0003629,O002991,P005,3,49400.0,0.05
OI0003630,O002992,P006,3,15000.0,0.0
OI0003631,O002993,P005,2,49400.0,0.05
OI0003632,O002994,P005,3,46800.0,0.1
OI0003633,O002995,P004,2,28000.0,0.0
OI0003634,O002996,P006,3,14250.0,0.05
OI0003635,O002997,P009,2,22000.0,0.0
OI0003636,O002998,P007,2,4500.0,0.0
OI0003637,O002998,P012,2,2250.0,0.1
OI0003638,O002999,P009,2,19800.0,0.1
OI0003639,O002999,P008,2,16200.0,0.1
OI0003640,O003000,P003,1,12000.0,0.0
OI0003641,O003001,P001,2,8500.0,0.0
OI0003642,O003002,P006,1,15000.0,0.0
OI0003643,O003003,P002,1,55250.0,0.15
OI0003644,O003004,P007,2,4275.0,0.05
OI0003645,O003005,P005,2,49400.0,0.05
OI0003646,O003006,P009,1,19800.0,0.1
OI0003647,O003006,P007,1,4275.0,0.05
OI0003648,O003007,P007,3,4500.0,0.0
OI0003649,O003007,P009,3,22000.0,0.0
OI0003650,O003008,P008,2,15300.0,0.15
OI0003651,O003009,P001,2,8500.0,0.0
OI0003652,O003010,P001,1,8500.0,0.0
OI0003653,O003011,P002,2,55250.0,0.15
OI0003654,O003012,P010,1,6500.0,0.0
OI0003655,O003012,P003,2,10800.0,0.1
OI0003656,O003013,P010,2,6175.0,0.05
OI0003657,O003014,P009,3,20900.0,0.05
OI0003658,O003014,P001,2,8500.0,0.0
OI0003659,O003015,P007,2,3825.0,0.15
OI0003660,O003016,P011,2,24000.0,0.0
OI0003661,O003017,P003,1,12000.0,0.0
OI0003662,O003017,P006,3,12750.0,0.15
OI0003663,O003018,P005,1,52000.0,0.0
OI0003664,O003019,P002,2,58500.0,0.1
OI0003665,O003020,P002,1,61750.0,0.05
OI0003666,O003021,P007,1,3600.0,0.2
OI0003667,O003022,P006,3,12750.0,0.15
OI0003668,O003023,P010,3,6500.0,0.0
OI0003669,O003024,P004,1,26600.0,0.05
OI0003670,O003025,P005,1,52000.0,0.0
OI0003671,O003026,P006,3,12000.0,0.2
OI0003672,O003026,P008,1,17100.0,0.05
OI0003673,O003027,P007,2,4500.0,0.0
OI0003674,O003028,P005,1,52000.0,0.0
OI0003675,O003029,P002,1,65000.0,0.0
OI0003676,O003030,P001,1,8500.0,0.0
OI0003677,O003031,P012,3,2500.0,0.0
OI0003678,O003032,P006,1,15000.0,0.0
OI0003679,O003033,P008,1,16200.0,0.1
OI0003680,O003033,P006,2,15000.0,0.0
OI0003681,O003034,P001,2,7650.0,0.1
OI0003682,O003034,P005,1,46800.0,0.1
OI0003683,O003035,P003,1,10200.0,0.15
OI0003684,O003036,P003,3,11400.0,0.05
OI0003685,O003037,P001,1,8075.0,0.05
OI0003686,O003038,P004,1,25200.0,0.1
OI0003687,O003038,P007,1,4500.0,0.0
OI0003688,O003039,P009,1,19800.0,0.1
OI0003689,O003040,P006,2,15000.0,0.0
OI0003690,O003040,P003,2,10800.0,0.1
OI0003691,O003041,P005,1,49400.0,0.05
OI0003692,O003041,P007,1,4050.0,0.1
OI0003693,O003042,P012,2,2375.0,0.05
OI0003694,O003043,P009,3,22000.0,0.0
OI0003695,O003043,P006,3,12000.0,0.2
OI0003696,O003044,P004,3,28000.0,0.0
OI0003697,O003045,P010,3,6175.0,0.05
OI0003698,O003046,P007,2,4050.0,0.1
OI0003699,O003047,P006,1,12750.0,0.15
OI0003700,O003047,P004,1,23800.0,0.15
OI0003701,O003048,P002,1,58500.0,0.1
OI0003702,O003049,P001,3,6800.0,0.2
OI0003703,O003050,P007,3,4500.0,0.0
OI0003704,O003051,P005,1,44200.0,0.15
OI0003705,O003052,P012,3,2500.0,0.0
OI0003706,O003053,P008,3,15300.0,0.15
OI0003707,O003054,P003,3,10800.0,0.1
OI0003708,O003055,P001,3,8500.0,0.0
OI0003709,O003056,P004,1,28000.0,0.0
OI0003710,O003056,P009,1,22000.0,0.0
OI0003711,O003057,P004,1,28000.0,0.0
OI0003712,O003058,P008,3,17100.0,0.05
OI0003713,O003059,P009,3,20900.0,0.05
OI0003714,O003060,P004,2,28000.0,0.0
OI0003715,O003061,P001,1,8500.0,0.0
OI0003716,O003061,P008,3,18000.0,0.0
OI0003717,O003062,P003,2,12000.0,0.0
OI0003718,O003063,P003,3,10800.0,0.1
OI0003719,O003064,P004,2,23800.0,0.15
OI0003720,O003065,P001,1,7650.0,0.1
OI0003721,O003066,P006,1,12750.0,0.15
OI0003722,O003066,P012,1,2125.0,0.15
OI0003723,O003067,P006,1,15000.0,0.0
OI0003724,O003068,P011,1,24000.0,0.0
OI0003725,O003069,P001,1,8500.0,0.0
OI0003726,O003070,P002,1,65000.0,0.0
OI0003727,O003070,P001,1,8075.0,0.05
OI0003728,O003071,P003,2,12000.0,0.0
OI0003729,O003072,P010,2,6500.0,0.0
OI0003730,O003073,P004,3,28000.0,0.0
OI0003731,O003074,P009,2,22000.0,0.0
OI0003732,O003075,P004,2,26600.0,0.05
OI0003733,O003076,P004,3,22400.0,0.2
OI0003734,O003077,P006,3,15000.0,0.0
OI0003735,O003078,P011,1,22800.0,0.05
OI0003736,O003079,P006,3,13500.0,0.1
OI0003737,O003080,P008,2,16200.0,0.1
OI0003738,O003080,P001,1,8500.0,0.0
OI0003739,O003081,P007,1,4050.0,0.1
OI0003740,O003082,P008,3,16200.0,0.1
OI0003741,O003083,P006,3,15000.0,0.0
OI0003742,O003084,P001,2,7650.0,0.1
OI0003743,O003085,P005,1,52000.0,0.0
OI0003744,O003086,P002,2,65000.0,0.0
OI0003745,O003087,P006,2,15000.0,0.0
OI0003746,O003088,P001,2,8500.0,0.0
OI0003747,O003089,P002,3,55250.0,0.15
OI0003748,O003090,P009,2,22000.0,0.0
OI0003749,O003091,P006,2,14250.0,0.05
OI0003750,O003092,P010,1,6175.0,0.05
OI0003751,O003093,P002,3,58500.0,0.1
OI0003752,O003094,P007,1,4500.0,0.0
OI0003753,O003095,P008,2,15300.0,0.15
OI0003754,O003096,P001,1,8500.0,0.0
OI0003755,O003097,P007,3,4050.0,0.1
OI0003756,O003098,P001,3,8075.0,0.05
OI0003757,O003099,P011,2,20400.0,0.15
OI0003758,O003100,P008,3,17100.0,0.05
OI0003759,O003101,P006,2,15000.0,0.0
OI0003760,O003102,P007,3,4500.0,0.0
OI0003761,O003102,P006,3,14250.0,0.05
OI0003762,O003103,P001,1,8500.0,0.0
OI0003763,O003104,P011,2,24000.0,0.0
OI0003764,O003105,P004,2,23800.0,0.15
OI0003765,O003105,P012,2,2375.0,0.05
OI0003766,O003106,P004,3,28000.0,0.0
OI0003767,O003106,P002,1,55250.0,0.15
OI0003768,O003107,P005,1,52000.0,0.0
OI0003769,O003108,P010,1,5850.0,0.1
OI0003770,O003109,P010,3,6500.0,0.0
OI0003771,O003110,P003,2,10200.0,0.15
OI0003772,O003111,P005,1,52000.0,0.0
OI0003773,O003112,P011,1,21600.0,0.1
OI0003774,O003113,P001,3,8500.0,0.0
OI0003775,O003114,P007,1,3825.0,0.15
OI0003776,O003115,P004,3,28000.0,0.0
OI0003777,O003116,P010,2,5525.0,0.15
OI0003778,O003117,P008,3,15300.0,0.15
OI0003779,O003118,P002,3,65000.0,0.0
OI0003780,O003119,P006,1,13500.0,0.1
OI0003781,O003120,P004,1,23800.0,0.15
OI0003782,O003121,P001,2,8075.0,0.05
OI0003783,O003122,P001,1,8075.0,0.05
OI0003784,O003123,P008,3,18000.0,0.0
OI0003785,O003124,P006,2,15000.0,0.0
OI0003786,O003125,P005,1,44200.0,0.15
OI0003787,O003126,P011,2,22800.0,0.05
OI0003788,O003127,P001,2,8500.0,0.0
OI0003789,O003128,P008,3,18000.0,0.0
OI0003790,O003129,P003,2,10200.0,0.15
OI0003791,O003130,P004,1,25200.0,0.1
OI0003792,O003130,P003,3,10200.0,0.15
OI0003793,O003131,P007,2,4500.0,0.0
OI0003794,O003132,P009,1,20900.0,0.05
OI0003795,O003133,P004,1,23800.0,0.15
OI0003796,O003133,P012,2,2250.0,0.1
OI0003797,O003134,P009,2,22000.0,0.0
OI0003798,O003135,P012,2,2000.0,0.2
OI0003799,O003136,P002,1,65000.0,0.0
OI0003800,O003137,P005,2,52000.0,0.0
OI0003801,O003138,P012,3,2375.0,0.05
OI0003802,O003138,P002,2,65000.0,0.0
OI0003803,O003139,P001,2,7650.0,0.1
OI0003804,O003140,P008,1,18000.0,0.0
OI0003805,O003141,P008,3,18000.0,0.0
OI0003806,O003142,P011,3,24000.0,0.0
OI0003807,O003143,P004,1,28000.0,0.0
OI0003808,O003144,P012,3,2500.0,0.0
OI0003809,O003145,P006,3,14250.0,0.05
OI0003810,O003146,P007,1,4275.0,0.05
OI0003811,O003147,P006,3,15000.0,0.0
OI0003812,O003148,P012,3,2375.0,0.05
OI0003813,O003148,P003,3,10800.0,0.1
OI0003814,O003149,P003,3,10200.0,0.15
OI0003815,O003150,P008,2,18000.0,0.0
OI0003816,O003151,P008,3,15300.0,0.15
OI0003817,O003152,P007,3,4500.0,0.0
OI0003818,O003153,P006,1,14250.0,0.05
OI0003819,O003154,P002,3,55250.0,0.15
OI0003820,O003155,P006,1,13500.0,0.1
OI0003821,O003156,P008,1,18000.0,0.0
OI0003822,O003156,P003,1,10800.0,0.1
OI0003823,O003157,P004,3,26600.0,0.05
OI0003824,O003158,P004,1,28000.0,0.0
OI0003825,O003159,P001,1,7650.0,0.1
OI0003826,O003160,P002,2,61750.0,0.05
OI0003827,O003161,P004,3,22400.0,0.2
OI0003828,O003162,P005,1,52000.0,0.0
OI0003829,O003163,P003,3,12000.0,0.0
OI0003830,O003164,P009,3,22000.0,0.0
OI0003831,O003165,P009,3,22000.0,0.0
OI0003832,O003166,P004,3,26600.0,0.05
OI0003833,O003167,P007,2,4500.0,0.0
OI0003834,O003168,P008,1,17100.0,0.05
OI0003835,O003169,P004,1,28000.0,0.0
OI0003836,O003170,P006,3,15000.0,0.0
OI0003837,O003170,P009,3,17600.0,0.2
OI0003838,O003171,P001,2,7225.0,0.15
OI0003839,O003172,P008,2,15300.0,0.15
OI0003840,O003173,P004,1,26600.0,0.05
OI0003841,O003173,P002,1,61750.0,0.05
OI0003842,O003174,P002,1,55250.0,0.15
OI0003843,O003175,P004,2,23800.0,0.15
OI0003844,O003176,P012,2,2500.0,0.0
OI0003845,O003177,P006,3,15000.0,0.0
OI0003846,O003178,P003,1,12000.0,0.0
OI0003847,O003179,P001,3,8500.0,0.0
OI0003848,O003180,P002,1,55250.0,0.15
OI0003849,O003180,P001,2,8500.0,0.0
OI0003850,O003181,P010,3,6175.0,0.05
OI0003851,O003181,P009,2,17600.0,0.2
OI0003852,O003182,P010,2,6500.0,0.0
OI0003853,O003183,P012,3,2500.0,0.0
OI0003854,O003184,P009,1,22000.0,0.0
OI0003855,O003184,P012,2,2250.0,0.1
OI0003856,O003185,P003,3,10800.0,0.1
OI0003857,O003186,P007,2,4050.0,0.1
OI0003858,O003187,P003,2,11400.0,0.05
OI0003859,O003188,P010,1,5850.0,0.1
OI0003860,O003189,P006,2,12750.0,0.15
OI0003861,O003189,P007,1,4050.0,0.1
OI0003862,O003190,P005,1,44200.0,0.15
OI0003863,O003191,P001,1,7225.0,0.15
OI0003864,O003192,P008,1,18000.0,0.0
OI0003865,O003193,P006,1,15000.0,0.0
OI0003866,O003194,P001,1,8075.0,0.05
OI0003867,O003195,P001,3,8075.0,0.05
OI0003868,O003196,P007,2,4275.0,0.05
OI0003869,O003196,P011,1,24000.0,0.0
OI0003870,O003197,P004,3,25200.0,0.1
OI0003871,O003198,P008,2,16200.0,0.1
OI0003872,O003198,P001,2,8500.0,0.0
OI0003873,O003199,P008,3,18000.0,0.0
OI0003874,O003200,P012,1,2000.0,0.2
OI0003875,O003200,P004,2,26600.0,0.05
OI0003876,O003201,P011,3,21600.0,0.1
OI0003877,O003202,P002,3,65000.0,0.0
OI0003878,O003203,P005,2,52000.0,0.0
OI0003879,O003204,P010,3,6175.0,0.05
OI0003880,O003205,P012,1,2500.0,0.0
OI0003881,O003206,P007,3,4050.0,0.1
OI0003882,O003207,P004,2,28000.0,0.0
OI0003883,O003208,P004,2,26600.0,0.05
OI0003884,O003209,P001,1,8500.0,0.0
OI0003885,O003210,P007,1,3600.0,0.2
OI0003886,O003210,P006,2,15000.0,0.0
OI0003887,O003211,P010,2,5200.0,0.2
OI0003888,O003212,P009,2,20900.0,0.05
OI0003889,O003213,P011,3,24000.0,0.0
OI0003890,O003214,P004,2,28000.0,0.0
OI0003891,O003215,P005,1,49400.0,0.05
OI0003892,O003216,P001,3,7650.0,0.1
OI0003893,O003217,P001,3,8500.0,0.0
OI0003894,O003218,P004,3,22400.0,0.2
OI0003895,O003219,P007,3,4500.0,0.0
OI0003896,O003219,P006,1,15000.0,0.0
OI0003897,O003220,P008,2,18000.0,0.0
OI0003898,O003220,P005,3,52000.0,0.0
OI0003899,O003221,P012,2,2500.0,0.0
OI0003900,O003222,P012,1,2500.0,0.0
OI0003901,O003223,P010,1,6500.0,0.0
OI0003902,O003224,P003,3,10800.0,0.1
OI0003903,O003225,P002,1,61750.0,0.05
OI0003904,O003225,P004,1,28000.0,0.0
OI0003905,O003226,P006,2,12750.0,0.15
OI0003906,O003226,P002,2,65000.0,0.0
OI0003907,O003227,P005,2,44200.0,0.15
OI0003908,O003227,P007,2,4275.0,0.05
OI0003909,O003228,P009,3,22000.0,0.0
OI0003910,O003229,P007,1,4050.0,0.1
OI0003911,O003230,P006,3,12000.0,0.2
OI0003912,O003231,P001,1,7650.0,0.1
OI0003913,O003232,P005,1,52000.0,0.0
OI0003914,O003232,P007,3,3600.0,0.2
OI0003915,O003233,P006,2,15000.0,0.0
OI0003916,O003234,P004,1,23800.0,0.15
OI0003917,O003235,P004,3,28000.0,0.0
OI0003918,O003236,P006,2,15000.0,0.0
OI0003919,O003237,P005,3,49400.0,0.05
OI0003920,O003238,P002,3,65000.0,0.0
OI0003921,O003239,P010,2,5525.0,0.15
OI0003922,O003239,P012,3,2500.0,0.0
OI0003923,O003240,P005,1,41600.0,0.2
OI0003924,O003241,P009,3,18700.0,0.15
OI0003925,O003242,P006,3,14250.0,0.05
OI0003926,O003243,P004,3,28000.0,0.0
OI0003927,O003244,P009,1,22000.0,0.0
OI0003928,O003244,P007,1,4275.0,0.05
OI0003929,O003245,P002,2,65000.0,0.0
OI0003930,O003246,P009,1,20900.0,0.05
OI0003931,O003247,P012,2,2125.0,0.15
OI0003932,O003248,P003,2,12000.0,0.0
OI0003933,O003249,P011,2,24000.0,0.0
OI0003934,O003249,P005,3,49400.0,0.05
OI0003935,O003250,P007,3,4275.0,0.05
OI0003936,O003251,P006,1,15000.0,0.0
OI0003937,O003252,P004,3,26600.0,0.05
OI0003938,O003253,P005,1,52000.0,0.0
OI0003939,O003254,P006,1,15000.0,0.0
OI0003940,O003255,P010,1,6500.0,0.0
OI0003941,O003256,P009,3,22000.0,0.0
OI0003942,O003257,P012,2,2375.0,0.05
OI0003943,O003258,P005,2,52000.0,0.0
OI0003944,O003259,P005,1,44200.0,0.15
OI0003945,O003259,P008,1,18000.0,0.0
OI0003946,O003260,P008,1,18000.0,0.0
OI0003947,O003261,P001,2,8500.0,0.0
OI0003948,O003262,P009,1,18700.0,0.15
OI0003949,O003263,P006,3,15000.0,0.0
OI0003950,O003263,P003,2,10200.0,0.15
OI0003951,O003264,P003,2,12000.0,0.0
OI0003952,O003265,P005,3,44200.0,0.15
OI0003953,O003266,P004,2,25200.0,0.1
OI0003954,O003266,P006,1,14250.0,0.05
OI0003955,O003267,P011,2,22800.0,0.05
OI0003956,O003267,P003,1,12000.0,0.0
OI0003957,O003268,P006,3,14250.0,0.05
OI0003958,O003269,P002,2,65000.0,0.0
OI0003959,O003270,P006,3,12000.0,0.2
OI0003960,O003271,P001,2,8500.0,0.0
OI0003961,O003271,P009,1,22000.0,0.0
OI0003962,O003272,P011,3,22800.0,0.05
OI0003963,O003273,P011,1,24000.0,0.0
OI0003964,O003274,P008,1,16200.0,0.1
OI0003965,O003275,P006,1,15000.0,0.0
OI0003966,O003276,P002,2,58500.0,0.1
OI0003967,O003277,P005,3,52000.0,0.0
OI0003968,O003277,P004,2,26600.0,0.05
OI0003969,O003278,P005,3,44200.0,0.15
OI0003970,O003279,P001,1,8500.0,0.0
OI0003971,O003280,P009,3,20900.0,0.05
OI0003972,O003281,P001,2,8500.0,0.0
OI0003973,O003282,P006,2,12000.0,0.2
OI0003974,O003283,P008,2,14400.0,0.2
OI0003975,O003284,P005,2,49400.0,0.05
OI0003976,O003285,P007,3,4500.0,0.0
OI0003977,O003285,P011,3,24000.0,0.0
OI0003978,O003286,P001,3,8075.0,0.05
OI0003979,O003287,P002,2,61750.0,0.05
OI0003980,O003288,P006,2,12750.0,0.15
OI0003981,O003289,P006,3,12750.0,0.15
OI0003982,O003290,P002,3,65000.0,0.0
OI0003983,O003291,P011,3,22800.0,0.05
OI0003984,O003292,P006,1,12750.0,0.15
OI0003985,O003293,P012,1,2125.0,0.15
OI0003986,O003293,P006,2,13500.0,0.1
OI0003987,O003294,P003,3,10200.0,0.15
OI0003988,O003294,P002,1,65000.0,0.0
OI0003989,O003295,P006,2,14250.0,0.05
OI0003990,O003295,P008,3,18000.0,0.0
OI0003991,O003296,P012,2,2500.0,0.0
OI0003992,O003297,P001,1,7650.0,0.1
OI0003993,O003297,P011,1,19200.0,0.2
OI0003994,O003298,P001,1,8075.0,0.05
OI0003995,O003299,P008,1,18000.0,0.0
OI0003996,O003299,P007,2,4275.0,0.05
OI0003997,O003300,P010,1,6500.0,0.0
OI0003998,O003301,P010,1,6175.0,0.05
OI0003999,O003302,P006,3,12750.0,0.15
OI0004000,O003303,P002,2,55250.0,0.15
OI0004001,O003304,P007,3,3825.0,0.15
OI0004002,O003305,P005,1,52000.0,0.0
OI0004003,O003305,P001,3,8075.0,0.05
OI0004004,O003306,P007,1,4500.0,0.0
OI0004005,O003307,P012,2,2125.0,0.15
OI0004006,O003308,P001,1,8075.0,0.05
OI0004007,O003309,P010,3,6175.0,0.05
OI0004008,O003309,P004,1,28000.0,0.0
OI0004009,O003310,P011,3,21600.0,0.1
OI0004010,O003311,P002,2,65000.0,0.0
OI0004011,O003312,P005,3,52000.0,0.0
OI0004012,O003313,P002,2,65000.0,0.0
OI0004013,O003314,P008,3,17100.0,0.05
OI0004014,O003314,P010,3,6500.0,0.0
OI0004015,O003315,P001,2,7650.0,0.1
OI0004016,O003316,P004,3,28000.0,0.0
OI0004017,O003317,P004,3,28000.0,0.0
OI0004018,O003318,P006,3,15000.0,0.0
OI0004019,O003318,P005,1,49400.0,0.05
OI0004020,O003319,P006,1,15000.0,0.0
OI0004021,O003320,P003,3,11400.0,0.05
OI0004022,O003321,P009,3,22000.0,0.0
OI0004023,O003322,P006,1,13500.0,0.1
OI0004024,O003322,P008,1,16200.0,0.1
OI0004025,O003323,P002,1,65000.0,0.0
OI0004026,O003324,P001,3,8500.0,0.0
OI0004027,O003325,P002,2,65000.0,0.0
OI0004028,O003326,P004,1,26600.0,0.05
OI0004029,O003326,P006,1,15000.0,0.0
OI0004030,O003327,P002,2,55250.0,0.15
OI0004031,O003328,P010,1,6500.0,0.0
OI0004032,O003329,P006,3,13500.0,0.1
OI0004033,O003330,P004,1,23800.0,0.15
OI0004034,O003330,P007,1,4500.0,0.0
OI0004035,O003331,P011,2,22800.0,0.05
OI0004036,O003332,P007,1,4500.0,0.0
OI0004037,O003333,P005,3,44200.0,0.15
OI0004038,O003334,P007,2,4500.0,0.0
OI0004039,O003335,P002,1,52000.0,0.2
OI0004040,O003335,P011,3,24000.0,0.0
OI0004041,O003336,P007,3,4500.0,0.0
OI0004042,O003337,P008,2,18000.0,0.0
OI0004043,O003338,P007,2,4050.0,0.1
OI0004044,O003339,P010,1,6175.0,0.05
OI0004045,O003339,P009,3,20900.0,0.05
OI0004046,O003340,P001,3,8500.0,0.0
OI0004047,O003340,P008,1,17100.0,0.05
OI0004048,O003341,P004,1,25200.0,0.1
OI0004049,O003342,P009,2,20900.0,0.05
OI0004050,O003343,P002,3,65000.0,0.0
OI0004051,O003343,P001,3,8500.0,0.0
OI0004052,O003344,P007,3,4050.0,0.1
OI0004053,O003345,P003,1,12000.0,0.0
OI0004054,O003345,P008,3,16200.0,0.1
OI0004055,O003346,P004,3,25200.0,0.1
OI0004056,O003347,P006,2,13500.0,0.1
OI0004057,O003348,P003,3,12000.0,0.0
OI0004058,O003349,P009,3,19800.0,0.1
OI0004059,O003349,P007,2,4275.0,0.05
OI0004060,O003350,P007,1,4050.0,0.1
OI0004061,O003351,P002,2,55250.0,0.15
OI0004062,O003352,P006,2,12750.0,0.15
OI0004063,O003353,P009,2,22000.0,0.0
OI0004064,O003353,P005,2,46800.0,0.1
OI0004065,O003354,P008,2,17100.0,0.05
OI0004066,O003355,P001,3,7650.0,0.1
OI0004067,O003356,P001,1,8075.0,0.05
OI0004068,O003357,P002,2,61750.0,0.05
OI0004069,O003358,P006,3,15000.0,0.0
OI0004070,O003359,P002,3,65000.0,0.0
OI0004071,O003360,P008,1,15300.0,0.15
OI0004072,O003361,P002,2,61750.0,0.05
OI0004073,O003361,P007,3,4275.0,0.05
OI0004074,O003362,P006,2,14250.0,0.05
OI0004075,O003362,P009,3,22000.0,0.0
OI0004076,O003363,P006,3,14250.0,0.05
OI0004077,O003364,P008,1,15300.0,0.15
OI0004078,O003365,P005,3,44200.0,0.15
OI0004079,O003366,P001,3,7650.0,0.1
OI0004080,O003366,P002,2,65000.0,0.0
OI0004081,O003367,P002,2,61750.0,0.05
OI0004082,O003368,P003,1,12000.0,0.0
OI0004083,O003369,P011,2,22800.0,0.05
OI0004084,O003370,P007,3,4275.0,0.05
OI0004085,O003370,P001,2,7650.0,0.1
OI0004086,O003371,P006,3,13500.0,0.1
OI0004087,O003371,P011,2,19200.0,0.2
OI0004088,O003372,P007,3,4500.0,0.0
OI0004089,O003373,P007,3,4500.0,0.0
OI0004090,O003373,P002,2,61750.0,0.05
OI0004091,O003374,P012,3,2000.0,0.2
OI0004092,O003375,P006,2,12750.0,0.15
OI0004093,O003376,P001,1,8500.0,0.0
OI0004094,O003377,P009,3,19800.0,0.1
OI0004095,O003378,P001,3,8500.0,0.0
OI0004096,O003379,P001,1,7650.0,0.95
OI0004097,O003380,P012,1,2375.0,0.05
OI0004098,O003380,P009,1,18700.0,0.15
OI0004099,O003381,P003,1,11400.0,0.05
OI0004100,O003382,P006,1,14250.0,0.05
OI0004101,O003382,P007,1,4500.0,0.0
OI0004102,O003383,P011,3,20400.0,0.15
OI0004103,O003384,P001,3,7225.0,0.15
OI0004104,O003385,P001,3,8500.0,0.0
OI0004105,O003386,P004,3,25200.0,0.1
OI0004106,O003387,P012,1,2375.0,0.05
OI0004107,O003388,P011,1,24000.0,0.0
OI0004108,O003389,P007,1,4275.0,0.05
OI0004109,O003390,P012,3,2375.0,0.05
OI0004110,O003390,P001,1,7225.0,0.15
OI0004111,O003391,P004,1,22400.0,0.2
OI0004112,O003392,P007,1,4500.0,0.0
OI0004113,O003393,P005,2,52000.0,0.0
OI0004114,O003394,P001,2,7650.0,0.1
OI0004115,O003395,P001,1,8075.0,0.05
OI0004116,O003396,P010,1,6500.0,0.0
OI0004117,O003397,P008,2,16200.0,0.1
OI0004118,O003398,P004,3,26600.0,0.05
OI0004119,O003399,P005,1,52000.0,0.0
OI0004120,O003400,P003,3,12000.0,0.0
OI0004121,O003401,P001,2,6800.0,0.2
OI0004122,O003402,P001,-1,8500.0,0.0
OI0004123,O003403,P002,1,61750.0,0.05
OI0004124,O003403,P003,3,12000.0,0.0
OI0004125,O003404,P004,1,28000.0,0.0
OI0004126,O003405,P007,2,4275.0,0.05
OI0004127,O003405,P001,1,7225.0,0.15
OI0004128,O003406,P004,2,25200.0,0.1
OI0004129,O003407,P004,3,25200.0,0.1
OI0004130,O003408,P006,-1,14250.0,0.05
OI0004131,O003409,P008,2,18000.0,0.0
OI0004132,O003409,P007,3,4275.0,0.05
OI0004133,O003410,P005,2,52000.0,0.0
OI0004134,O003411,P008,2,15300.0,0.15
OI0004135,O003412,P011,2,21600.0,0.1
OI0004136,O003413,P005,1,44200.0,0.15
OI0004137,O003414,P001,1,8075.0,0.05
OI0004138,O003415,P004,2,28000.0,0.0
OI0004139,O003416,P007,2,3825.0,0.15
OI0004140,O003417,P007,2,3600.0,0.2
OI0004141,O003418,P005,3,52000.0,0.0
OI0004142,O003419,P004,3,28000.0,0.0
OI0004143,O003420,P002,3,65000.0,0.0
OI0004144,O003421,P003,3,10800.0,0.1
OI0004145,O003422,P003,2,11400.0,0.05
OI0004146,O003423,P011,1,24000.0,0.0
OI0004147,O003424,P005,3,46800.0,0.1
OI0004148,O003425,P007,1,4050.0,0.1
OI0004149,O003425,P010,1,6500.0,0.0
OI0004150,O003426,P012,1,2250.0,0.1
OI0004151,O003427,P001,3,7650.0,0.1
OI0004152,O003428,P008,3,17100.0,0.05
OI0004153,O003428,P001,2,8075.0,0.05
OI0004154,O003429,P010,2,5850.0,0.1
OI0004155,O003430,P002,3,58500.0,0.1
OI0004156,O003431,P006,2,14250.0,0.05
OI0004157,O003432,P001,3,8500.0,0.0
OI0004158,O003432,P007,3,4500.0,0.0
OI0004159,O003433,P002,2,55250.0,0.15
OI0004160,O003434,P011,2,24000.0,0.0
OI0004161,O003435,P002,1,52000.0,0.2
OI0004162,O003436,P011,3,21600.0,0.1
OI0004163,O003437,P008,3,15300.0,0.15
OI0004164,O003437,P011,3,24000.0,0.0
OI0004165,O003438,P008,2,17100.0,0.05
OI0004166,O003439,P007,1,4500.0,0.0
OI0004167,O003439,P011,1,24000.0,0.0
OI0004168,O003440,P005,1,52000.0,0.0
OI0004169,O003440,P011,2,21600.0,0.1
OI0004170,O003441,P006,1,14250.0,0.05
OI0004171,O003442,P010,1,6500.0,0.0
OI0004172,O003443,P006,1,13500.0,0.1
OI0004173,O003444,P012,3,2375.0,0.05
OI0004174,O003445,P011,2,24000.0,0.0
OI0004175,O003446,P005,2,52000.0,0.0
OI0004176,O003447,P007,3,4275.0,0.05
OI0004177,O003448,P006,2,15000.0,0.0
OI0004178,O003449,P002,2,58500.0,0.1
OI0004179,O003450,P008,2,18000.0,0.0
OI0004180,O003451,P005,2,52000.0,0.0
OI0004181,O003452,P011,1,22800.0,0.05
OI0004182,O003452,P009,2,22000.0,0.0
OI0004183,O003453,P007,3,4275.0,0.05
OI0004184,O003454,P004,3,25200.0,0.1
OI0004185,O003454,P006,1,15000.0,0.0
OI0004186,O003455,P006,1,15000.0,0.0
OI0004187,O003456,P011,2,21600.0,0.1
OI0004188,O003457,P006,2,15000.0,0.0
OI0004189,O003458,P003,1,11400.0,0.05
OI0004190,O003458,P011,2,22800.0,0.05
OI0004191,O003459,P005,2,46800.0,0.1
OI0004192,O003460,P012,2,2500.0,0.0
OI0004193,O003461,P002,2,65000.0,0.0
OI0004194,O003462,P006,2,14250.0,0.05
OI0004195,O003462,P003,1,10800.0,0.1
OI0004196,O003463,P001,1,8500.0,0.0
OI0004197,O003464,P006,2,15000.0,0.0
OI0004198,O003465,P004,1,26600.0,0.05
OI0004199,O003466,P003,3,11400.0,0.05
OI0004200,O003467,P012,2,2250.0,0.1
OI0004201,O003468,P006,1,15000.0,0.0
OI0004202,O003469,P010,2,5525.0,0.15
OI0004203,O003470,P005,3,49400.0,0.05
OI0004204,O003470,P011,3,20400.0,0.15
OI0004205,O003471,P006,3,14250.0,0.05
OI0004206,O003471,P009,3,20900.0,0.05
OI0004207,O003472,P012,1,2500.0,0.0
OI0004208,O003473,P005,1,52000.0,0.0
OI0004209,O003474,P011,2,19200.0,0.2
OI0004210,O003475,P006,2,15000.0,0.95
OI0004211,O003475,P004,2,26600.0,0.05
OI0004212,O003476,P012,3,2125.0,0.15
OI0004213,O003476,P003,1,11400.0,0.05
OI0004214,O003477,P007,3,4500.0,0.0
OI0004215,O003477,P005,2,46800.0,0.1
OI0004216,O003478,P004,3,28000.0,0.0
OI0004217,O003479,P007,2,4500.0,0.0
OI0004218,O003480,P001,3,7225.0,0.15
OI0004219,O003481,P003,1,12000.0,0.0
OI0004220,O003482,P006,1,13500.0,0.1
OI0004221,O003483,P005,2,52000.0,0.0
OI0004222,O003484,P002,2,58500.0,0.1
OI0004223,O003485,P005,3,52000.0,0.95
OI0004224,O003486,P009,2,18700.0,0.15
OI0004225,O003486,P002,1,61750.0,0.05
OI0004226,O003487,P009,2,22000.0,0.0
OI0004227,O003488,P011,3,21600.0,0.1
OI0004228,O003489,P007,3,4275.0,0.05
OI0004229,O003490,P001,1,8500.0,0.0
OI0004230,O003491,P002,3,61750.0,0.05
OI0004231,O003492,P003,1,12000.0,0.0
OI0004232,O003493,P003,3,11400.0,0.05
OI0004233,O003494,P009,2,19800.0,0.1
OI0004234,O003494,P002,3,61750.0,0.05
OI0004235,O003495,P009,1,18700.0,0.15
OI0004236,O003495,P002,1,58500.0,0.1
OI0004237,O003496,P009,3,22000.0,0.0
OI0004238,O003496,P011,2,24000.0,0.0
OI0004239,O003497,P006,3,15000.0,0.0
OI0004240,O003498,P004,2,26600.0,0.05
OI0004241,O003499,P004,3,26600.0,0.05
OI0004242,O003500,P005,3,52000.0,0.0
OI0004243,O003501,P012,3,2500.0,0.0
OI0004244,O003502,P008,1,16200.0,0.1
OI0004245,O003502,P004,1,28000.0,0.0
OI0004246,O003503,P010,3,6500.0,0.0
OI0004247,O003504,P012,2,2375.0,0.05
OI0004248,O003504,P009,2,19800.0,0.1
OI0004249,O003505,P004,2,28000.0,0.0
OI0004250,O003506,P011,1,24000.0,0.0
OI0004251,O003507,P007,3,4050.0,0.1
OI0004252,O003508,P001,2,8500.0,0.0
OI0004253,O003509,P012,3,2375.0,0.05
OI0004254,O003509,P007,2,4275.0,0.05
OI0004255,O003510,P001,3,6800.0,0.2
OI0004256,O003511,P008,1,15300.0,0.15
OI0004257,O003512,P008,1,18000.0,0.0
OI0004258,O003513,P006,3,15000.0,0.0
OI0004259,O003514,P010,1,6500.0,0.0
OI0004260,O003515,P012,3,2125.0,0.15
OI0004261,O003516,P011,3,24000.0,0.0
OI0004262,O003517,P011,3,21600.0,0.1
OI0004263,O003518,P012,2,2500.0,0.0
OI0004264,O003519,P011,3,24000.0,0.0
OI0004265,O003520,P010,3,6500.0,0.0
OI0004266,O003521,P010,3,6500.0,0.0
OI0004267,O003522,P011,1,24000.0,0.0
OI0004268,O003523,P005,3,52000.0,0.0
OI0004269,O003524,P006,2,14250.0,0.05
OI0004270,O003524,P007,2,4500.0,0.0
OI0004271,O003525,P007,1,4050.0,0.1
OI0004272,O003526,P007,3,4500.0,0.0
OI0004273,O003527,P011,2,24000.0,0.0
OI0004274,O003528,P001,3,8500.0,0.0
OI0004275,O003529,P005,3,52000.0,0.0
OI0004276,O003530,P001,2,8075.0,0.05
OI0004277,O003531,P004,1,28000.0,0.0
OI0004278,O003532,P009,2,22000.0,0.0
OI0004279,O003533,P003,2,12000.0,0.0
OI0004280,O003534,P002,3,65000.0,0.0
OI0004281,O003534,P012,2,2500.0,0.0
OI0004282,O003535,P001,3,8500.0,0.0
OI0004283,O003536,P007,1,4275.0,0.05
OI0004284,O003537,P008,2,16200.0,0.1
OI0004285,O003538,P009,3,20900.0,0.05
OI0004286,O003539,P008,1,18000.0,0.0
OI0004287,O003539,P006,1,14250.0,0.05
OI0004288,O003540,P010,2,6500.0,0.0
OI0004289,O003540,P001,1,7650.0,0.1
OI0004290,O003541,P010,2,6175.0,0.05
OI0004291,O003542,P001,1,7650.0,0.1
OI0004292,O003543,P002,3,65000.0,0.0
OI0004293,O003544,P007,1,4050.0,0.1
OI0004294,O003545,P010,1,5525.0,0.15
OI0004295,O003546,P011,1,20400.0,0.15
OI0004296,O003547,P010,3,6175.0,0.05
OI0004297,O003548,P012,1,2500.0,0.0
OI0004298,O003549,P012,3,2375.0,0.05
OI0004299,O003550,P002,2,61750.0,0.05
OI0004300,O003551,P005,2,49400.0,0.05
OI0004301,O003552,P009,2,19800.0,0.1
OI0004302,O003553,P009,1,18700.0,0.15
OI0004303,O003553,P002,3,65000.0,0.0
OI0004304,O003554,P002,1,55250.0,0.15
OI0004305,O003554,P005,3,46800.0,0.1
OI0004306,O003555,P005,1,49400.0,0.05
OI0004307,O003556,P010,2,6500.0,0.0
OI0004308,O003557,P006,3,13500.0,0.1
OI0004309,O003558,P004,3,26600.0,0.05
OI0004310,O003559,P006,2,12000.0,0.2
OI0004311,O003560,P006,2,14250.0,0.05
OI0004312,O003561,P011,1,24000.0,0.0
OI0004313,O003562,P001,1,8500.0,0.0
OI0004314,O003562,P010,1,5525.0,0.15
OI0004315,O003563,P007,1,4500.0,0.0
OI0004316,O003564,P011,3,21600.0,0.1
OI0004317,O003565,P009,1,18700.0,0.15
OI0004318,O003565,P006,1,13500.0,0.1
OI0004319,O003566,P010,2,6500.0,0.0
OI0004320,O003567,P008,1,17100.0,0.05
OI0004321,O003568,P007,1,4275.0,0.05
OI0004322,O003569,P002,2,61750.0,0.05
OI0004323,O003570,P005,1,44200.0,0.15
OI0004324,O003571,P003,2,10800.0,0.1
OI0004325,O003572,P006,2,15000.0,0.0
OI0004326,O003573,P006,3,12750.0,0.15
OI0004327,O003573,P009,2,22000.0,0.0
OI0004328,O003574,P005,3,49400.0,0.05
OI0004329,O003575,P004,2,26600.0,0.05
OI0004330,O003576,P007,2,4500.0,0.0
OI0004331,O003577,P002,1,65000.0,0.0
OI0004332,O003578,P007,3,4275.0,0.05
OI0004333,O003579,P010,1,5850.0,0.1
OI0004334,O003580,P008,1,15300.0,0.15
OI0004335,O003581,P002,3,61750.0,0.05
OI0004336,O003582,P008,2,16200.0,0.1
OI0004337,O003583,P001,2,8500.0,0.0
OI0004338,O003584,P006,3,14250.0,0.05
OI0004339,O003585,P010,3,6500.0,0.0
OI0004340,O003586,P001,1,8500.0,0.0
OI0004341,O003587,P006,3,14250.0,0.05
OI0004342,O003588,P001,2,8075.0,0.05
OI0004343,O003589,P009,1,20900.0,0.05
OI0004344,O003589,P003,2,10800.0,0.1
OI0004345,O003590,P002,2,65000.0,0.0
OI0004346,O003591,P007,3,4500.0,0.0
OI0004347,O003591,P006,3,15000.0,0.0
OI0004348,O003592,P001,3,8500.0,0.0
OI0004349,O003593,P002,3,58500.0,0.1
OI0004350,O003594,P008,2,18000.0,0.0
OI0004351,O003595,P002,2,58500.0,0.1
OI0004352,O003595,P007,3,4500.0,0.0
OI0004353,O003596,P010,3,6175.0,0.05
OI0004354,O003597,P005,3,41600.0,0.2
OI0004355,O003598,P010,1,5850.0,0.1
OI0004356,O003599,P001,2,8500.0,0.0
OI0004357,O003600,P008,1,18000.0,0.0
OI0004358,O003600,P007,3,3825.0,0.15
OI0004359,O003601,P002,3,55250.0,0.15
OI0004360,O003602,P001,2,7225.0,0.15
OI0004361,O003603,P009,3,22000.0,0.0
OI0004362,O003604,P007,2,4500.0,0.0
OI0004363,O003605,P006,2,13500.0,0.1
OI0004364,O003606,P005,2,52000.0,0.0
OI0004365,O003607,P001,2,8075.0,0.05
OI0004366,O003608,P011,1,24000.0,0.0
OI0004367,O003609,P009,3,19800.0,0.1
OI0004368,O003610,P007,1,4500.0,0.0
OI0004369,O003611,P012,2,2250.0,0.1
OI0004370,O003612,P005,3,46800.0,0.1
OI0004371,O003613,P012,1,2500.0,0.0
OI0004372,O003614,P004,3,26600.0,0.05
OI0004373,O003615,P008,2,18000.0,0.0
OI0004374,O003616,P005,2,49400.0,0.05
OI0004375,O003617,P001,1,7650.0,0.1
OI0004376,O003617,P010,1,6500.0,0.0
OI0004377,O003618,P005,1,52000.0,0.0
OI0004378,O003619,P006,3,13500.0,0.1
OI0004379,O003620,P001,1,8500.0,0.0
OI0004380,O003621,P005,3,49400.0,0.05
OI0004381,O003622,P009,2,17600.0,0.2
OI0004382,O003622,P006,2,15000.0,0.0
OI0004383,O003623,P003,3,10200.0,0.15
OI0004384,O003623,P007,3,3825.0,0.15
OI0004385,O003624,P005,1,49400.0,0.05
OI0004386,O003624,P006,1,15000.0,0.0
OI0004387,O003625,P009,1,19800.0,0.1
OI0004388,O003625,P001,2,7225.0,0.15
OI0004389,O003626,P007,1,3825.0,0.15
OI0004390,O003627,P001,1,8500.0,0.0
OI0004391,O003627,P003,1,12000.0,0.0
OI0004392,O003628,P005,2,46800.0,0.1
OI0004393,O003628,P006,2,15000.0,0.0
OI0004394,O003629,P008,3,18000.0,0.0
OI0004395,O003629,P003,2,12000.0,0.0
OI0004396,O003630,P005,3,44200.0,0.15
OI0004397,O003631,P009,1,19800.0,0.1
OI0004398,O003632,P012,1,2375.0,0.05
OI0004399,O003633,P011,1,24000.0,0.0
OI0004400,O003634,P007,3,4500.0,0.0
OI0004401,O003635,P002,2,61750.0,0.05
OI0004402,O003636,P006,2,15000.0,0.0
OI0004403,O003637,P001,3,8075.0,0.05
OI0004404,O003637,P010,3,5850.0,0.1
OI0004405,O003638,P004,1,26600.0,0.05
OI0004406,O003639,P001,1,7650.0,0.1
OI0004407,O003639,P007,3,4275.0,0.05
OI0004408,O003640,P007,2,4500.0,0.0
OI0004409,O003641,P006,3,14250.0,0.05
OI0004410,O003642,P007,1,4275.0,0.05
OI0004411,O003643,P009,3,20900.0,0.05
OI0004412,O003644,P006,2,13500.0,0.1
OI0004413,O003645,P001,2,8500.0,0.0
OI0004414,O003646,P012,2,2375.0,0.05
OI0004415,O003647,P001,1,8075.0,0.05
OI0004416,O003648,P006,1,15000.0,0.0
OI0004417,O003648,P012,3,2375.0,0.05
OI0004418,O003649,P003,1,12000.0,0.0
OI0004419,O003650,P003,1,10800.0,0.1
OI0004420,O003651,P004,3,28000.0,0.0
OI0004421,O003652,P001,1,8500.0,0.0
OI0004422,O003653,P006,2,14250.0,0.05
OI0004423,O003654,P003,3,12000.0,0.0
OI0004424,O003655,P001,1,7225.0,0.15
OI0004425,O003656,P001,2,8500.0,0.0
OI0004426,O003657,P001,2,8075.0,0.05
OI0004427,O003658,P002,1,58500.0,0.1
OI0004428,O003659,P004,2,22400.0,0.2
OI0004429,O003660,P010,1,6175.0,0.05
OI0004430,O003661,P011,3,22800.0,0.05
OI0004431,O003662,P011,2,22800.0,0.05
OI0004432,O003663,P011,2,22800.0,0.05
OI0004433,O003664,P002,2,65000.0,0.0
OI0004434,O003664,P007,2,4500.0,0.0
OI0004435,O003665,P003,1,12000.0,0.0
OI0004436,O003666,P010,3,5850.0,0.1
OI0004437,O003667,P007,1,4500.0,0.0
OI0004438,O003667,P011,3,21600.0,0.1
OI0004439,O003668,P009,1,20900.0,0.05
OI0004440,O003669,P012,1,2375.0,0.05
OI0004441,O003669,P004,1,25200.0,0.1
OI0004442,O003670,P012,1,2375.0,0.05
OI0004443,O003671,P001,2,8075.0,0.05
OI0004444,O003672,P006,2,14250.0,0.05
OI0004445,O003673,P002,2,65000.0,0.0
OI0004446,O003674,P001,1,7650.0,0.1
OI0004447,O003675,P001,2,8500.0,0.0
OI0004448,O003676,P011,1,24000.0,0.0
OI0004449,O003677,P012,1,2375.0,0.05
OI0004450,O003678,P003,1,12000.0,0.0
OI0004451,O003679,P003,1,12000.0,0.0
OI0004452,O003679,P004,2,23800.0,0.15
OI0004453,O003680,P010,3,5850.0,0.1
OI0004454,O003680,P002,3,61750.0,0.05
OI0004455,O003681,P009,2,20900.0,0.05
OI0004456,O003682,P001,2,8500.0,0.0
OI0004457,O003683,P006,3,13500.0,0.1
OI0004458,O003684,P003,3,11400.0,0.05
OI0004459,O003685,P010,3,5525.0,0.15
OI0004460,O003686,P008,2,17100.0,0.05
OI0004461,O003687,P006,3,15000.0,0.0
OI0004462,O003688,P004,1,28000.0,0.0
OI0004463,O003689,P001,1,8500.0,0.0
OI0004464,O003690,P006,2,15000.0,0.0
OI0004465,O003691,P001,3,8075.0,0.05
OI0004466,O003692,P004,1,28000.0,0.0
OI0004467,O003693,P005,1,46800.0,0.1
OI0004468,O003694,P009,3,18700.0,0.15
OI0004469,O003695,P001,2,8500.0,0.0
OI0004470,O003695,P011,1,24000.0,0.0
OI0004471,O003696,P004,3,25200.0,0.1
OI0004472,O003697,P007,1,4275.0,0.05
OI0004473,O003698,P007,2,4500.0,0.0
OI0004474,O003699,P007,2,4050.0,0.1
OI0004475,O003699,P006,3,13500.0,0.1
OI0004476,O003700,P002,2,65000.0,0.0
OI0004477,O003701,P004,1,23800.0,0.15
OI0004478,O003701,P002,2,58500.0,0.1
OI0004479,O003702,P010,1,5850.0,0.1
OI0004480,O003703,P008,3,16200.0,0.1
OI0004481,O003704,P008,3,18000.0,0.0
OI0004482,O003704,P006,1,15000.0,0.0
OI0004483,O003705,P012,3,2375.0,0.05
OI0004484,O003706,P001,1,8075.0,0.05
OI0004485,O003707,P004,3,25200.0,0.1
OI0004486,O003707,P008,2,18000.0,0.0
OI0004487,O003708,P001,2,8500.0,0.0
OI0004488,O003709,P006,2,13500.0,0.1
OI0004489,O003710,P004,3,26600.0,0.05
OI0004490,O003710,P001,3,8500.0,0.0
OI0004491,O003711,P003,2,11400.0,0.05
OI0004492,O003712,P009,2,19800.0,0.1
OI0004493,O003713,P008,1,17100.0,0.05
OI0004494,O003714,P005,1,46800.0,0.1
OI0004495,O003715,P004,3,25200.0,0.1
OI0004496,O003716,P010,2,6500.0,0.0
OI0004497,O003717,P010,1,6175.0,0.05
OI0004498,O003718,P001,2,8075.0,0.05
OI0004499,O003719,P002,3,65000.0,0.0
OI0004500,O003720,P008,3,15300.0,0.15
OI0004501,O003721,P010,3,5850.0,0.1
OI0004502,O003721,P012,3,2500.0,0.0
OI0004503,O003722,P007,2,4050.0,0.1
OI0004504,O003723,P004,3,28000.0,0.0
OI0004505,O003724,P008,2,18000.0,0.0
OI0004506,O003725,P010,1,6500.0,0.0
OI0004507,O003726,P006,3,13500.0,0.1
OI0004508,O003727,P002,1,58500.0,0.1
OI0004509,O003727,P010,3,6500.0,0.0
OI0004510,O003728,P002,1,65000.0,0.0
OI0004511,O003729,P003,3,11400.0,0.05
OI0004512,O003729,P011,2,21600.0,0.1
OI0004513,O003730,P012,2,2500.0,0.0
OI0004514,O003730,P001,2,8500.0,0.0
OI0004515,O003731,P008,2,16200.0,0.1
OI0004516,O003732,P005,1,49400.0,0.05
OI0004517,O003733,P001,3,8500.0,0.0
OI0004518,O003734,P006,2,15000.0,0.0
OI0004519,O003735,P009,1,22000.0,0.0
OI0004520,O003736,P001,2,8075.0,0.05
OI0004521,O003737,P009,2,18700.0,0.15
OI0004522,O003738,P004,1,23800.0,0.15
OI0004523,O003739,P006,1,13500.0,0.1
OI0004524,O003739,P001,2,8500.0,0.0
OI0004525,O003740,P006,2,14250.0,0.05
OI0004526,O003741,P010,3,5525.0,0.15
OI0004527,O003742,P001,2,8075.0,0.05
OI0004528,O003743,P006,1,12750.0,0.15
OI0004529,O003743,P004,3,23800.0,0.15
OI0004530,O003744,P007,2,4500.0,0.0
OI0004531,O003745,P012,2,2375.0,0.05
OI0004532,O003746,P001,3,7650.0,0.1
OI0004533,O003747,P004,1,26600.0,0.05
OI0004534,O003748,P012,2,2250.0,0.1
OI0004535,O003749,P006,1,15000.0,0.0
OI0004536,O003749,P004,3,23800.0,0.15
OI0004537,O003750,P010,3,5850.0,0.1
OI0004538,O003751,P001,3,8500.0,0.0
OI0004539,O003751,P004,3,26600.0,0.05
OI0004540,O003752,P003,3,10200.0,0.15
OI0004541,O003753,P011,1,24000.0,0.0
OI0004542,O003753,P002,3,58500.0,0.1
OI0004543,O003754,P003,1,11400.0,0.05
OI0004544,O003754,P006,1,15000.0,0.0
OI0004545,O003755,P003,3,11400.0,0.05
OI0004546,O003756,P011,1,24000.0,0.0
OI0004547,O003757,P012,3,2250.0,0.1
OI0004548,O003758,P009,2,22000.0,0.0
OI0004549,O003758,P001,1,7650.0,0.1
OI0004550,O003759,P002,1,61750.0,0.05
OI0004551,O003760,P008,1,18000.0,0.0
OI0004552,O003761,P001,1,7650.0,0.1
OI0004553,O003762,P006,3,15000.0,0.0
OI0004554,O003763,P011,3,21600.0,0.1
OI0004555,O003764,P009,3,20900.0,0.05
OI0004556,O003765,P001,2,8500.0,0.0
OI0004557,O003765,P007,3,4500.0,0.0
OI0004558,O003766,P007,2,4500.0,0.0
OI0004559,O003766,P010,3,5850.0,0.1
OI0004560,O003767,P012,2,2250.0,0.1
OI0004561,O003768,P001,1,6800.0,0.2
OI0004562,O003768,P005,2,52000.0,0.0
OI0004563,O003769,P007,2,3600.0,0.2
OI0004564,O003770,P003,3,11400.0,0.05
OI0004565,O003770,P010,3,6500.0,0.0
OI0004566,O003771,P005,2,49400.0,0.05
OI0004567,O003771,P010,3,6500.0,0.0
OI0004568,O003772,P012,2,2250.0,0.1
OI0004569,O003773,P007,3,4275.0,0.05
OI0004570,O003774,P010,3,6500.0,0.0
OI0004571,O003775,P006,2,15000.0,0.0
OI0004572,O003776,P012,2,2125.0,0.15
OI0004573,O003777,P009,2,22000.0,0.0
OI0004574,O003777,P001,2,8500.0,0.0
OI0004575,O003778,P004,1,28000.0,0.0
OI0004576,O003779,P011,1,24000.0,0.0
OI0004577,O003780,P003,1,12000.0,0.0
OI0004578,O003781,P002,3,58500.0,0.1
OI0004579,O003782,P003,1,11400.0,0.05
OI0004580,O003783,P007,3,4500.0,0.0
OI0004581,O003784,P004,2,25200.0,0.1
OI0004582,O003784,P011,3,24000.0,0.0
OI0004583,O003785,P010,2,5200.0,0.2
OI0004584,O003786,P007,2,3600.0,0.2
OI0004585,O003787,P004,1,28000.0,0.0
OI0004586,O003788,P003,3,9600.0,0.2
OI0004587,O003789,P010,2,6500.0,0.0
OI0004588,O003789,P005,3,52000.0,0.0
OI0004589,O003790,P001,1,8500.0,0.0
OI0004590,O003790,P008,3,16200.0,0.1
OI0004591,O003791,P001,3,8075.0,0.05
OI0004592,O003791,P010,2,6500.0,0.0
OI0004593,O003792,P009,3,22000.0,0.0
OI0004594,O003793,P010,2,6175.0,0.05
OI0004595,O003794,P012,1,2250.0,0.1
OI0004596,O003795,P003,1,12000.0,0.0
OI0004597,O003796,P009,3,19800.0,0.1
OI0004598,O003796,P004,3,26600.0,0.05
OI0004599,O003797,P006,2,13500.0,0.1
OI0004600,O003798,P010,1,5850.0,0.1
OI0004601,O003799,P009,3,19800.0,0.1
OI0004602,O003799,P011,2,21600.0,0.1
OI0004603,O003800,P007,1,4500.0,0.0
OI0004604,O003801,P001,3,8500.0,0.0
OI0004605,O003802,P004,2,26600.0,0.05
OI0004606,O003803,P001,3,8500.0,0.0
OI0004607,O003804,P009,2,22000.0,0.0
OI0004608,O003805,P012,2,2125.0,0.15
OI0004609,O003806,P003,2,11400.0,0.05
OI0004610,O003807,P008,1,18000.0,0.0
OI0004611,O003808,P009,3,20900.0,0.05
OI0004612,O003808,P012,3,2250.0,0.1
OI0004613,O003809,P002,2,61750.0,0.05
OI0004614,O003809,P001,1,8075.0,0.05
OI0004615,O003810,P005,3,46800.0,0.1
OI0004616,O003811,P009,2,18700.0,0.15
OI0004617,O003812,P007,3,4050.0,0.1
OI0004618,O003813,P001,1,8500.0,0.0
OI0004619,O003813,P010,2,6175.0,0.05
OI0004620,O003814,P011,3,22800.0,0.05
OI0004621,O003815,P009,1,18700.0,0.15
OI0004622,O003816,P006,1,14250.0,0.05
OI0004623,O003817,P006,1,13500.0,0.1
OI0004624,O003818,P009,2,22000.0,0.0
OI0004625,O003819,P009,2,19800.0,0.1
OI0004626,O003819,P003,3,9600.0,0.2
OI0004627,O003820,P009,1,17600.0,0.2
OI0004628,O003821,P003,2,10200.0,0.15
OI0004629,O003822,P008,2,15300.0,0.15
OI0004630,O003823,P004,1,25200.0,0.1
OI0004631,O003824,P001,3,8500.0,0.0
OI0004632,O003825,P007,3,4500.0,0.0
OI0004633,O003826,P010,2,5525.0,0.15
OI0004634,O003826,P011,3,24000.0,0.0
OI0004635,O003827,P011,3,19200.0,0.2
OI0004636,O003828,P001,3,8500.0,0.0
OI0004637,O003828,P006,3,12750.0,0.15
OI0004638,O003829,P001,3,8500.0,0.0
OI0004639,O003830,P006,2,15000.0,0.0
OI0004640,O003831,P010,3,5850.0,0.1
OI0004641,O003832,P003,1,12000.0,0.0
OI0004642,O003833,P006,1,13500.0,0.1
OI0004643,O003834,P007,2,4500.0,0.0
OI0004644,O003835,P003,2,11400.0,0.05
OI0004645,O003836,P004,3,28000.0,0.0
OI0004646,O003837,P009,1,19800.0,0.1
OI0004647,O003838,P007,2,4500.0,0.0
OI0004648,O003839,P009,1,19800.0,0.1
OI0004649,O003840,P008,3,16200.0,0.1
OI0004650,O003841,P001,3,8075.0,0.05
OI0004651,O003841,P002,2,65000.0,0.0
OI0004652,O003842,P006,2,14250.0,0.05
OI0004653,O003843,P006,1,15000.0,0.0
OI0004654,O003844,P006,2,12750.0,0.15
OI0004655,O003845,P004,1,28000.0,0.0
OI0004656,O003846,P004,1,28000.0,0.0
OI0004657,O003847,P004,3,26600.0,0.05
OI0004658,O003847,P006,3,15000.0,0.0
OI0004659,O003848,P011,1,24000.0,0.0
OI0004660,O003849,P002,3,65000.0,0.0
OI0004661,O003850,P005,1,44200.0,0.15
OI0004662,O003850,P002,2,58500.0,0.1
OI0004663,O003851,P010,2,5200.0,0.2
OI0004664,O003852,P007,3,3825.0,0.15
OI0004665,O003853,P006,1,12000.0,0.2
OI0004666,O003854,P007,3,4050.0,0.1
OI0004667,O003855,P005,1,52000.0,0.0
OI0004668,O003856,P005,1,46800.0,0.1
OI0004669,O003857,P001,1,8500.0,0.0
OI0004670,O003858,P003,2,12000.0,0.0
OI0004671,O003858,P010,1,6175.0,0.05
OI0004672,O003859,P006,3,15000.0,0.0
OI0004673,O003859,P008,1,18000.0,0.0
OI0004674,O003860,P006,2,15000.0,0.0
OI0004675,O003860,P008,1,16200.0,0.1
OI0004676,O003861,P005,1,41600.0,0.2
OI0004677,O003862,P008,2,16200.0,0.1
OI0004678,O003863,P009,1,19800.0,0.1
OI0004679,O003864,P003,1,11400.0,0.05
OI0004680,O003865,P006,1,14250.0,0.05
OI0004681,O003866,P004,1,22400.0,0.2
OI0004682,O003867,P011,3,21600.0,0.1
OI0004683,O003868,P007,2,4050.0,0.1
OI0004684,O003869,P007,2,4275.0,0.05
OI0004685,O003869,P009,1,20900.0,0.05
OI0004686,O003870,P008,2,18000.0,0.0
OI0004687,O003870,P002,2,58500.0,0.1
OI0004688,O003871,P004,2,23800.0,0.15
OI0004689,O003872,P006,2,14250.0,0.05
OI0004690,O003872,P008,2,18000.0,0.0
OI0004691,O003873,P008,1,16200.0,0.1
OI0004692,O003874,P001,2,7225.0,0.15
OI0004693,O003875,P003,1,12000.0,0.0
OI0004694,O003876,P004,2,22400.0,0.2
OI0004695,O003877,P004,1,28000.0,0.0
OI0004696,O003878,P003,2,12000.0,0.0
OI0004697,O003879,P010,1,6175.0,0.05
OI0004698,O003880,P001,2,8075.0,0.05
OI0004699,O003881,P002,2,61750.0,0.05
OI0004700,O003881,P001,1,7225.0,0.15
OI0004701,O003882,P004,3,23800.0,0.15
OI0004702,O003883,P004,2,28000.0,0.0
OI0004703,O003884,P012,1,2500.0,0.0
OI0004704,O003885,P012,2,2500.0,0.0
OI0004705,O003885,P003,2,12000.0,0.0
OI0004706,O003886,P005,3,46800.0,0.1
OI0004707,O003887,P004,3,23800.0,0.15
OI0004708,O003888,P004,3,25200.0,0.1
OI0004709,O003889,P008,1,16200.0,0.1
OI0004710,O003890,P006,1,15000.0,0.0
OI0004711,O003891,P007,2,4050.0,0.1
OI0004712,O003892,P005,2,46800.0,0.1
OI0004713,O003893,P008,2,18000.0,0.0
OI0004714,O003894,P012,2,2500.0,0.0
OI0004715,O003895,P005,1,52000.0,0.0
OI0004716,O003896,P003,2,10800.0,0.1
OI0004717,O003897,P006,1,15000.0,0.0
OI0004718,O003898,P007,1,4275.0,0.05
OI0004719,O003899,P007,2,4500.0,0.0
OI0004720,O003900,P005,1,52000.0,0.0
OI0004721,O003901,P001,3,8500.0,0.0
OI0004722,O003902,P010,2,5850.0,0.1
OI0004723,O003902,P012,2,2500.0,0.0
OI0004724,O003903,P009,3,20900.0,0.05
OI0004725,O003904,P008,3,17100.0,0.05
OI0004726,O003905,P001,3,8500.0,0.0
OI0004727,O003906,P006,1,12750.0,0.15
OI0004728,O003907,P009,1,19800.0,0.1
OI0004729,O003908,P012,1,2500.0,0.0
OI0004730,O003909,P012,3,2250.0,0.1
OI0004731,O003910,P010,1,6500.0,0.0
OI0004732,O003911,P010,2,5525.0,0.15
OI0004733,O003912,P009,1,22000.0,0.0
OI0004734,O003912,P002,2,65000.0,0.0
OI0004735,O003913,P001,3,7650.0,0.1
OI0004736,O003913,P006,3,15000.0,0.0
OI0004737,O003914,P005,3,44200.0,0.15
OI0004738,O003915,P003,2,10800.0,0.1
OI0004739,O003916,P010,2,6500.0,0.0
OI0004740,O003917,P007,1,4500.0,0.0
OI0004741,O003918,P009,1,22000.0,0.0
OI0004742,O003919,P003,1,11400.0,0.05
OI0004743,O003920,P001,3,8075.0,0.05
OI0004744,O003921,P009,3,20900.0,0.05
OI0004745,O003921,P002,3,65000.0,0.0
OI0004746,O003922,P003,2,12000.0,0.0
OI0004747,O003923,P003,3,12000.0,0.0
OI0004748,O003924,P001,2,8075.0,0.05
OI0004749,O003925,P005,3,52000.0,0.0
OI0004750,O003926,P001,1,8075.0,0.05
OI0004751,O003927,P004,1,23800.0,0.15
OI0004752,O003928,P009,3,22000.0,0.0
OI0004753,O003929,P009,1,22000.0,0.0
OI0004754,O003930,P003,2,11400.0,0.05
OI0004755,O003931,P005,3,46800.0,0.1
OI0004756,O003931,P002,2,61750.0,0.05
OI0004757,O003932,P008,1,18000.0,0.0
OI0004758,O003933,P010,1,5525.0,0.15
OI0004759,O003934,P010,2,5850.0,0.1
OI0004760,O003935,P009,1,19800.0,0.1
OI0004761,O003936,P003,2,12000.0,0.0
OI0004762,O003937,P012,3,2000.0,0.2
OI0004763,O003938,P001,3,8500.0,0.0
OI0004764,O003939,P003,2,10800.0,0.1
OI0004765,O003940,P001,1,8500.0,0.0
OI0004766,O003941,P005,2,52000.0,0.0
OI0004767,O003941,P006,3,12750.0,0.15
OI0004768,O003942,P011,1,24000.0,0.0
OI0004769,O003942,P008,1,16200.0,0.1
OI0004770,O003943,P009,3,20900.0,0.05
OI0004771,O003944,P010,2,5850.0,0.1
OI0004772,O003945,P007,3,4050.0,0.1
OI0004773,O003945,P004,3,28000.0,0.0
OI0004774,O003946,P005,2,52000.0,0.0
OI0004775,O003947,P011,1,21600.0,0.1
OI0004776,O003948,P007,1,3825.0,0.15
OI0004777,O003949,P005,2,52000.0,0.0
OI0004778,O003949,P010,3,6500.0,0.0
OI0004779,O003950,P001,2,8500.0,0.0
OI0004780,O003951,P005,2,52000.0,0.0
OI0004781,O003952,P010,1,6175.0,0.05
OI0004782,O003953,P002,2,65000.0,0.0
OI0004783,O003954,P001,1,7650.0,0.1
OI0004784,O003955,P003,1,10800.0,0.1
OI0004785,O003955,P004,2,28000.0,0.0
OI0004786,O003956,P012,3,2500.0,0.0
OI0004787,O003956,P001,3,8500.0,0.0
OI0004788,O003957,P010,3,5850.0,0.1
OI0004789,O003958,P007,2,4050.0,0.1
OI0004790,O003959,P009,2,19800.0,0.1
OI0004791,O003959,P006,3,14250.0,0.05
OI0004792,O003960,P005,3,49400.0,0.05
OI0004793,O003961,P003,1,12000.0,0.0
OI0004794,O003962,P008,1,17100.0,0.05
OI0004795,O003963,P005,3,46800.0,0.1
OI0004796,O003964,P009,3,22000.0,0.0
OI0004797,O003965,P009,1,22000.0,0.0
OI0004798,O003966,P005,1,44200.0,0.15
OI0004799,O003967,P001,3,7650.0,0.1
OI0004800,O003968,P006,2,15000.0,0.0
OI0004801,O003969,P005,1,46800.0,0.1
OI0004802,O003969,P002,1,61750.0,0.05
OI0004803,O003970,P006,1,14250.0,0.05
OI0004804,O003971,P004,3,28000.0,0.0
OI0004805,O003972,P002,2,65000.0,0.0
OI0004806,O003972,P001,1,8075.0,0.05
OI0004807,O003973,P002,3,55250.0,0.15
OI0004808,O003973,P006,3,12750.0,0.15
OI0004809,O003974,P008,3,18000.0,0.0
OI0004810,O003975,P008,2,16200.0,0.1
OI0004811,O003976,P004,1,28000.0,0.0
OI0004812,O003977,P008,2,18000.0,0.0
OI0004813,O003978,P002,3,65000.0,0.0
OI0004814,O003979,P009,1,22000.0,0.0
OI0004815,O003980,P001,2,7650.0,0.1
OI0004816,O003981,P003,1,12000.0,0.0
OI0004817,O003981,P009,1,20900.0,0.05
OI0004818,O003982,P010,3,5850.0,0.1
OI0004819,O003983,P004,2,26600.0,0.05
OI0004820,O003983,P012,3,2375.0,0.05
OI0004821,O003984,P007,1,4500.0,0.0
OI0004822,O003984,P004,1,28000.0,0.0
OI0004823,O003985,P008,3,18000.0,0.0
OI0004824,O003986,P002,2,61750.0,0.05
OI0004825,O003987,P011,1,21600.0,0.1
OI0004826,O003988,P009,2,19800.0,0.1
OI0004827,O003989,P008,3,15300.0,0.15
OI0004828,O003989,P011,3,22800.0,0.05
OI0004829,O003990,P007,1,3600.0,0.2
OI0004830,O003991,P005,3,49400.0,0.05
OI0004831,O003991,P010,2,6175.0,0.05
OI0004832,O003992,P005,3,52000.0,0.0
OI0004833,O003993,P008,2,16200.0,0.1
OI0004834,O003994,P001,1,8500.0,0.0
OI0004835,O003995,P010,3,5850.0,0.1
OI0004836,O003996,P008,3,16200.0,0.1
OI0004837,O003997,P001,1,8075.0,0.05
OI0004838,O003998,P011,3,20400.0,0.15
OI0004839,O003998,P005,1,46800.0,0.1
OI0004840,O003999,P010,1,6175.0,0.05
OI0004841,O004000,P001,1,8075.0,0.05
OI0004842,O004001,P007,2,4275.0,0.05
OI0004843,O004002,P001,1,7650.0,0.1
OI0004844,O004003,P006,3,15000.0,0.0
OI0004845,O004004,P010,1,6500.0,0.0
OI0004846,O004005,P010,1,6500.0,0.0
OI0004847,O004006,P011,3,22800.0,0.05
OI0004848,O004007,P007,3,3825.0,0.15
OI0004849,O004008,P012,2,2500.0,0.0
OI0004850,O004009,P011,2,24000.0,0.0
OI0004851,O004010,P004,3,26600.0,0.05
OI0004852,O004011,P011,2,24000.0,0.0
OI0004853,O004012,P001,3,8500.0,0.0
OI0004854,O004013,P007,1,4500.0,0.0
OI0004855,O004014,P010,3,5525.0,0.15
OI0004856,O004015,P006,3,14250.0,0.05
OI0004857,O004015,P012,1,2500.0,0.0
OI0004858,O004016,P010,2,6500.0,0.0
OI0004859,O004017,P009,2,18700.0,0.15
OI0004860,O004018,P004,3,26600.0,0.05
OI0004861,O004019,P003,3,10200.0,0.15
OI0004862,O004020,P004,3,23800.0,0.15
OI0004863,O004021,P006,1,15000.0,0.0
OI0004864,O004022,P009,1,22000.0,0.0
OI0004865,O004023,P004,3,28000.0,0.0
OI0004866,O004024,P005,1,52000.0,0.0
OI0004867,O004025,P004,3,28000.0,0.0
OI0004868,O004025,P009,3,22000.0,0.0
OI0004869,O004026,P011,1,24000.0,0.0
OI0004870,O004027,P001,2,8075.0,0.05
OI0004871,O004028,P004,2,25200.0,0.1
OI0004872,O004029,P004,1,23800.0,0.15
OI0004873,O004029,P009,1,22000.0,0.0
OI0004874,O004030,P001,2,8500.0,0.0
OI0004875,O004031,P010,3,5525.0,0.15
OI0004876,O004031,P008,3,16200.0,0.1
OI0004877,O004032,P011,2,19200.0,0.2
OI0004878,O004032,P003,3,12000.0,0.0
OI0004879,O004033,P003,3,11400.0,0.05
OI0004880,O004034,P008,2,17100.0,0.05
OI0004881,O004035,P008,3,18000.0,0.0
OI0004882,O004036,P001,3,8500.0,0.0
OI0004883,O004037,P004,2,28000.0,0.0
OI0004884,O004038,P002,2,55250.0,0.15
OI0004885,O004039,P001,2,8075.0,0.05
OI0004886,O004040,P006,1,13500.0,0.1
OI0004887,O004040,P005,2,46800.0,0.1
OI0004888,O004041,P010,1,5525.0,0.15
OI0004889,O004042,P002,1,58500.0,0.1
OI0004890,O004043,P006,3,15000.0,0.0
OI0004891,O004044,P002,3,65000.0,0.0
OI0004892,O004045,P010,2,6175.0,0.05
OI0004893,O004046,P011,1,21600.0,0.1
OI0004894,O004047,P008,2,18000.0,0.0
OI0004895,O004047,P002,2,65000.0,0.0
OI0004896,O004048,P002,2,65000.0,0.0
OI0004897,O004049,P003,1,10800.0,0.1
OI0004898,O004050,P007,1,4500.0,0.0
OI0004899,O004050,P011,2,24000.0,0.0
OI0004900,O004051,P008,3,16200.0,0.1
OI0004901,O004052,P004,2,26600.0,0.05
OI0004902,O004053,P001,3,8500.0,0.0
OI0004903,O004054,P006,1,13500.0,0.1
OI0004904,O004055,P002,1,65000.0,0.0
OI0004905,O004056,P011,3,20400.0,0.15
OI0004906,O004056,P012,3,2500.0,0.0
OI0004907,O004057,P001,2,8500.0,0.0
OI0004908,O004058,P001,2,8075.0,0.05
OI0004909,O004059,P009,1,22000.0,0.0
OI0004910,O004059,P004,1,26600.0,0.05
OI0004911,O004060,P009,2,22000.0,0.0
OI0004912,O004061,P001,3,7650.0,0.1
OI0004913,O004062,P009,3,20900.0,0.05
OI0004914,O004063,P004,2,25200.0,0.1
OI0004915,O004064,P008,1,18000.0,0.0
OI0004916,O004065,P008,3,18000.0,0.0
OI0004917,O004066,P003,3,11400.0,0.05
OI0004918,O004067,P009,3,19800.0,0.1
OI0004919,O004068,P001,2,7225.0,0.15
OI0004920,O004069,P002,1,65000.0,0.0
OI0004921,O004070,P005,3,52000.0,0.0
OI0004922,O004071,P009,2,19800.0,0.1
OI0004923,O004072,P002,3,65000.0,0.0
OI0004924,O004073,P009,3,22000.0,0.0
OI0004925,O004074,P009,3,17600.0,0.2
OI0004926,O004075,P011,2,22800.0,0.05
OI0004927,O004076,P011,1,24000.0,0.0
OI0004928,O004077,P002,3,55250.0,0.15
OI0004929,O004078,P005,1,52000.0,0.0
OI0004930,O004079,P005,3,52000.0,0.0
OI0004931,O004080,P007,2,3825.0,0.15
OI0004932,O004081,P004,1,28000.0,0.0
OI0004933,O004082,P008,3,18000.0,0.0
OI0004934,O004083,P002,3,61750.0,0.05
OI0004935,O004084,P001,1,7650.0,0.1
OI0004936,O004085,P007,3,4050.0,0.1
OI0004937,O004086,P007,1,4500.0,0.0
OI0004938,O004087,P008,1,17100.0,0.05
OI0004939,O004088,P004,2,23800.0,0.15
OI0004940,O004089,P007,2,4050.0,0.1
OI0004941,O004090,P007,3,3825.0,0.15
OI0004942,O004090,P010,3,6500.0,0.0
OI0004943,O004091,P004,2,25200.0,0.1
OI0004944,O004092,P008,2,18000.0,0.0
OI0004945,O004093,P004,3,25200.0,0.1
OI0004946,O004093,P001,2,8075.0,0.05
OI0004947,O004094,P010,2,6500.0,0.0
OI0004948,O004095,P003,1,11400.0,0.05
OI0004949,O004096,P004,3,26600.0,0.05
OI0004950,O004097,P008,2,18000.0,0.0
OI0004951,O004097,P003,1,12000.0,0.0
OI0004952,O004098,P011,1,24000.0,0.0
OI0004953,O004099,P001,1,6800.0,0.2
OI0004954,O004100,P006,2,15000.0,0.0
OI0004955,O004101,P003,2,10800.0,0.1
OI0004956,O004102,P001,1,8500.0,0.0
OI0004957,O004103,P007,1,4050.0,0.1
OI0004958,O004104,P004,1,28000.0,0.0
OI0004959,O004105,P006,2,14250.0,0.05
OI0004960,O004106,P006,3,14250.0,0.05
OI0004961,O004106,P010,1,5525.0,0.15
OI0004962,O004107,P009,3,22000.0,0.0
OI0004963,O004108,P004,2,23800.0,0.15
OI0004964,O004108,P006,1,12750.0,0.15
OI0004965,O004109,P002,3,65000.0,0.0
OI0004966,O004110,P004,3,28000.0,0.0
OI0004967,O004110,P007,2,4275.0,0.05
OI0004968,O004111,P004,3,28000.0,0.0
OI0004969,O004111,P006,1,15000.0,0.0
OI0004970,O004112,P008,3,18000.0,0.0
OI0004971,O004113,P010,2,6500.0,0.0
OI0004972,O004113,P006,2,14250.0,0.05
OI0004973,O004114,P001,1,8500.0,0.0
OI0004974,O004114,P012,2,2500.0,0.0
OI0004975,O004115,P012,2,2375.0,0.05
OI0004976,O004116,P004,3,26600.0,0.05
OI0004977,O004116,P009,1,19800.0,0.1
OI0004978,O004117,P006,1,12750.0,0.15
OI0004979,O004118,P009,2,22000.0,0.0
OI0004980,O004119,P010,3,6175.0,0.05
OI0004981,O004120,P001,2,8075.0,0.05
OI0004982,O004121,P006,1,12750.0,0.15
OI0004983,O004121,P003,3,12000.0,0.0
OI0004984,O004122,P005,2,46800.0,0.1
OI0004985,O004122,P006,3,14250.0,0.05
OI0004986,O004123,P003,1,12000.0,0.0
OI0004987,O004123,P011,1,24000.0,0.0
OI0004988,O004124,P006,3,15000.0,0.0
OI0004989,O004125,P008,2,18000.0,0.0
OI0004990,O004126,P004,3,26600.0,0.05
OI0004991,O004127,P009,1,22000.0,0.0
OI0004992,O004128,P005,2,49400.0,0.05
OI0004993,O004129,P004,2,28000.0,0.0
OI0004994,O004130,P011,1,24000.0,0.0
OI0004995,O004131,P004,1,26600.0,0.05
OI0004996,O004132,P001,2,7225.0,0.15
OI0004997,O004133,P009,1,19800.0,0.1
OI0004998,O004134,P001,2,7650.0,0.1
OI0004999,O004134,P003,2,12000.0,0.0
OI0005000,O004135,P008,1,17100.0,0.05
OI0005001,O004136,P004,1,28000.0,0.0
OI0005002,O004137,P012,1,2500.0,0.0
OI0005003,O004137,P010,2,6175.0,0.05
OI0005004,O004138,P011,1,21600.0,0.1
OI0005005,O004139,P010,1,5850.0,0.1
OI0005006,O004139,P005,1,49400.0,0.05
OI0005007,O004140,P004,3,28000.0,0.0
OI0005008,O004140,P006,2,14250.0,0.05
OI0005009,O004141,P004,1,28000.0,0.0
OI0005010,O004142,P002,2,58500.0,0.1
OI0005011,O004143,P008,2,16200.0,0.1
OI0005012,O004144,P004,2,25200.0,0.1
OI0005013,O004145,P004,3,25200.0,0.1
OI0005014,O004146,P011,2,24000.0,0.0
OI0005015,O004147,P006,3,15000.0,0.0
OI0005016,O004148,P012,3,2500.0,0.0
OI0005017,O004149,P003,3,12000.0,0.0
OI0005018,O004150,P004,1,28000.0,0.0
OI0005019,O004151,P005,1,52000.0,0.0
OI0005020,O004152,P009,3,19800.0,0.1
OI0005021,O004153,P004,1,25200.0,0.1
OI0005022,O004154,P005,3,52000.0,0.0
OI0005023,O004155,P002,1,55250.0,0.15
OI0005024,O004156,P001,1,8500.0,0.0
OI0005025,O004156,P007,1,3600.0,0.2
OI0005026,O004157,P002,3,55250.0,0.15
OI0005027,O004158,P005,1,52000.0,0.0
OI0005028,O004159,P009,3,22000.0,0.0
OI0005029,O004160,P006,3,13500.0,0.1
OI0005030,O004161,P011,1,20400.0,0.15
OI0005031,O004161,P002,1,65000.0,0.0
OI0005032,O004162,P010,1,6500.0,0.0
OI0005033,O004163,P009,1,19800.0,0.1
OI0005034,O004164,P002,2,61750.0,0.05
OI0005035,O004165,P001,1,8500.0,0.0
OI0005036,O004166,P001,3,8500.0,0.0
OI0005037,O004167,P006,3,14250.0,0.05
OI0005038,O004168,P002,1,65000.0,0.0
OI0005039,O004169,P002,2,61750.0,0.05
OI0005040,O004169,P005,1,52000.0,0.0
OI0005041,O004170,P012,3,2500.0,0.0
OI0005042,O004171,P011,3,19200.0,0.2
OI0005043,O004172,P009,1,20900.0,0.05
OI0005044,O004173,P008,1,15300.0,0.15
OI0005045,O004174,P003,1,12000.0,0.0
OI0005046,O004175,P009,2,19800.0,0.1
OI0005047,O004176,P002,1,55250.0,0.15
OI0005048,O004177,P007,1,4500.0,0.0
OI0005049,O004178,P001,3,8500.0,0.0
OI0005050,O004179,P004,3,28000.0,0.0
OI0005051,O004180,P005,2,49400.0,0.05
OI0005052,O004180,P006,1,15000.0,0.0
OI0005053,O004181,P012,1,2250.0,0.1
OI0005054,O004182,P012,1,2125.0,0.15
OI0005055,O004182,P009,2,20900.0,0.05
OI0005056,O004183,P003,2,12000.0,0.0
OI0005057,O004184,P001,1,7650.0,0.1
OI0005058,O004185,P007,2,4275.0,0.05
OI0005059,O004186,P001,1,7225.0,0.15
OI0005060,O004187,P007,1,3600.0,0.2
OI0005061,O004187,P004,3,28000.0,0.0
OI0005062,O004188,P006,1,12000.0,0.2
OI0005063,O004189,P011,1,21600.0,0.1
OI0005064,O004189,P009,3,20900.0,0.05
OI0005065,O004190,P011,1,22800.0,0.05
OI0005066,O004191,P008,1,17100.0,0.05
OI0005067,O004192,P008,2,18000.0,0.0
OI0005068,O004193,P001,2,7650.0,0.1
OI0005069,O004194,P001,1,7650.0,0.1
OI0005070,O004194,P003,1,12000.0,0.0
OI0005071,O004195,P004,1,26600.0,0.05
OI0005072,O004196,P006,3,13500.0,0.1
OI0005073,O004197,P005,1,52000.0,0.0
OI0005074,O004198,P007,1,4050.0,0.1
OI0005075,O004199,P003,2,12000.0,0.0
OI0005076,O004199,P006,3,14250.0,0.05
OI0005077,O004200,P005,3,52000.0,0.0
OI0005078,O004201,P011,1,24000.0,0.0
OI0005079,O004202,P007,1,4500.0,0.0
OI0005080,O004203,P001,3,8500.0,0.0
OI0005081,O004204,P008,1,17100.0,0.05
OI0005082,O004204,P006,1,15000.0,0.0
OI0005083,O004205,P008,2,16200.0,0.1
OI0005084,O004206,P009,2,18700.0,0.15
OI0005085,O004207,P001,2,7225.0,0.15
OI0005086,O004207,P007,2,4500.0,0.0
OI0005087,O004208,P004,2,28000.0,0.0
OI0005088,O004209,P011,3,21600.0,0.1
OI0005089,O004209,P001,2,8500.0,0.0
OI0005090,O004210,P011,2,24000.0,0.0
OI0005091,O004211,P006,1,15000.0,0.0
OI0005092,O004212,P001,2,8075.0,0.05
OI0005093,O004213,P008,3,16200.0,0.1
OI0005094,O004214,P002,1,55250.0,0.15
OI0005095,O004215,P007,3,4500.0,0.0
OI0005096,O004216,P010,1,5850.0,0.1
OI0005097,O004217,P007,1,4500.0,0.0
OI0005098,O004218,P007,2,4500.0,0.0
OI0005099,O004218,P009,3,20900.0,0.05
OI0005100,O004219,P007,1,4050.0,0.1
OI0005101,O004220,P008,2,18000.0,0.0
OI0005102,O004221,P006,1,15000.0,0.0
OI0005103,O004222,P002,2,61750.0,0.05
OI0005104,O004222,P012,3,2500.0,0.0
OI0005105,O004223,P001,2,8500.0,0.0
OI0005106,O004224,P007,3,4500.0,0.0
OI0005107,O004225,P008,3,18000.0,0.0
OI0005108,O004226,P006,1,14250.0,0.05
OI0005109,O004227,P005,1,52000.0,0.0
OI0005110,O004228,P005,1,49400.0,0.05
OI0005111,O004229,P008,1,18000.0,0.0
OI0005112,O004230,P012,1,2500.0,0.0
OI0005113,O004230,P007,3,4050.0,0.1
OI0005114,O004231,P006,3,15000.0,0.0
OI0005115,O004231,P001,3,6800.0,0.2
OI0005116,O004232,P001,3,8500.0,0.0
OI0005117,O004233,P012,3,2500.0,0.0
OI0005118,O004234,P006,1,13500.0,0.1
OI0005119,O004235,P011,1,24000.0,0.0
OI0005120,O004236,P006,2,14250.0,0.05
OI0005121,O004237,P001,1,8500.0,0.0
OI0005122,O004238,P007,1,4500.0,0.0
OI0005123,O004239,P011,1,24000.0,0.0
OI0005124,O004240,P003,1,12000.0,0.0
OI0005125,O004241,P009,3,18700.0,0.15
OI0005126,O004241,P011,1,19200.0,0.2
OI0005127,O004242,P011,3,24000.0,0.0
OI0005128,O004243,P008,3,17100.0,0.05
OI0005129,O004244,P001,2,8500.0,0.0
OI0005130,O004245,P001,1,8500.0,0.0
OI0005131,O004246,P005,2,52000.0,0.0
OI0005132,O004246,P011,1,21600.0,0.1
OI0005133,O004247,P008,1,18000.0,0.0
OI0005134,O004247,P011,1,20400.0,0.15
OI0005135,O004248,P002,1,58500.0,0.1
OI0005136,O004249,P006,1,15000.0,0.0
OI0005137,O004250,P005,3,46800.0,0.1
OI0005138,O004251,P009,1,20900.0,0.05
OI0005139,O004252,P007,3,4500.0,0.0
OI0005140,O004253,P006,2,15000.0,0.0
OI0005141,O004254,P004,3,28000.0,0.0
OI0005142,O004255,P003,1,12000.0,0.0
OI0005143,O004256,P006,3,12750.0,0.15
OI0005144,O004257,P009,-1,20900.0,0.05
OI0005145,O004258,P005,1,49400.0,0.05
OI0005146,O004259,P003,2,10800.0,0.1
OI0005147,O004259,P001,2,7650.0,0.1
OI0005148,O004260,P010,1,6500.0,0.0
OI0005149,O004261,P006,2,12750.0,0.15
OI0005150,O004262,P005,1,52000.0,0.0
OI0005151,O004263,P004,3,28000.0,0.0
OI0005152,O004264,P010,2,6500.0,0.0
OI0005153,O004265,P008,3,18000.0,0.0
OI0005154,O004266,P009,3,20900.0,0.05
OI0005155,O004267,P001,3,8500.0,0.0
OI0005156,O004268,P009,2,20900.0,0.05
OI0005157,O004269,P003,2,10200.0,0.15
OI0005158,O004270,P010,3,5525.0,0.15
OI0005159,O004270,P007,1,3825.0,0.15
OI0005160,O004271,P007,2,4500.0,0.0
OI0005161,O004272,P004,3,26600.0,0.05
OI0005162,O004273,P010,2,5850.0,0.1
OI0005163,O004273,P004,2,28000.0,0.0
OI0005164,O004274,P002,2,65000.0,0.0
OI0005165,O004274,P010,1,5850.0,0.1
OI0005166,O004275,P001,3,8500.0,0.0
OI0005167,O004276,P009,1,22000.0,0.0
OI0005168,O004277,P004,2,25200.0,0.1
OI0005169,O004278,P009,3,22000.0,0.0
OI0005170,O004279,P006,3,12750.0,0.15
OI0005171,O004280,P004,2,28000.0,0.0
OI0005172,O004281,P005,2,52000.0,0.0
OI0005173,O004282,P010,2,6175.0,0.05
OI0005174,O004283,P004,3,28000.0,0.0
OI0005175,O004284,P002,3,65000.0,0.0
OI0005176,O004285,P008,1,14400.0,0.2
OI0005177,O004286,P003,2,11400.0,0.05
OI0005178,O004287,P008,2,17100.0,0.05
OI0005179,O004287,P002,1,65000.0,0.0
OI0005180,O004288,P011,1,21600.0,0.1
OI0005181,O004288,P003,2,12000.0,0.0
OI0005182,O004289,P010,1,5850.0,0.1
OI0005183,O004289,P004,1,26600.0,0.05
OI0005184,O004290,P009,1,22000.0,0.0
OI0005185,O004290,P007,1,3600.0,0.2
OI0005186,O004291,P001,3,8500.0,0.0
OI0005187,O004292,P003,1,12000.0,0.0
OI0005188,O004293,P003,2,9600.0,0.2
OI0005189,O004293,P010,2,6500.0,0.0
OI0005190,O004294,P005,2,52000.0,0.0
OI0005191,O004294,P006,1,14250.0,0.05
OI0005192,O004295,P012,2,2375.0,0.05
OI0005193,O004296,P007,3,4500.0,0.0
OI0005194,O004297,P001,1,8500.0,0.0
OI0005195,O004298,P002,1,65000.0,0.0
OI0005196,O004299,P011,3,24000.0,0.0
OI0005197,O004299,P010,2,6175.0,0.05
OI0005198,O004300,P001,2,8500.0,0.0
OI0005199,O004301,P008,1,18000.0,0.0
OI0005200,O004302,P008,2,16200.0,0.1
OI0005201,O004303,P007,3,4500.0,0.0
OI0005202,O004303,P004,2,28000.0,0.0
OI0005203,O004304,P007,1,4500.0,0.0
OI0005204,O004304,P002,2,65000.0,0.0
OI0005205,O004305,P001,1,8500.0,0.0
OI0005206,O004306,P004,1,25200.0,0.1
OI0005207,O004307,P001,1,8500.0,0.0
OI0005208,O004308,P010,2,5850.0,0.1
OI0005209,O004309,P009,1,19800.0,0.1
OI0005210,O004310,P005,2,46800.0,0.1
OI0005211,O004311,P005,2,49400.0,0.05
OI0005212,O004311,P011,2,22800.0,0.05
OI0005213,O004312,P012,2,2500.0,0.0
OI0005214,O004313,P004,3,25200.0,0.1
OI0005215,O004314,P010,2,6175.0,0.05
OI0005216,O004314,P006,2,15000.0,0.0
OI0005217,O004315,P002,2,58500.0,0.1
OI0005218,O004315,P010,2,5525.0,0.15
OI0005219,O004316,P007,1,4500.0,0.0
OI0005220,O004317,P004,1,26600.0,0.05
OI0005221,O004318,P002,3,55250.0,0.15
OI0005222,O004319,P002,3,65000.0,0.0
OI0005223,O004319,P004,3,26600.0,0.05
OI0005224,O004320,P011,3,22800.0,0.05
OI0005225,O004320,P003,3,11400.0,0.05
OI0005226,O004321,P002,2,65000.0,0.0
OI0005227,O004321,P009,3,22000.0,0.0
OI0005228,O004322,P008,3,17100.0,0.05
OI0005229,O004323,P008,2,18000.0,0.0
OI0005230,O004323,P002,2,65000.0,0.0
OI0005231,O004324,P002,2,52000.0,0.2
OI0005232,O004325,P009,3,22000.0,0.0
OI0005233,O004326,P002,2,65000.0,0.0
OI0005234,O004327,P006,1,13500.0,0.1
OI0005235,O004328,P007,3,4500.0,0.0
OI0005236,O004329,P001,1,7650.0,0.1
OI0005237,O004330,P008,3,18000.0,0.0
OI0005238,O004331,P001,1,8500.0,0.0
OI0005239,O004332,P011,3,24000.0,0.0
OI0005240,O004333,P011,-1,24000.0,0.0
OI0005241,O004334,P012,2,2375.0,0.05
OI0005242,O004335,P003,3,10200.0,0.15
OI0005243,O004336,P004,3,28000.0,0.0
OI0005244,O004337,P008,1,18000.0,0.0
OI0005245,O004338,P009,1,22000.0,0.0
OI0005246,O004339,P001,2,8500.0,0.0
OI0005247,O004339,P007,2,4275.0,0.05
OI0005248,O004340,P006,3,14250.0,0.05
OI0005249,O004341,P001,2,6800.0,0.2
OI0005250,O004342,P006,1,15000.0,0.0
OI0005251,O004343,P007,1,4275.0,0.05
OI0005252,O004344,P012,3,2250.0,0.1
OI0005253,O004345,P008,2,16200.0,0.1
OI0005254,O004346,P011,2,19200.0,0.2
OI0005255,O004347,P007,3,3825.0,0.15
OI0005256,O004348,P011,1,22800.0,0.05
OI0005257,O004349,P001,2,8500.0,0.0
OI0005258,O004350,P004,2,28000.0,0.0
OI0005259,O004351,P006,2,15000.0,0.0
OI0005260,O004351,P003,3,12000.0,0.0
OI0005261,O004352,P002,1,58500.0,0.1
OI0005262,O004353,P007,3,4500.0,0.0
OI0005263,O004354,P009,1,20900.0,0.05
OI0005264,O004355,P001,2,8500.0,0.0
OI0005265,O004356,P004,1,26600.0,0.05
OI0005266,O004357,P007,3,4500.0,0.0
OI0005267,O004358,P004,2,26600.0,0.05
OI0005268,O004358,P009,1,20900.0,0.05
OI0005269,O004359,P006,1,13500.0,0.1
OI0005270,O004360,P001,2,8500.0,0.0
OI0005271,O004361,P001,1,8075.0,0.05
OI0005272,O004361,P008,1,18000.0,0.0
OI0005273,O004362,P006,3,15000.0,0.0
OI0005274,O004362,P003,2,10200.0,0.15
OI0005275,O004363,P011,2,24000.0,0.0
OI0005276,O004364,P012,3,2375.0,0.05
OI0005277,O004364,P010,2,6500.0,0.0
OI0005278,O004365,P003,3,10800.0,0.1
OI0005279,O004365,P008,1,16200.0,0.1
OI0005280,O004366,P008,3,18000.0,0.0
OI0005281,O004366,P007,2,4275.0,0.05
OI0005282,O004367,P004,3,26600.0,0.05
OI0005283,O004367,P005,3,52000.0,0.0
OI0005284,O004368,P002,3,61750.0,0.05
OI0005285,O004369,P002,3,58500.0,0.1
OI0005286,O004370,P009,3,20900.0,0.05
OI0005287,O004370,P002,3,58500.0,0.1
OI0005288,O004371,P007,3,4050.0,0.1
OI0005289,O004372,P007,2,4050.0,0.1
OI0005290,O004372,P002,3,58500.0,0.1
OI0005291,O004373,P002,2,65000.0,0.0
OI0005292,O004374,P006,3,15000.0,0.0
OI0005293,O004375,P001,3,6800.0,0.2
OI0005294,O004376,P012,1,2375.0,0.05
OI0005295,O004377,P001,3,8500.0,0.0
OI0005296,O004377,P004,1,23800.0,0.15
OI0005297,O004378,P007,1,4500.0,0.0
OI0005298,O004379,P008,2,17100.0,0.05
OI0005299,O004379,P001,1,7650.0,0.1
OI0005300,O004380,P011,1,20400.0,0.15
OI0005301,O004381,P001,2,8075.0,0.05
OI0005302,O004382,P007,3,4275.0,0.05
OI0005303,O004383,P011,2,24000.0,0.0
OI0005304,O004384,P012,2,2375.0,0.05
OI0005305,O004385,P001,3,8075.0,0.05
OI0005306,O004386,P002,3,65000.0,0.0
OI0005307,O004386,P004,3,22400.0,0.2
OI0005308,O004387,P010,2,5850.0,0.1
OI0005309,O004388,P007,1,4275.0,0.05
OI0005310,O004389,P010,3,6175.0,0.05
OI0005311,O004390,P008,1,15300.0,0.15
OI0005312,O004390,P005,2,41600.0,0.2
OI0005313,O004391,P002,1,65000.0,0.0
OI0005314,O004392,P005,1,52000.0,0.0
OI0005315,O004393,P011,1,21600.0,0.1
OI0005316,O004394,P008,1,15300.0,0.15
OI0005317,O004395,P010,2,6500.0,0.0
OI0005318,O004396,P004,1,28000.0,0.0
OI0005319,O004397,P004,1,28000.0,0.0
OI0005320,O004398,P006,3,13500.0,0.1
OI0005321,O004399,P010,3,6500.0,0.0
OI0005322,O004399,P006,3,12000.0,0.2
OI0005323,O004400,P003,2,11400.0,0.05
OI0005324,O004401,P001,2,8500.0,0.0
OI0005325,O004402,P008,2,15300.0,0.15
OI0005326,O004403,P007,3,4050.0,0.1
OI0005327,O004404,P009,3,19800.0,0.1
OI0005328,O004404,P006,3,15000.0,0.0
OI0005329,O004405,P004,2,25200.0,0.1
OI0005330,O004406,P012,1,2000.0,0.2
OI0005331,O004407,P002,3,52000.0,0.2
OI0005332,O004408,P004,1,26600.0,0.05
OI0005333,O004409,P008,2,16200.0,0.1
OI0005334,O004410,P001,3,8500.0,0.0
OI0005335,O004411,P004,3,26600.0,0.05
OI0005336,O004412,P006,1,15000.0,0.0
OI0005337,O004413,P008,2,17100.0,0.05
OI0005338,O004414,P008,1,15300.0,0.15
OI0005339,O004415,P009,1,19800.0,0.1
OI0005340,O004415,P010,3,6175.0,0.05
OI0005341,O004416,P004,3,28000.0,0.0
OI0005342,O004416,P012,1,2500.0,0.0
OI0005343,O004417,P005,3,49400.0,0.05
OI0005344,O004418,P011,3,22800.0,0.05
OI0005345,O004419,P010,2,6500.0,0.0
OI0005346,O004420,P006,1,13500.0,0.1
OI0005347,O004421,P001,2,7650.0,0.1
OI0005348,O004422,P004,3,28000.0,0.0
OI0005349,O004423,P006,1,12750.0,0.15
OI0005350,O004424,P002,2,65000.0,0.0
OI0005351,O004425,P007,3,4500.0,0.0
OI0005352,O004425,P009,2,18700.0,0.15
OI0005353,O004426,P001,3,7650.0,0.1
OI0005354,O004427,P007,2,4500.0,0.0
OI0005355,O004428,P009,3,20900.0,0.05
OI0005356,O004428,P008,1,16200.0,0.1
OI0005357,O004429,P003,3,10200.0,0.15
OI0005358,O004430,P006,3,15000.0,0.0
OI0005359,O004430,P001,3,7650.0,0.1
OI0005360,O004431,P005,3,44200.0,0.15
OI0005361,O004432,P001,3,8075.0,0.05
OI0005362,O004433,P012,3,2250.0,0.1
OI0005363,O004434,P008,3,15300.0,0.15
OI0005364,O004435,P008,2,15300.0,0.15
OI0005365,O004436,P008,1,18000.0,0.0
OI0005366,O004437,P006,1,15000.0,0.0
OI0005367,O004438,P006,1,15000.0,0.0
OI0005368,O004439,P004,1,25200.0,0.1
OI0005369,O004440,P009,3,20900.0,0.05
OI0005370,O004440,P008,3,17100.0,0.05
OI0005371,O004441,P012,3,2250.0,0.1
OI0005372,O004442,P007,3,4500.0,0.0
OI0005373,O004443,P004,1,26600.0,0.05
OI0005374,O004444,P004,3,23800.0,0.15
OI0005375,O004445,P010,2,6175.0,0.05
OI0005376,O004445,P005,2,52000.0,0.0
OI0005377,O004446,P006,2,14250.0,0.05
OI0005378,O004447,P005,3,49400.0,0.05
OI0005379,O004448,P010,3,6175.0,0.05
OI0005380,O004449,P008,1,15300.0,0.15
OI0005381,O004450,P010,2,5525.0,0.15
OI0005382,O004451,P002,1,61750.0,0.05
OI0005383,O004451,P008,1,18000.0,0.0
OI0005384,O004452,P006,3,15000.0,0.0
OI0005385,O004453,P009,3,18700.0,0.15
OI0005386,O004453,P006,3,13500.0,0.1
OI0005387,O004454,P011,3,22800.0,0.05
OI0005388,O004455,P003,1,10200.0,0.15
OI0005389,O004455,P002,3,65000.0,0.0
OI0005390,O004456,P009,1,20900.0,0.05
OI0005391,O004457,P011,2,22800.0,0.05
OI0005392,O004458,P010,3,6500.0,0.0
OI0005393,O004459,P003,2,12000.0,0.0
OI0005394,O004459,P010,3,6500.0,0.95
OI0005395,O004460,P004,2,28000.0,0.0
OI0005396,O004461,P005,2,52000.0,0.0
OI0005397,O004462,P004,2,28000.0,0.0
OI0005398,O004463,P002,1,65000.0,0.0
OI0005399,O004464,P005,1,49400.0,0.05
OI0005400,O004465,P008,2,17100.0,0.05
OI0005401,O004465,P002,2,61750.0,0.05
OI0005402,O004466,P009,3,22000.0,0.0
OI0005403,O004467,P009,2,18700.0,0.15
OI0005404,O004468,P005,3,49400.0,0.05
OI0005405,O004468,P002,1,65000.0,0.0
OI0005406,O004469,P011,3,24000.0,0.0
OI0005407,O004470,P011,2,21600.0,0.1
OI0005408,O004471,P003,2,12000.0,0.0
OI0005409,O004472,P005,3,49400.0,0.05
OI0005410,O004473,P002,3,58500.0,0.1
OI0005411,O004474,P001,3,7225.0,0.15
OI0005412,O004475,P003,3,11400.0,0.05
OI0005413,O004476,P011,2,24000.0,0.0
OI0005414,O004477,P001,2,8075.0,0.05
OI0005415,O004478,P011,2,21600.0,0.1
OI0005416,O004479,P010,1,6500.0,0.0
OI0005417,O004480,P001,3,8500.0,0.0
OI0005418,O004481,P004,3,25200.0,0.1
OI0005419,O004482,P003,3,11400.0,0.05
OI0005420,O004482,P007,2,4500.0,0.0
OI0005421,O004483,P009,2,22000.0,0.0
OI0005422,O004484,P008,2,14400.0,0.2
OI0005423,O004485,P009,3,20900.0,0.05
OI0005424,O004485,P011,2,22800.0,0.05
OI0005425,O004486,P001,3,8500.0,0.0
OI0005426,O004486,P006,3,13500.0,0.1
OI0005427,O004487,P007,1,3825.0,0.15
OI0005428,O004487,P010,1,6500.0,0.0
OI0005429,O004488,P006,2,13500.0,0.1
OI0005430,O004489,P009,3,20900.0,0.05
OI0005431,O004490,P001,3,7225.0,0.15
OI0005432,O004490,P012,3,2500.0,0.0
OI0005433,O004491,P002,3,55250.0,0.15
OI0005434,O004491,P001,2,6800.0,0.2
OI0005435,O004492,P009,3,22000.0,0.0
OI0005436,O004493,P002,2,58500.0,0.1
OI0005437,O004494,P003,3,11400.0,0.05
OI0005438,O004495,P008,3,16200.0,0.1
OI0005439,O004495,P004,3,25200.0,0.1
OI0005440,O004496,P004,1,26600.0,0.05
OI0005441,O004497,P003,3,12000.0,0.0
OI0005442,O004497,P012,2,2250.0,0.1
OI0005443,O004498,P006,1,13500.0,0.1
OI0005444,O004499,P009,1,20900.0,0.05
OI0005445,O004499,P004,2,28000.0,0.0
OI0005446,O004500,P001,2,7225.0,0.15
OI0005447,O004501,P009,3,18700.0,0.15
OI0005448,O004502,P005,1,52000.0,0.0
OI0005449,O004503,P004,1,25200.0,0.1
OI0005450,O004504,P003,3,12000.0,0.0
OI0005451,O004505,P005,1,49400.0,0.05
OI0005452,O004506,P006,3,14250.0,0.05
OI0005453,O004507,P002,3,65000.0,0.0
OI0005454,O004507,P001,1,8075.0,0.05
OI0005455,O004508,P008,1,18000.0,0.0
OI0005456,O004508,P012,1,2500.0,0.0
OI0005457,O004509,P005,1,52000.0,0.0
OI0005458,O004510,P001,1,8075.0,0.05
OI0005459,O004510,P004,1,25200.0,0.1
OI0005460,O004511,P010,2,5525.0,0.15
OI0005461,O004512,P010,2,5525.0,0.15
OI0005462,O004513,P001,2,7650.0,0.1
OI0005463,O004514,P011,1,20400.0,0.15
OI0005464,O004514,P002,2,65000.0,0.0
OI0005465,O004515,P012,1,2500.0,0.0
OI0005466,O004516,P006,2,14250.0,0.05
OI0005467,O004517,P009,3,22000.0,0.0
OI0005468,O004517,P001,3,8500.0,0.0
OI0005469,O004518,P006,2,14250.0,0.05
OI0005470,O004519,P008,1,15300.0,0.15
OI0005471,O004519,P004,3,28000.0,0.0
OI0005472,O004520,P003,1,12000.0,0.0
OI0005473,O004521,P006,1,15000.0,0.0
OI0005474,O004522,P005,1,46800.0,0.1
OI0005475,O004523,P009,3,22000.0,0.0
OI0005476,O004524,P009,3,20900.0,0.05
OI0005477,O004525,P003,2,11400.0,0.05
OI0005478,O004526,P001,2,8075.0,0.05
OI0005479,O004526,P005,3,52000.0,0.0
OI0005480,O004527,P010,2,5525.0,0.15
OI0005481,O004528,P006,3,15000.0,0.0
OI0005482,O004528,P011,2,19200.0,0.2
OI0005483,O004529,P003,2,11400.0,0.05
OI0005484,O004530,P007,1,4500.0,0.0
OI0005485,O004531,P003,1,12000.0,0.0
OI0005486,O004532,P012,1,2250.0,0.1
OI0005487,O004533,P004,3,25200.0,0.1
OI0005488,O004534,P010,3,6500.0,0.0
OI0005489,O004534,P002,3,61750.0,0.05
OI0005490,O004535,P004,1,25200.0,0.1
OI0005491,O004535,P010,3,5850.0,0.1
OI0005492,O004536,P008,2,16200.0,0.1
OI0005493,O004537,P001,3,8075.0,0.05
OI0005494,O004538,P001,2,7650.0,0.1
OI0005495,O004538,P005,2,52000.0,0.0
OI0005496,O004539,P006,2,14250.0,0.05
OI0005497,O004540,P009,1,22000.0,0.0
OI0005498,O004541,P001,1,8500.0,0.0
OI0005499,O004542,P007,1,4050.0,0.1
OI0005500,O004543,P002,3,52000.0,0.2
OI0005501,O004544,P010,1,6175.0,0.05
OI0005502,O004545,P006,1,14250.0,0.05
OI0005503,O004546,P002,3,58500.0,0.1
OI0005504,O004547,P006,2,12000.0,0.2
OI0005505,O004548,P004,2,25200.0,0.1
OI0005506,O004549,P002,1,65000.0,0.0
OI0005507,O004550,P005,1,52000.0,0.0
OI0005508,O004551,P001,1,8500.0,0.0
OI0005509,O004552,P008,1,18000.0,0.0
OI0005510,O004553,P002,2,55250.0,0.15
OI0005511,O004554,P006,1,13500.0,0.1
OI0005512,O004554,P011,1,21600.0,0.1
OI0005513,O004555,P009,1,18700.0,0.15
OI0005514,O004556,P001,2,8500.0,0.0
OI0005515,O004557,P002,2,61750.0,0.05
OI0005516,O004558,P006,1,15000.0,0.0
OI0005517,O004559,P006,1,15000.0,0.0
OI0005518,O004560,P002,1,65000.0,0.0
OI0005519,O004561,P007,3,4500.0,0.0
OI0005520,O004561,P012,2,2250.0,0.1
OI0005521,O004562,P011,2,21600.0,0.1
OI0005522,O004562,P006,1,15000.0,0.0
OI0005523,O004563,P003,2,11400.0,0.05
OI0005524,O004564,P008,1,18000.0,0.0
OI0005525,O004564,P010,3,5850.0,0.1
OI0005526,O004565,P004,2,25200.0,0.1
OI0005527,O004566,P006,1,12750.0,0.15
OI0005528,O004566,P008,2,16200.0,0.1
OI0005529,O004567,P007,1,4500.0,0.0
OI0005530,O004568,P006,3,14250.0,0.05
OI0005531,O004569,P005,1,46800.0,0.1
OI0005532,O004570,P011,1,24000.0,0.0
OI0005533,O004571,P002,2,55250.0,0.15
OI0005534,O004572,P007,3,3600.0,0.2
OI0005535,O004572,P001,1,8500.0,0.0
OI0005536,O004573,P009,1,19800.0,0.1
OI0005537,O004574,P006,1,13500.0,0.1
OI0005538,O004574,P007,3,4500.0,0.0
OI0005539,O004575,P012,2,2125.0,0.15
OI0005540,O004575,P007,2,4050.0,0.1
OI0005541,O004576,P012,1,2250.0,0.1
OI0005542,O004577,P001,3,8500.0,0.0
OI0005543,O004578,P005,2,49400.0,0.05
OI0005544,O004579,P003,3,10800.0,0.1
OI0005545,O004580,P004,1,25200.0,0.1
OI0005546,O004580,P003,1,10800.0,0.1
OI0005547,O004581,P010,3,6500.0,0.0
OI0005548,O004581,P009,2,22000.0,0.0
OI0005549,O004582,P001,1,8500.0,0.0
OI0005550,O004583,P010,1,6175.0,0.05
OI0005551,O004584,P003,1,9600.0,0.2
OI0005552,O004585,P010,2,5525.0,0.15
OI0005553,O004586,P007,1,4050.0,0.1
OI0005554,O004586,P004,1,23800.0,0.15
OI0005555,O004587,P001,2,8500.0,0.0
OI0005556,O004588,P001,1,8075.0,0.05
OI0005557,O004588,P004,2,28000.0,0.0
OI0005558,O004589,P006,1,15000.0,0.0
OI0005559,O004590,P006,1,13500.0,0.1
OI0005560,O004591,P006,3,13500.0,0.1
OI0005561,O004592,P002,3,65000.0,0.0
OI0005562,O004593,P001,3,7225.0,0.15
OI0005563,O004594,P001,1,8500.0,0.0
OI0005564,O004594,P004,1,28000.0,0.0
OI0005565,O004595,P008,1,18000.0,0.0
OI0005566,O004596,P008,3,18000.0,0.0
OI0005567,O004597,P002,1,65000.0,0.0
OI0005568,O004598,P009,2,22000.0,0.0
OI0005569,O004599,P006,2,12750.0,0.15
OI0005570,O004599,P002,1,65000.0,0.0
OI0005571,O004600,P004,1,22400.0,0.2
OI0005572,O004601,P003,3,12000.0,0.0
OI0005573,O004602,P001,2,8075.0,0.05
OI0005574,O004603,P009,3,22000.0,0.0
OI0005575,O004604,P002,2,65000.0,0.0
OI0005576,O004605,P011,2,20400.0,0.15
OI0005577,O004606,P009,3,22000.0,0.0
OI0005578,O004607,P001,1,8075.0,0.05
OI0005579,O004608,P009,1,20900.0,0.05
OI0005580,O004609,P011,2,24000.0,0.0
OI0005581,O004610,P011,1,21600.0,0.1
OI0005582,O004611,P011,2,20400.0,0.15
OI0005583,O004612,P001,1,8500.0,0.0
OI0005584,O004613,P005,2,49400.0,0.05
OI0005585,O004614,P001,2,8075.0,0.05
OI0005586,O004614,P004,2,28000.0,0.0
OI0005587,O004615,P003,1,12000.0,0.0
OI0005588,O004616,P011,3,24000.0,0.0
OI0005589,O004617,P009,1,22000.0,0.0
OI0005590,O004617,P007,3,3825.0,0.15
OI0005591,O004618,P004,1,26600.0,0.05
OI0005592,O004619,P003,1,12000.0,0.0
OI0005593,O004620,P002,3,61750.0,0.05
OI0005594,O004621,P008,3,18000.0,0.0
OI0005595,O004622,P009,2,20900.0,0.05
OI0005596,O004623,P004,2,26600.0,0.05
OI0005597,O004624,P011,1,21600.0,0.1
OI0005598,O004625,P011,2,21600.0,0.1
OI0005599,O004626,P003,1,11400.0,0.05
OI0005600,O004627,P008,3,18000.0,0.0
OI0005601,O004628,P006,2,15000.0,0.0
OI0005602,O004628,P010,2,5200.0,0.2
OI0005603,O004629,P009,1,22000.0,0.0
OI0005604,O004630,P008,1,15300.0,0.15
OI0005605,O004631,P004,3,23800.0,0.15
OI0005606,O004631,P010,3,5525.0,0.15
OI0005607,O004632,P009,1,22000.0,0.0
OI0005608,O004633,P003,2,12000.0,0.0
OI0005609,O004633,P005,1,46800.0,0.1
OI0005610,O004634,P006,1,14250.0,0.05
OI0005611,O004635,P002,3,65000.0,0.0
OI0005612,O004636,P001,2,8500.0,0.0
OI0005613,O004636,P011,3,20400.0,0.15
OI0005614,O004637,P004,1,26600.0,0.05
OI0005615,O004638,P001,1,8500.0,0.0
OI0005616,O004639,P005,1,44200.0,0.15
OI0005617,O004640,P005,1,41600.0,0.2
OI0005618,O004641,P004,1,23800.0,0.15
OI0005619,O004642,P004,2,28000.0,0.0
OI0005620,O004643,P007,3,3600.0,0.2
OI0005621,O004644,P007,2,3825.0,0.15
OI0005622,O004644,P004,2,25200.0,0.1
OI0005623,O004645,P012,1,2500.0,0.0
OI0005624,O004646,P010,3,6500.0,0.0
OI0005625,O004647,P002,2,55250.0,0.15
OI0005626,O004647,P004,3,28000.0,0.0
OI0005627,O004648,P008,1,14400.0,0.2
OI0005628,O004648,P010,2,5850.0,0.1
OI0005629,O004649,P005,3,52000.0,0.0
OI0005630,O004650,P011,2,22800.0,0.05
OI0005631,O004651,P006,1,15000.0,0.0
OI0005632,O004652,P001,3,8500.0,0.0
OI0005633,O004652,P003,1,10800.0,0.1
OI0005634,O004653,P005,1,46800.0,0.1
OI0005635,O004654,P009,2,20900.0,0.05
OI0005636,O004654,P008,2,18000.0,0.0
OI0005637,O004655,P001,1,8500.0,0.0
OI0005638,O004656,P010,2,6500.0,0.0
OI0005639,O004657,P005,2,52000.0,0.0
OI0005640,O004658,P001,2,8075.0,0.05
OI0005641,O004659,P006,3,15000.0,0.0
OI0005642,O004660,P004,3,23800.0,0.15
OI0005643,O004661,P006,2,12750.0,0.15
OI0005644,O004662,P006,2,14250.0,0.05
OI0005645,O004663,P001,1,8500.0,0.0
OI0005646,O004664,P007,1,3825.0,0.15
OI0005647,O004665,P002,1,61750.0,0.05
OI0005648,O004666,P007,2,4050.0,0.1
OI0005649,O004667,P001,1,8500.0,0.0
OI0005650,O004667,P009,3,19800.0,0.1
OI0005651,O004668,P006,1,15000.0,0.0
OI0005652,O004669,P005,1,52000.0,0.0
OI0005653,O004670,P006,3,13500.0,0.1
OI0005654,O004671,P004,1,22400.0,0.2
OI0005655,O004671,P012,3,2125.0,0.15
OI0005656,O004672,P010,2,5850.0,0.1
OI0005657,O004672,P004,3,25200.0,0.1
OI0005658,O004673,P009,1,18700.0,0.15
OI0005659,O004674,P005,1,52000.0,0.0
OI0005660,O004675,P009,1,20900.0,0.05
OI0005661,O004675,P010,3,6500.0,0.0
OI0005662,O004676,P010,2,5525.0,0.15
OI0005663,O004677,P006,2,13500.0,0.1
OI0005664,O004678,P002,2,58500.0,0.1
OI0005665,O004679,P001,2,8500.0,0.0
OI0005666,O004680,P011,2,24000.0,0.0
OI0005667,O004680,P007,2,4500.0,0.0
OI0005668,O004681,P004,3,28000.0,0.0
OI0005669,O004682,P003,1,10800.0,0.1
OI0005670,O004682,P009,3,22000.0,0.0
OI0005671,O004683,P011,1,24000.0,0.0
OI0005672,O004684,P008,2,17100.0,0.05
OI0005673,O004685,P004,2,26600.0,0.05
OI0005674,O004686,P009,1,20900.0,0.05
OI0005675,O004686,P008,1,17100.0,0.05
OI0005676,O004687,P008,3,17100.0,0.05
OI0005677,O004687,P005,1,49400.0,0.05
OI0005678,O004688,P009,1,19800.0,0.1
OI0005679,O004688,P003,2,10800.0,0.1
OI0005680,O004689,P007,1,3825.0,0.15
OI0005681,O004690,P008,1,16200.0,0.1
OI0005682,O004691,P006,3,13500.0,0.1
OI0005683,O004691,P002,3,58500.0,0.1
OI0005684,O004692,P009,2,20900.0,0.05
OI0005685,O004692,P005,1,49400.0,0.05
OI0005686,O004693,P008,3,18000.0,0.0
OI0005687,O004694,P001,1,8075.0,0.05
OI0005688,O004695,P009,3,18700.0,0.15
OI0005689,O004696,P001,2,7650.0,0.1
OI0005690,O004697,P007,2,4275.0,0.05
OI0005691,O004698,P010,2,6175.0,0.05
OI0005692,O004698,P002,3,61750.0,0.05
OI0005693,O004699,P009,3,22000.0,0.0
OI0005694,O004700,P007,3,3600.0,0.2
OI0005695,O004701,P005,3,49400.0,0.05
OI0005696,O004702,P001,3,8500.0,0.0
OI0005697,O004703,P010,2,5525.0,0.15
OI0005698,O004704,P007,3,4275.0,0.05
OI0005699,O004705,P001,1,8500.0,0.0
OI0005700,O004706,P010,3,6500.0,0.0
OI0005701,O004706,P001,3,8075.0,0.05
OI0005702,O004707,P005,3,44200.0,0.15
OI0005703,O004708,P007,3,4050.0,0.1
OI0005704,O004709,P010,3,5200.0,0.2
OI0005705,O004710,P010,1,5525.0,0.15
OI0005706,O004710,P002,3,61750.0,0.05
OI0005707,O004711,P007,3,4500.0,0.0
OI0005708,O004712,P004,2,26600.0,0.05
OI0005709,O004713,P001,2,7225.0,0.15
OI0005710,O004713,P012,2,2500.0,0.0
OI0005711,O004714,P007,1,4050.0,0.1
OI0005712,O004715,P006,2,12750.0,0.15
OI0005713,O004716,P003,2,12000.0,0.0
OI0005714,O004717,P007,3,4500.0,0.0
OI0005715,O004718,P001,3,8500.0,0.0
OI0005716,O004719,P010,1,5525.0,0.15
OI0005717,O004720,P007,2,4500.0,0.0
OI0005718,O004721,P008,2,18000.0,0.0
OI0005719,O004722,P009,2,20900.0,0.05
OI0005720,O004722,P010,1,6500.0,0.0
OI0005721,O004723,P004,1,25200.0,0.1
OI0005722,O004724,P001,1,7225.0,0.15
OI0005723,O004725,P002,2,61750.0,0.05
OI0005724,O004726,P010,1,6175.0,0.05
OI0005725,O004726,P009,1,19800.0,0.1
OI0005726,O004727,P005,3,52000.0,0.0
OI0005727,O004727,P008,1,15300.0,0.15
OI0005728,O004728,P009,2,22000.0,0.0
OI0005729,O004729,P012,1,2500.0,0.0
OI0005730,O004730,P009,1,20900.0,0.05
OI0005731,O004731,P008,3,17100.0,0.05
OI0005732,O004732,P002,3,65000.0,0.0
OI0005733,O004733,P001,1,7225.0,0.15
OI0005734,O004734,P007,3,4275.0,0.05
OI0005735,O004735,P007,2,4275.0,0.05
OI0005736,O004736,P008,2,17100.0,0.05
OI0005737,O004737,P004,2,28000.0,0.0
OI0005738,O004738,P007,1,4275.0,0.05
OI0005739,O004739,P004,3,23800.0,0.15
OI0005740,O004740,P005,3,44200.0,0.15
OI0005741,O004741,P006,1,15000.0,0.0
OI0005742,O004742,P008,3,16200.0,0.1
OI0005743,O004743,P001,3,7650.0,0.1
OI0005744,O004744,P002,3,61750.0,0.05
OI0005745,O004745,P005,3,46800.0,0.1
OI0005746,O004746,P005,3,41600.0,0.2
OI0005747,O004746,P001,1,8075.0,0.05
OI0005748,O004747,P009,3,22000.0,0.0
OI0005749,O004748,P008,3,18000.0,0.0
OI0005750,O004748,P002,1,58500.0,0.1
OI0005751,O004749,P006,3,14250.0,0.05
OI0005752,O004750,P002,2,65000.0,0.0
OI0005753,O004751,P011,2,24000.0,0.0
OI0005754,O004752,P002,2,58500.0,0.1
OI0005755,O004753,P012,1,2375.0,0.05
OI0005756,O004754,P002,2,65000.0,0.0
OI0005757,O004755,P012,3,2375.0,0.05
OI0005758,O004755,P003,3,10800.0,0.1
OI0005759,O004756,P012,2,2250.0,0.1
OI0005760,O004756,P007,2,4500.0,0.0
OI0005761,O004757,P010,2,6175.0,0.05
OI0005762,O004758,P007,1,4500.0,0.0
OI0005763,O004759,P009,2,22000.0,0.0
OI0005764,O004759,P001,1,8500.0,0.0
OI0005765,O004760,P004,3,28000.0,0.0
OI0005766,O004761,P012,2,2125.0,0.15
OI0005767,O004762,P007,1,4050.0,0.1
OI0005768,O004763,P008,1,18000.0,0.0
OI0005769,O004763,P010,1,6500.0,0.0
OI0005770,O004764,P007,3,4500.0,0.0
OI0005771,O004765,P001,3,8500.0,0.0
OI0005772,O004766,P003,3,10200.0,0.15
OI0005773,O004767,P006,1,13500.0,0.1
OI0005774,O004768,P001,2,8500.0,0.0
OI0005775,O004768,P006,1,15000.0,0.0
OI0005776,O004769,P001,3,7650.0,0.1
OI0005777,O004769,P009,1,17600.0,0.2
OI0005778,O004770,P011,1,24000.0,0.0
OI0005779,O004771,P010,3,6175.0,0.05
OI0005780,O004772,P002,1,61750.0,0.05
OI0005781,O004772,P009,1,22000.0,0.0
OI0005782,O004773,P005,1,52000.0,0.0
OI0005783,O004774,P005,2,46800.0,0.1
OI0005784,O004775,P012,2,2375.0,0.05
OI0005785,O004776,P011,1,24000.0,0.0
OI0005786,O004776,P005,2,49400.0,0.05
OI0005787,O004777,P006,2,12750.0,0.15
OI0005788,O004778,P009,1,18700.0,0.15
OI0005789,O004779,P005,2,41600.0,0.2
OI0005790,O004780,P005,2,52000.0,0.0
OI0005791,O004780,P012,1,2375.0,0.05
OI0005792,O004781,P002,2,58500.0,0.1
OI0005793,O004782,P003,2,10800.0,0.1
OI0005794,O004783,P009,3,20900.0,0.05
OI0005795,O004784,P006,1,15000.0,0.0
OI0005796,O004785,P009,3,20900.0,0.05
OI0005797,O004786,P006,3,15000.0,0.0
OI0005798,O004787,P006,3,14250.0,0.05
OI0005799,O004788,P007,3,4275.0,0.05
OI0005800,O004789,P004,2,28000.0,0.0
OI0005801,O004790,P007,1,4500.0,0.0
OI0005802,O004790,P005,2,44200.0,0.15
OI0005803,O004791,P001,1,8500.0,0.0
OI0005804,O004792,P006,1,15000.0,0.0
OI0005805,O004793,P006,3,15000.0,0.0
OI0005806,O004794,P006,1,14250.0,0.05
OI0005807,O004795,P001,3,8500.0,0.0
OI0005808,O004796,P004,3,28000.0,0.0
OI0005809,O004797,P008,2,18000.0,0.0
OI0005810,O004798,P004,1,22400.0,0.2
OI0005811,O004799,P011,2,22800.0,0.05
OI0005812,O004800,P011,1,22800.0,0.05
OI0005813,O004801,P001,1,8075.0,0.05
OI0005814,O004802,P009,2,20900.0,0.05
OI0005815,O004803,P004,2,28000.0,0.0
OI0005816,O004804,P011,3,24000.0,0.0
OI0005817,O004805,P011,1,21600.0,0.1
OI0005818,O004805,P003,1,10200.0,0.15
OI0005819,O004806,P011,2,24000.0,0.0
OI0005820,O004807,P004,1,28000.0,0.0
OI0005821,O004807,P009,1,18700.0,0.15
OI0005822,O004808,P008,2,15300.0,0.15
OI0005823,O004809,P011,2,22800.0,0.05
OI0005824,O004809,P001,2,7650.0,0.1
OI0005825,O004810,P003,3,12000.0,0.0
OI0005826,O004811,P005,3,52000.0,0.0
OI0005827,O004812,P006,3,13500.0,0.1
OI0005828,O004813,P009,3,22000.0,0.0
OI0005829,O004813,P011,3,24000.0,0.0
OI0005830,O004814,P010,2,5850.0,0.1
OI0005831,O004815,P008,1,15300.0,0.15
OI0005832,O004816,P002,1,65000.0,0.0
OI0005833,O004817,P006,1,15000.0,0.0
OI0005834,O004817,P004,1,28000.0,0.0
OI0005835,O004818,P002,3,61750.0,0.05
OI0005836,O004819,P011,2,24000.0,0.0
OI0005837,O004820,P002,1,55250.0,0.15
OI0005838,O004821,P001,3,8500.0,0.0
OI0005839,O004822,P002,1,65000.0,0.0
OI0005840,O004823,P004,1,28000.0,0.0
OI0005841,O004824,P011,2,24000.0,0.0
OI0005842,O004825,P004,2,26600.0,0.05
OI0005843,O004825,P001,2,8075.0,0.05
OI0005844,O004826,P007,1,4050.0,0.1
OI0005845,O004827,P002,3,65000.0,0.0
OI0005846,O004828,P008,2,18000.0,0.0
OI0005847,O004829,P003,1,10800.0,0.1
OI0005848,O004829,P012,1,2375.0,0.05
OI0005849,O004830,P009,1,20900.0,0.05
OI0005850,O004831,P002,2,58500.0,0.1
OI0005851,O004831,P006,2,15000.0,0.0
OI0005852,O004832,P003,1,10800.0,0.1
OI0005853,O004833,P002,3,65000.0,0.0
OI0005854,O004834,P009,2,22000.0,0.0
OI0005855,O004834,P002,2,61750.0,0.05
OI0005856,O004835,P008,3,18000.0,0.0
OI0005857,O004836,P010,3,5850.0,0.1
OI0005858,O004836,P002,3,65000.0,0.0
OI0005859,O004837,P005,3,46800.0,0.1
OI0005860,O004837,P004,3,28000.0,0.0
OI0005861,O004838,P008,2,18000.0,0.0
OI0005862,O004839,P010,3,5850.0,0.1
OI0005863,O004840,P012,1,2250.0,0.1
OI0005864,O004841,P011,1,20400.0,0.15
OI0005865,O004842,P003,3,11400.0,0.05
OI0005866,O004842,P009,1,18700.0,0.15
OI0005867,O004843,P008,1,17100.0,0.05
OI0005868,O004844,P001,1,7225.0,0.15
OI0005869,O004845,P001,2,8500.0,0.0
OI0005870,O004846,P010,2,6500.0,0.0
OI0005871,O004847,P003,2,12000.0,0.0
OI0005872,O004848,P011,3,22800.0,0.05
OI0005873,O004849,P010,1,5850.0,0.1
OI0005874,O004850,P002,2,65000.0,0.0
OI0005875,O004851,P004,1,28000.0,0.0
OI0005876,O004852,P004,2,28000.0,0.0
OI0005877,O004853,P010,3,6500.0,0.0
OI0005878,O004854,P003,3,11400.0,0.05
OI0005879,O004855,P010,3,6500.0,0.0
OI0005880,O004856,P006,3,14250.0,0.05
OI0005881,O004857,P001,2,7650.0,0.1
OI0005882,O004858,P008,1,18000.0,0.0
OI0005883,O004859,P001,3,8500.0,0.0
OI0005884,O004860,P003,3,10200.0,0.15
OI0005885,O004861,P010,1,6500.0,0.0
OI0005886,O004862,P004,3,28000.0,0.0
OI0005887,O004862,P008,2,16200.0,0.1
OI0005888,O004863,P005,2,52000.0,0.0
OI0005889,O004864,P007,1,4500.0,0.0
OI0005890,O004865,P012,3,2375.0,0.05
OI0005891,O004866,P001,2,7650.0,0.1
OI0005892,O004867,P006,2,15000.0,0.0
OI0005893,O004868,P007,2,4275.0,0.05
OI0005894,O004869,P006,2,14250.0,0.05
OI0005895,O004870,P003,1,10200.0,0.15
OI0005896,O004871,P004,1,26600.0,0.05
OI0005897,O004872,P009,3,22000.0,0.0
OI0005898,O004873,P010,3,5525.0,0.15
OI0005899,O004874,P010,2,5850.0,0.1
OI0005900,O004874,P004,1,25200.0,0.1
OI0005901,O004875,P007,3,4500.0,0.0
OI0005902,O004876,P005,3,52000.0,0.0
OI0005903,O004877,P009,2,20900.0,0.05
OI0005904,O004877,P004,3,26600.0,0.05
OI0005905,O004878,P010,3,6175.0,0.05
OI0005906,O004879,P010,1,5850.0,0.1
OI0005907,O004880,P001,1,8075.0,0.05
OI0005908,O004880,P005,1,46800.0,0.1
OI0005909,O004881,P001,3,8500.0,0.0
OI0005910,O004882,P009,3,19800.0,0.1
OI0005911,O004883,P007,3,4500.0,0.0
OI0005912,O004884,P001,2,7650.0,0.1
OI0005913,O004885,P003,3,12000.0,0.0
OI0005914,O004886,P010,1,5850.0,0.1
OI0005915,O004886,P006,3,15000.0,0.0
OI0005916,O004887,P005,2,52000.0,0.0
OI0005917,O004888,P005,2,52000.0,0.0
OI0005918,O004889,P009,2,20900.0,0.05
OI0005919,O004890,P011,1,24000.0,0.0
OI0005920,O004891,P005,2,52000.0,0.0
OI0005921,O004892,P011,1,24000.0,0.0
OI0005922,O004892,P005,1,46800.0,0.1
OI0005923,O004893,P005,3,49400.0,0.05
OI0005924,O004893,P010,1,6500.0,0.0
OI0005925,O004894,P008,3,16200.0,0.1
OI0005926,O004895,P005,2,46800.0,0.1
OI0005927,O004896,P011,3,22800.0,0.05
OI0005928,O004897,P008,3,18000.0,0.0
OI0005929,O004898,P001,1,7650.0,0.1
OI0005930,O004899,P010,1,5525.0,0.15
OI0005931,O004900,P009,1,19800.0,0.1
OI0005932,O004900,P002,1,65000.0,0.0
OI0005933,O004901,P011,3,24000.0,0.0
OI0005934,O004902,P009,3,18700.0,0.15
OI0005935,O004903,P001,1,7650.0,0.1
OI0005936,O004904,P009,3,20900.0,0.05
OI0005937,O004905,P011,1,24000.0,0.0
OI0005938,O004905,P003,2,12000.0,0.0
OI0005939,O004906,P006,1,13500.0,0.1
OI0005940,O004907,P003,1,12000.0,0.0
OI0005941,O004908,P001,2,8500.0,0.0
OI0005942,O004909,P001,3,7650.0,0.1
OI0005943,O004909,P002,1,65000.0,0.0
OI0005944,O004910,P011,2,24000.0,0.0
OI0005945,O004911,P011,1,21600.0,0.1
OI0005946,O004912,P008,3,17100.0,0.05
OI0005947,O004913,P007,1,4500.0,0.0
OI0005948,O004914,P005,3,46800.0,0.1
OI0005949,O004915,P006,3,15000.0,0.0
OI0005950,O004916,P009,1,22000.0,0.0
OI0005951,O004917,P005,3,46800.0,0.1
OI0005952,O004918,P009,2,22000.0,0.0
OI0005953,O004919,P004,3,26600.0,0.05
OI0005954,O004920,P001,1,8500.0,0.0
OI0005955,O004921,P002,1,65000.0,0.0
OI0005956,O004922,P007,3,4050.0,0.1
OI0005957,O004923,P002,3,61750.0,0.05
OI0005958,O004924,P006,3,13500.0,0.1
OI0005959,O004924,P003,1,10800.0,0.1
OI0005960,O004925,P002,1,65000.0,0.0
OI0005961,O004926,P001,1,7650.0,0.1
OI0005962,O004927,P002,2,58500.0,0.1
OI0005963,O004928,P010,3,5850.0,0.1
OI0005964,O004929,P002,1,65000.0,0.0
OI0005965,O004930,P002,1,58500.0,0.1
OI0005966,O004931,P002,2,58500.0,0.1
OI0005967,O004932,P001,3,8500.0,0.0
OI0005968,O004933,P001,1,8500.0,0.0
OI0005969,O004934,P007,1,3825.0,0.15
OI0005970,O004934,P011,1,24000.0,0.0
OI0005971,O004935,P001,3,8500.0,0.0
OI0005972,O004936,P009,2,22000.0,0.0
OI0005973,O004937,P002,2,65000.0,0.0
OI0005974,O004937,P001,1,8500.0,0.0
OI0005975,O004938,P004,2,23800.0,0.15
OI0005976,O004939,P001,3,8075.0,0.05
OI0005977,O004939,P007,3,4050.0,0.1
OI0005978,O004940,P004,1,28000.0,0.0
OI0005979,O004940,P011,2,24000.0,0.0
OI0005980,O004941,P001,2,8075.0,0.05
OI0005981,O004942,P005,2,52000.0,0.0
OI0005982,O004943,P012,3,2125.0,0.15
OI0005983,O004944,P002,1,55250.0,0.15
OI0005984,O004944,P006,3,15000.0,0.0
OI0005985,O004945,P005,2,52000.0,0.0
OI0005986,O004945,P009,2,22000.0,0.0
OI0005987,O004946,P008,2,17100.0,0.05
OI0005988,O004947,P006,2,15000.0,0.0
OI0005989,O004948,P005,1,44200.0,0.15
OI0005990,O004949,P006,2,13500.0,0.1
OI0005991,O004949,P003,2,11400.0,0.05
OI0005992,O004950,P010,1,6500.0,0.0
OI0005993,O004950,P011,1,21600.0,0.1
OI0005994,O004951,P009,2,22000.0,0.0
OI0005995,O004952,P005,1,46800.0,0.1
OI0005996,O004952,P003,3,11400.0,0.05
OI0005997,O004953,P007,3,4275.0,0.05
OI0005998,O004953,P004,3,26600.0,0.05
OI0005999,O004954,P003,1,12000.0,0.0
OI0006000,O004954,P009,3,19800.0,0.1
OI0006001,O004955,P006,3,15000.0,0.0
OI0006002,O004955,P001,1,8500.0,0.0
OI0006003,O004956,P007,3,4500.0,0.0
OI0006004,O004957,P011,2,21600.0,0.1
OI0006005,O004958,P004,1,23800.0,0.15
OI0006006,O004959,P007,3,4275.0,0.05
OI0006007,O004959,P004,2,28000.0,0.0
OI0006008,O004960,P011,1,22800.0,0.05
OI0006009,O004961,P007,2,4500.0,0.0
OI0006010,O004962,P004,1,28000.0,0.0
OI0006011,O004963,P002,1,61750.0,0.05
OI0006012,O004964,P003,1,11400.0,0.05
OI0006013,O004964,P006,1,14250.0,0.05
OI0006014,O004965,P010,3,6500.0,0.0
OI0006015,O004966,P003,2,11400.0,0.05
OI0006016,O004966,P010,2,6175.0,0.05
OI0006017,O004967,P005,3,49400.0,0.05
OI0006018,O004968,P004,2,28000.0,0.0
OI0006019,O004969,P004,1,28000.0,0.0
OI0006020,O004969,P007,3,4500.0,0.0
OI0006021,O004970,P008,2,17100.0,0.05
OI0006022,O004970,P004,1,25200.0,0.1
OI0006023,O004971,P010,1,6175.0,0.05
OI0006024,O004972,P006,1,12750.0,0.15
OI0006025,O004973,P007,1,4500.0,0.0
OI0006026,O004974,P006,1,12000.0,0.2
OI0006027,O004975,P003,2,11400.0,0.05
OI0006028,O004976,P012,1,2250.0,0.1
OI0006029,O004977,P001,3,7650.0,0.1
OI0006030,O004978,P009,2,19800.0,0.1
OI0006031,O004979,P004,2,26600.0,0.05
OI0006032,O004979,P010,1,6175.0,0.05
OI0006033,O004980,P004,1,28000.0,0.0
OI0006034,O004981,P001,2,8075.0,0.05
OI0006035,O004982,P001,1,8500.0,0.0
OI0006036,O004983,P011,2,20400.0,0.15
OI0006037,O004984,P006,3,15000.0,0.0
OI0006038,O004985,P002,2,55250.0,0.15
OI0006039,O004986,P004,2,28000.0,0.0
OI0006040,O004987,P005,1,49400.0,0.05
OI0006041,O004988,P008,3,18000.0,0.0
OI0006042,O004988,P010,2,5525.0,0.15
OI0006043,O004989,P009,3,20900.0,0.05
OI0006044,O004990,P004,1,25200.0,0.1
OI0006045,O004991,P010,1,5850.0,0.1
OI0006046,O004991,P009,3,19800.0,0.1
OI0006047,O004992,P012,1,2500.0,0.0
OI0006048,O004993,P010,2,5850.0,0.1
OI0006049,O004994,P005,1,46800.0,0.1
OI0006050,O004995,P009,3,19800.0,0.1
OI0006051,O004996,P004,1,25200.0,0.1
OI0006052,O004997,P012,2,2500.0,0.0
OI0006053,O004997,P008,2,17100.0,0.05
OI0006054,O004998,P008,1,14400.0,0.2
OI0006055,O004999,P004,2,28000.0,0.0
OI0006056,O005000,P007,2,4500.0,0.0
OI0006057,O005001,P012,2,2500.0,0.0
OI0006058,O005002,P002,2,52000.0,0.2
OI0006059,O005002,P003,1,12000.0,0.0
OI0006060,O005003,P006,3,12750.0,0.15
OI0006061,O005004,P008,2,18000.0,0.0
OI0006062,O005005,P007,1,4275.0,0.05
OI0006063,O005006,P003,3,12000.0,0.0
OI0006064,O005007,P010,2,5525.0,0.15
OI0006065,O005007,P007,2,4275.0,0.05
OI0006066,O005008,P001,2,8500.0,0.0
OI0006067,O005009,P001,-1,8500.0,0.0
OI0006068,O005010,P006,3,15000.0,0.0
OI0006069,O005011,P006,3,15000.0,0.0
OI0006070,O005012,P006,1,13500.0,0.1
OI0006071,O005013,P004,3,26600.0,0.05
OI0006072,O005013,P008,3,15300.0,0.15
OI0006073,O005014,P002,1,55250.0,0.15
OI0006074,O005015,P001,2,8500.0,0.0
OI0006075,O005016,P001,1,7650.0,0.1
OI0006076,O005017,P010,2,5200.0,0.2
OI0006077,O005018,P012,3,2500.0,0.0
OI0006078,O005019,P007,2,3825.0,0.15
OI0006079,O005020,P007,1,3600.0,0.2
OI0006080,O005021,P001,3,8500.0,0.0
OI0006081,O005021,P004,1,25200.0,0.1
OI0006082,O005022,P005,3,49400.0,0.05
OI0006083,O005022,P003,2,10800.0,0.1
OI0006084,O005023,P010,3,6500.0,0.0
OI0006085,O005023,P001,3,8075.0,0.05
OI0006086,O005024,P001,2,7225.0,0.15
OI0006087,O005025,P004,1,28000.0,0.0
OI0006088,O005025,P007,1,4500.0,0.0
OI0006089,O005026,P012,2,2375.0,0.05
OI0006090,O005027,P001,1,8500.0,0.0
OI0006091,O005027,P006,2,15000.0,0.0
OI0006092,O005028,P006,1,15000.0,0.0
OI0006093,O005028,P001,1,7650.0,0.1
OI0006094,O005029,P009,3,22000.0,0.0
OI0006095,O005029,P002,2,61750.0,0.05
OI0006096,O005030,P008,2,18000.0,0.0
OI0006097,O005031,P006,-1,13500.0,0.1
OI0006098,O005031,P008,2,14400.0,0.2
OI0006099,O005032,P005,3,44200.0,0.15
OI0006100,O005033,P003,3,10800.0,0.1
OI0006101,O005034,P001,1,8075.0,0.05
OI0006102,O005035,P003,2,10800.0,0.1
OI0006103,O005036,P003,1,12000.0,0.0
OI0006104,O005037,P012,3,2375.0,0.05
OI0006105,O005038,P002,1,58500.0,0.1
OI0006106,O005039,P002,1,55250.0,0.15
OI0006107,O005040,P010,1,5525.0,0.15
OI0006108,O005041,P002,2,65000.0,0.0
OI0006109,O005042,P010,2,6500.0,0.0
OI0006110,O005043,P009,2,22000.0,0.0
OI0006111,O005044,P012,2,2500.0,0.0
OI0006112,O005045,P008,3,15300.0,0.15
OI0006113,O005046,P008,2,17100.0,0.05
OI0006114,O005047,P001,2,7650.0,0.1
OI0006115,O005048,P004,2,28000.0,0.0
OI0006116,O005049,P004,2,26600.0,0.05
OI0006117,O005050,P005,1,44200.0,0.15
OI0006118,O005051,P004,2,28000.0,0.0
OI0006119,O005052,P004,3,28000.0,0.0
OI0006120,O005053,P012,3,2250.0,0.1
OI0006121,O005054,P009,3,18700.0,0.15
OI0006122,O005055,P006,2,13500.0,0.1
OI0006123,O005056,P007,3,4275.0,0.05
OI0006124,O005056,P002,3,61750.0,0.05
OI0006125,O005057,P010,1,5200.0,0.2
OI0006126,O005058,P002,2,58500.0,0.1
OI0006127,O005059,P003,3,9600.0,0.2
OI0006128,O005060,P002,3,58500.0,0.1
OI0006129,O005061,P005,2,49400.0,0.05
OI0006130,O005062,P006,2,15000.0,0.0
OI0006131,O005063,P011,3,21600.0,0.1
OI0006132,O005063,P005,3,44200.0,0.15
OI0006133,O005064,P004,3,22400.0,0.2
OI0006134,O005064,P010,1,6175.0,0.05
OI0006135,O005065,P004,2,28000.0,0.0
OI0006136,O005066,P005,1,52000.0,0.0
OI0006137,O005067,P010,2,6175.0,0.05
OI0006138,O005067,P006,3,12750.0,0.15
OI0006139,O005068,P009,1,19800.0,0.1
OI0006140,O005069,P001,1,8500.0,0.0
OI0006141,O005070,P012,1,2375.0,0.05
OI0006142,O005070,P007,1,4500.0,0.0
OI0006143,O005071,P001,1,7650.0,0.1
OI0006144,O005071,P004,2,23800.0,0.15
OI0006145,O005072,P002,2,58500.0,0.1
OI0006146,O005073,P008,1,17100.0,0.05
OI0006147,O005074,P003,2,10800.0,0.1
OI0006148,O005075,P005,3,52000.0,0.0
OI0006149,O005076,P010,2,6500.0,0.0
OI0006150,O005077,P007,2,4500.0,0.0
OI0006151,O005077,P002,3,61750.0,0.05
OI0006152,O005078,P001,2,8500.0,0.0
OI0006153,O005078,P004,3,25200.0,0.1
OI0006154,O005079,P011,2,24000.0,0.0
OI0006155,O005080,P007,1,3825.0,0.15
OI0006156,O005081,P009,2,20900.0,0.05
OI0006157,O005082,P001,3,7225.0,0.15
OI0006158,O005083,P010,2,5200.0,0.2
OI0006159,O005084,P008,1,18000.0,0.0
OI0006160,O005085,P003,3,10200.0,0.15
OI0006161,O005086,P011,1,24000.0,0.0
OI0006162,O005086,P006,3,12000.0,0.2
OI0006163,O005087,P007,1,3825.0,0.15
OI0006164,O005087,P002,3,52000.0,0.2
OI0006165,O005088,P004,2,26600.0,0.05
OI0006166,O005089,P001,2,7225.0,0.15
OI0006167,O005089,P008,2,17100.0,0.05
OI0006168,O005090,P006,1,15000.0,0.0
OI0006169,O005090,P009,2,18700.0,0.15
OI0006170,O005091,P001,3,8500.0,0.0
OI0006171,O005092,P005,2,46800.0,0.1
OI0006172,O005093,P007,2,3825.0,0.15
OI0006173,O005094,P010,3,6500.0,0.0
OI0006174,O005095,P009,2,20900.0,0.05
OI0006175,O005096,P006,1,13500.0,0.1
OI0006176,O005096,P010,1,6500.0,0.0
OI0006177,O005097,P006,2,15000.0,0.0
OI0006178,O005098,P012,1,2125.0,0.15
OI0006179,O005099,P001,3,7650.0,0.1
OI0006180,O005099,P002,1,52000.0,0.2
OI0006181,O005100,P007,3,4275.0,0.05
OI0006182,O005101,P008,1,17100.0,0.05
OI0006183,O005101,P005,3,46800.0,0.1
OI0006184,O005102,P004,2,26600.0,0.05
OI0006185,O005103,P001,1,7225.0,0.15
OI0006186,O005104,P012,1,2500.0,0.0
OI0006187,O005105,P010,3,5525.0,0.15
OI0006188,O005106,P001,1,7225.0,0.15
OI0006189,O005107,P003,2,12000.0,0.0
OI0006190,O005108,P001,3,7225.0,0.15
OI0006191,O005109,P002,1,58500.0,0.1
OI0006192,O005110,P006,3,15000.0,0.0
OI0006193,O005110,P008,1,18000.0,0.0
OI0006194,O005111,P001,2,7650.0,0.1
OI0006195,O005112,P006,2,15000.0,0.0
OI0006196,O005113,P003,2,12000.0,0.0
OI0006197,O005114,P006,3,14250.0,0.05
OI0006198,O005114,P005,1,52000.0,0.0
OI0006199,O005115,P006,3,15000.0,0.0
OI0006200,O005116,P009,3,22000.0,0.0
OI0006201,O005117,P012,2,2250.0,0.1
OI0006202,O005118,P004,1,26600.0,0.05
OI0006203,O005118,P006,1,15000.0,0.0
OI0006204,O005119,P003,1,11400.0,0.05
OI0006205,O005119,P010,1,6175.0,0.05
OI0006206,O005120,P006,2,14250.0,0.05
OI0006207,O005121,P011,3,21600.0,0.1
OI0006208,O005121,P003,1,12000.0,0.0
OI0006209,O005122,P001,1,7650.0,0.1
OI0006210,O005122,P003,1,12000.0,0.0
OI0006211,O005123,P004,3,28000.0,0.0
OI0006212,O005123,P008,3,15300.0,0.15
OI0006213,O005124,P006,1,14250.0,0.05
OI0006214,O005125,P004,2,23800.0,0.15
OI0006215,O005126,P011,3,20400.0,0.15
OI0006216,O005126,P008,2,17100.0,0.05
OI0006217,O005127,P005,2,52000.0,0.0
OI0006218,O005127,P007,2,4500.0,0.0
OI0006219,O005128,P007,2,3825.0,0.15
OI0006220,O005128,P001,3,7650.0,0.1
OI0006221,O005129,P004,3,28000.0,0.0
OI0006222,O005130,P002,3,58500.0,0.1
OI0006223,O005131,P011,2,19200.0,0.2
OI0006224,O005132,P006,3,13500.0,0.1
OI0006225,O005133,P004,2,28000.0,0.0
OI0006226,O005133,P008,2,17100.0,0.05
OI0006227,O005134,P005,3,46800.0,0.1
OI0006228,O005135,P001,1,8075.0,0.05
OI0006229,O005136,P008,3,17100.0,0.05
OI0006230,O005137,P001,2,7650.0,0.1
OI0006231,O005138,P001,2,8500.0,0.0
OI0006232,O005139,P001,3,8500.0,0.0
OI0006233,O005140,P009,3,20900.0,0.05
OI0006234,O005140,P002,1,61750.0,0.05
OI0006235,O005141,P003,1,10800.0,0.1
OI0006236,O005142,P011,3,24000.0,0.0
OI0006237,O005143,P004,3,28000.0,0.0
OI0006238,O005144,P010,1,5850.0,0.1
OI0006239,O005144,P006,2,15000.0,0.0
OI0006240,O005145,P008,1,16200.0,0.1
OI0006241,O005146,P011,1,24000.0,0.0
OI0006242,O005147,P012,1,2375.0,0.05
OI0006243,O005148,P012,2,2500.0,0.0
OI0006244,O005149,P005,2,46800.0,0.1
OI0006245,O005150,P002,3,58500.0,0.1
OI0006246,O005150,P008,1,18000.0,0.0
OI0006247,O005151,P005,2,52000.0,0.0
OI0006248,O005152,P002,3,52000.0,0.2
OI0006249,O005153,P011,2,22800.0,0.05
OI0006250,O005154,P003,1,11400.0,0.05
OI0006251,O005155,P003,3,11400.0,0.05
OI0006252,O005156,P005,2,44200.0,0.15
OI0006253,O005157,P007,2,4050.0,0.1
OI0006254,O005158,P003,1,12000.0,0.0
OI0006255,O005159,P001,3,8500.0,0.0
OI0006256,O005159,P005,1,52000.0,0.0
OI0006257,O005160,P010,2,6175.0,0.05
OI0006258,O005161,P001,1,8075.0,0.05
OI0006259,O005162,P001,1,8500.0,0.0
OI0006260,O005163,P010,1,6500.0,0.0
OI0006261,O005163,P001,3,7650.0,0.1
OI0006262,O005164,P003,2,11400.0,0.05
OI0006263,O005165,P006,3,15000.0,0.0
OI0006264,O005166,P007,3,4050.0,0.1
OI0006265,O005167,P004,2,23800.0,0.15
OI0006266,O005168,P011,1,20400.0,0.15
OI0006267,O005169,P010,3,6500.0,0.0
OI0006268,O005170,P008,1,14400.0,0.2
OI0006269,O005171,P001,1,8075.0,0.05
OI0006270,O005172,P007,1,3825.0,0.15
OI0006271,O005173,P006,2,13500.0,0.1
OI0006272,O005174,P006,1,14250.0,0.05
OI0006273,O005175,P011,2,21600.0,0.1
OI0006274,O005176,P003,2,11400.0,0.05
OI0006275,O005177,P005,1,49400.0,0.05
OI0006276,O005178,P001,2,7650.0,0.1
OI0006277,O005179,P004,1,22400.0,0.2
OI0006278,O005180,P009,3,20900.0,0.05
OI0006279,O005181,P001,3,8500.0,0.0
OI0006280,O005182,P012,2,2375.0,0.05
OI0006281,O005182,P006,2,13500.0,0.1
OI0006282,O005183,P012,3,2375.0,0.05
OI0006283,O005184,P002,2,65000.0,0.0
OI0006284,O005185,P009,3,22000.0,0.0
OI0006285,O005185,P001,2,8500.0,0.0
OI0006286,O005186,P012,2,2375.0,0.05
OI0006287,O005187,P010,3,5525.0,0.15
OI0006288,O005188,P001,3,8075.0,0.05
OI0006289,O005189,P006,2,12750.0,0.15
OI0006290,O005190,P010,3,6175.0,0.05
OI0006291,O005191,P001,3,7650.0,0.1
OI0006292,O005192,P010,1,6500.0,0.0
OI0006293,O005193,P001,2,8075.0,0.05
OI0006294,O005194,P002,2,65000.0,0.0
OI0006295,O005195,P001,3,8500.0,0.0
OI0006296,O005196,P009,3,17600.0,0.2
OI0006297,O005197,P003,2,12000.0,0.0
OI0006298,O005198,P008,2,16200.0,0.1
OI0006299,O005199,P009,3,20900.0,0.05
OI0006300,O005200,P012,2,2500.0,0.0
OI0006301,O005201,P001,1,7225.0,0.15
OI0006302,O005202,P001,2,7225.0,0.15
OI0006303,O005203,P012,2,2250.0,0.1
OI0006304,O005204,P003,3,11400.0,0.05
OI0006305,O005205,P006,2,15000.0,0.0
OI0006306,O005206,P004,2,25200.0,0.1
OI0006307,O005207,P006,1,15000.0,0.0
OI0006308,O005208,P005,2,46800.0,0.1
OI0006309,O005209,P010,3,6175.0,0.05
OI0006310,O005210,P001,1,8500.0,0.0
OI0006311,O005211,P004,1,22400.0,0.2
OI0006312,O005212,P011,2,20400.0,0.15
OI0006313,O005213,P009,3,22000.0,0.0
OI0006314,O005214,P009,3,19800.0,0.1
OI0006315,O005215,P004,3,28000.0,0.0
OI0006316,O005215,P001,3,7650.0,0.1
OI0006317,O005216,P005,1,46800.0,0.1
OI0006318,O005217,P012,3,2500.0,0.0
OI0006319,O005218,P004,3,25200.0,0.1
OI0006320,O005219,P005,2,52000.0,0.95
OI0006321,O005219,P010,3,5525.0,0.15
OI0006322,O005220,P009,2,19800.0,0.1
OI0006323,O005221,P009,1,20900.0,0.05
OI0006324,O005222,P005,2,46800.0,0.1
OI0006325,O005222,P003,3,10800.0,0.1
OI0006326,O005223,P010,1,5525.0,0.15
OI0006327,O005223,P007,2,4500.0,0.0
OI0006328,O005224,P008,2,15300.0,0.15
OI0006329,O005225,P002,1,65000.0,0.0
OI0006330,O005226,P006,1,15000.0,0.0
OI0006331,O005226,P002,2,61750.0,0.05
OI0006332,O005227,P012,2,2500.0,0.0
OI0006333,O005227,P007,3,4275.0,0.05
OI0006334,O005228,P004,1,28000.0,0.0
OI0006335,O005229,P008,3,17100.0,0.05
OI0006336,O005229,P005,2,52000.0,0.0
OI0006337,O005230,P001,1,8075.0,0.05
OI0006338,O005230,P003,2,11400.0,0.05
OI0006339,O005231,P003,1,12000.0,0.0
OI0006340,O005231,P002,1,58500.0,0.1
OI0006341,O005232,P003,1,10800.0,0.1
OI0006342,O005233,P005,3,52000.0,0.0
OI0006343,O005233,P008,2,15300.0,0.15
OI0006344,O005234,P008,3,16200.0,0.1
OI0006345,O005235,P005,3,41600.0,0.2
OI0006346,O005236,P004,3,26600.0,0.05
OI0006347,O005237,P001,1,8500.0,0.0
OI0006348,O005238,P001,2,8500.0,0.0
OI0006349,O005239,P001,2,8075.0,0.05
OI0006350,O005239,P003,2,9600.0,0.2
OI0006351,O005240,P011,3,24000.0,0.95
OI0006352,O005241,P001,1,8075.0,0.05
OI0006353,O005241,P005,1,49400.0,0.05
OI0006354,O005242,P007,3,4500.0,0.0
OI0006355,O005242,P004,3,28000.0,0.0
OI0006356,O005243,P006,2,14250.0,0.05
OI0006357,O005244,P012,2,2000.0,0.2
OI0006358,O005245,P010,1,6175.0,0.05
OI0006359,O005246,P009,2,19800.0,0.1
OI0006360,O005247,P001,3,7225.0,0.15
OI0006361,O005247,P012,1,2375.0,0.05
OI0006362,O005248,P007,3,3825.0,0.15
OI0006363,O005248,P006,2,12750.0,0.15
OI0006364,O005249,P004,1,26600.0,0.05
OI0006365,O005250,P002,2,65000.0,0.0
OI0006366,O005251,P002,3,65000.0,0.0
OI0006367,O005252,P002,2,61750.0,0.05
OI0006368,O005253,P009,3,22000.0,0.0
OI0006369,O005254,P009,1,22000.0,0.0
OI0006370,O005254,P003,2,11400.0,0.05
OI0006371,O005255,P006,3,14250.0,0.05
OI0006372,O005256,P009,2,22000.0,0.0
OI0006373,O005257,P006,2,14250.0,0.05
OI0006374,O005258,P005,2,46800.0,0.1
OI0006375,O005259,P006,2,14250.0,0.05
OI0006376,O005260,P010,2,6175.0,0.05
OI0006377,O005261,P011,3,22800.0,0.05
OI0006378,O005261,P004,3,22400.0,0.2
OI0006379,O005262,P005,1,52000.0,0.0
OI0006380,O005262,P004,3,25200.0,0.1
OI0006381,O005263,P006,1,13500.0,0.1
OI0006382,O005264,P008,2,16200.0,0.1
OI0006383,O005265,P006,2,14250.0,0.05
OI0006384,O005265,P003,2,12000.0,0.0
OI0006385,O005266,P003,1,10800.0,0.1
OI0006386,O005266,P004,2,28000.0,0.0
OI0006387,O005267,P011,2,20400.0,0.15
OI0006388,O005268,P005,1,46800.0,0.1
OI0006389,O005269,P008,2,18000.0,0.0
OI0006390,O005269,P005,1,49400.0,0.05
OI0006391,O005270,P011,2,21600.0,0.1
OI0006392,O005271,P009,2,17600.0,0.2
OI0006393,O005272,P001,3,8500.0,0.0
OI0006394,O005272,P010,3,6175.0,0.05
OI0006395,O005273,P006,2,13500.0,0.1
OI0006396,O005274,P001,3,8500.0,0.0
OI0006397,O005275,P001,1,8500.0,0.0
OI0006398,O005275,P008,3,18000.0,0.0
OI0006399,O005276,P005,3,52000.0,0.0
OI0006400,O005276,P006,2,14250.0,0.05
OI0006401,O005277,P004,2,26600.0,0.05
OI0006402,O005278,P002,1,58500.0,0.1
OI0006403,O005279,P010,3,6500.0,0.0
OI0006404,O005280,P012,3,2500.0,0.0
OI0006405,O005281,P002,1,65000.0,0.0
OI0006406,O005282,P007,3,4500.0,0.0
OI0006407,O005282,P004,1,25200.0,0.1
OI0006408,O005283,P006,1,14250.0,0.05
OI0006409,O005284,P006,2,15000.0,0.0
OI0006410,O005285,P006,3,14250.0,0.05
OI0006411,O005285,P004,2,26600.0,0.05
OI0006412,O005286,P004,1,28000.0,0.0
OI0006413,O005287,P010,2,6175.0,0.05
OI0006414,O005287,P006,1,12750.0,0.15
OI0006415,O005288,P010,1,5850.0,0.1
OI0006416,O005289,P004,3,25200.0,0.1
OI0006417,O005290,P001,1,7650.0,0.1
OI0006418,O005291,P006,3,15000.0,0.0
OI0006419,O005292,P003,2,12000.0,0.0
OI0006420,O005293,P001,3,7650.0,0.1
OI0006421,O005293,P005,2,52000.0,0.0
OI0006422,O005294,P001,3,8500.0,0.0
OI0006423,O005295,P001,2,7650.0,0.1
OI0006424,O005296,P010,3,6500.0,0.0
OI0006425,O005296,P009,2,22000.0,0.0
OI0006426,O005297,P002,1,65000.0,0.0
OI0006427,O005298,P004,1,26600.0,0.05
OI0006428,O005299,P001,2,8075.0,0.05
OI0006429,O005300,P009,3,18700.0,0.15
OI0006430,O005300,P011,2,21600.0,0.1
OI0006431,O005301,P003,1,11400.0,0.05
OI0006432,O005301,P010,2,6175.0,0.05
OI0006433,O005302,P010,1,5850.0,0.1
OI0006434,O005303,P005,3,52000.0,0.0
OI0006435,O005304,P001,3,8075.0,0.05
OI0006436,O005305,P001,2,8500.0,0.0
OI0006437,O005306,P007,2,4050.0,0.1
OI0006438,O005306,P006,1,15000.0,0.0
OI0006439,O005307,P008,2,16200.0,0.1
OI0006440,O005308,P006,1,15000.0,0.0
OI0006441,O005308,P004,3,28000.0,0.0
OI0006442,O005309,P009,3,22000.0,0.0
OI0006443,O005309,P006,2,15000.0,0.0
OI0006444,O005310,P007,2,4500.0,0.0
OI0006445,O005310,P008,2,17100.0,0.05
OI0006446,O005311,P008,2,14400.0,0.2
OI0006447,O005311,P002,3,61750.0,0.05
OI0006448,O005312,P007,1,3825.0,0.15
OI0006449,O005312,P011,3,21600.0,0.1
OI0006450,O005313,P004,1,23800.0,0.15
OI0006451,O005314,P004,1,28000.0,0.0
OI0006452,O005314,P003,1,11400.0,0.05
OI0006453,O005315,P002,2,65000.0,0.0
OI0006454,O005316,P010,2,6500.0,0.0
OI0006455,O005316,P001,1,8500.0,0.0
OI0006456,O005317,P001,3,8075.0,0.05
OI0006457,O005317,P004,3,25200.0,0.1
OI0006458,O005318,P006,2,13500.0,0.1
OI0006459,O005318,P009,3,20900.0,0.05
OI0006460,O005319,P004,1,25200.0,0.1
OI0006461,O005320,P010,3,6500.0,0.0
OI0006462,O005320,P007,3,4500.0,0.0
OI0006463,O005321,P005,2,46800.0,0.1
OI0006464,O005322,P001,3,8500.0,0.0
OI0006465,O005323,P008,3,18000.0,0.0
OI0006466,O005324,P009,3,22000.0,0.0
OI0006467,O005324,P004,3,26600.0,0.05
OI0006468,O005325,P007,1,4275.0,0.05
OI0006469,O005325,P009,2,22000.0,0.0
OI0006470,O005326,P006,1,15000.0,0.0
OI0006471,O005326,P010,2,5850.0,0.1
OI0006472,O005327,P008,1,18000.0,0.0
OI0006473,O005328,P007,3,4500.0,0.0
OI0006474,O005329,P007,2,4275.0,0.05
OI0006475,O005330,P011,3,24000.0,0.0
OI0006476,O005331,P003,1,10800.0,0.1
OI0006477,O005332,P001,3,8500.0,0.0
OI0006478,O005333,P003,1,12000.0,0.0
OI0006479,O005334,P005,2,52000.0,0.0
OI0006480,O005334,P001,2,8500.0,0.0
OI0006481,O005335,P003,2,12000.0,0.0
OI0006482,O005336,P003,1,12000.0,0.0
OI0006483,O005337,P008,1,16200.0,0.1
OI0006484,O005337,P004,2,28000.0,0.0
OI0006485,O005338,P009,1,22000.0,0.0
OI0006486,O005338,P003,1,11400.0,0.05
OI0006487,O005339,P007,1,4050.0,0.1
OI0006488,O005339,P004,2,26600.0,0.05
OI0006489,O005340,P007,3,4275.0,0.05
OI0006490,O005341,P008,3,15300.0,0.15
OI0006491,O005342,P007,2,3825.0,0.15
OI0006492,O005343,P010,3,5200.0,0.2
OI0006493,O005344,P005,3,49400.0,0.05
OI0006494,O005345,P004,2,25200.0,0.1
OI0006495,O005345,P009,1,20900.0,0.05
OI0006496,O005346,P003,3,12000.0,0.0
OI0006497,O005347,P003,2,10200.0,0.15
OI0006498,O005348,P008,2,18000.0,0.0
OI0006499,O005349,P002,1,55250.0,0.15
OI0006500,O005350,P001,1,8500.0,0.0
OI0006501,O005351,P005,2,49400.0,0.05
OI0006502,O005351,P011,2,22800.0,0.05
OI0006503,O005352,P010,2,6500.0,0.0
OI0006504,O005353,P011,1,21600.0,0.1
OI0006505,O005354,P005,2,44200.0,0.15
OI0006506,O005355,P001,2,7650.0,0.1
OI0006507,O005356,P007,3,4050.0,0.1
OI0006508,O005357,P002,2,55250.0,0.15
OI0006509,O005358,P005,1,49400.0,0.05
OI0006510,O005358,P007,2,4500.0,0.0
OI0006511,O005359,P003,2,10200.0,0.15
OI0006512,O005360,P009,3,22000.0,0.0
OI0006513,O005361,P001,3,7650.0,0.1
OI0006514,O005362,P011,2,22800.0,0.05
OI0006515,O005363,P005,1,49400.0,0.05
OI0006516,O005364,P002,2,58500.0,0.1
OI0006517,O005365,P012,3,2500.0,0.0
OI0006518,O005366,P002,2,65000.0,0.0
OI0006519,O005366,P009,2,20900.0,0.05
OI0006520,O005367,P007,2,3600.0,0.2
OI0006521,O005367,P009,1,22000.0,0.0
OI0006522,O005368,P010,3,6175.0,0.05
OI0006523,O005369,P006,1,13500.0,0.1
OI0006524,O005370,P004,1,26600.0,0.05
OI0006525,O005371,P009,2,19800.0,0.1
OI0006526,O005372,P002,3,61750.0,0.05
OI0006527,O005372,P010,2,5850.0,0.1
OI0006528,O005373,P008,3,18000.0,0.0
OI0006529,O005374,P008,1,18000.0,0.0
OI0006530,O005375,P011,2,24000.0,0.0
OI0006531,O005376,P002,3,65000.0,0.0
OI0006532,O005377,P001,2,8500.0,0.0
OI0006533,O005378,P011,2,24000.0,0.0
OI0006534,O005379,P011,1,22800.0,0.05
OI0006535,O005380,P003,2,10800.0,0.1
OI0006536,O005380,P002,2,55250.0,0.15
OI0006537,O005381,P012,3,2375.0,0.05
OI0006538,O005382,P005,2,49400.0,0.05
OI0006539,O005382,P009,3,22000.0,0.0
OI0006540,O005383,P010,1,5850.0,0.1
OI0006541,O005383,P012,3,2500.0,0.0
OI0006542,O005384,P006,2,15000.0,0.0
OI0006543,O005385,P001,2,7650.0,0.1
OI0006544,O005386,P006,2,14250.0,0.05
OI0006545,O005386,P004,1,28000.0,0.0
OI0006546,O005387,P001,1,8500.0,0.0
OI0006547,O005387,P005,3,46800.0,0.1
OI0006548,O005388,P008,3,18000.0,0.0
OI0006549,O005389,P002,1,65000.0,0.0
OI0006550,O005390,P002,2,61750.0,0.05
OI0006551,O005390,P003,1,12000.0,0.0
OI0006552,O005391,P003,1,10800.0,0.1
OI0006553,O005391,P009,2,22000.0,0.0
OI0006554,O005392,P010,1,5850.0,0.1
OI0006555,O005393,P001,1,8075.0,0.05
OI0006556,O005394,P008,2,15300.0,0.15
OI0006557,O005395,P008,3,18000.0,0.0
OI0006558,O005395,P012,2,2375.0,0.05
OI0006559,O005396,P010,1,6175.0,0.05
OI0006560,O005397,P005,3,49400.0,0.05
OI0006561,O005398,P007,1,4275.0,0.05
OI0006562,O005399,P006,1,15000.0,0.0
OI0006563,O005400,P010,2,6175.0,0.05
OI0006564,O005400,P009,1,22000.0,0.0
OI0006565,O005401,P005,1,44200.0,0.15
OI0006566,O005402,P012,1,2375.0,0.05
OI0006567,O005402,P001,3,8075.0,0.05
OI0006568,O005403,P005,1,52000.0,0.0
OI0006569,O005404,P004,2,28000.0,0.0
OI0006570,O005405,P001,1,7225.0,0.15
OI0006571,O005405,P003,3,12000.0,0.0
OI0006572,O005406,P002,3,55250.0,0.15
OI0006573,O005406,P008,1,18000.0,0.0
OI0006574,O005407,P009,2,18700.0,0.15
OI0006575,O005408,P003,2,12000.0,0.0
OI0006576,O005409,P002,3,65000.0,0.0
OI0006577,O005410,P009,3,20900.0,0.05
OI0006578,O005411,P006,1,13500.0,0.1
OI0006579,O005412,P003,2,12000.0,0.0
OI0006580,O005412,P011,3,21600.0,0.1
OI0006581,O005413,P010,3,5200.0,0.2
OI0006582,O005414,P009,3,22000.0,0.0
OI0006583,O005415,P002,3,61750.0,0.05
OI0006584,O005415,P004,3,25200.0,0.1
OI0006585,O005416,P006,1,12750.0,0.15
OI0006586,O005417,P009,3,20900.0,0.05
OI0006587,O005418,P009,1,22000.0,0.0
OI0006588,O005418,P005,2,44200.0,0.15
OI0006589,O005419,P002,3,58500.0,0.1
OI0006590,O005420,P003,2,12000.0,0.0
OI0006591,O005421,P007,1,3825.0,0.15
OI0006592,O005422,P004,3,28000.0,0.0
OI0006593,O005423,P008,1,17100.0,0.05
OI0006594,O005423,P001,1,8075.0,0.05
OI0006595,O005424,P002,3,65000.0,0.0
OI0006596,O005424,P010,3,6500.0,0.0
OI0006597,O005425,P008,2,15300.0,0.15
OI0006598,O005426,P009,1,19800.0,0.1
OI0006599,O005427,P009,2,22000.0,0.0
OI0006600,O005428,P005,2,49400.0,0.05
OI0006601,O005429,P006,3,15000.0,0.0
OI0006602,O005430,P006,3,14250.0,0.05
OI0006603,O005431,P006,2,15000.0,0.0
OI0006604,O005431,P003,1,10800.0,0.1
OI0006605,O005432,P009,3,19800.0,0.1
OI0006606,O005433,P002,2,65000.0,0.0
OI0006607,O005434,P006,2,12750.0,0.15
OI0006608,O005435,P003,3,12000.0,0.0
OI0006609,O005436,P002,1,65000.0,0.0
OI0006610,O005436,P001,3,7650.0,0.1
OI0006611,O005437,P008,2,15300.0,0.15
OI0006612,O005438,P004,1,25200.0,0.1
OI0006613,O005439,P005,1,49400.0,0.05
OI0006614,O005440,P008,2,18000.0,0.0
OI0006615,O005440,P006,2,12750.0,0.15
OI0006616,O005441,P004,2,28000.0,0.0
OI0006617,O005442,P009,2,19800.0,0.1
OI0006618,O005443,P012,2,2375.0,0.05
OI0006619,O005444,P006,3,15000.0,0.0
OI0006620,O005445,P009,3,22000.0,0.0
OI0006621,O005446,P008,1,16200.0,0.1
OI0006622,O005447,P006,3,15000.0,0.0
OI0006623,O005448,P009,2,19800.0,0.1
OI0006624,O005449,P009,2,19800.0,0.1
OI0006625,O005450,P001,3,7650.0,0.1
OI0006626,O005451,P011,1,19200.0,0.2
OI0006627,O005451,P001,3,8500.0,0.0
OI0006628,O005452,P012,3,2375.0,0.05
OI0006629,O005453,P006,3,15000.0,0.0
OI0006630,O005453,P004,1,25200.0,0.1
OI0006631,O005454,P005,1,52000.0,0.0
OI0006632,O005455,P011,3,20400.0,0.15
OI0006633,O005456,P004,3,25200.0,0.1
OI0006634,O005456,P001,3,7650.0,0.1
OI0006635,O005457,P008,3,15300.0,0.15
OI0006636,O005458,P003,3,12000.0,0.0
OI0006637,O005459,P011,2,22800.0,0.05
OI0006638,O005459,P003,2,12000.0,0.0
OI0006639,O005460,P007,2,4050.0,0.1
OI0006640,O005460,P010,2,6500.0,0.0
OI0006641,O005461,P005,1,49400.0,0.05
OI0006642,O005462,P006,1,13500.0,0.1
OI0006643,O005463,P004,3,25200.0,0.1
OI0006644,O005464,P002,1,65000.0,0.0
OI0006645,O005465,P005,2,46800.0,0.1
OI0006646,O005466,P001,2,8075.0,0.05
OI0006647,O005467,P001,2,8500.0,0.0
OI0006648,O005468,P008,3,15300.0,0.15
OI0006649,O005469,P008,3,16200.0,0.1
OI0006650,O005470,P007,2,4275.0,0.05
OI0006651,O005471,P001,3,7650.0,0.1
OI0006652,O005472,P009,3,22000.0,0.0
OI0006653,O005473,P008,2,17100.0,0.05
OI0006654,O005474,P007,3,4050.0,0.1
OI0006655,O005475,P007,3,4500.0,0.0
OI0006656,O005476,P004,1,25200.0,0.1
OI0006657,O005477,P004,1,28000.0,0.0
OI0006658,O005478,P005,3,46800.0,0.1
OI0006659,O005479,P004,1,23800.0,0.15
OI0006660,O005480,P001,3,7650.0,0.1
OI0006661,O005480,P009,2,22000.0,0.0
OI0006662,O005481,P010,1,6175.0,0.05
OI0006663,O005482,P003,3,11400.0,0.05
OI0006664,O005483,P002,3,65000.0,0.0
OI0006665,O005483,P012,2,2125.0,0.15
OI0006666,O005484,P007,1,4500.0,0.0
OI0006667,O005485,P004,2,28000.0,0.0
OI0006668,O005486,P011,2,20400.0,0.15
OI0006669,O005486,P010,2,6500.0,0.0
OI0006670,O005487,P009,2,20900.0,0.05
OI0006671,O005488,P001,2,8500.0,0.0
OI0006672,O005489,P008,3,17100.0,0.05
OI0006673,O005490,P007,2,4500.0,0.0
OI0006674,O005491,P011,2,21600.0,0.1
OI0006675,O005492,P002,3,65000.0,0.0
OI0006676,O005493,P003,2,12000.0,0.0
OI0006677,O005494,P001,3,8500.0,0.0
OI0006678,O005495,P004,1,28000.0,0.0
OI0006679,O005496,P001,1,8500.0,0.0
OI0006680,O005497,P008,3,17100.0,0.05
OI0006681,O005498,P005,1,52000.0,0.0
OI0006682,O005499,P004,2,26600.0,0.05
OI0006683,O005500,P011,1,24000.0,0.0
OI0006684,O005501,P010,1,6175.0,0.05
OI0006685,O005502,P003,2,10800.0,0.1
OI0006686,O005503,P009,3,22000.0,0.0
OI0006687,O005504,P006,3,12000.0,0.2
OI0006688,O005505,P008,3,16200.0,0.1
OI0006689,O005506,P008,2,17100.0,0.05
OI0006690,O005507,P008,3,16200.0,0.1
OI0006691,O005508,P002,3,65000.0,0.0
OI0006692,O005509,P004,2,25200.0,0.1
OI0006693,O005509,P001,1,8500.0,0.0
OI0006694,O005510,P010,1,6500.0,0.0
OI0006695,O005511,P012,2,2500.0,0.0
OI0006696,O005512,P006,2,15000.0,0.0
OI0006697,O005513,P006,3,14250.0,0.05
OI0006698,O005514,P003,3,11400.0,0.05
OI0006699,O005515,P009,1,19800.0,0.1
OI0006700,O005515,P002,1,61750.0,0.05
OI0006701,O005516,P001,1,8500.0,0.0
OI0006702,O005517,P005,2,46800.0,0.1
OI0006703,O005518,P003,3,12000.0,0.0
OI0006704,O005518,P001,3,7225.0,0.15
OI0006705,O005519,P009,2,20900.0,0.05
OI0006706,O005520,P008,1,17100.0,0.05
OI0006707,O005521,P008,2,17100.0,0.05
OI0006708,O005521,P012,2,2500.0,0.0
OI0006709,O005522,P002,3,65000.0,0.0
OI0006710,O005523,P003,1,10800.0,0.1
OI0006711,O005524,P011,2,24000.0,0.0
OI0006712,O005525,P010,2,6500.0,0.0
OI0006713,O005525,P004,2,23800.0,0.15
OI0006714,O005526,P005,3,52000.0,0.0
OI0006715,O005526,P001,1,8500.0,0.0
OI0006716,O005527,P011,2,24000.0,0.0
OI0006717,O005528,P007,2,3825.0,0.15
OI0006718,O005529,P007,3,3600.0,0.2
OI0006719,O005530,P003,2,11400.0,0.05
OI0006720,O005531,P006,3,15000.0,0.0
OI0006721,O005532,P004,1,25200.0,0.1
OI0006722,O005532,P002,2,61750.0,0.05
OI0006723,O005533,P010,1,6175.0,0.05
OI0006724,O005533,P007,2,4500.0,0.0
OI0006725,O005534,P006,2,13500.0,0.1
OI0006726,O005535,P012,3,2000.0,0.2
OI0006727,O005536,P012,3,2500.0,0.0
OI0006728,O005537,P001,2,7650.0,0.1
OI0006729,O005538,P004,3,26600.0,0.05
OI0006730,O005538,P003,2,10800.0,0.1
OI0006731,O005539,P006,1,15000.0,0.0
OI0006732,O005539,P004,2,26600.0,0.05
OI0006733,O005540,P007,3,4275.0,0.05
OI0006734,O005541,P009,1,20900.0,0.05
OI0006735,O005542,P009,2,18700.0,0.15
OI0006736,O005542,P010,3,6500.0,0.0
OI0006737,O005543,P010,1,6500.0,0.0
OI0006738,O005544,P007,1,4050.0,0.1
OI0006739,O005545,P003,2,12000.0,0.0
OI0006740,O005546,P006,3,14250.0,0.05
OI0006741,O005546,P001,2,7225.0,0.15
OI0006742,O005547,P012,2,2500.0,0.0
OI0006743,O005548,P005,1,52000.0,0.0
OI0006744,O005549,P007,2,4500.0,0.0
OI0006745,O005550,P003,2,10200.0,0.15
OI0006746,O005550,P005,2,52000.0,0.0
OI0006747,O005551,P001,2,8500.0,0.0
OI0006748,O005552,P006,3,15000.0,0.0
OI0006749,O005552,P009,3,17600.0,0.2
OI0006750,O005553,P007,2,3825.0,0.15
OI0006751,O005554,P010,1,6500.0,0.0
OI0006752,O005555,P009,1,22000.0,0.0
OI0006753,O005556,P008,2,18000.0,0.0
OI0006754,O005557,P001,1,8075.0,0.05
OI0006755,O005558,P011,-1,19200.0,0.2
OI0006756,O005559,P012,3,2500.0,0.0
OI0006757,O005560,P005,3,46800.0,0.1
OI0006758,O005561,P012,2,2500.0,0.0
OI0006759,O005562,P008,2,16200.0,0.1
OI0006760,O005563,P002,1,65000.0,0.0
OI0006761,O005564,P009,2,19800.0,0.1
OI0006762,O005565,P004,2,28000.0,0.0
OI0006763,O005566,P002,2,52000.0,0.2
OI0006764,O005567,P004,2,22400.0,0.2
OI0006765,O005567,P009,3,22000.0,0.0
OI0006766,O005568,P002,2,55250.0,0.15
OI0006767,O005569,P003,1,10800.0,0.1
OI0006768,O005570,P008,3,17100.0,0.05
OI0006769,O005571,P006,3,15000.0,0.0
OI0006770,O005572,P011,3,19200.0,0.2
OI0006771,O005573,P002,1,65000.0,0.0
OI0006772,O005574,P008,1,18000.0,0.0
OI0006773,O005575,P008,1,18000.0,0.0
OI0006774,O005576,P001,1,8075.0,0.05
OI0006775,O005577,P003,1,11400.0,0.05
OI0006776,O005578,P010,2,5525.0,0.15
OI0006777,O005579,P003,2,10200.0,0.15
OI0006778,O005580,P004,1,28000.0,0.0
OI0006779,O005581,P001,3,7650.0,0.1
OI0006780,O005582,P009,1,22000.0,0.0
OI0006781,O005583,P010,3,6175.0,0.05
OI0006782,O005584,P007,2,4050.0,0.1
OI0006783,O005585,P008,3,18000.0,0.0
OI0006784,O005585,P005,3,52000.0,0.0
OI0006785,O005586,P004,1,28000.0,0.0
OI0006786,O005587,P010,1,5850.0,0.1
OI0006787,O005588,P011,3,21600.0,0.1
OI0006788,O005589,P009,1,19800.0,0.1
OI0006789,O005590,P009,2,22000.0,0.0
OI0006790,O005590,P001,3,8075.0,0.05
OI0006791,O005591,P006,2,15000.0,0.0
OI0006792,O005592,P004,3,28000.0,0.0
OI0006793,O005593,P008,2,17100.0,0.05
OI0006794,O005594,P006,3,12750.0,0.15
OI0006795,O005595,P006,3,15000.0,0.0
OI0006796,O005596,P008,2,18000.0,0.0
OI0006797,O005597,P004,1,26600.0,0.05
OI0006798,O005598,P004,1,26600.0,0.05
OI0006799,O005599,P010,2,6175.0,0.05
OI0006800,O005600,P002,3,65000.0,0.0
OI0006801,O005601,P001,3,8075.0,0.05
OI0006802,O005602,P007,3,4050.0,0.1
OI0006803,O005603,P001,3,8500.0,0.0
OI0006804,O005604,P007,2,4275.0,0.05
OI0006805,O005605,P001,3,8500.0,0.0
OI0006806,O005605,P011,1,24000.0,0.0
OI0006807,O005606,P010,2,6500.0,0.0
OI0006808,O005607,P001,1,8075.0,0.05
OI0006809,O005608,P001,3,7225.0,0.15
OI0006810,O005608,P006,3,13500.0,0.1
OI0006811,O005609,P005,3,46800.0,0.1
OI0006812,O005610,P008,3,16200.0,0.1
OI0006813,O005611,P009,1,20900.0,0.05
OI0006814,O005611,P011,1,20400.0,0.15
OI0006815,O005612,P011,2,24000.0,0.0
OI0006816,O005613,P001,1,8075.0,0.05
OI0006817,O005614,P003,1,10800.0,0.1
OI0006818,O005615,P005,3,46800.0,0.1
OI0006819,O005616,P009,1,19800.0,0.1
OI0006820,O005617,P009,2,22000.0,0.0
OI0006821,O005618,P002,2,65000.0,0.0
OI0006822,O005618,P003,3,12000.0,0.0
OI0006823,O005619,P010,2,6500.0,0.0
OI0006824,O005620,P006,2,14250.0,0.05
OI0006825,O005621,P001,1,8500.0,0.0
OI0006826,O005622,P003,2,12000.0,0.0
OI0006827,O005622,P002,3,65000.0,0.0
OI0006828,O005623,P001,3,8500.0,0.0
OI0006829,O005624,P005,3,52000.0,0.0
OI0006830,O005625,P012,2,2250.0,0.1
OI0006831,O005626,P001,2,7225.0,0.15
OI0006832,O005626,P005,1,44200.0,0.15
OI0006833,O005627,P004,2,23800.0,0.15
OI0006834,O005628,P009,2,19800.0,0.1
OI0006835,O005629,P009,2,18700.0,0.15
OI0006836,O005630,P007,1,4500.0,0.0
OI0006837,O005631,P009,2,18700.0,0.15
OI0006838,O005632,P002,3,65000.0,0.0
OI0006839,O005633,P004,2,28000.0,0.0
OI0006840,O005634,P001,2,8075.0,0.05
OI0006841,O005634,P009,2,20900.0,0.05
OI0006842,O005635,P008,2,18000.0,0.0
OI0006843,O005635,P003,1,11400.0,0.05
OI0006844,O005636,P004,3,25200.0,0.1
OI0006845,O005637,P006,1,14250.0,0.05
OI0006846,O005638,P006,3,15000.0,0.0
OI0006847,O005639,P007,2,4275.0,0.05
OI0006848,O005640,P004,1,28000.0,0.0
OI0006849,O005641,P012,3,2500.0,0.0
OI0006850,O005642,P010,1,6500.0,0.0
OI0006851,O005642,P011,2,21600.0,0.1
OI0006852,O005643,P007,3,4500.0,0.0
OI0006853,O005644,P007,1,3600.0,0.2
OI0006854,O005645,P010,1,5850.0,0.1
OI0006855,O005645,P001,2,8500.0,0.0
OI0006856,O005646,P002,3,58500.0,0.1
OI0006857,O005647,P010,1,5850.0,0.1
OI0006858,O005648,P008,2,15300.0,0.15
OI0006859,O005649,P010,1,6175.0,0.05
OI0006860,O005650,P004,2,25200.0,0.1
OI0006861,O005650,P009,1,20900.0,0.05
OI0006862,O005651,P001,3,7225.0,0.15
OI0006863,O005652,P006,1,14250.0,0.05
OI0006864,O005653,P007,1,4050.0,0.1
OI0006865,O005654,P001,2,8075.0,0.05
OI0006866,O005655,P004,3,25200.0,0.1
OI0006867,O005656,P010,1,6500.0,0.0
OI0006868,O005656,P011,2,21600.0,0.1
OI0006869,O005657,P008,2,18000.0,0.0
OI0006870,O005658,P003,2,12000.0,0.0
OI0006871,O005659,P002,3,65000.0,0.0
OI0006872,O005660,P010,1,6175.0,0.05
OI0006873,O005661,P008,3,14400.0,0.2
OI0006874,O005662,P006,2,12750.0,0.15
OI0006875,O005663,P005,1,52000.0,0.0
OI0006876,O005664,P009,3,20900.0,0.05
OI0006877,O005665,P006,2,15000.0,0.0
OI0006878,O005666,P001,3,8500.0,0.0
OI0006879,O005666,P008,1,15300.0,0.15
OI0006880,O005667,P005,2,44200.0,0.15
OI0006881,O005668,P007,1,4275.0,0.05
OI0006882,O005669,P006,1,15000.0,0.0
OI0006883,O005670,P003,3,10200.0,0.15
OI0006884,O005671,P010,3,6500.0,0.0
OI0006885,O005672,P003,2,11400.0,0.05
OI0006886,O005672,P002,1,61750.0,0.05
OI0006887,O005673,P004,2,25200.0,0.1
OI0006888,O005674,P003,3,10800.0,0.1
OI0006889,O005675,P006,1,14250.0,0.05
OI0006890,O005676,P009,2,18700.0,0.15
OI0006891,O005677,P003,1,12000.0,0.0
OI0006892,O005678,P007,3,4275.0,0.05
OI0006893,O005678,P009,1,22000.0,0.0
OI0006894,O005679,P005,2,52000.0,0.0
OI0006895,O005680,P010,2,5850.0,0.1
OI0006896,O005681,P008,1,17100.0,0.05
OI0006897,O005682,P001,2,8500.0,0.0
OI0006898,O005683,P004,1,28000.0,0.0
OI0006899,O005683,P007,1,4275.0,0.05
OI0006900,O005684,P004,2,28000.0,0.0
OI0006901,O005685,P005,3,52000.0,0.0
OI0006902,O005686,P003,3,10800.0,0.1
OI0006903,O005687,P010,2,6500.0,0.0
OI0006904,O005688,P005,1,52000.0,0.0
OI0006905,O005689,P012,2,2125.0,0.15
OI0006906,O005690,P005,3,49400.0,0.05
OI0006907,O005690,P009,2,19800.0,0.1
OI0006908,O005691,P006,2,15000.0,0.0
OI0006909,O005692,P001,3,8500.0,0.0
OI0006910,O005692,P002,2,55250.0,0.15
OI0006911,O005693,P009,2,22000.0,0.0
OI0006912,O005694,P002,1,65000.0,0.0
OI0006913,O005695,P008,2,17100.0,0.05
OI0006914,O005696,P010,3,5200.0,0.2
OI0006915,O005697,P001,1,7650.0,0.1
OI0006916,O005698,P004,1,28000.0,0.0
OI0006917,O005699,P005,1,46800.0,0.1
OI0006918,O005699,P006,3,15000.0,0.0
OI0006919,O005700,P002,2,65000.0,0.0
OI0006920,O005701,P002,1,58500.0,0.1
OI0006921,O005702,P012,3,2500.0,0.0
OI0006922,O005703,P010,1,6500.0,0.0
OI0006923,O005704,P009,2,22000.0,0.0
OI0006924,O005704,P005,2,52000.0,0.0
OI0006925,O005705,P001,1,8500.0,0.0
OI0006926,O005706,P001,2,8075.0,0.05
OI0006927,O005707,P009,2,17600.0,0.2
OI0006928,O005708,P004,3,26600.0,0.05
OI0006929,O005709,P002,3,65000.0,0.0
OI0006930,O005710,P009,3,19800.0,0.1
OI0006931,O005711,P011,2,24000.0,0.0
OI0006932,O005711,P004,2,22400.0,0.2
OI0006933,O005712,P005,2,49400.0,0.05
OI0006934,O005713,P001,3,8075.0,0.05
OI0006935,O005714,P008,1,16200.0,0.1
OI0006936,O005715,P011,1,21600.0,0.1
OI0006937,O005716,P001,2,8075.0,0.05
OI0006938,O005716,P011,3,19200.0,0.2
OI0006939,O005717,P012,2,2125.0,0.15
OI0006940,O005718,P004,3,26600.0,0.05
OI0006941,O005719,P005,1,52000.0,0.0
OI0006942,O005720,P009,2,22000.0,0.0
OI0006943,O005720,P001,3,8500.0,0.0
OI0006944,O005721,P011,3,20400.0,0.15
OI0006945,O005722,P007,3,4500.0,0.0
OI0006946,O005723,P009,3,22000.0,0.0
OI0006947,O005724,P002,2,65000.0,0.0
OI0006948,O005725,P007,1,3825.0,0.15
OI0006949,O005726,P010,1,6500.0,0.0
OI0006950,O005726,P009,1,19800.0,0.1
OI0006951,O005727,P006,3,14250.0,0.05
OI0006952,O005727,P008,3,16200.0,0.1
OI0006953,O005728,P008,2,16200.0,0.1
OI0006954,O005728,P002,3,65000.0,0.0
OI0006955,O005729,P001,3,8500.0,0.0
OI0006956,O005729,P011,3,20400.0,0.15
OI0006957,O005730,P012,1,2375.0,0.05
OI0006958,O005731,P001,2,7650.0,0.1
OI0006959,O005731,P006,2,15000.0,0.0
OI0006960,O005732,P004,1,26600.0,0.05
OI0006961,O005733,P004,3,28000.0,0.0
OI0006962,O005734,P008,1,18000.0,0.0
OI0006963,O005735,P001,1,8500.0,0.0
OI0006964,O005735,P004,3,26600.0,0.05
OI0006965,O005736,P012,3,2500.0,0.0
OI0006966,O005737,P004,1,23800.0,0.15
OI0006967,O005738,P009,1,22000.0,0.0
OI0006968,O005738,P001,2,8500.0,0.0
OI0006969,O005739,P006,1,13500.0,0.1
OI0006970,O005740,P003,2,12000.0,0.0
OI0006971,O005741,P008,3,17100.0,0.05
OI0006972,O005742,P003,1,10200.0,0.15
OI0006973,O005742,P010,1,6500.0,0.0
OI0006974,O005743,P009,3,22000.0,0.0
OI0006975,O005744,P005,3,52000.0,0.0
OI0006976,O005745,P009,2,20900.0,0.05
OI0006977,O005746,P012,2,2500.0,0.0
OI0006978,O005747,P009,3,19800.0,0.1
OI0006979,O005748,P001,2,6800.0,0.2
OI0006980,O005748,P007,1,4500.0,0.0
OI0006981,O005749,P008,1,17100.0,0.05
OI0006982,O005750,P011,3,22800.0,0.05
OI0006983,O005751,P010,2,6175.0,0.05
OI0006984,O005752,P003,2,11400.0,0.05
OI0006985,O005753,P001,1,7650.0,0.1
OI0006986,O005754,P007,2,4500.0,0.0
OI0006987,O005755,P001,3,8075.0,0.05
OI0006988,O005756,P008,3,18000.0,0.0
OI0006989,O005756,P012,1,2375.0,0.05
OI0006990,O005757,P011,2,22800.0,0.05
OI0006991,O005758,P008,1,18000.0,0.0
OI0006992,O005759,P002,1,58500.0,0.1
OI0006993,O005760,P010,2,6500.0,0.0
OI0006994,O005761,P008,2,18000.0,0.0
OI0006995,O005762,P003,1,10200.0,0.15
OI0006996,O005763,P006,2,15000.0,0.0
OI0006997,O005764,P009,3,18700.0,0.15
OI0006998,O005765,P002,2,58500.0,0.1
OI0006999,O005766,P006,2,13500.0,0.1
OI0007000,O005767,P008,3,17100.0,0.05
OI0007001,O005767,P007,2,4500.0,0.0
OI0007002,O005768,P001,2,8500.0,0.0
OI0007003,O005768,P011,-1,24000.0,0.0
OI0007004,O005769,P001,1,8500.0,0.0
OI0007005,O005770,P005,1,52000.0,0.0
OI0007006,O005771,P011,1,20400.0,0.15
OI0007007,O005772,P003,1,10800.0,0.1
OI0007008,O005773,P008,1,18000.0,0.0
OI0007009,O005774,P005,2,52000.0,0.0
OI0007010,O005775,P008,1,17100.0,0.05
OI0007011,O005776,P007,3,4275.0,0.05
OI0007012,O005777,P002,1,55250.0,0.15
OI0007013,O005777,P010,3,6500.0,0.0
OI0007014,O005778,P001,3,8075.0,0.05
OI0007015,O005778,P004,3,28000.0,0.0
OI0007016,O005779,P002,1,58500.0,0.1
OI0007017,O005779,P006,3,12750.0,0.15
OI0007018,O005780,P003,1,12000.0,0.0
OI0007019,O005780,P006,2,15000.0,0.0
OI0007020,O005781,P008,3,16200.0,0.1
OI0007021,O005782,P001,2,7650.0,0.1
OI0007022,O005783,P009,3,22000.0,0.0
OI0007023,O005784,P001,2,8500.0,0.0
OI0007024,O005785,P005,1,49400.0,0.05
OI0007025,O005786,P010,2,6500.0,0.0
OI0007026,O005787,P009,2,20900.0,0.05
OI0007027,O005788,P002,3,65000.0,0.0
OI0007028,O005789,P009,1,22000.0,0.0
OI0007029,O005790,P003,1,12000.0,0.0
OI0007030,O005790,P004,3,23800.0,0.15
OI0007031,O005791,P006,1,15000.0,0.0
OI0007032,O005792,P003,3,12000.0,0.0
OI0007033,O005793,P009,3,20900.0,0.05
OI0007034,O005794,P010,1,5200.0,0.2
OI0007035,O005795,P001,2,8500.0,0.0
OI0007036,O005795,P002,3,65000.0,0.0
OI0007037,O005796,P006,1,15000.0,0.0
OI0007038,O005796,P005,2,52000.0,0.0
OI0007039,O005797,P004,3,28000.0,0.0
OI0007040,O005797,P006,1,15000.0,0.0
OI0007041,O005798,P008,1,17100.0,0.05
OI0007042,O005799,P004,1,28000.0,0.0
OI0007043,O005800,P002,1,65000.0,0.0
OI0007044,O005801,P003,1,12000.0,0.0
OI0007045,O005802,P001,3,7225.0,0.15
OI0007046,O005803,P004,2,26600.0,0.05
OI0007047,O005804,P008,3,15300.0,0.15
OI0007048,O005804,P007,2,4500.0,0.0
OI0007049,O005805,P004,3,28000.0,0.0
OI0007050,O005806,P002,2,55250.0,0.15
OI0007051,O005806,P007,3,4500.0,0.0
OI0007052,O005807,P006,1,15000.0,0.0
OI0007053,O005808,P007,1,4275.0,0.05
OI0007054,O005809,P004,1,22400.0,0.2
OI0007055,O005810,P001,1,8075.0,0.05
OI0007056,O005811,P001,2,8500.0,0.0
OI0007057,O005812,P001,1,6800.0,0.2
OI0007058,O005813,P003,1,12000.0,0.0
OI0007059,O005814,P008,2,16200.0,0.1
OI0007060,O005815,P002,1,61750.0,0.05
OI0007061,O005816,P008,1,18000.0,0.0
OI0007062,O005817,P001,1,8500.0,0.0
OI0007063,O005818,P010,1,6175.0,0.05
OI0007064,O005819,P002,3,65000.0,0.0
OI0007065,O005819,P010,2,6500.0,0.0
OI0007066,O005820,P008,2,18000.0,0.0
OI0007067,O005821,P011,3,21600.0,0.1
OI0007068,O005821,P007,1,4500.0,0.0
OI0007069,O005822,P003,1,12000.0,0.0
OI0007070,O005823,P005,2,46800.0,0.1
OI0007071,O005824,P010,1,5850.0,0.1
OI0007072,O005824,P002,3,65000.0,0.0
OI0007073,O005825,P004,3,23800.0,0.15
OI0007074,O005826,P002,2,58500.0,0.1
OI0007075,O005827,P007,2,4500.0,0.0
OI0007076,O005827,P006,3,14250.0,0.05
OI0007077,O005828,P009,3,22000.0,0.0
OI0007078,O005828,P003,3,11400.0,0.05
OI0007079,O005829,P001,3,8075.0,0.05
OI0007080,O005830,P005,1,46800.0,0.1
OI0007081,O005831,P010,1,5525.0,0.15
OI0007082,O005832,P001,3,7650.0,0.1
OI0007083,O005833,P009,3,22000.0,0.0
OI0007084,O005833,P008,3,17100.0,0.05
OI0007085,O005834,P008,3,18000.0,0.0
OI0007086,O005835,P006,2,14250.0,0.05
OI0007087,O005836,P011,2,24000.0,0.0
OI0007088,O005836,P004,1,28000.0,0.0
OI0007089,O005837,P007,3,4275.0,0.05
OI0007090,O005838,P001,1,8500.0,0.0
OI0007091,O005838,P011,3,24000.0,0.0
OI0007092,O005839,P001,1,8500.0,0.0
OI0007093,O005840,P007,2,4500.0,0.0
OI0007094,O005841,P007,-1,4050.0,0.1
OI0007095,O005842,P011,1,21600.0,0.1
OI0007096,O005843,P011,1,24000.0,0.0
OI0007097,O005844,P010,1,6500.0,0.0
OI0007098,O005844,P002,2,65000.0,0.0
OI0007099,O005845,P006,1,15000.0,0.0
OI0007100,O005846,P002,2,65000.0,0.0
OI0007101,O005847,P002,2,58500.0,0.1
OI0007102,O005848,P004,3,28000.0,0.0
OI0007103,O005848,P002,3,55250.0,0.15
OI0007104,O005849,P012,2,2125.0,0.15
OI0007105,O005850,P005,2,46800.0,0.1
OI0007106,O005851,P001,1,7225.0,0.15
OI0007107,O005852,P011,2,22800.0,0.05
OI0007108,O005852,P003,3,12000.0,0.0
OI0007109,O005853,P002,1,58500.0,0.1
OI0007110,O005854,P012,1,2250.0,0.1
OI0007111,O005854,P003,2,12000.0,0.0
OI0007112,O005855,P011,1,22800.0,0.05
OI0007113,O005855,P012,1,2500.0,0.0
OI0007114,O005856,P002,3,65000.0,0.0
OI0007115,O005857,P004,2,25200.0,0.1
OI0007116,O005857,P011,1,20400.0,0.15
OI0007117,O005858,P004,1,28000.0,0.0
OI0007118,O005859,P003,3,12000.0,0.0
OI0007119,O005860,P003,3,9600.0,0.2
OI0007120,O005861,P001,1,7650.0,0.1
OI0007121,O005862,P006,1,15000.0,0.0
OI0007122,O005863,P010,2,6175.0,0.05
OI0007123,O005863,P003,1,10800.0,0.1
OI0007124,O005864,P012,3,2250.0,0.1
OI0007125,O005865,P007,3,4050.0,0.1
OI0007126,O005866,P010,2,5525.0,0.15
OI0007127,O005867,P001,1,8500.0,0.0
OI0007128,O005868,P008,2,17100.0,0.05
OI0007129,O005869,P007,2,3825.0,0.15
OI0007130,O005870,P001,1,7225.0,0.15
OI0007131,O005871,P001,2,8500.0,0.0
OI0007132,O005872,P011,2,24000.0,0.0
OI0007133,O005872,P009,3,22000.0,0.0
OI0007134,O005873,P011,1,24000.0,0.0
OI0007135,O005874,P008,1,15300.0,0.15
OI0007136,O005875,P005,2,44200.0,0.15
OI0007137,O005875,P011,3,20400.0,0.15
OI0007138,O005876,P001,3,7225.0,0.15
OI0007139,O005877,P011,1,22800.0,0.05
OI0007140,O005878,P004,2,25200.0,0.1
OI0007141,O005878,P001,3,7225.0,0.15
OI0007142,O005879,P005,1,52000.0,0.0
OI0007143,O005879,P008,1,17100.0,0.05
OI0007144,O005880,P010,3,6500.0,0.0
OI0007145,O005881,P006,3,13500.0,0.1
OI0007146,O005881,P012,3,2500.0,0.0
OI0007147,O005882,P006,1,12750.0,0.15
OI0007148,O005883,P006,3,12750.0,0.15
OI0007149,O005884,P009,2,22000.0,0.0
OI0007150,O005885,P001,3,7650.0,0.1
OI0007151,O005886,P009,2,20900.0,0.05
OI0007152,O005887,P006,1,14250.0,0.05
OI0007153,O005888,P006,2,15000.0,0.0
OI0007154,O005889,P004,3,28000.0,0.0
OI0007155,O005890,P012,1,2250.0,0.1
OI0007156,O005890,P003,1,9600.0,0.2
OI0007157,O005891,P009,3,22000.0,0.0
OI0007158,O005892,P008,1,17100.0,0.05
OI0007159,O005893,P002,3,61750.0,0.05
OI0007160,O005894,P005,1,46800.0,0.1
OI0007161,O005895,P010,2,6500.0,0.0
OI0007162,O005896,P006,3,12750.0,0.15
OI0007163,O005896,P009,3,22000.0,0.0
OI0007164,O005897,P005,1,52000.0,0.0
OI0007165,O005897,P010,1,6500.0,0.0
OI0007166,O005898,P009,3,22000.0,0.0
OI0007167,O005898,P012,3,2500.0,0.0
OI0007168,O005899,P003,2,12000.0,0.0
OI0007169,O005899,P006,1,13500.0,0.1
OI0007170,O005900,P008,3,18000.0,0.0
OI0007171,O005901,P010,1,6175.0,0.05
OI0007172,O005901,P002,2,58500.0,0.1
OI0007173,O005902,P005,2,52000.0,0.0
OI0007174,O005902,P006,1,12000.0,0.2
OI0007175,O005903,P006,2,14250.0,0.05
OI0007176,O005903,P004,2,25200.0,0.1
OI0007177,O005904,P008,3,17100.0,0.05
OI0007178,O005905,P008,2,16200.0,0.1
OI0007179,O005906,P003,3,10800.0,0.1
OI0007180,O005906,P002,1,65000.0,0.0
OI0007181,O005907,P001,2,8075.0,0.05
OI0007182,O005908,P005,3,52000.0,0.0
OI0007183,O005909,P010,2,5525.0,0.15
OI0007184,O005909,P009,2,22000.0,0.0
OI0007185,O005910,P006,3,15000.0,0.0
OI0007186,O005911,P010,2,5850.0,0.1
OI0007187,O005912,P008,2,16200.0,0.1
OI0007188,O005912,P001,1,8500.0,0.0
OI0007189,O005913,P005,3,49400.0,0.05
OI0007190,O005914,P011,3,19200.0,0.2
OI0007191,O005915,P002,3,65000.0,0.0
OI0007192,O005915,P009,2,19800.0,0.1
OI0007193,O005916,P005,2,49400.0,0.05
OI0007194,O005916,P001,1,7650.0,0.1
OI0007195,O005917,P003,3,10200.0,0.15
OI0007196,O005918,P002,3,65000.0,0.0
OI0007197,O005918,P011,3,22800.0,0.05
OI0007198,O005919,P003,2,10200.0,0.15
OI0007199,O005919,P012,3,2500.0,0.0
OI0007200,O005920,P002,3,61750.0,0.05
OI0007201,O005921,P007,1,3825.0,0.15
OI0007202,O005922,P005,3,49400.0,0.05
OI0007203,O005923,P001,1,7650.0,0.1
OI0007204,O005923,P004,1,28000.0,0.0
OI0007205,O005924,P012,3,2125.0,0.15
OI0007206,O005924,P011,2,24000.0,0.0
OI0007207,O005925,P006,3,15000.0,0.0
OI0007208,O005926,P012,3,2500.0,0.0
OI0007209,O005927,P011,2,24000.0,0.0
OI0007210,O005928,P004,3,28000.0,0.0
OI0007211,O005929,P003,2,12000.0,0.0
OI0007212,O005930,P003,2,12000.0,0.0
OI0007213,O005931,P009,1,22000.0,0.0
OI0007214,O005932,P008,3,18000.0,0.0
OI0007215,O005933,P008,1,18000.0,0.0
OI0007216,O005934,P005,2,52000.0,0.0
OI0007217,O005935,P007,2,4500.0,0.0
OI0007218,O005936,P005,1,52000.0,0.0
OI0007219,O005937,P001,2,8500.0,0.0
OI0007220,O005937,P010,3,6500.0,0.0
OI0007221,O005938,P010,1,6175.0,0.05
OI0007222,O005939,P009,3,18700.0,0.15
OI0007223,O005939,P007,1,4500.0,0.0
OI0007224,O005940,P009,2,22000.0,0.0
OI0007225,O005941,P003,1,12000.0,0.0
OI0007226,O005942,P002,1,65000.0,0.0
OI0007227,O005943,P010,2,6500.0,0.0
OI0007228,O005944,P006,3,14250.0,0.05
OI0007229,O005945,P006,2,15000.0,0.0
OI0007230,O005945,P003,3,10200.0,0.15
OI0007231,O005946,P004,3,23800.0,0.15
OI0007232,O005946,P009,3,22000.0,0.0
OI0007233,O005947,P006,1,15000.0,0.0
OI0007234,O005948,P005,2,52000.0,0.0
OI0007235,O005949,P003,1,11400.0,0.05
OI0007236,O005950,P003,2,12000.0,0.0
OI0007237,O005951,P001,2,8075.0,0.05
OI0007238,O005952,P012,2,2250.0,0.1
OI0007239,O005953,P007,1,4050.0,0.1
OI0007240,O005953,P009,2,20900.0,0.05
OI0007241,O005954,P010,3,6175.0,0.05
OI0007242,O005955,P006,2,14250.0,0.05
OI0007243,O005956,P002,1,65000.0,0.0
OI0007244,O005957,P005,1,52000.0,0.0
OI0007245,O005958,P009,1,22000.0,0.0
OI0007246,O005959,P005,1,52000.0,0.0
OI0007247,O005960,P003,1,12000.0,0.0
OI0007248,O005961,P005,2,44200.0,0.15
OI0007249,O005962,P002,3,61750.0,0.05
OI0007250,O005963,P011,2,24000.0,0.0
OI0007251,O005964,P005,1,52000.0,0.0
OI0007252,O005964,P006,3,15000.0,0.0
OI0007253,O005965,P004,1,28000.0,0.0
OI0007254,O005966,P005,3,41600.0,0.2
OI0007255,O005967,P001,1,8075.0,0.05
OI0007256,O005967,P010,1,5850.0,0.1
OI0007257,O005968,P009,1,18700.0,0.15
OI0007258,O005969,P002,1,65000.0,0.0
OI0007259,O005970,P008,1,17100.0,0.05
OI0007260,O005971,P008,3,18000.0,0.0
OI0007261,O005972,P003,3,11400.0,0.05
OI0007262,O005973,P011,3,24000.0,0.0
OI0007263,O005974,P005,2,46800.0,0.1
OI0007264,O005975,P009,3,20900.0,0.05
OI0007265,O005976,P010,2,6500.0,0.0
OI0007266,O005976,P004,2,25200.0,0.1
OI0007267,O005977,P006,3,14250.0,0.05
OI0007268,O005978,P001,3,7225.0,0.15
OI0007269,O005979,P008,2,17100.0,0.05
OI0007270,O005980,P009,2,20900.0,0.05
OI0007271,O005981,P006,3,15000.0,0.0
OI0007272,O005982,P004,3,23800.0,0.15
OI0007273,O005983,P007,3,4050.0,0.1
OI0007274,O005984,P001,2,8075.0,0.05
OI0007275,O005984,P009,2,20900.0,0.05
OI0007276,O005985,P008,2,18000.0,0.0
OI0007277,O005986,P012,3,2500.0,0.0
OI0007278,O005987,P008,2,16200.0,0.1
OI0007279,O005987,P006,3,14250.0,0.05
OI0007280,O005988,P010,1,6500.0,0.0
OI0007281,O005989,P005,2,52000.0,0.0
OI0007282,O005990,P009,2,22000.0,0.0
OI0007283,O005991,P010,3,6175.0,0.05
OI0007284,O005991,P001,1,8500.0,0.0
OI0007285,O005992,P007,1,4050.0,0.1
OI0007286,O005993,P007,2,4500.0,0.0
OI0007287,O005993,P001,3,7650.0,0.1
OI0007288,O005994,P006,2,14250.0,0.05
OI0007289,O005995,P004,2,23800.0,0.15
OI0007290,O005995,P003,3,12000.0,0.0
OI0007291,O005996,P009,3,22000.0,0.0
OI0007292,O005997,P007,1,4500.0,0.0
OI0007293,O005998,P001,2,7225.0,0.15
OI0007294,O005999,P002,3,55250.0,0.15
OI0007295,O006000,P003,1,12000.0,0.0
OI0007296,O006000,P012,2,2375.0,0.05
OI0007297,O006001,P010,3,5850.0,0.1
OI0007298,O006002,P001,2,8075.0,0.05
OI0007299,O006002,P008,2,18000.0,0.0
OI0007300,O006003,P008,1,18000.0,0.0
OI0007301,O006003,P007,2,4050.0,0.1
OI0007302,O006004,P009,3,18700.0,0.15
OI0007303,O006004,P001,3,8500.0,0.0
OI0007304,O006005,P004,3,26600.0,0.05
OI0007305,O006006,P009,2,19800.0,0.1
OI0007306,O006007,P001,1,8500.0,0.0
OI0007307,O006008,P008,3,17100.0,0.05
OI0007308,O006009,P006,2,12000.0,0.2
OI0007309,O006009,P004,1,28000.0,0.0
OI0007310,O006010,P008,1,18000.0,0.0
OI0007311,O006011,P003,2,10200.0,0.15
OI0007312,O006011,P008,1,18000.0,0.0
OI0007313,O006012,P001,1,8500.0,0.0
OI0007314,O006013,P006,1,14250.0,0.05
OI0007315,O006014,P002,2,52000.0,0.2
OI0007316,O006015,P009,2,22000.0,0.0
OI0007317,O006016,P012,2,2250.0,0.1
OI0007318,O006017,P009,2,18700.0,0.15
OI0007319,O006018,P002,3,65000.0,0.0
OI0007320,O006019,P001,3,8500.0,0.0
OI0007321,O006020,P002,2,65000.0,0.0
OI0007322,O006021,P009,1,19800.0,0.1
OI0007323,O006022,P005,1,49400.0,0.05
OI0007324,O006023,P012,3,2500.0,0.0
OI0007325,O006023,P004,1,28000.0,0.0
OI0007326,O006024,P001,1,7225.0,0.15
OI0007327,O006025,P012,3,2500.0,0.0
OI0007328,O006026,P009,2,22000.0,0.0
OI0007329,O006027,P001,1,8075.0,0.05
OI0007330,O006027,P007,2,4050.0,0.1
OI0007331,O006028,P012,3,2500.0,0.0
OI0007332,O006029,P010,2,6500.0,0.0
OI0007333,O006029,P002,3,61750.0,0.05
OI0007334,O006030,P001,3,8075.0,0.05
OI0007335,O006031,P002,1,65000.0,0.0
OI0007336,O006032,P007,2,4050.0,0.1
OI0007337,O006033,P002,2,61750.0,0.05
OI0007338,O006034,P009,3,22000.0,0.0
OI0007339,O006035,P009,2,20900.0,0.05
OI0007340,O006036,P002,2,65000.0,0.0
OI0007341,O006036,P007,2,4500.0,0.0
OI0007342,O006037,P004,3,25200.0,0.1
OI0007343,O006037,P010,1,5850.0,0.1
OI0007344,O006038,P001,1,8500.0,0.0
OI0007345,O006039,P002,2,58500.0,0.1
OI0007346,O006040,P001,2,8075.0,0.05
OI0007347,O006041,P001,1,8500.0,0.0
OI0007348,O006042,P004,1,23800.0,0.15
OI0007349,O006043,P012,1,2500.0,0.0
OI0007350,O006044,P003,2,10800.0,0.1
OI0007351,O006045,P002,2,65000.0,0.0
OI0007352,O006046,P004,3,28000.0,0.0
OI0007353,O006047,P012,3,2500.0,0.0
OI0007354,O006048,P005,2,52000.0,0.0
OI0007355,O006049,P002,2,65000.0,0.0
OI0007356,O006050,P001,2,8500.0,0.0
OI0007357,O006050,P004,1,22400.0,0.2
OI0007358,O006051,P002,3,61750.0,0.05
OI0007359,O006052,P001,2,8500.0,0.0
OI0007360,O006053,P005,1,52000.0,0.0
OI0007361,O006054,P003,1,11400.0,0.05
OI0007362,O006055,P012,3,2125.0,0.15
OI0007363,O006055,P007,3,4500.0,0.0
OI0007364,O006056,P003,1,11400.0,0.05
OI0007365,O006057,P012,2,2375.0,0.05
OI0007366,O006057,P006,3,15000.0,0.0
OI0007367,O006058,P007,2,4050.0,0.1
OI0007368,O006059,P008,2,17100.0,0.05
OI0007369,O006060,P010,3,5850.0,0.1
OI0007370,O006061,P002,2,55250.0,0.15
OI0007371,O006062,P004,3,28000.0,0.0
OI0007372,O006063,P002,2,65000.0,0.0
OI0007373,O006063,P006,2,13500.0,0.1
OI0007374,O006064,P003,1,11400.0,0.05
OI0007375,O006065,P011,2,24000.0,0.0
OI0007376,O006066,P007,2,4500.0,0.0
OI0007377,O006067,P012,1,2500.0,0.0
OI0007378,O006068,P009,3,20900.0,0.05
OI0007379,O006069,P006,2,15000.0,0.0
OI0007380,O006070,P010,3,6175.0,0.05
OI0007381,O006071,P003,2,12000.0,0.0
OI0007382,O006071,P009,2,20900.0,0.05
OI0007383,O006072,P004,1,26600.0,0.05
OI0007384,O006073,P009,2,22000.0,0.0
OI0007385,O006073,P004,2,25200.0,0.1
OI0007386,O006074,P008,3,18000.0,0.0
OI0007387,O006075,P005,3,46800.0,0.1
OI0007388,O006076,P011,2,21600.0,0.1
OI0007389,O006076,P003,2,12000.0,0.0
OI0007390,O006077,P011,3,24000.0,0.0
OI0007391,O006078,P004,1,23800.0,0.15
OI0007392,O006079,P005,2,52000.0,0.0
OI0007393,O006080,P004,3,28000.0,0.0
OI0007394,O006081,P004,2,25200.0,0.1
OI0007395,O006082,P011,1,24000.0,0.0
OI0007396,O006083,P009,3,22000.0,0.0
OI0007397,O006084,P012,2,2500.0,0.0
OI0007398,O006084,P007,1,4500.0,0.0
OI0007399,O006085,P009,1,20900.0,0.05
OI0007400,O006086,P001,2,7650.0,0.1
OI0007401,O006087,P006,2,13500.0,0.1
OI0007402,O006087,P007,1,3825.0,0.15
OI0007403,O006088,P001,1,7225.0,0.15
OI0007404,O006089,P004,1,26600.0,0.05
OI0007405,O006090,P011,3,24000.0,0.0
OI0007406,O006091,P001,2,7650.0,0.1
OI0007407,O006092,P008,2,16200.0,0.1
OI0007408,O006093,P007,1,3825.0,0.15
OI0007409,O006093,P002,2,58500.0,0.1
OI0007410,O006094,P001,1,8500.0,0.0
OI0007411,O006095,P007,1,4275.0,0.05
OI0007412,O006095,P005,3,44200.0,0.15
OI0007413,O006096,P009,1,20900.0,0.05
OI0007414,O006096,P001,3,8500.0,0.0
OI0007415,O006097,P001,2,7650.0,0.1
OI0007416,O006098,P006,1,13500.0,0.1
OI0007417,O006099,P002,3,55250.0,0.15
OI0007418,O006099,P004,1,28000.0,0.0
OI0007419,O006100,P011,3,24000.0,0.0
OI0007420,O006101,P001,3,8500.0,0.0
OI0007421,O006101,P006,2,15000.0,0.0
OI0007422,O006102,P007,2,3825.0,0.15
OI0007423,O006102,P004,3,26600.0,0.05
OI0007424,O006103,P006,3,14250.0,0.05
OI0007425,O006104,P001,3,6800.0,0.2
OI0007426,O006104,P004,3,28000.0,0.95
OI0007427,O006105,P010,3,5850.0,0.1
OI0007428,O006106,P003,3,10200.0,0.15
OI0007429,O006107,P008,1,15300.0,0.15
OI0007430,O006108,P001,3,8500.0,0.0
OI0007431,O006109,P006,3,14250.0,0.05
OI0007432,O006109,P008,2,18000.0,0.0
OI0007433,O006110,P005,1,52000.0,0.0
OI0007434,O006110,P010,1,6500.0,0.0
OI0007435,O006111,P008,3,17100.0,0.05
OI0007436,O006112,P012,1,2500.0,0.0
OI0007437,O006113,P010,1,5850.0,0.1
OI0007438,O006114,P006,3,13500.0,0.1
OI0007439,O006115,P006,1,15000.0,0.0
OI0007440,O006115,P009,3,20900.0,0.05
OI0007441,O006116,P005,3,52000.0,0.0
OI0007442,O006117,P010,3,6500.0,0.0
OI0007443,O006118,P002,1,65000.0,0.0
OI0007444,O006119,P004,3,28000.0,0.0
OI0007445,O006119,P003,3,10800.0,0.1
OI0007446,O006120,P006,3,14250.0,0.05
OI0007447,O006121,P009,2,18700.0,0.15
OI0007448,O006122,P004,2,28000.0,0.0
OI0007449,O006123,P003,2,11400.0,0.05
OI0007450,O006123,P002,3,65000.0,0.0
OI0007451,O006124,P002,1,58500.0,0.1
OI0007452,O006124,P009,2,19800.0,0.1
OI0007453,O006125,P010,1,5525.0,0.15
OI0007454,O006126,P009,2,17600.0,0.2
OI0007455,O006127,P011,1,21600.0,0.1
OI0007456,O006128,P004,2,26600.0,0.05
OI0007457,O006129,P011,2,20400.0,0.15
OI0007458,O006130,P010,3,6500.0,0.0
OI0007459,O006131,P004,2,28000.0,0.0
OI0007460,O006132,P005,2,44200.0,0.15
OI0007461,O006132,P012,1,2500.0,0.0
OI0007462,O006133,P009,2,20900.0,0.05
OI0007463,O006134,P010,2,6175.0,0.05
OI0007464,O006135,P005,1,49400.0,0.05
OI0007465,O006135,P011,2,19200.0,0.2
OI0007466,O006136,P004,2,28000.0,0.0
OI0007467,O006137,P002,2,61750.0,0.05
OI0007468,O006137,P001,1,8500.0,0.0
OI0007469,O006138,P006,1,14250.0,0.05
OI0007470,O006139,P008,2,15300.0,0.15
OI0007471,O006140,P009,1,18700.0,0.15
OI0007472,O006141,P007,2,4500.0,0.0
OI0007473,O006141,P005,2,52000.0,0.0
OI0007474,O006142,P004,3,28000.0,0.0
OI0007475,O006143,P007,3,4500.0,0.0
OI0007476,O006144,P009,1,19800.0,0.1
OI0007477,O006145,P001,3,8500.0,0.0
OI0007478,O006145,P006,2,12750.0,0.15
OI0007479,O006146,P006,2,14250.0,0.05
OI0007480,O006147,P008,1,18000.0,0.0
OI0007481,O006147,P002,2,65000.0,0.0
OI0007482,O006148,P010,3,6500.0,0.0
OI0007483,O006149,P012,2,2500.0,0.0
OI0007484,O006150,P006,3,15000.0,0.0
OI0007485,O006150,P009,1,19800.0,0.1
OI0007486,O006151,P004,3,28000.0,0.0
OI0007487,O006152,P005,3,46800.0,0.1
OI0007488,O006153,P002,2,65000.0,0.0
OI0007489,O006154,P004,2,28000.0,0.0
OI0007490,O006155,P003,2,11400.0,0.05
OI0007491,O006156,P011,1,22800.0,0.05
OI0007492,O006156,P005,2,52000.0,0.0
OI0007493,O006157,P004,1,28000.0,0.0
OI0007494,O006157,P005,3,49400.0,0.05
OI0007495,O006158,P004,1,25200.0,0.1
OI0007496,O006158,P012,1,2500.0,0.0
OI0007497,O006159,P002,2,61750.0,0.05
OI0007498,O006160,P011,2,20400.0,0.15
OI0007499,O006161,P008,2,18000.0,0.0
OI0007500,O006162,P004,1,28000.0,0.0
OI0007501,O006163,P007,3,4500.0,0.0
OI0007502,O006164,P003,1,11400.0,0.05
OI0007503,O006165,P004,3,25200.0,0.1
OI0007504,O006165,P001,3,8075.0,0.05
OI0007505,O006166,P009,2,22000.0,0.0
OI0007506,O006167,P002,2,61750.0,0.05
OI0007507,O006168,P006,3,12750.0,0.15
OI0007508,O006168,P001,2,8500.0,0.0
OI0007509,O006169,P002,2,65000.0,0.0
OI0007510,O006170,P007,3,4500.0,0.0
OI0007511,O006171,P011,2,21600.0,0.1
OI0007512,O006171,P004,2,28000.0,0.0
OI0007513,O006172,P001,1,7650.0,0.1
OI0007514,O006173,P001,1,7225.0,0.15
OI0007515,O006174,P002,3,58500.0,0.1
OI0007516,O006175,P004,2,26600.0,0.05
OI0007517,O006175,P009,3,20900.0,0.05
OI0007518,O006176,P010,2,6175.0,0.05
OI0007519,O006177,P008,3,15300.0,0.15
OI0007520,O006178,P001,2,8075.0,0.05
OI0007521,O006179,P001,2,7650.0,0.1
OI0007522,O006180,P007,1,4050.0,0.1
OI0007523,O006180,P009,3,22000.0,0.0
OI0007524,O006181,P007,3,3825.0,0.15
OI0007525,O006182,P001,1,8075.0,0.05
OI0007526,O006182,P011,1,20400.0,0.15
OI0007527,O006183,P008,3,14400.0,0.2
OI0007528,O006184,P007,1,4500.0,0.0
OI0007529,O006185,P003,2,12000.0,0.0
OI0007530,O006186,P011,1,24000.0,0.0
OI0007531,O006187,P008,3,18000.0,0.0
OI0007532,O006188,P001,3,8500.0,0.0
OI0007533,O006189,P007,3,4050.0,0.1
OI0007534,O006190,P002,3,65000.0,0.0
OI0007535,O006190,P009,3,20900.0,0.05
OI0007536,O006191,P008,3,17100.0,0.05
OI0007537,O006192,P011,3,21600.0,0.1
OI0007538,O006193,P001,2,8500.0,0.0
OI0007539,O006194,P005,3,46800.0,0.1
OI0007540,O006195,P001,1,7650.0,0.1
OI0007541,O006196,P001,1,8500.0,0.0
OI0007542,O006196,P004,3,23800.0,0.15
OI0007543,O006197,P004,3,28000.0,0.0
OI0007544,O006197,P006,3,15000.0,0.0
OI0007545,O006198,P009,2,18700.0,0.15
OI0007546,O006199,P006,2,13500.0,0.1
OI0007547,O006200,P011,3,24000.0,0.0
OI0007548,O006201,P009,1,19800.0,0.1
OI0007549,O006202,P007,2,3825.0,0.15
OI0007550,O006202,P011,2,20400.0,0.95
OI0007551,O006203,P001,2,8075.0,0.05
OI0007552,O006204,P005,3,52000.0,0.0
OI0007553,O006205,P004,3,25200.0,0.1
OI0007554,O006206,P006,2,15000.0,0.0
OI0007555,O006207,P002,3,58500.0,0.1
OI0007556,O006208,P007,3,4500.0,0.0
OI0007557,O006209,P004,3,22400.0,0.2
OI0007558,O006209,P010,3,5850.0,0.1
OI0007559,O006210,P006,1,15000.0,0.0
OI0007560,O006211,P007,2,4275.0,0.05
OI0007561,O006211,P002,3,65000.0,0.0
OI0007562,O006212,P003,1,10800.0,0.1
OI0007563,O006213,P004,1,25200.0,0.1
OI0007564,O006214,P011,3,24000.0,0.0
OI0007565,O006215,P009,3,20900.0,0.05
OI0007566,O006216,P004,1,28000.0,0.0
OI0007567,O006217,P003,2,12000.0,0.0
OI0007568,O006218,P002,1,58500.0,0.1
OI0007569,O006219,P003,3,10800.0,0.1
OI0007570,O006220,P011,3,20400.0,0.15
OI0007571,O006221,P002,3,61750.0,0.05
OI0007572,O006221,P012,2,2375.0,0.05
OI0007573,O006222,P007,3,4500.0,0.0
OI0007574,O006223,P010,1,6500.0,0.0
OI0007575,O006224,P007,2,4500.0,0.0
OI0007576,O006224,P011,3,22800.0,0.05
OI0007577,O006225,P001,2,7650.0,0.1
OI0007578,O006226,P004,1,23800.0,0.15
OI0007579,O006226,P005,1,44200.0,0.15
OI0007580,O006227,P005,1,52000.0,0.0
OI0007581,O006228,P003,2,12000.0,0.0
OI0007582,O006229,P004,2,25200.0,0.1
OI0007583,O006229,P006,2,13500.0,0.1
OI0007584,O006230,P010,1,6175.0,0.05
OI0007585,O006231,P008,3,14400.0,0.2
OI0007586,O006232,P004,1,28000.0,0.0
OI0007587,O006233,P009,2,19800.0,0.1
OI0007588,O006234,P010,2,6175.0,0.05
OI0007589,O006235,P003,1,12000.0,0.0
OI0007590,O006236,P006,1,14250.0,0.05
OI0007591,O006236,P003,3,12000.0,0.0
OI0007592,O006237,P002,2,61750.0,0.05
OI0007593,O006238,P001,3,8500.0,0.0
OI0007594,O006239,P003,3,12000.0,0.0
OI0007595,O006239,P002,2,65000.0,0.0
OI0007596,O006240,P010,2,6500.0,0.0
OI0007597,O006241,P001,2,8075.0,0.05
OI0007598,O006242,P009,2,22000.0,0.0
OI0007599,O006242,P008,1,18000.0,0.0
OI0007600,O006243,P010,3,6500.0,0.0
OI0007601,O006244,P003,3,11400.0,0.05
OI0007602,O006245,P006,3,13500.0,0.1
OI0007603,O006246,P008,2,18000.0,0.0
OI0007604,O006247,P008,3,18000.0,0.0
OI0007605,O006248,P012,2,2500.0,0.0
OI0007606,O006249,P004,2,28000.0,0.0
OI0007607,O006249,P001,1,8500.0,0.0
OI0007608,O006250,P005,1,49400.0,0.05
OI0007609,O006251,P006,3,12750.0,0.15
OI0007610,O006252,P001,3,7650.0,0.1
OI0007611,O006253,P005,1,49400.0,0.05
OI0007612,O006254,P010,1,5850.0,0.1
OI0007613,O006255,P006,2,15000.0,0.0
OI0007614,O006256,P006,2,14250.0,0.05
OI0007615,O006257,P001,1,7650.0,0.1
OI0007616,O006258,P011,2,20400.0,0.15
OI0007617,O006259,P007,3,4500.0,0.0
OI0007618,O006260,P010,2,6175.0,0.05
OI0007619,O006261,P004,1,28000.0,0.0
OI0007620,O006261,P001,1,7650.0,0.1
OI0007621,O006262,P010,3,6500.0,0.0
OI0007622,O006263,P011,3,24000.0,0.0
OI0007623,O006264,P005,2,41600.0,0.2
OI0007624,O006265,P004,3,26600.0,0.05
OI0007625,O006265,P011,3,20400.0,0.15
OI0007626,O006266,P010,2,6500.0,0.0
OI0007627,O006267,P006,3,15000.0,0.0
OI0007628,O006267,P003,3,12000.0,0.0
OI0007629,O006268,P010,1,6175.0,0.05
OI0007630,O006269,P005,3,52000.0,0.0
OI0007631,O006270,P010,1,6500.0,0.0
OI0007632,O006271,P011,1,24000.0,0.0
OI0007633,O006272,P001,3,7650.0,0.1
OI0007634,O006273,P004,2,28000.0,0.0
OI0007635,O006274,P008,2,17100.0,0.05
OI0007636,O006274,P010,2,6175.0,0.05
OI0007637,O006275,P005,2,52000.0,0.0
OI0007638,O006276,P012,1,2500.0,0.0
OI0007639,O006276,P010,1,6500.0,0.0
OI0007640,O006277,P002,1,58500.0,0.1
OI0007641,O006277,P003,2,10800.0,0.1
OI0007642,O006278,P007,2,3825.0,0.15
OI0007643,O006279,P002,3,61750.0,0.05
OI0007644,O006280,P006,2,14250.0,0.05
OI0007645,O006281,P011,3,20400.0,0.15
OI0007646,O006282,P001,1,8500.0,0.0
OI0007647,O006283,P008,3,17100.0,0.05
OI0007648,O006284,P007,2,3825.0,0.15
OI0007649,O006285,P008,1,17100.0,0.05
OI0007650,O006286,P010,1,6175.0,0.05
OI0007651,O006287,P002,2,58500.0,0.1
OI0007652,O006288,P001,1,6800.0,0.2
OI0007653,O006289,P002,1,55250.0,0.15
OI0007654,O006289,P001,2,8075.0,0.05
OI0007655,O006290,P011,2,20400.0,0.15
OI0007656,O006291,P004,1,25200.0,0.1
OI0007657,O006291,P009,2,19800.0,0.1
OI0007658,O006292,P010,2,5850.0,0.1
OI0007659,O006293,P009,1,22000.0,0.0
OI0007660,O006293,P011,1,22800.0,0.05
OI0007661,O006294,P010,3,6175.0,0.05
OI0007662,O006295,P010,1,6500.0,0.0
OI0007663,O006296,P004,2,23800.0,0.15
OI0007664,O006296,P002,1,65000.0,0.0
OI0007665,O006297,P004,2,28000.0,0.0
OI0007666,O006298,P004,2,25200.0,0.1
OI0007667,O006299,P007,1,4050.0,0.1
OI0007668,O006300,P003,3,12000.0,0.0
OI0007669,O006300,P006,3,15000.0,0.0
OI0007670,O006301,P006,2,14250.0,0.05
OI0007671,O006302,P003,2,11400.0,0.05
OI0007672,O006303,P008,2,17100.0,0.05
OI0007673,O006304,P003,1,11400.0,0.05
OI0007674,O006305,P002,2,55250.0,0.15
OI0007675,O006306,P003,1,12000.0,0.0
OI0007676,O006307,P010,3,5525.0,0.15
OI0007677,O006308,P007,1,4275.0,0.05
OI0007678,O006309,P009,2,22000.0,0.0
OI0007679,O006310,P008,1,15300.0,0.15
OI0007680,O006311,P012,2,2500.0,0.0
OI0007681,O006312,P011,3,24000.0,0.0
OI0007682,O006313,P004,2,22400.0,0.2
OI0007683,O006314,P008,3,18000.0,0.0
OI0007684,O006315,P001,1,7650.0,0.1
OI0007685,O006315,P008,3,17100.0,0.05
OI0007686,O006316,P003,2,12000.0,0.0
OI0007687,O006316,P001,1,7650.0,0.1
OI0007688,O006317,P007,2,4275.0,0.05
OI0007689,O006318,P002,3,65000.0,0.0
OI0007690,O006319,P002,1,65000.0,0.0
OI0007691,O006320,P005,3,52000.0,0.0
OI0007692,O006321,P008,1,17100.0,0.05
OI0007693,O006322,P004,1,25200.0,0.1
OI0007694,O006323,P004,1,26600.0,0.05
OI0007695,O006324,P006,3,14250.0,0.05
OI0007696,O006325,P003,3,12000.0,0.0
OI0007697,O006325,P006,2,15000.0,0.0
OI0007698,O006326,P009,2,20900.0,0.05
OI0007699,O006327,P009,3,22000.0,0.0
OI0007700,O006328,P011,3,24000.0,0.0
OI0007701,O006329,P003,2,10800.0,0.1
OI0007702,O006330,P008,3,17100.0,0.05
OI0007703,O006330,P006,1,13500.0,0.1
OI0007704,O006331,P004,3,25200.0,0.1
OI0007705,O006332,P008,2,18000.0,0.0
OI0007706,O006333,P010,3,6175.0,0.05
OI0007707,O006334,P001,1,8075.0,0.05
OI0007708,O006334,P003,1,10200.0,0.15
OI0007709,O006335,P001,3,7650.0,0.1
OI0007710,O006336,P003,1,10800.0,0.1
OI0007711,O006337,P006,2,15000.0,0.0
OI0007712,O006338,P005,2,52000.0,0.0
OI0007713,O006339,P004,1,28000.0,0.0
OI0007714,O006339,P009,1,20900.0,0.05
OI0007715,O006340,P001,1,7650.0,0.1
OI0007716,O006341,P010,1,6500.0,0.0
OI0007717,O006342,P007,3,3825.0,0.15
OI0007718,O006342,P002,1,65000.0,0.0
OI0007719,O006343,P004,1,26600.0,0.05
OI0007720,O006344,P010,2,6500.0,0.0
OI0007721,O006345,P011,3,21600.0,0.1
OI0007722,O006346,P005,1,52000.0,0.0
OI0007723,O006347,P001,3,8500.0,0.0
OI0007724,O006348,P011,1,24000.0,0.0
OI0007725,O006348,P008,3,14400.0,0.2
OI0007726,O006349,P008,3,15300.0,0.15
OI0007727,O006349,P004,3,26600.0,0.05
OI0007728,O006350,P001,2,6800.0,0.2
OI0007729,O006351,P008,1,17100.0,0.05
OI0007730,O006352,P010,1,6175.0,0.05
OI0007731,O006353,P002,2,65000.0,0.0
OI0007732,O006354,P010,2,6500.0,0.0
OI0007733,O006354,P004,3,28000.0,0.0
OI0007734,O006355,P002,3,61750.0,0.05
OI0007735,O006356,P003,3,11400.0,0.05
OI0007736,O006357,P010,1,6175.0,0.05
OI0007737,O006358,P006,1,15000.0,0.0
OI0007738,O006359,P009,1,20900.0,0.05
OI0007739,O006360,P006,2,13500.0,0.1
OI0007740,O006361,P002,1,58500.0,0.1
OI0007741,O006361,P003,1,10800.0,0.1
OI0007742,O006362,P002,2,58500.0,0.1
OI0007743,O006363,P001,3,8075.0,0.05
OI0007744,O006364,P003,3,12000.0,0.0
OI0007745,O006365,P010,1,5850.0,0.1
OI0007746,O006366,P001,3,8075.0,0.05
OI0007747,O006367,P001,3,7225.0,0.15
OI0007748,O006368,P005,1,44200.0,0.15
OI0007749,O006369,P002,1,58500.0,0.1
OI0007750,O006370,P003,2,10800.0,0.1
OI0007751,O006371,P006,2,12750.0,0.15
OI0007752,O006372,P004,1,26600.0,0.05
OI0007753,O006372,P002,1,61750.0,0.05
OI0007754,O006373,P002,1,65000.0,0.0
OI0007755,O006373,P003,2,10200.0,0.15
OI0007756,O006374,P007,1,4500.0,0.0
OI0007757,O006375,P002,2,58500.0,0.1
OI0007758,O006376,P007,3,4500.0,0.0
OI0007759,O006377,P004,3,25200.0,0.1
OI0007760,O006378,P009,1,17600.0,0.2
OI0007761,O006379,P006,2,15000.0,0.0
OI0007762,O006380,P006,3,14250.0,0.05
OI0007763,O006381,P005,2,44200.0,0.15
OI0007764,O006381,P006,2,14250.0,0.05
OI0007765,O006382,P002,3,55250.0,0.15
OI0007766,O006382,P010,3,5200.0,0.2
OI0007767,O006383,P008,1,18000.0,0.0
OI0007768,O006384,P004,1,26600.0,0.05
OI0007769,O006384,P007,2,4500.0,0.0
OI0007770,O006385,P003,2,12000.0,0.0
OI0007771,O006385,P009,2,19800.0,0.1
OI0007772,O006386,P001,3,8500.0,0.0
OI0007773,O006386,P010,1,6500.0,0.0
OI0007774,O006387,P011,1,21600.0,0.1
OI0007775,O006388,P005,2,52000.0,0.0
OI0007776,O006389,P001,1,7650.0,0.1
OI0007777,O006390,P003,3,12000.0,0.0
OI0007778,O006391,P008,1,15300.0,0.15
OI0007779,O006392,P002,2,58500.0,0.1
OI0007780,O006393,P011,2,24000.0,0.0
OI0007781,O006394,P008,3,18000.0,0.0
OI0007782,O006395,P005,1,52000.0,0.0
OI0007783,O006396,P001,1,8075.0,0.05
OI0007784,O006397,P008,3,18000.0,0.0
OI0007785,O006398,P007,2,4500.0,0.0
OI0007786,O006399,P006,1,13500.0,0.1
OI0007787,O006400,P006,1,12750.0,0.15
OI0007788,O006401,P008,2,18000.0,0.0
OI0007789,O006402,P009,2,22000.0,0.0
OI0007790,O006403,P005,2,44200.0,0.15
OI0007791,O006404,P003,3,11400.0,0.05
OI0007792,O006404,P010,2,6500.0,0.0
OI0007793,O006405,P007,2,4275.0,0.05
OI0007794,O006405,P012,3,2125.0,0.15
OI0007795,O006406,P010,2,6500.0,0.0
OI0007796,O006407,P001,1,8500.0,0.0
OI0007797,O006407,P010,2,6175.0,0.05
OI0007798,O006408,P010,2,6500.0,0.0
OI0007799,O006409,P012,3,2375.0,0.05
OI0007800,O006409,P008,3,14400.0,0.2
OI0007801,O006410,P008,1,17100.0,0.05
OI0007802,O006410,P012,2,2125.0,0.15
OI0007803,O006411,P002,2,61750.0,0.05
OI0007804,O006412,P006,1,15000.0,0.0
OI0007805,O006413,P011,3,20400.0,0.15
OI0007806,O006414,P011,1,21600.0,0.1
OI0007807,O006415,P001,3,7650.0,0.1
OI0007808,O006416,P011,3,22800.0,0.05
OI0007809,O006417,P004,2,28000.0,0.0
OI0007810,O006418,P005,3,52000.0,0.0
OI0007811,O006418,P002,3,65000.0,0.0
OI0007812,O006419,P005,3,52000.0,0.0
OI0007813,O006419,P012,1,2500.0,0.0
OI0007814,O006420,P010,2,6500.0,0.0
OI0007815,O006421,P007,3,3600.0,0.2
OI0007816,O006421,P009,2,19800.0,0.1
OI0007817,O006422,P002,2,58500.0,0.1
OI0007818,O006422,P003,3,12000.0,0.0
OI0007819,O006423,P005,2,49400.0,0.05
OI0007820,O006424,P004,2,26600.0,0.05
OI0007821,O006425,P002,1,52000.0,0.2
OI0007822,O006426,P011,3,22800.0,0.05
OI0007823,O006427,P005,1,41600.0,0.2
OI0007824,O006427,P008,2,18000.0,0.0
OI0007825,O006428,P010,2,5525.0,0.15
OI0007826,O006429,P001,1,8500.0,0.0
OI0007827,O006430,P007,1,4275.0,0.05
OI0007828,O006431,P007,3,4500.0,0.0
OI0007829,O006432,P012,1,2500.0,0.0
OI0007830,O006433,P007,3,4050.0,0.1
OI0007831,O006434,P012,1,2500.0,0.0
OI0007832,O006435,P007,2,4500.0,0.0
OI0007833,O006435,P011,3,20400.0,0.15
OI0007834,O006436,P003,1,10800.0,0.1
OI0007835,O006437,P012,2,2500.0,0.0
OI0007836,O006437,P002,3,65000.0,0.0
OI0007837,O006438,P004,3,23800.0,0.15
OI0007838,O006439,P002,1,65000.0,0.0
OI0007839,O006439,P001,3,7225.0,0.15
OI0007840,O006440,P005,2,44200.0,0.15
OI0007841,O006441,P009,2,19800.0,0.1
OI0007842,O006442,P001,2,8075.0,0.05
OI0007843,O006443,P006,3,14250.0,0.05
OI0007844,O006444,P010,2,6500.0,0.0
OI0007845,O006445,P004,1,28000.0,0.0
OI0007846,O006446,P009,1,20900.0,0.05
OI0007847,O006447,P012,3,2500.0,0.0
OI0007848,O006448,P011,3,20400.0,0.15
OI0007849,O006449,P008,2,16200.0,0.1
OI0007850,O006450,P006,2,13500.0,0.1
OI0007851,O006450,P001,2,7225.0,0.15
OI0007852,O006451,P011,3,24000.0,0.0
OI0007853,O006452,P009,2,22000.0,0.0
OI0007854,O006452,P001,1,8500.0,0.0
OI0007855,O006453,P011,1,19200.0,0.2
OI0007856,O006454,P007,1,4050.0,0.1
OI0007857,O006455,P005,3,52000.0,0.0
OI0007858,O006456,P009,3,22000.0,0.0
OI0007859,O006457,P002,3,52000.0,0.2
OI0007860,O006458,P006,3,15000.0,0.0
OI0007861,O006459,P011,1,22800.0,0.05
OI0007862,O006459,P005,1,49400.0,0.05
OI0007863,O006460,P004,3,28000.0,0.0
OI0007864,O006461,P006,1,15000.0,0.0
OI0007865,O006462,P011,1,22800.0,0.05
OI0007866,O006462,P010,2,6175.0,0.05
OI0007867,O006463,P009,1,20900.0,0.05
OI0007868,O006464,P004,2,25200.0,0.1
OI0007869,O006465,P010,1,6175.0,0.05
OI0007870,O006466,P005,3,44200.0,0.15
OI0007871,O006467,P010,1,5525.0,0.15
OI0007872,O006468,P007,2,4500.0,0.0
OI0007873,O006469,P007,2,4275.0,0.05
OI0007874,O006469,P001,3,8075.0,0.05
OI0007875,O006470,P006,2,15000.0,0.0
OI0007876,O006471,P001,3,7650.0,0.1
OI0007877,O006471,P006,3,15000.0,0.0
OI0007878,O006472,P009,3,19800.0,0.1
OI0007879,O006473,P004,2,26600.0,0.05
OI0007880,O006473,P010,3,5850.0,0.1
OI0007881,O006474,P003,2,12000.0,0.0
OI0007882,O006475,P010,1,6500.0,0.0
OI0007883,O006476,P003,2,11400.0,0.05
OI0007884,O006477,P003,3,10800.0,0.1
OI0007885,O006478,P010,3,5525.0,0.15
OI0007886,O006479,P006,3,14250.0,0.05
OI0007887,O006480,P006,3,15000.0,0.0
OI0007888,O006480,P008,3,18000.0,0.0
OI0007889,O006481,P001,2,8500.0,0.0
OI0007890,O006482,P001,2,8500.0,0.0
OI0007891,O006483,P007,1,3825.0,0.15
OI0007892,O006484,P003,1,12000.0,0.0
OI0007893,O006485,P012,3,2500.0,0.0
OI0007894,O006486,P007,3,4500.0,0.0
OI0007895,O006486,P009,3,20900.0,0.05
OI0007896,O006487,P012,1,2500.0,0.0
OI0007897,O006488,P007,1,4275.0,0.05
OI0007898,O006489,P004,2,28000.0,0.0
OI0007899,O006490,P005,3,44200.0,0.15
OI0007900,O006490,P011,2,20400.0,0.15
OI0007901,O006491,P009,3,22000.0,0.0
OI0007902,O006492,P001,1,7650.0,0.1
OI0007903,O006493,P003,2,10200.0,0.15
OI0007904,O006494,P009,2,19800.0,0.1
OI0007905,O006495,P002,3,61750.0,0.05
OI0007906,O006495,P011,2,21600.0,0.1
OI0007907,O006496,P006,1,13500.0,0.1
OI0007908,O006496,P004,1,25200.0,0.1
OI0007909,O006497,P001,3,8500.0,0.0
OI0007910,O006498,P009,2,22000.0,0.0
OI0007911,O006499,P008,1,18000.0,0.0
OI0007912,O006499,P003,1,10200.0,0.15
OI0007913,O006500,P007,1,4500.0,0.0
OI0007914,O006501,P004,3,25200.0,0.1
OI0007915,O006502,P012,3,2375.0,0.05
OI0007916,O006502,P001,3,7225.0,0.15
OI0007917,O006503,P005,1,44200.0,0.15
OI0007918,O006504,P001,2,7225.0,0.15
OI0007919,O006505,P002,2,65000.0,0.0
OI0007920,O006506,P007,2,3600.0,0.2
OI0007921,O006507,P005,2,52000.0,0.0
OI0007922,O006508,P009,1,18700.0,0.15
OI0007923,O006509,P003,1,11400.0,0.05
OI0007924,O006510,P001,2,7225.0,0.15
OI0007925,O006511,P009,1,19800.0,0.1
OI0007926,O006511,P003,2,12000.0,0.0
OI0007927,O006512,P008,3,18000.0,0.0
OI0007928,O006513,P003,1,11400.0,0.05
OI0007929,O006514,P002,3,61750.0,0.05
OI0007930,O006514,P004,1,28000.0,0.0
OI0007931,O006515,P010,2,6500.0,0.0
OI0007932,O006516,P009,3,19800.0,0.1
OI0007933,O006517,P011,2,20400.0,0.15
OI0007934,O006518,P011,2,24000.0,0.0
OI0007935,O006518,P001,1,7650.0,0.1
OI0007936,O006519,P002,2,65000.0,0.0
OI0007937,O006520,P010,2,6500.0,0.0
OI0007938,O006521,P009,3,20900.0,0.05
OI0007939,O006522,P004,2,28000.0,0.0
OI0007940,O006523,P011,2,20400.0,0.15
OI0007941,O006524,P004,3,25200.0,0.1
OI0007942,O006525,P003,3,10800.0,0.1
OI0007943,O006526,P006,1,14250.0,0.05
OI0007944,O006526,P003,2,12000.0,0.0
OI0007945,O006527,P001,1,8500.0,0.0
OI0007946,O006528,P011,3,24000.0,0.0
OI0007947,O006529,P004,2,26600.0,0.05
OI0007948,O006530,P006,3,13500.0,0.1
OI0007949,O006531,P005,3,49400.0,0.05
OI0007950,O006532,P006,2,12000.0,0.2
OI0007951,O006533,P009,1,22000.0,0.0
OI0007952,O006534,P007,2,4500.0,0.0
OI0007953,O006535,P005,2,52000.0,0.0
OI0007954,O006536,P004,2,28000.0,0.0
OI0007955,O006537,P002,2,65000.0,0.0
OI0007956,O006538,P002,1,58500.0,0.1
OI0007957,O006539,P008,1,18000.0,0.0
OI0007958,O006540,P001,2,8500.0,0.0
OI0007959,O006541,P009,3,20900.0,0.05
OI0007960,O006542,P011,2,24000.0,0.0
OI0007961,O006543,P004,2,26600.0,0.05
OI0007962,O006544,P002,3,58500.0,0.1
OI0007963,O006545,P001,1,8500.0,0.0
OI0007964,O006545,P004,1,28000.0,0.0
OI0007965,O006546,P001,3,8500.0,0.0
OI0007966,O006547,P012,3,2500.0,0.0
OI0007967,O006548,P005,2,49400.0,0.05
OI0007968,O006549,P004,2,26600.0,0.05
OI0007969,O006550,P004,3,28000.0,0.0
OI0007970,O006550,P006,3,15000.0,0.0
OI0007971,O006551,P006,3,12750.0,0.15
OI0007972,O006552,P004,3,28000.0,0.0
OI0007973,O006553,P004,1,28000.0,0.0
OI0007974,O006554,P004,3,25200.0,0.1
OI0007975,O006555,P001,1,8075.0,0.05
OI0007976,O006556,P001,3,8075.0,0.05
OI0007977,O006557,P002,1,55250.0,0.15
OI0007978,O006558,P003,2,12000.0,0.0
OI0007979,O006559,P009,3,20900.0,0.05
OI0007980,O006560,P004,2,25200.0,0.1
OI0007981,O006560,P009,1,22000.0,0.0
OI0007982,O006561,P004,1,28000.0,0.0
OI0007983,O006561,P008,2,18000.0,0.0
OI0007984,O006562,P001,3,8500.0,0.0
OI0007985,O006563,P006,3,15000.0,0.0
OI0007986,O006563,P009,1,18700.0,0.15
OI0007987,O006564,P008,2,17100.0,0.05
OI0007988,O006565,P002,1,65000.0,0.0
OI0007989,O006566,P012,2,2500.0,0.0
OI0007990,O006567,P006,3,14250.0,0.05
OI0007991,O006567,P012,3,2125.0,0.15
OI0007992,O006568,P006,1,13500.0,0.1
OI0007993,O006568,P005,3,44200.0,0.15
OI0007994,O006569,P004,1,28000.0,0.0
OI0007995,O006569,P001,1,7650.0,0.1
OI0007996,O006570,P011,3,20400.0,0.15
OI0007997,O006571,P006,1,15000.0,0.0
OI0007998,O006571,P010,1,6175.0,0.05
OI0007999,O006572,P001,1,8075.0,0.05
OI0008000,O006573,P011,1,22800.0,0.05
OI0008001,O006574,P010,3,6500.0,0.0
OI0008002,O006575,P011,3,21600.0,0.1
OI0008003,O006576,P009,1,22000.0,0.0
OI0008004,O006577,P001,3,8500.0,0.0
OI0008005,O006578,P002,2,55250.0,0.15
OI0008006,O006579,P001,1,7650.0,0.1
OI0008007,O006580,P007,1,4050.0,0.1
OI0008008,O006581,P005,3,49400.0,0.05
OI0008009,O006582,P004,2,26600.0,0.05
OI0008010,O006583,P002,1,58500.0,0.1
OI0008011,O006584,P002,3,61750.0,0.05
OI0008012,O006584,P006,1,15000.0,0.0
OI0008013,O006585,P001,3,7650.0,0.1
OI0008014,O006585,P010,1,6500.0,0.0
OI0008015,O006586,P011,3,22800.0,0.05
OI0008016,O006586,P010,2,5525.0,0.15
OI0008017,O006587,P006,3,15000.0,0.0
OI0008018,O006587,P005,1,49400.0,0.05
OI0008019,O006588,P004,1,25200.0,0.1
OI0008020,O006588,P001,1,8500.0,0.0
OI0008021,O006589,P001,2,8075.0,0.05
OI0008022,O006589,P010,1,5850.0,0.1
OI0008023,O006590,P007,3,4500.0,0.0
OI0008024,O006591,P006,3,13500.0,0.1
OI0008025,O006592,P008,2,16200.0,0.1
OI0008026,O006593,P002,3,65000.0,0.0
OI0008027,O006594,P004,1,23800.0,0.15
OI0008028,O006595,P002,2,58500.0,0.1
OI0008029,O006595,P005,3,52000.0,0.0
OI0008030,O006596,P009,1,19800.0,0.1
OI0008031,O006596,P011,2,21600.0,0.1
OI0008032,O006597,P003,3,12000.0,0.0
OI0008033,O006598,P003,2,11400.0,0.05
OI0008034,O006599,P004,3,28000.0,0.0
OI0008035,O006599,P005,1,49400.0,0.05
OI0008036,O006600,P010,1,6500.0,0.0
OI0008037,O006601,P005,1,52000.0,0.0
OI0008038,O006601,P012,3,2500.0,0.0
OI0008039,O006602,P007,3,3825.0,0.15
OI0008040,O006603,P001,2,8500.0,0.0
OI0008041,O006604,P012,1,2125.0,0.15
OI0008042,O006604,P006,2,14250.0,0.05
OI0008043,O006605,P010,3,6500.0,0.0
OI0008044,O006605,P009,2,22000.0,0.0
OI0008045,O006606,P003,3,10800.0,0.1
OI0008046,O006606,P010,1,6175.0,0.05
OI0008047,O006607,P002,1,65000.0,0.0
OI0008048,O006608,P010,1,5525.0,0.15
OI0008049,O006609,P007,3,4500.0,0.0
OI0008050,O006610,P001,2,8500.0,0.0
OI0008051,O006610,P012,1,2125.0,0.15
OI0008052,O006611,P009,2,22000.0,0.0
OI0008053,O006612,P004,1,28000.0,0.0
OI0008054,O006613,P006,2,15000.0,0.0
OI0008055,O006614,P003,2,10200.0,0.15
OI0008056,O006615,P007,2,3825.0,0.15
OI0008057,O006616,P012,1,2500.0,0.0
OI0008058,O006617,P006,1,15000.0,0.0
OI0008059,O006618,P009,1,20900.0,0.05
OI0008060,O006619,P006,3,15000.0,0.0
OI0008061,O006619,P010,2,5525.0,0.15
OI0008062,O006620,P011,3,24000.0,0.0
OI0008063,O006620,P010,3,6500.0,0.0
OI0008064,O006621,P006,3,15000.0,0.0
OI0008065,O006621,P003,2,10800.0,0.1
OI0008066,O006622,P005,1,49400.0,0.05
OI0008067,O006623,P005,3,49400.0,0.05
OI0008068,O006624,P009,2,17600.0,0.2
OI0008069,O006625,P001,1,8500.0,0.0
OI0008070,O006625,P010,1,6500.0,0.0
OI0008071,O006626,P010,1,6500.0,0.0
OI0008072,O006627,P002,3,55250.0,0.15
OI0008073,O006628,P002,1,65000.0,0.0
OI0008074,O006629,P012,3,2500.0,0.0
OI0008075,O006630,P005,1,44200.0,0.15
OI0008076,O006631,P006,1,15000.0,0.0
OI0008077,O006632,P011,2,24000.0,0.0
OI0008078,O006633,P009,1,18700.0,0.15
OI0008079,O006634,P003,3,12000.0,0.0
OI0008080,O006635,P004,3,28000.0,0.0
OI0008081,O006636,P010,1,6500.0,0.0
OI0008082,O006637,P010,1,6175.0,0.05
OI0008083,O006638,P001,1,8075.0,0.05
OI0008084,O006639,P007,2,4050.0,0.1
OI0008085,O006640,P010,2,6500.0,0.0
OI0008086,O006641,P008,2,16200.0,0.1
OI0008087,O006642,P007,3,4500.0,0.0
OI0008088,O006643,P011,2,24000.0,0.0
OI0008089,O006644,P005,3,49400.0,0.05
OI0008090,O006645,P002,3,65000.0,0.0
OI0008091,O006646,P007,3,4500.0,0.0
OI0008092,O006647,P003,3,12000.0,0.0
OI0008093,O006647,P010,3,6500.0,0.0
OI0008094,O006648,P006,3,14250.0,0.05
OI0008095,O006649,P007,3,4500.0,0.0
OI0008096,O006649,P003,2,12000.0,0.0
OI0008097,O006650,P008,1,18000.0,0.0
OI0008098,O006651,P010,3,5850.0,0.1
OI0008099,O006651,P007,1,4500.0,0.0
OI0008100,O006652,P004,3,25200.0,0.1
OI0008101,O006652,P001,3,8500.0,0.0
OI0008102,O006653,P004,2,28000.0,0.0
OI0008103,O006654,P002,1,65000.0,0.0
OI0008104,O006655,P010,2,6500.0,0.0
OI0008105,O006655,P009,1,22000.0,0.0
OI0008106,O006656,P001,2,8500.0,0.0
OI0008107,O006656,P003,3,12000.0,0.0
OI0008108,O006657,P001,3,7225.0,0.15
OI0008109,O006658,P011,3,21600.0,0.1
OI0008110,O006659,P012,3,2375.0,0.05
OI0008111,O006660,P007,1,3600.0,0.2
OI0008112,O006661,P005,3,44200.0,0.15
OI0008113,O006661,P002,1,61750.0,0.05
OI0008114,O006662,P004,1,26600.0,0.05
OI0008115,O006663,P012,2,2375.0,0.05
OI0008116,O006664,P006,3,15000.0,0.0
OI0008117,O006665,P011,1,24000.0,0.0
OI0008118,O006666,P003,2,12000.0,0.0
OI0008119,O006667,P002,1,58500.0,0.1
OI0008120,O006668,P006,2,14250.0,0.05
OI0008121,O006669,P012,3,2500.0,0.0
OI0008122,O006670,P002,3,65000.0,0.0
OI0008123,O006671,P004,1,25200.0,0.1
OI0008124,O006672,P010,2,5525.0,0.15
OI0008125,O006673,P004,3,28000.0,0.0
OI0008126,O006674,P012,1,2500.0,0.0
OI0008127,O006675,P007,3,3825.0,0.15
OI0008128,O006676,P010,2,6175.0,0.05
OI0008129,O006677,P006,1,15000.0,0.0
OI0008130,O006678,P007,2,4050.0,0.1
OI0008131,O006679,P004,1,23800.0,0.15
OI0008132,O006680,P003,2,10800.0,0.1
OI0008133,O006680,P001,1,7650.0,0.1
OI0008134,O006681,P002,1,58500.0,0.1
OI0008135,O006682,P001,3,8500.0,0.0
OI0008136,O006683,P005,3,52000.0,0.0
OI0008137,O006684,P001,3,7225.0,0.15
OI0008138,O006685,P008,2,16200.0,0.1
OI0008139,O006686,P006,1,14250.0,0.05
OI0008140,O006687,P001,3,7650.0,0.1
OI0008141,O006688,P009,3,22000.0,0.0
OI0008142,O006689,P011,3,24000.0,0.0
OI0008143,O006690,P004,3,23800.0,0.15
OI0008144,O006691,P005,2,46800.0,0.1
OI0008145,O006692,P001,1,7225.0,0.15
OI0008146,O006693,P006,2,15000.0,0.0
OI0008147,O006694,P003,1,11400.0,0.05
OI0008148,O006695,P001,3,8500.0,0.0
OI0008149,O006695,P006,2,15000.0,0.0
OI0008150,O006696,P002,3,65000.0,0.0
OI0008151,O006697,P012,3,2375.0,0.05
OI0008152,O006698,P005,3,52000.0,0.0
OI0008153,O006698,P011,2,24000.0,0.0
OI0008154,O006699,P004,2,28000.0,0.0
OI0008155,O006699,P003,3,11400.0,0.05
OI0008156,O006700,P010,2,5850.0,0.1
OI0008157,O006701,P006,2,14250.0,0.05
OI0008158,O006702,P008,3,16200.0,0.1
OI0008159,O006703,P004,2,25200.0,0.1
OI0008160,O006703,P006,2,15000.0,0.0
OI0008161,O006704,P002,3,65000.0,0.0
OI0008162,O006704,P003,3,12000.0,0.0
OI0008163,O006705,P008,3,18000.0,0.0
OI0008164,O006705,P011,1,24000.0,0.0
OI0008165,O006706,P005,1,52000.0,0.0
OI0008166,O006707,P008,3,18000.0,0.0
OI0008167,O006708,P007,2,4275.0,0.05
OI0008168,O006709,P004,1,28000.0,0.0
OI0008169,O006710,P005,1,52000.0,0.0
OI0008170,O006711,P007,2,4050.0,0.1
OI0008171,O006711,P012,1,2375.0,0.05
OI0008172,O006712,P005,2,46800.0,0.1
OI0008173,O006713,P012,2,2500.0,0.0
OI0008174,O006714,P001,2,7225.0,0.15
OI0008175,O006715,P010,2,5525.0,0.15
OI0008176,O006716,P010,2,5850.0,0.1
OI0008177,O006717,P007,1,4500.0,0.0
OI0008178,O006718,P004,1,26600.0,0.05
OI0008179,O006719,P012,1,2250.0,0.1
OI0008180,O006720,P005,2,52000.0,0.0
OI0008181,O006721,P002,3,65000.0,0.0
OI0008182,O006721,P004,3,28000.0,0.0
OI0008183,O006722,P001,2,8500.0,0.0
OI0008184,O006723,P010,1,6500.0,0.0
OI0008185,O006723,P001,1,7650.0,0.1
OI0008186,O006724,P007,3,4500.0,0.0
OI0008187,O006725,P005,1,41600.0,0.2
OI0008188,O006726,P001,2,7225.0,0.15
OI0008189,O006727,P003,3,12000.0,0.0
OI0008190,O006727,P004,2,23800.0,0.15
OI0008191,O006728,P001,1,7650.0,0.1
OI0008192,O006729,P007,2,4050.0,0.1
OI0008193,O006729,P001,2,8500.0,0.0
OI0008194,O006730,P001,1,8500.0,0.0
OI0008195,O006731,P001,2,8500.0,0.0
OI0008196,O006732,P007,2,4500.0,0.0
OI0008197,O006733,P006,3,15000.0,0.0
OI0008198,O006733,P012,3,2125.0,0.15
OI0008199,O006734,P005,2,49400.0,0.05
OI0008200,O006735,P004,3,23800.0,0.15
OI0008201,O006736,P002,1,55250.0,0.15
OI0008202,O006736,P007,1,4500.0,0.0
OI0008203,O006737,P009,1,22000.0,0.0
OI0008204,O006738,P009,2,22000.0,0.0
OI0008205,O006739,P006,2,14250.0,0.05
OI0008206,O006740,P008,2,18000.0,0.0
OI0008207,O006741,P007,3,3825.0,0.15
OI0008208,O006742,P006,1,15000.0,0.0
OI0008209,O006742,P005,1,44200.0,0.15
OI0008210,O006743,P004,2,26600.0,0.05
OI0008211,O006744,P008,1,16200.0,0.1
OI0008212,O006745,P001,3,7650.0,0.1
OI0008213,O006746,P003,3,10800.0,0.1
OI0008214,O006747,P012,3,2250.0,0.1
OI0008215,O006748,P009,2,22000.0,0.0
OI0008216,O006748,P008,1,17100.0,0.05
OI0008217,O006749,P011,2,24000.0,0.0
OI0008218,O006749,P001,3,7650.0,0.1
OI0008219,O006750,P007,1,3825.0,0.15
OI0008220,O006751,P003,2,11400.0,0.05
OI0008221,O006752,P004,3,23800.0,0.15
OI0008222,O006753,P002,1,61750.0,0.05
OI0008223,O006754,P006,3,15000.0,0.0
OI0008224,O006755,P007,1,4500.0,0.0
OI0008225,O006756,P008,3,18000.0,0.0
OI0008226,O006757,P004,3,28000.0,0.0
OI0008227,O006758,P008,3,18000.0,0.0
OI0008228,O006759,P011,3,22800.0,0.05
OI0008229,O006760,P008,3,18000.0,0.0
OI0008230,O006760,P010,3,5850.0,0.1
OI0008231,O006761,P009,2,19800.0,0.1
OI0008232,O006762,P001,2,8500.0,0.0
OI0008233,O006763,P002,2,55250.0,0.15
OI0008234,O006764,P007,1,4050.0,0.1
OI0008235,O006765,P008,2,18000.0,0.0
OI0008236,O006766,P012,2,2500.0,0.0
OI0008237,O006767,P009,2,22000.0,0.0
OI0008238,O006768,P001,1,7650.0,0.1
OI0008239,O006769,P008,3,18000.0,0.0
OI0008240,O006769,P010,1,6500.0,0.0
OI0008241,O006770,P007,3,4500.0,0.0
OI0008242,O006771,P006,3,14250.0,0.05
OI0008243,O006771,P001,3,7650.0,0.1
OI0008244,O006772,P008,2,16200.0,0.1
OI0008245,O006773,P003,1,12000.0,0.0
OI0008246,O006774,P009,3,22000.0,0.0
OI0008247,O006775,P001,1,8075.0,0.05
OI0008248,O006776,P004,1,26600.0,0.05
OI0008249,O006776,P010,3,5850.0,0.1
OI0008250,O006777,P005,3,49400.0,0.05
OI0008251,O006778,P010,3,5525.0,0.15
OI0008252,O006779,P009,2,20900.0,0.05
OI0008253,O006780,P006,1,13500.0,0.1
OI0008254,O006781,P009,3,18700.0,0.15
OI0008255,O006782,P003,1,12000.0,0.0
OI0008256,O006783,P006,3,13500.0,0.1
OI0008257,O006783,P004,3,28000.0,0.0
OI0008258,O006784,P009,3,19800.0,0.1
OI0008259,O006785,P001,3,8075.0,0.05
OI0008260,O006786,P010,2,5850.0,0.1
OI0008261,O006787,P006,3,12000.0,0.2
OI0008262,O006788,P006,2,15000.0,0.0
OI0008263,O006789,P009,3,19800.0,0.1
OI0008264,O006790,P011,1,21600.0,0.1
OI0008265,O006791,P002,3,58500.0,0.1
OI0008266,O006792,P009,3,20900.0,0.05
OI0008267,O006792,P010,1,6175.0,0.05
OI0008268,O006793,P004,1,28000.0,0.0
OI0008269,O006794,P009,2,18700.0,0.15
OI0008270,O006795,P009,3,18700.0,0.15
OI0008271,O006796,P001,1,8075.0,0.05
OI0008272,O006797,P003,3,10200.0,0.15
OI0008273,O006798,P010,1,5200.0,0.2
OI0008274,O006798,P002,1,55250.0,0.15
OI0008275,O006799,P009,2,22000.0,0.0
OI0008276,O006799,P001,2,8075.0,0.05
OI0008277,O006800,P006,2,12750.0,0.15
OI0008278,O006801,P011,3,24000.0,0.0
OI0008279,O006802,P006,3,15000.0,0.0
OI0008280,O006802,P001,3,8075.0,0.05
OI0008281,O006803,P006,2,15000.0,0.0
OI0008282,O006803,P008,2,16200.0,0.1
OI0008283,O006804,P004,3,26600.0,0.05
OI0008284,O006804,P001,1,6800.0,0.2
OI0008285,O006805,P009,1,22000.0,0.0
OI0008286,O006805,P004,2,28000.0,0.0
OI0008287,O006806,P006,2,13500.0,0.1
OI0008288,O006807,P006,3,13500.0,0.1
OI0008289,O006808,P004,3,25200.0,0.1
OI0008290,O006809,P010,3,6500.0,0.0
OI0008291,O006809,P009,2,22000.0,0.0
OI0008292,O006810,P009,2,22000.0,0.0
OI0008293,O006811,P004,2,26600.0,0.05
OI0008294,O006812,P007,3,4500.0,0.0
OI0008295,O006813,P004,3,28000.0,0.0
OI0008296,O006814,P002,3,58500.0,0.1
OI0008297,O006815,P007,3,4050.0,0.1
OI0008298,O006816,P006,1,15000.0,0.0
OI0008299,O006817,P003,3,11400.0,0.05
OI0008300,O006818,P010,1,6175.0,0.05
OI0008301,O006818,P012,1,2250.0,0.1
OI0008302,O006819,P001,2,8500.0,0.0
OI0008303,O006820,P009,1,19800.0,0.1
OI0008304,O006820,P003,3,11400.0,0.05
OI0008305,O006821,P009,1,22000.0,0.0
OI0008306,O006822,P003,1,10800.0,0.1
OI0008307,O006823,P010,1,6175.0,0.05
OI0008308,O006824,P001,2,8500.0,0.0
OI0008309,O006825,P002,3,61750.0,0.05
OI0008310,O006826,P006,2,12750.0,0.15
OI0008311,O006826,P004,3,28000.0,0.0
OI0008312,O006827,P002,2,58500.0,0.1
OI0008313,O006828,P004,3,28000.0,0.0
OI0008314,O006829,P003,1,12000.0,0.0
OI0008315,O006830,P009,2,19800.0,0.1
OI0008316,O006830,P012,1,2500.0,0.0
OI0008317,O006831,P009,3,20900.0,0.05
OI0008318,O006832,P002,1,58500.0,0.1
OI0008319,O006833,P006,1,14250.0,0.05
OI0008320,O006834,P001,3,8500.0,0.0
OI0008321,O006835,P012,1,2250.0,0.1
OI0008322,O006835,P005,2,46800.0,0.1
OI0008323,O006836,P009,1,18700.0,0.15
OI0008324,O006837,P007,1,4500.0,0.0
OI0008325,O006838,P004,3,26600.0,0.05
OI0008326,O006839,P002,3,65000.0,0.0
OI0008327,O006840,P012,1,2500.0,0.0
OI0008328,O006841,P006,2,13500.0,0.1
OI0008329,O006842,P011,1,24000.0,0.0
OI0008330,O006843,P006,2,13500.0,0.1
OI0008331,O006844,P010,2,6500.0,0.0
OI0008332,O006845,P004,1,26600.0,0.05
OI0008333,O006846,P006,1,13500.0,0.1
OI0008334,O006846,P004,3,28000.0,0.0
OI0008335,O006847,P006,2,12000.0,0.2
OI0008336,O006848,P010,2,5850.0,0.1
OI0008337,O006849,P001,3,7650.0,0.1
OI0008338,O006850,P012,2,2500.0,0.0
OI0008339,O006851,P001,1,8075.0,0.05
OI0008340,O006852,P001,3,8075.0,0.05
OI0008341,O006853,P002,3,55250.0,0.15
OI0008342,O006854,P004,1,28000.0,0.0
OI0008343,O006855,P004,1,28000.0,0.0
OI0008344,O006856,P009,1,18700.0,0.15
OI0008345,O006857,P006,3,13500.0,0.1
OI0008346,O006857,P005,1,46800.0,0.1
OI0008347,O006858,P012,3,2000.0,0.2
OI0008348,O006858,P009,1,22000.0,0.0
OI0008349,O006859,P010,2,6500.0,0.0
OI0008350,O006860,P009,2,22000.0,0.0
OI0008351,O006861,P003,3,12000.0,0.0
OI0008352,O006862,P004,2,26600.0,0.05
OI0008353,O006863,P002,3,61750.0,0.05
OI0008354,O006863,P008,1,16200.0,0.1
OI0008355,O006864,P010,2,6175.0,0.05
OI0008356,O006864,P011,1,21600.0,0.1
OI0008357,O006865,P005,2,46800.0,0.1
OI0008358,O006865,P003,2,10800.0,0.1
OI0008359,O006866,P001,3,8075.0,0.05
OI0008360,O006867,P010,3,6500.0,0.0
OI0008361,O006867,P011,1,22800.0,0.05
OI0008362,O006868,P005,2,49400.0,0.05
OI0008363,O006869,P006,1,13500.0,0.1
OI0008364,O006870,P008,2,18000.0,0.0
OI0008365,O006870,P010,2,6500.0,0.0
OI0008366,O006871,P009,2,18700.0,0.15
OI0008367,O006872,P007,2,4050.0,0.1
OI0008368,O006873,P006,1,15000.0,0.0
OI0008369,O006874,P009,1,19800.0,0.1
OI0008370,O006875,P005,2,52000.0,0.0
OI0008371,O006875,P009,2,19800.0,0.1
OI0008372,O006876,P004,2,25200.0,0.1
OI0008373,O006876,P010,3,6175.0,0.05
OI0008374,O006877,P001,1,8075.0,0.05
OI0008375,O006878,P009,1,22000.0,0.0
OI0008376,O006878,P002,1,65000.0,0.0
OI0008377,O006879,P008,2,16200.0,0.1
OI0008378,O006880,P001,2,7225.0,0.15
OI0008379,O006881,P001,1,8075.0,0.05
OI0008380,O006881,P003,3,9600.0,0.2
OI0008381,O006882,P009,1,20900.0,0.05
OI0008382,O006883,P007,2,4500.0,0.0
OI0008383,O006884,P010,3,6500.0,0.0
OI0008384,O006885,P008,1,18000.0,0.0
OI0008385,O006886,P009,3,20900.0,0.05
OI0008386,O006886,P011,1,20400.0,0.15
OI0008387,O006887,P008,2,18000.0,0.0
OI0008388,O006887,P011,1,22800.0,0.05
OI0008389,O006888,P011,1,24000.0,0.0
OI0008390,O006889,P008,1,18000.0,0.0
OI0008391,O006890,P011,1,24000.0,0.0
OI0008392,O006890,P006,1,15000.0,0.0
OI0008393,O006891,P006,2,15000.0,0.0
OI0008394,O006892,P007,2,3825.0,0.15
OI0008395,O006892,P008,1,18000.0,0.0
OI0008396,O006893,P006,3,15000.0,0.0
OI0008397,O006894,P003,3,12000.0,0.0
OI0008398,O006894,P009,3,20900.0,0.05
OI0008399,O006895,P010,2,5525.0,0.15
OI0008400,O006896,P009,3,20900.0,0.05
OI0008401,O006897,P011,1,21600.0,0.1
OI0008402,O006898,P003,3,12000.0,0.0
OI0008403,O006899,P009,1,22000.0,0.0
OI0008404,O006900,P001,2,8500.0,0.0
OI0008405,O006901,P007,3,4500.0,0.0
OI0008406,O006902,P004,1,28000.0,0.0
OI0008407,O006903,P001,2,6800.0,0.2
OI0008408,O006903,P011,3,20400.0,0.15
OI0008409,O006904,P003,2,11400.0,0.05
OI0008410,O006904,P002,2,58500.0,0.1
OI0008411,O006905,P003,2,11400.0,0.05
OI0008412,O006906,P002,3,55250.0,0.15
OI0008413,O006907,P002,3,61750.0,0.05
OI0008414,O006907,P009,1,20900.0,0.05
OI0008415,O006908,P004,1,25200.0,0.1
OI0008416,O006909,P007,2,4500.0,0.0
OI0008417,O006910,P008,2,18000.0,0.0
OI0008418,O006910,P010,2,6500.0,0.0
OI0008419,O006911,P008,2,18000.0,0.0
OI0008420,O006911,P010,3,6175.0,0.05
OI0008421,O006912,P005,1,49400.0,0.05
OI0008422,O006913,P003,3,11400.0,0.05
OI0008423,O006914,P006,3,15000.0,0.0
OI0008424,O006915,P003,1,11400.0,0.05
OI0008425,O006915,P007,3,4050.0,0.1
OI0008426,O006916,P010,2,6500.0,0.0
OI0008427,O006917,P006,3,15000.0,0.0
OI0008428,O006918,P008,2,15300.0,0.15
OI0008429,O006919,P004,2,22400.0,0.2
OI0008430,O006920,P002,1,65000.0,0.0
OI0008431,O006921,P008,1,17100.0,0.05
OI0008432,O006922,P007,1,4500.0,0.0
OI0008433,O006923,P010,3,6500.0,0.0
OI0008434,O006924,P008,3,16200.0,0.1
OI0008435,O006925,P007,3,4275.0,0.05
OI0008436,O006926,P003,3,10800.0,0.1
OI0008437,O006927,P006,2,14250.0,0.05
OI0008438,O006928,P006,2,15000.0,0.0
OI0008439,O006929,P001,3,7225.0,0.15
OI0008440,O006929,P012,3,2500.0,0.0
OI0008441,O006930,P007,1,3825.0,0.15
OI0008442,O006931,P010,1,5200.0,0.2
OI0008443,O006932,P001,3,7650.0,0.1
OI0008444,O006932,P012,1,2250.0,0.1
OI0008445,O006933,P004,2,26600.0,0.05
OI0008446,O006934,P002,2,65000.0,0.0
OI0008447,O006935,P001,3,8075.0,0.05
OI0008448,O006936,P012,2,2375.0,0.05
OI0008449,O006936,P008,3,17100.0,0.05
OI0008450,O006937,P004,2,28000.0,0.0
OI0008451,O006938,P004,1,28000.0,0.0
OI0008452,O006939,P005,3,49400.0,0.05
OI0008453,O006940,P007,1,4050.0,0.1
OI0008454,O006941,P007,3,4500.0,0.0
OI0008455,O006942,P010,1,5525.0,0.15
OI0008456,O006943,P010,3,6500.0,0.0
OI0008457,O006944,P007,3,4050.0,0.1
OI0008458,O006945,P011,2,22800.0,0.05
OI0008459,O006945,P008,2,18000.0,0.0
OI0008460,O006946,P003,1,10200.0,0.15
OI0008461,O006947,P007,3,4050.0,0.1
OI0008462,O006948,P004,1,28000.0,0.0
OI0008463,O006949,P001,3,6800.0,0.2
OI0008464,O006950,P002,2,61750.0,0.05
OI0008465,O006951,P008,2,18000.0,0.0
OI0008466,O006952,P010,1,6500.0,0.0
OI0008467,O006953,P004,3,28000.0,0.0
OI0008468,O006954,P011,1,20400.0,0.15
OI0008469,O006955,P010,3,5525.0,0.15
OI0008470,O006956,P008,2,16200.0,0.1
OI0008471,O006956,P003,1,11400.0,0.05
OI0008472,O006957,P004,3,25200.0,0.1
OI0008473,O006958,P005,2,46800.0,0.1
OI0008474,O006958,P001,1,8500.0,0.0
OI0008475,O006959,P001,2,6800.0,0.2
OI0008476,O006959,P005,1,52000.0,0.0
OI0008477,O006960,P011,1,19200.0,0.2
OI0008478,O006961,P008,3,17100.0,0.05
OI0008479,O006962,P009,2,18700.0,0.15
OI0008480,O006962,P004,3,28000.0,0.0
OI0008481,O006963,P004,2,26600.0,0.05
OI0008482,O006964,P011,3,24000.0,0.0
OI0008483,O006965,P009,3,20900.0,0.05
OI0008484,O006965,P006,1,15000.0,0.0
OI0008485,O006966,P007,2,3600.0,0.2
OI0008486,O006967,P001,1,8075.0,0.05
OI0008487,O006968,P002,3,65000.0,0.0
OI0008488,O006969,P003,1,12000.0,0.0
OI0008489,O006970,P003,3,10800.0,0.1
OI0008490,O006970,P004,2,26600.0,0.05
OI0008491,O006971,P005,1,52000.0,0.0
OI0008492,O006972,P008,3,17100.0,0.05
OI0008493,O006973,P008,3,17100.0,0.05
OI0008494,O006974,P002,1,65000.0,0.0
OI0008495,O006974,P007,3,4050.0,0.1
OI0008496,O006975,P006,3,14250.0,0.05
OI0008497,O006976,P009,1,22000.0,0.0
OI0008498,O006976,P008,3,17100.0,0.05
OI0008499,O006977,P010,1,6500.0,0.0
OI0008500,O006977,P002,2,58500.0,0.1
OI0008501,O006978,P007,2,4500.0,0.0
OI0008502,O006979,P006,3,12750.0,0.15
OI0008503,O006979,P001,2,7225.0,0.15
OI0008504,O006980,P003,3,12000.0,0.0
OI0008505,O006980,P004,1,26600.0,0.05
OI0008506,O006981,P009,3,20900.0,0.05
OI0008507,O006982,P011,1,22800.0,0.05
OI0008508,O006983,P007,2,4500.0,0.0
OI0008509,O006984,P001,1,8500.0,0.0
OI0008510,O006985,P005,2,46800.0,0.1
OI0008511,O006985,P002,2,58500.0,0.1
OI0008512,O006986,P010,3,6500.0,0.0
OI0008513,O006986,P012,1,2500.0,0.0
OI0008514,O006987,P011,2,22800.0,0.05
OI0008515,O006987,P003,2,10200.0,0.15
OI0008516,O006988,P008,1,17100.0,0.05
OI0008517,O006989,P011,2,22800.0,0.05
OI0008518,O006990,P005,2,52000.0,0.0
OI0008519,O006991,P007,3,3825.0,0.15
OI0008520,O006992,P008,1,14400.0,0.2
OI0008521,O006993,P009,1,19800.0,0.1
OI0008522,O006993,P001,2,7650.0,0.1
OI0008523,O006994,P011,2,21600.0,0.1
OI0008524,O006995,P009,2,19800.0,0.1
OI0008525,O006995,P002,3,58500.0,0.1
OI0008526,O006996,P003,3,10800.0,0.1
OI0008527,O006997,P011,2,24000.0,0.0
OI0008528,O006998,P012,2,2500.0,0.0
OI0008529,O006999,P011,1,24000.0,0.0
OI0008530,O007000,P010,1,5525.0,0.15
OI0008531,O007000,P003,2,9600.0,0.2
OI0008532,O007001,P008,3,18000.0,0.0
OI0008533,O007002,P008,2,18000.0,0.0
OI0008534,O007003,P001,2,6800.0,0.2
OI0008535,O007004,P006,1,14250.0,0.05
OI0008536,O007004,P009,3,19800.0,0.1
OI0008537,O007005,P012,2,2250.0,0.1
OI0008538,O007006,P008,1,17100.0,0.05
OI0008539,O007007,P012,3,2500.0,0.0
OI0008540,O007008,P004,1,28000.0,0.0
OI0008541,O007008,P001,1,7225.0,0.15
OI0008542,O007009,P001,2,8075.0,0.05
OI0008543,O007010,P010,1,6500.0,0.0
OI0008544,O007011,P003,2,12000.0,0.0
OI0008545,O007011,P012,2,2500.0,0.0
OI0008546,O007012,P006,2,13500.0,0.1
OI0008547,O007012,P011,3,24000.0,0.0
OI0008548,O007013,P007,1,4050.0,0.1
OI0008549,O007013,P010,1,6175.0,0.05
OI0008550,O007014,P011,3,21600.0,0.1
OI0008551,O007015,P003,3,12000.0,0.0
OI0008552,O007015,P010,2,5850.0,0.1
OI0008553,O007016,P012,2,2500.0,0.0
OI0008554,O007017,P004,2,26600.0,0.05
OI0008555,O007017,P008,3,18000.0,0.0
OI0008556,O007018,P010,2,5525.0,0.15
OI0008557,O007019,P001,2,6800.0,0.2
OI0008558,O007019,P002,1,65000.0,0.0
OI0008559,O007020,P012,1,2500.0,0.0
OI0008560,O007021,P008,2,18000.0,0.0
OI0008561,O007022,P001,2,7225.0,0.15
OI0008562,O007023,P006,3,15000.0,0.0
OI0008563,O007024,P011,2,24000.0,0.0
OI0008564,O007025,P012,2,2250.0,0.1
OI0008565,O007025,P003,3,12000.0,0.0
OI0008566,O007026,P006,3,15000.0,0.0
OI0008567,O007026,P008,1,17100.0,0.05
OI0008568,O007027,P007,1,4500.0,0.0
OI0008569,O007028,P003,1,10800.0,0.1
OI0008570,O007028,P009,1,22000.0,0.0
OI0008571,O007029,P004,3,28000.0,0.0
OI0008572,O007030,P003,3,9600.0,0.2
OI0008573,O007031,P002,2,65000.0,0.0
OI0008574,O007032,P009,3,19800.0,0.1
OI0008575,O007033,P002,3,65000.0,0.0
OI0008576,O007034,P006,1,12750.0,0.15
OI0008577,O007035,P007,1,4500.0,0.0
OI0008578,O007036,P002,2,65000.0,0.0
OI0008579,O007037,P010,1,5850.0,0.1
OI0008580,O007037,P001,1,8075.0,0.05
OI0008581,O007038,P010,2,6500.0,0.0
OI0008582,O007039,P011,3,21600.0,0.1
OI0008583,O007040,P001,3,7650.0,0.1
OI0008584,O007041,P005,2,49400.0,0.05
OI0008585,O007042,P010,1,5850.0,0.1
OI0008586,O007043,P006,3,15000.0,0.0
OI0008587,O007043,P005,1,52000.0,0.0
OI0008588,O007044,P006,1,12000.0,0.2
OI0008589,O007045,P011,1,24000.0,0.0
OI0008590,O007046,P006,1,15000.0,0.0
OI0008591,O007047,P002,3,55250.0,0.15
OI0008592,O007048,P001,3,8500.0,0.0
OI0008593,O007049,P004,2,28000.0,0.0
OI0008594,O007050,P001,1,8075.0,0.05
OI0008595,O007051,P012,2,2375.0,0.05
OI0008596,O007051,P004,3,28000.0,0.0
OI0008597,O007052,P005,2,44200.0,0.15
OI0008598,O007053,P009,3,22000.0,0.0
OI0008599,O007054,P001,3,7650.0,0.1
OI0008600,O007055,P001,2,6800.0,0.2
OI0008601,O007056,P001,1,7650.0,0.1
OI0008602,O007057,P011,2,24000.0,0.0
OI0008603,O007058,P001,3,8500.0,0.0
OI0008604,O007059,P008,1,15300.0,0.15
OI0008605,O007060,P007,1,4500.0,0.0
OI0008606,O007060,P005,1,49400.0,0.05
OI0008607,O007061,P006,3,15000.0,0.0
OI0008608,O007062,P012,3,2500.0,0.0
OI0008609,O007063,P003,1,12000.0,0.0
OI0008610,O007063,P001,2,7225.0,0.15
OI0008611,O007064,P005,3,52000.0,0.0
OI0008612,O007065,P002,2,61750.0,0.05
OI0008613,O007066,P010,2,5525.0,0.15
OI0008614,O007067,P009,2,20900.0,0.05
OI0008615,O007068,P001,3,8500.0,0.0
OI0008616,O007069,P008,3,18000.0,0.0
OI0008617,O007070,P001,2,7225.0,0.15
OI0008618,O007071,P004,2,25200.0,0.1
OI0008619,O007071,P010,3,5525.0,0.15
OI0008620,O007072,P004,1,25200.0,0.1
OI0008621,O007072,P011,3,24000.0,0.0
OI0008622,O007073,P006,3,15000.0,0.0
OI0008623,O007074,P006,3,12750.0,0.15
OI0008624,O007075,P011,1,22800.0,0.05
OI0008625,O007076,P010,2,6500.0,0.0
OI0008626,O007077,P008,2,16200.0,0.1
OI0008627,O007078,P003,3,10800.0,0.1
OI0008628,O007079,P009,3,22000.0,0.0
OI0008629,O007080,P004,3,28000.0,0.0
OI0008630,O007081,P010,1,6500.0,0.0
OI0008631,O007081,P004,1,28000.0,0.0
OI0008632,O007082,P008,1,18000.0,0.0
OI0008633,O007083,P006,2,13500.0,0.1
OI0008634,O007084,P009,1,19800.0,0.1
OI0008635,O007085,P008,3,18000.0,0.0
OI0008636,O007085,P010,2,6500.0,0.0
OI0008637,O007086,P009,3,22000.0,0.0
OI0008638,O007087,P005,2,52000.0,0.0
OI0008639,O007088,P002,2,61750.0,0.05
OI0008640,O007089,P011,2,24000.0,0.0
OI0008641,O007089,P004,1,23800.0,0.15
OI0008642,O007090,P007,3,4050.0,0.1
OI0008643,O007091,P010,1,5850.0,0.1
OI0008644,O007092,P011,3,19200.0,0.2
OI0008645,O007092,P005,2,52000.0,0.0
OI0008646,O007093,P001,2,8500.0,0.0
OI0008647,O007094,P004,3,28000.0,0.0
OI0008648,O007094,P011,1,24000.0,0.0
OI0008649,O007095,P012,2,2500.0,0.0
OI0008650,O007096,P006,1,14250.0,0.05
OI0008651,O007096,P004,2,28000.0,0.0
OI0008652,O007097,P010,3,6500.0,0.0
OI0008653,O007098,P011,1,24000.0,0.0
OI0008654,O007099,P008,1,17100.0,0.05
OI0008655,O007100,P001,3,8500.0,0.0
OI0008656,O007100,P002,3,61750.0,0.05
OI0008657,O007101,P001,2,8075.0,0.05
OI0008658,O007101,P011,1,22800.0,0.05
OI0008659,O007102,P004,1,25200.0,0.1
OI0008660,O007103,P001,3,7650.0,0.1
OI0008661,O007104,P005,3,46800.0,0.1
OI0008662,O007105,P004,1,25200.0,0.1
OI0008663,O007106,P003,3,12000.0,0.0
OI0008664,O007106,P007,1,4500.0,0.0
OI0008665,O007107,P005,1,46800.0,0.1
OI0008666,O007107,P011,1,22800.0,0.05
OI0008667,O007108,P012,3,2250.0,0.1
OI0008668,O007109,P009,3,18700.0,0.15
OI0008669,O007110,P004,1,25200.0,0.1
OI0008670,O007111,P002,2,65000.0,0.0
OI0008671,O007112,P001,3,8075.0,0.05
OI0008672,O007113,P009,3,22000.0,0.0
OI0008673,O007114,P011,3,24000.0,0.0
OI0008674,O007115,P007,2,4500.0,0.0
OI0008675,O007116,P003,2,11400.0,0.05
OI0008676,O007117,P001,3,8500.0,0.0
OI0008677,O007118,P009,1,22000.0,0.0
OI0008678,O007119,P004,3,28000.0,0.0
OI0008679,O007119,P012,2,2250.0,0.1
OI0008680,O007120,P012,2,2125.0,0.15
OI0008681,O007121,P001,3,8500.0,0.0
OI0008682,O007122,P002,1,61750.0,0.05
OI0008683,O007123,P010,3,5850.0,0.1
OI0008684,O007124,P004,1,25200.0,0.1
OI0008685,O007125,P008,1,18000.0,0.0
OI0008686,O007126,P002,1,65000.0,0.0
OI0008687,O007126,P003,1,10800.0,0.1
OI0008688,O007127,P006,3,12750.0,0.15
OI0008689,O007128,P010,1,6175.0,0.05
OI0008690,O007128,P001,1,8075.0,0.05
OI0008691,O007129,P011,2,22800.0,0.05
OI0008692,O007130,P001,3,8075.0,0.05
OI0008693,O007131,P009,2,17600.0,0.2
OI0008694,O007132,P001,3,8500.0,0.0
OI0008695,O007133,P002,3,58500.0,0.1
OI0008696,O007133,P004,1,28000.0,0.0
OI0008697,O007134,P009,3,20900.0,0.05
OI0008698,O007135,P003,2,12000.0,0.0
OI0008699,O007136,P003,3,11400.0,0.05
OI0008700,O007136,P004,1,28000.0,0.0
OI0008701,O007137,P010,-1,6500.0,0.0
OI0008702,O007137,P007,3,4275.0,0.05
OI0008703,O007138,P005,2,46800.0,0.1
OI0008704,O007139,P011,2,21600.0,0.1
OI0008705,O007139,P004,3,28000.0,0.0
OI0008706,O007140,P008,3,18000.0,0.0
OI0008707,O007141,P006,3,12000.0,0.2
OI0008708,O007142,P012,1,2375.0,0.05
OI0008709,O007143,P002,3,65000.0,0.0
OI0008710,O007144,P006,3,12000.0,0.2
OI0008711,O007145,P005,3,49400.0,0.05
OI0008712,O007146,P006,3,14250.0,0.05
OI0008713,O007147,P001,2,8500.0,0.0
OI0008714,O007148,P006,2,15000.0,0.0
OI0008715,O007149,P010,3,5850.0,0.1
OI0008716,O007149,P007,3,4500.0,0.0
OI0008717,O007150,P003,2,12000.0,0.0
OI0008718,O007151,P002,3,61750.0,0.05
OI0008719,O007152,P005,2,49400.0,0.05
OI0008720,O007153,P002,2,58500.0,0.1
OI0008721,O007154,P010,3,5850.0,0.1
OI0008722,O007155,P004,3,26600.0,0.05
OI0008723,O007155,P006,2,14250.0,0.05
OI0008724,O007156,P006,2,14250.0,0.05
OI0008725,O007156,P010,3,6500.0,0.0
OI0008726,O007157,P011,3,21600.0,0.1
OI0008727,O007158,P006,1,15000.0,0.0
OI0008728,O007159,P012,1,2500.0,0.0
OI0008729,O007160,P008,2,16200.0,0.1
OI0008730,O007161,P004,2,26600.0,0.05
OI0008731,O007162,P012,3,2250.0,0.1
OI0008732,O007163,P001,2,8500.0,0.0
OI0008733,O007163,P003,3,12000.0,0.0
OI0008734,O007164,P006,3,13500.0,0.1
OI0008735,O007165,P001,3,8075.0,0.05
OI0008736,O007166,P003,2,12000.0,0.0
OI0008737,O007167,P011,2,24000.0,0.0
OI0008738,O007168,P001,1,7650.0,0.1
OI0008739,O007169,P004,2,25200.0,0.1
OI0008740,O007169,P009,3,18700.0,0.15
OI0008741,O007170,P001,1,8075.0,0.05
OI0008742,O007171,P011,2,24000.0,0.0
OI0008743,O007172,P005,3,49400.0,0.05
OI0008744,O007172,P010,2,5850.0,0.1
OI0008745,O007173,P010,1,6500.0,0.0
OI0008746,O007174,P006,2,15000.0,0.0
OI0008747,O007174,P008,2,16200.0,0.1
OI0008748,O007175,P004,3,26600.0,0.05
OI0008749,O007175,P003,1,11400.0,0.05
OI0008750,O007176,P012,3,2500.0,0.0
OI0008751,O007176,P001,2,7225.0,0.15
OI0008752,O007177,P001,1,7225.0,0.15
OI0008753,O007177,P005,1,49400.0,0.05
OI0008754,O007178,P001,1,8075.0,0.05
OI0008755,O007179,P001,2,8075.0,0.05
OI0008756,O007179,P007,3,4500.0,0.0
OI0008757,O007180,P004,2,28000.0,0.0
OI0008758,O007181,P009,2,22000.0,0.0
OI0008759,O007181,P002,3,58500.0,0.1
OI0008760,O007182,P008,3,18000.0,0.0
OI0008761,O007183,P011,1,24000.0,0.0
OI0008762,O007184,P006,2,12000.0,0.2
OI0008763,O007185,P009,1,19800.0,0.1
OI0008764,O007186,P008,3,17100.0,0.05
OI0008765,O007187,P012,3,2500.0,0.0
OI0008766,O007188,P004,1,28000.0,0.0
OI0008767,O007189,P005,3,41600.0,0.2
OI0008768,O007190,P012,3,2500.0,0.0
OI0008769,O007191,P001,3,6800.0,0.2
OI0008770,O007192,P008,2,16200.0,0.1
OI0008771,O007193,P005,2,52000.0,0.0
OI0008772,O007194,P005,1,46800.0,0.1
OI0008773,O007194,P012,1,2375.0,0.05
OI0008774,O007195,P007,1,4275.0,0.05
OI0008775,O007196,P011,1,22800.0,0.05
OI0008776,O007197,P006,1,15000.0,0.0
OI0008777,O007198,P001,2,8500.0,0.0
OI0008778,O007199,P006,3,15000.0,0.0
OI0008779,O007200,P001,3,8500.0,0.0
OI0008780,O007200,P011,1,21600.0,0.1
