payment_id,order_id,payment_method,payment_status,amount
PAY0000001,O000001,Cash on Delivery,Paid,44000.0
PAY0000002,O000002,Bank Transfer,Paid,5525.0
PAY0000003,O000003,Cash on Delivery,Paid,30000.0
PAY0000004,O000004,Bank Transfer,Paid,58500.0
PAY0000005,O000005,Card,Paid,22800.0
PAY0000006,O000006,Cash on Delivery,Paid,77200.0
PAY0000007,O000007,Cash on Delivery,Paid,14250.0
PAY0000008,O000008,Card,Paid,56000.0
PAY0000009,O000009,Cash on Delivery,Paid,118000.0
PAY0000010,O000010,Card,Paid,18000.0
PAY0000011,O000011,Cash on Delivery,Paid,32400.0
PAY0000012,O000012,Cash on Delivery,Pending,22000.0
PAY0000013,O000013,Cash on Delivery,Paid,39600.0
PAY0000014,O000014,Cash on Delivery,Pending,24000.0
PAY0000015,O000015,Card,Paid,28500.0
PAY0000016,O000016,Cash on Delivery,Paid,53200.0
PAY0000017,O000017,Wallet,Paid,18000.0
PAY0000018,O000018,Card,Paid,58500.0
PAY0000019,O000019,Bank Transfer,Paid,65000.0
PAY0000020,O000020,Card,Paid,45600.0
PAY0000021,O000021,Cash on Delivery,Pending,12825.0
PAY0000022,O000022,Card,Paid,25500.0
PAY0000023,O000023,Bank Transfer,Paid,3825.0
PAY0000024,O000024,Card,Paid,22000.0
PAY0000025,O000025,Cash on Delivery,Paid,10200.0
PAY0000026,O000026,Card,Paid,79450.0
PAY0000027,O000027,Card,Paid,12000.0
PAY0000028,O000028,Wallet,Paid,44075.0
PAY0000029,O000029,Card,Paid,96800.0
PAY0000030,O000030,Card,Paid,7500.0
PAY0000031,O000031,Cash on Delivery,Paid,24225.0
PAY0000032,O000032,Card,Paid,14275.0
PAY0000033,O000033,Bank Transfer,Paid,42750.0
PAY0000034,O000034,Card,Paid,30375.0
PAY0000035,O000035,Cash on Delivery,Paid,3825.0
PAY0000036,O000036,Cash on Delivery,Paid,113200.0
PAY0000037,O000037,Bank Transfer,Paid,66625.0
PAY0000038,O000038,Card,Paid,45600.0
PAY0000039,O000039,Card,Paid,8100.0
PAY0000040,O000040,Bank Transfer,Paid,45000.0
PAY0000041,O000041,Card,Paid,24250.0
PAY0000042,O000042,Cash on Delivery,Paid,40050.0
PAY0000043,O000043,Bank Transfer,Paid,19500.0
PAY0000044,O000044,Wallet,Paid,28500.0
PAY0000045,O000045,Card,Paid,17100.0
PAY0000046,O000046,Bank Transfer,Pending,22000.0
PAY0000047,O000047,Bank Transfer,Paid,84000.0
PAY0000048,O000048,Wallet,Paid,53200.0
PAY0000049,O000049,Bank Transfer,Paid,75600.0
PAY0000050,O000050,Card,Paid,45000.0
PAY0000051,O000051,Wallet,Paid,104000.0
PAY0000052,O000052,Card,Paid,51300.0
PAY0000053,O000053,Card,Paid,34800.0
PAY0000054,O000054,Card,Pending,8500.0
PAY0000055,O000055,Cash on Delivery,Paid,30600.0
PAY0000056,O000056,Card,Paid,44200.0
PAY0000057,O000057,Card,Paid,70500.0
PAY0000058,O000058,Bank Transfer,Pending,15000.0
PAY0000059,O000059,Cash on Delivery,Paid,21675.0
PAY0000060,O000060,Cash on Delivery,Paid,124800.0
PAY0000061,O000061,Bank Transfer,Paid,163350.0
PAY0000062,O000062,Wallet,Paid,6175.0
PAY0000063,O000063,Card,Paid,53200.0
PAY0000064,O000064,Card,Paid,34200.0
PAY0000065,O000065,Wallet,Paid,148200.0
PAY0000066,O000066,Cash on Delivery,Paid,13500.0
PAY0000067,O000067,Card,Paid,30000.0
PAY0000068,O000068,Card,Paid,34200.0
PAY0000069,O000069,Wallet,Paid,59100.0
PAY0000070,O000070,Cash on Delivery,Paid,4050.0
PAY0000071,O000071,Bank Transfer,Paid,185250.0
PAY0000072,O000072,Cash on Delivery,Paid,101000.0
PAY0000073,O000073,Cash on Delivery,Pending,30600.0
PAY0000074,O000074,Bank Transfer,Paid,36000.0
PAY0000075,O000075,Card,Paid,-15000.0
PAY0000076,O000076,Bank Transfer,Paid,66000.0
PAY0000077,O000077,Cash on Delivery,Paid,16150.0
PAY0000078,O000078,Bank Transfer,Paid,45000.0
PAY0000079,O000079,Cash on Delivery,Paid,45000.0
PAY0000080,O000080,Card,Paid,14250.0
PAY0000081,O000081,Bank Transfer,Paid,18700.0
PAY0000082,O000082,Bank Transfer,Paid,64800.0
PAY0000083,O000083,Bank Transfer,Paid,11700.0
PAY0000084,O000084,Cash on Delivery,Paid,35000.0
PAY0000085,O000085,Cash on Delivery,Paid,17000.0
PAY0000086,O000086,Card,Paid,61750.0
PAY0000087,O000087,Card,Paid,44000.0
PAY0000088,O000088,Wallet,Paid,95600.0
PAY0000089,O000089,Bank Transfer,Paid,50700.0
PAY0000090,O000090,Cash on Delivery,Paid,65000.0
PAY0000091,O000091,Cash on Delivery,Paid,19800.0
PAY0000092,O000092,Card,Paid,69400.0
PAY0000093,O000093,Cash on Delivery,Paid,48600.0
PAY0000094,O000094,Wallet,Pending,18000.0
PAY0000095,O000095,Cash on Delivery,Paid,33300.0
PAY0000096,O000096,Cash on Delivery,Paid,12000.0
PAY0000097,O000097,Card,Paid,40800.0
PAY0000098,O000098,Card,Paid,52000.0
PAY0000099,O000099,Card,Paid,39600.0
PAY0000100,O000100,Card,Paid,39600.0
PAY0000101,O000101,Cash on Delivery,Pending,104000.0
PAY0000102,O000102,Wallet,Paid,36000.0
PAY0000103,O000103,Card,Paid,32400.0
PAY0000104,O000104,Bank Transfer,Paid,13000.0
PAY0000105,O000105,Card,Paid,90000.0
PAY0000106,O000106,Cash on Delivery,Paid,2375.0
PAY0000107,O000107,Cash on Delivery,Paid,80300.0
PAY0000108,O000108,Card,Paid,65100.0
PAY0000109,O000109,Card,Paid,7200.0
PAY0000110,O000110,Card,Paid,11400.0
PAY0000111,O000111,Card,Paid,12000.0
PAY0000112,O000112,Bank Transfer,Paid,25500.0
PAY0000113,O000113,Card,Paid,13000.0
PAY0000114,O000114,Card,Paid,48000.0
PAY0000115,O000115,Bank Transfer,Paid,17000.0
PAY0000116,O000116,Card,Paid,15000.0
PAY0000117,O000117,Card,Paid,58000.0
PAY0000118,O000118,Card,Paid,25500.0
PAY0000119,O000119,Bank Transfer,Paid,98800.0
PAY0000120,O000120,Wallet,Paid,24000.0
PAY0000121,O000121,Wallet,Paid,15300.0
PAY0000122,O000122,Card,Paid,185250.0
PAY0000123,O000123,Card,Paid,25500.0
PAY0000124,O000124,Bank Transfer,Paid,62700.0
PAY0000125,O000125,Bank Transfer,Paid,27700.0
PAY0000126,O000126,Card,Failed,83100.0
PAY0000127,O000127,Cash on Delivery,Paid,9000.0
PAY0000128,O000128,Card,Paid,6750.0
PAY0000129,O000129,Card,Failed,52000.0
PAY0000130,O000130,Card,Failed,56100.0
PAY0000131,O000131,Bank Transfer,Paid,28000.0
PAY0000132,O000132,Bank Transfer,Paid,130000.0
PAY0000133,O000133,Card,Paid,28150.0
PAY0000134,O000134,Card,Paid,30600.0
PAY0000135,O000135,Card,Paid,65000.0
PAY0000136,O000136,Card,Paid,24000.0
PAY0000137,O000137,Card,Paid,35150.0
PAY0000138,O000138,Card,Paid,45000.0
PAY0000139,O000139,Bank Transfer,Paid,52000.0
PAY0000140,O000140,Bank Transfer,Paid,84000.0
PAY0000141,O000141,Wallet,Paid,84500.0
PAY0000142,O000142,Bank Transfer,Failed,140400.0
PAY0000143,O000143,Bank Transfer,Paid,8100.0
PAY0000144,O000144,Bank Transfer,Paid,30000.0
PAY0000145,O000145,Cash on Delivery,Paid,53200.0
PAY0000146,O000146,Card,Paid,104000.0
PAY0000147,O000147,Card,Paid,51300.0
PAY0000148,O000148,Cash on Delivery,Paid,83700.0
PAY0000149,O000149,Cash on Delivery,Paid,20900.0
PAY0000150,O000150,Card,Paid,64800.0
PAY0000151,O000151,Cash on Delivery,Paid,23800.0
PAY0000152,O000152,Bank Transfer,Paid,19500.0
PAY0000153,O000153,Card,Paid,36000.0
PAY0000154,O000154,Card,Paid,12000.0
PAY0000155,O000155,Wallet,Paid,28000.0
PAY0000156,O000156,Card,Paid,34150.0
PAY0000157,O000157,Card,Paid,91950.0
PAY0000158,O000158,Cash on Delivery,Paid,15000.0
PAY0000159,O000159,Wallet,Paid,52800.0
PAY0000160,O000160,Card,Paid,11700.0
PAY0000161,O000161,Card,Paid,84900.0
PAY0000162,O000162,Cash on Delivery,Paid,36000.0
PAY0000163,O000163,Cash on Delivery,Paid,32400.0
PAY0000164,O000164,Bank Transfer,Paid,13500.0
PAY0000165,O000165,Wallet,Paid,123500.0
PAY0000166,O000166,Bank Transfer,Paid,64800.0
PAY0000167,O000167,Card,Paid,25200.0
PAY0000168,O000168,Bank Transfer,Paid,32500.0
PAY0000169,O000169,Cash on Delivery,Paid,39600.0
PAY0000170,O000170,Cash on Delivery,Paid,62500.0
PAY0000171,O000171,Cash on Delivery,Paid,8100.0
PAY0000172,O000172,Cash on Delivery,Paid,20400.0
PAY0000173,O000173,Cash on Delivery,Paid,40500.0
PAY0000174,O000174,Bank Transfer,Paid,21600.0
PAY0000175,O000175,Card,Paid,16200.0
PAY0000176,O000176,Cash on Delivery,Paid,98800.0
PAY0000177,O000177,Card,Paid,28500.0
PAY0000178,O000178,Card,Paid,-65000.0
PAY0000179,O000179,Cash on Delivery,Paid,50400.0
PAY0000180,O000180,Wallet,Paid,25500.0
PAY0000181,O000181,Card,Paid,15000.0
PAY0000182,O000182,Bank Transfer,Paid,16500.0
PAY0000183,O000183,Card,Paid,25500.0
PAY0000184,O000184,Card,Paid,36000.0
PAY0000185,O000185,Cash on Delivery,Paid,67900.0
PAY0000186,O000186,Card,Paid,19500.0
PAY0000187,O000187,Bank Transfer,Paid,7500.0
PAY0000188,O000188,Cash on Delivery,Paid,9000.0
PAY0000189,O000189,Cash on Delivery,Paid,45600.0
PAY0000190,O000190,Bank Transfer,Paid,35625.0
PAY0000191,O000191,Card,Paid,49400.0
PAY0000192,O000192,Cash on Delivery,Paid,10800.0
PAY0000193,O000193,Card,Paid,61200.0
PAY0000194,O000194,Cash on Delivery,Paid,45000.0
PAY0000195,O000195,Bank Transfer,Paid,4275.0
PAY0000196,O000196,Cash on Delivery,Paid,70800.0
PAY0000197,O000197,Card,Paid,38500.0
PAY0000198,O000198,Cash on Delivery,Paid,21600.0
PAY0000199,O000199,Cash on Delivery,Paid,36000.0
PAY0000200,O000200,Card,Paid,113600.0
PAY0000201,O000201,Card,Paid,15600.0
PAY0000202,O000202,Cash on Delivery,Paid,45000.0
PAY0000203,O000203,Bank Transfer,Paid,39900.0
PAY0000204,O000204,Cash on Delivery,Paid,175500.0
PAY0000205,O000205,Cash on Delivery,Paid,4275.0
PAY0000206,O000206,Bank Transfer,Paid,34200.0
PAY0000207,O000207,Bank Transfer,Paid,79800.0
PAY0000208,O000208,Card,Paid,4275.0
PAY0000209,O000209,Card,Paid,53200.0
PAY0000210,O000210,Cash on Delivery,Paid,107700.0
PAY0000211,O000211,Bank Transfer,Pending,8075.0
PAY0000212,O000212,Card,Paid,10200.0
PAY0000213,O000213,Bank Transfer,Paid,65000.0
PAY0000214,O000214,Card,Paid,12750.0
PAY0000215,O000215,Cash on Delivery,Pending,130000.0
PAY0000216,O000216,Bank Transfer,Paid,75600.0
PAY0000217,O000217,Card,Paid,40800.0
PAY0000218,O000218,Bank Transfer,Paid,6500.0
PAY0000219,O000219,Bank Transfer,Paid,24225.0
PAY0000220,O000220,Card,Paid,66800.0
PAY0000221,O000221,Card,Paid,53200.0
PAY0000222,O000222,Bank Transfer,Paid,12825.0
PAY0000223,O000223,Wallet,Paid,13000.0
PAY0000224,O000224,Cash on Delivery,Paid,209475.0
PAY0000225,O000225,Card,Paid,52000.0
PAY0000226,O000226,Card,Paid,13500.0
PAY0000227,O000227,Card,Paid,7225.0
PAY0000228,O000228,Cash on Delivery,Paid,11700.0
PAY0000229,O000229,Bank Transfer,Paid,5000.0
PAY0000230,O000230,Cash on Delivery,Paid,22000.0
PAY0000231,O000231,Bank Transfer,Pending,8500.0
PAY0000232,O000232,Card,Paid,46800.0
PAY0000233,O000233,Card,Paid,104000.0
PAY0000234,O000234,Card,Paid,8500.0
PAY0000235,O000235,Bank Transfer,Paid,17000.0
PAY0000236,O000236,Cash on Delivery,Paid,93600.0
PAY0000237,O000237,Bank Transfer,Paid,79900.0
PAY0000238,O000238,Card,Paid,45000.0
PAY0000239,O000239,Bank Transfer,Paid,34200.0
PAY0000240,O000240,Cash on Delivery,Paid,24225.0
PAY0000241,O000241,Card,Paid,29650.0
PAY0000242,O000242,Bank Transfer,Paid,19800.0
PAY0000243,O000243,Card,Failed,7225.0
PAY0000244,O000244,Bank Transfer,Paid,25500.0
PAY0000245,O000245,Cash on Delivery,Paid,21675.0
PAY0000246,O000246,Cash on Delivery,Paid,56000.0
PAY0000247,O000247,Cash on Delivery,Paid,21600.0
PAY0000248,O000248,Wallet,Paid,69800.0
PAY0000249,O000249,Cash on Delivery,Paid,17000.0
PAY0000250,O000250,Card,Paid,7500.0
PAY0000251,O000251,Wallet,Pending,61750.0
PAY0000252,O000252,Card,Paid,57600.0
PAY0000253,O000253,Cash on Delivery,Paid,55250.0
PAY0000254,O000254,Bank Transfer,Paid,65000.0
PAY0000255,O000255,Card,Paid,34200.0
PAY0000256,O000256,Card,Paid,25500.0
PAY0000257,O000257,Bank Transfer,Paid,104000.0
PAY0000258,O000258,Card,Paid,21600.0
PAY0000259,O000259,Cash on Delivery,Paid,56000.0
PAY0000260,O000260,Card,Paid,25200.0
PAY0000261,O000261,Card,Paid,124800.0
PAY0000262,O000262,Bank Transfer,Paid,15000.0
PAY0000263,O000263,Wallet,Paid,17000.0
PAY0000264,O000264,Cash on Delivery,Paid,68400.0
PAY0000265,O000265,Card,Paid,18000.0
PAY0000266,O000266,Card,Pending,7500.0
PAY0000267,O000267,Card,Paid,50400.0
PAY0000268,O000268,Bank Transfer,Paid,12825.0
PAY0000269,O000269,Bank Transfer,Paid,50400.0
PAY0000270,O000270,Card,Paid,16200.0
PAY0000271,O000271,Card,Paid,75600.0
PAY0000272,O000272,Cash on Delivery,Paid,47100.0
PAY0000273,O000273,Bank Transfer,Paid,9000.0
PAY0000274,O000274,Cash on Delivery,Paid,133200.0
PAY0000275,O000275,Cash on Delivery,Paid,144750.0
PAY0000276,O000276,Cash on Delivery,Paid,9000.0
PAY0000277,O000277,Card,Paid,30000.0
PAY0000278,O000278,Cash on Delivery,Paid,24000.0
PAY0000279,O000279,Card,Paid,18000.0
PAY0000280,O000280,Card,Paid,13000.0
PAY0000281,O000281,Card,Paid,7650.0
PAY0000282,O000282,Cash on Delivery,Paid,7500.0
PAY0000283,O000283,Wallet,Paid,59400.0
PAY0000284,O000284,Card,Paid,25500.0
PAY0000285,O000285,Cash on Delivery,Paid,64400.0
PAY0000286,O000286,Bank Transfer,Pending,28000.0
PAY0000287,O000287,Bank Transfer,Paid,55125.0
PAY0000288,O000288,Cash on Delivery,Failed,56000.0
PAY0000289,O000289,Bank Transfer,Paid,289250.0
PAY0000290,O000290,Card,Paid,53200.0
PAY0000291,O000291,Bank Transfer,Paid,21600.0
PAY0000292,O000292,Bank Transfer,Paid,10800.0
PAY0000293,O000293,Cash on Delivery,Paid,130000.0
PAY0000294,O000294,Card,Paid,36000.0
PAY0000295,O000295,Card,Paid,84000.0
PAY0000296,O000296,Card,Paid,32400.0
PAY0000297,O000297,Card,Pending,4275.0
PAY0000298,O000298,Bank Transfer,Paid,36000.0
PAY0000299,O000299,Card,Paid,2000.0
PAY0000300,O000300,Card,Paid,12825.0
PAY0000301,O000301,Cash on Delivery,Paid,28800.0
PAY0000302,O000302,Card,Paid,10800.0
PAY0000303,O000303,Card,Paid,71000.0
PAY0000304,O000304,Card,Paid,98800.0
PAY0000305,O000305,Wallet,Paid,14250.0
PAY0000306,O000306,Wallet,Paid,145000.0
PAY0000307,O000307,Card,Paid,24225.0
PAY0000308,O000308,Card,Paid,36000.0
PAY0000309,O000309,Cash on Delivery,Paid,7125.0
PAY0000310,O000310,Bank Transfer,Paid,180000.0
PAY0000311,O000311,Card,Paid,4500.0
PAY0000312,O000312,Cash on Delivery,Paid,278200.0
PAY0000313,O000313,Card,Paid,48600.0
PAY0000314,O000314,Card,Paid,103500.0
PAY0000315,O000315,Cash on Delivery,Paid,148200.0
PAY0000316,O000316,Card,Paid,5000.0
PAY0000317,O000317,Cash on Delivery,Failed,20400.0
PAY0000318,O000318,Card,Paid,11400.0
PAY0000319,O000319,Card,Paid,27000.0
PAY0000320,O000320,Card,Paid,45900.0
PAY0000321,O000321,Card,Paid,48600.0
PAY0000322,O000322,Cash on Delivery,Paid,39600.0
PAY0000323,O000323,Card,Paid,175500.0
PAY0000324,O000324,Cash on Delivery,Paid,2375.0
PAY0000325,O000325,Bank Transfer,Paid,41800.0
PAY0000326,O000326,Bank Transfer,Paid,84000.0
PAY0000327,O000327,Wallet,Paid,84000.0
PAY0000328,O000328,Card,Paid,74100.0
PAY0000329,O000329,Wallet,Paid,76000.0
PAY0000330,O000330,Bank Transfer,Paid,22800.0
PAY0000331,O000331,Card,Paid,2500.0
PAY0000332,O000332,Card,Paid,97000.0
PAY0000333,O000333,Card,Paid,50100.0
PAY0000334,O000334,Bank Transfer,Paid,90400.0
PAY0000335,O000335,Cash on Delivery,Paid,12000.0
PAY0000336,O000336,Card,Paid,30000.0
PAY0000337,O000337,Bank Transfer,Paid,22800.0
PAY0000338,O000338,Bank Transfer,Paid,54000.0
PAY0000339,O000339,Cash on Delivery,Paid,22550.0
PAY0000340,O000340,Card,Paid,123500.0
PAY0000341,O000341,Card,Paid,240000.0
PAY0000342,O000342,Bank Transfer,Paid,22800.0
PAY0000343,O000343,Bank Transfer,Paid,117000.0
PAY0000344,O000344,Cash on Delivery,Paid,140400.0
PAY0000345,O000345,Bank Transfer,Paid,61750.0
PAY0000346,O000346,Card,Paid,6500.0
PAY0000347,O000347,Cash on Delivery,Paid,32400.0
PAY0000348,O000348,Card,Paid,30000.0
PAY0000349,O000349,Wallet,Paid,199500.0
PAY0000350,O000350,Cash on Delivery,Paid,36000.0
PAY0000351,O000351,Card,Paid,65200.0
PAY0000352,O000352,Card,Paid,58500.0
PAY0000353,O000353,Wallet,Paid,61750.0
PAY0000354,O000354,Wallet,Paid,22000.0
PAY0000355,O000355,Bank Transfer,Paid,9000.0
PAY0000356,O000356,Cash on Delivery,Paid,48000.0
PAY0000357,O000357,Cash on Delivery,Paid,22800.0
PAY0000358,O000358,Cash on Delivery,Paid,39300.0
PAY0000359,O000359,Card,Paid,51775.0
PAY0000360,O000360,Card,Paid,195000.0
PAY0000361,O000361,Card,Paid,25200.0
PAY0000362,O000362,Card,Paid,14250.0
PAY0000363,O000363,Cash on Delivery,Paid,45000.0
PAY0000364,O000364,Card,Paid,18700.0
PAY0000365,O000365,Cash on Delivery,Paid,12750.0
PAY0000366,O000366,Bank Transfer,Paid,13500.0
PAY0000367,O000367,Bank Transfer,Paid,9000.0
PAY0000368,O000368,Card,Paid,6375.0
PAY0000369,O000369,Card,Paid,49400.0
PAY0000370,O000370,Card,Paid,42750.0
PAY0000371,O000371,Cash on Delivery,Paid,118560.0
PAY0000372,O000372,Card,Paid,56000.0
PAY0000373,O000373,Bank Transfer,Paid,2500.0
PAY0000374,O000374,Cash on Delivery,Paid,5000.0
PAY0000375,O000375,Cash on Delivery,Paid,53200.0
PAY0000376,O000376,Card,Paid,19800.0
PAY0000377,O000377,Card,Paid,37225.0
PAY0000378,O000378,Bank Transfer,Paid,93600.0
PAY0000379,O000379,Cash on Delivery,Paid,148000.0
PAY0000380,O000380,Card,Paid,12000.0
PAY0000381,O000381,Bank Transfer,Paid,65700.0
PAY0000382,O000382,Card,Paid,48600.0
PAY0000383,O000383,Cash on Delivery,Paid,22400.0
PAY0000384,O000384,Bank Transfer,Paid,8075.0
PAY0000385,O000385,Wallet,Paid,195000.0
PAY0000386,O000386,Bank Transfer,Paid,14250.0
PAY0000387,O000387,Card,Paid,18700.0
PAY0000388,O000388,Cash on Delivery,Paid,8500.0
PAY0000389,O000389,Cash on Delivery,Failed,7650.0
PAY0000390,O000390,Card,Paid,47100.0
PAY0000391,O000391,Bank Transfer,Paid,21600.0
PAY0000392,O000392,Card,Paid,22800.0
PAY0000393,O000393,Cash on Delivery,Paid,43200.0
PAY0000394,O000394,Card,Paid,36000.0
PAY0000395,O000395,Card,Paid,13500.0
PAY0000396,O000396,Card,Paid,21600.0
PAY0000397,O000397,Card,Paid,37150.0
PAY0000398,O000398,Wallet,Paid,63525.0
PAY0000399,O000399,Bank Transfer,Paid,15300.0
PAY0000400,O000400,Card,Paid,24000.0
PAY0000401,O000401,Card,Paid,30000.0
PAY0000402,O000402,Wallet,Pending,15000.0
PAY0000403,O000403,Cash on Delivery,Paid,130000.0
PAY0000404,O000404,Cash on Delivery,Paid,20900.0
PAY0000405,O000405,Cash on Delivery,Paid,5525.0
PAY0000406,O000406,Card,Paid,18700.0
PAY0000407,O000407,Card,Paid,27000.0
PAY0000408,O000408,Card,Paid,13600.0
PAY0000409,O000409,Cash on Delivery,Paid,11400.0
PAY0000410,O000410,Card,Pending,55250.0
PAY0000411,O000411,Cash on Delivery,Paid,65000.0
PAY0000412,O000412,Wallet,Paid,40500.0
PAY0000413,O000413,Card,Paid,41800.0
PAY0000414,O000414,Card,Paid,19500.0
PAY0000415,O000415,Cash on Delivery,Paid,7225.0
PAY0000416,O000416,Card,Paid,28000.0
PAY0000417,O000417,Bank Transfer,Paid,17550.0
PAY0000418,O000418,Cash on Delivery,Paid,40800.0
PAY0000419,O000419,Card,Paid,45600.0
PAY0000420,O000420,Cash on Delivery,Paid,22400.0
PAY0000421,O000421,Cash on Delivery,Paid,15000.0
PAY0000422,O000422,Bank Transfer,Paid,19500.0
PAY0000423,O000423,Card,Paid,32500.0
PAY0000424,O000424,Cash on Delivery,Paid,16150.0
PAY0000425,O000425,Wallet,Paid,25500.0
PAY0000426,O000426,Card,Paid,19200.0
PAY0000427,O000427,Bank Transfer,Paid,46800.0
PAY0000428,O000428,Cash on Delivery,Paid,8075.0
PAY0000429,O000429,Card,Paid,77200.0
PAY0000430,O000430,Wallet,Paid,94800.0
PAY0000431,O000431,Bank Transfer,Paid,6750.0
PAY0000432,O000432,Cash on Delivery,Paid,44200.0
PAY0000433,O000433,Cash on Delivery,Paid,41800.0
PAY0000434,O000434,Card,Paid,66600.0
PAY0000435,O000435,Card,Paid,53200.0
PAY0000436,O000436,Bank Transfer,Paid,195000.0
PAY0000437,O000437,Cash on Delivery,Paid,25200.0
PAY0000438,O000438,Card,Pending,12825.0
PAY0000439,O000439,Bank Transfer,Paid,38400.0
PAY0000440,O000440,Cash on Delivery,Paid,18700.0
PAY0000441,O000441,Card,Failed,195000.0
PAY0000442,O000442,Card,Paid,8500.0
PAY0000443,O000443,Wallet,Paid,22950.0
PAY0000444,O000444,Card,Paid,8100.0
PAY0000445,O000445,Card,Paid,14250.0
PAY0000446,O000446,Cash on Delivery,Paid,21060.0
PAY0000447,O000447,Cash on Delivery,Paid,148200.0
PAY0000448,O000448,Cash on Delivery,Paid,25500.0
PAY0000449,O000449,Wallet,Paid,15600.0
PAY0000450,O000450,Card,Paid,19800.0
PAY0000451,O000451,Card,Paid,28000.0
PAY0000452,O000452,Wallet,Paid,19800.0
PAY0000453,O000453,Card,Paid,27000.0
PAY0000454,O000454,Wallet,Paid,176550.0
PAY0000455,O000455,Bank Transfer,Paid,4275.0
PAY0000456,O000456,Bank Transfer,Paid,14450.0
PAY0000457,O000457,Card,Paid,82350.0
PAY0000458,O000458,Card,Paid,28200.0
PAY0000459,O000459,Card,Paid,7500.0
PAY0000460,O000460,Card,Paid,22800.0
PAY0000461,O000461,Bank Transfer,Paid,85500.0
PAY0000462,O000462,Card,Paid,12000.0
PAY0000463,O000463,Card,Paid,4500.0
PAY0000464,O000464,Card,Paid,7650.0
PAY0000465,O000465,Cash on Delivery,Failed,25500.0
PAY0000466,O000466,Card,Paid,9000.0
PAY0000467,O000467,Bank Transfer,Paid,114750.0
PAY0000468,O000468,Card,Paid,10200.0
PAY0000469,O000469,Cash on Delivery,Paid,123500.0
PAY0000470,O000470,Bank Transfer,Paid,110500.0
PAY0000471,O000471,Cash on Delivery,Paid,21600.0
PAY0000472,O000472,Bank Transfer,Paid,58500.0
PAY0000473,O000473,Bank Transfer,Paid,23800.0
PAY0000474,O000474,Card,Paid,54000.0
PAY0000475,O000475,Card,Paid,58500.0
PAY0000476,O000476,Bank Transfer,Paid,4500.0
PAY0000477,O000477,Cash on Delivery,Paid,130000.0
PAY0000478,O000478,Wallet,Paid,17000.0
PAY0000479,O000479,Card,Paid,14400.0
PAY0000480,O000480,Wallet,Paid,112500.0
PAY0000481,O000481,Wallet,Paid,62700.0
PAY0000482,O000482,Card,Paid,100150.0
PAY0000483,O000483,Card,Paid,18000.0
PAY0000484,O000484,Card,Pending,12000.0
PAY0000485,O000485,Cash on Delivery,Paid,41800.0
PAY0000486,O000486,Card,Paid,104000.0
PAY0000487,O000487,Card,Paid,186550.0
PAY0000488,O000488,Bank Transfer,Paid,28500.0
PAY0000489,O000489,Card,Paid,44100.0
PAY0000490,O000490,Bank Transfer,Paid,55250.0
PAY0000491,O000491,Card,Paid,2375.0
PAY0000492,O000492,Bank Transfer,Paid,54000.0
PAY0000493,O000493,Card,Paid,56000.0
PAY0000494,O000494,Card,Paid,50250.0
PAY0000495,O000495,Bank Transfer,Paid,208800.0
PAY0000496,O000496,Card,Paid,56000.0
PAY0000497,O000497,Card,Paid,30000.0
PAY0000498,O000498,Card,Paid,45000.0
PAY0000499,O000499,Cash on Delivery,Paid,3825.0
PAY0000500,O000500,Cash on Delivery,Paid,17100.0
PAY0000501,O000501,Card,Paid,5850.0
PAY0000502,O000502,Wallet,Paid,25500.0
PAY0000503,O000503,Card,Paid,62700.0
PAY0000504,O000504,Bank Transfer,Paid,38900.0
PAY0000505,O000505,Cash on Delivery,Paid,48600.0
PAY0000506,O000506,Card,Paid,88400.0
PAY0000507,O000507,Cash on Delivery,Paid,65000.0
PAY0000508,O000508,Cash on Delivery,Paid,51300.0
PAY0000509,O000509,Cash on Delivery,Paid,51500.0
PAY0000510,O000510,Bank Transfer,Paid,13500.0
PAY0000511,O000511,Cash on Delivery,Paid,12000.0
PAY0000512,O000512,Cash on Delivery,Paid,35000.0
PAY0000513,O000513,Card,Paid,18700.0
PAY0000514,O000514,Cash on Delivery,Paid,39800.0
PAY0000515,O000515,Cash on Delivery,Paid,148200.0
PAY0000516,O000516,Wallet,Paid,168350.0
PAY0000517,O000517,Bank Transfer,Paid,6175.0
PAY0000518,O000518,Card,Paid,13000.0
PAY0000519,O000519,Bank Transfer,Paid,84000.0
PAY0000520,O000520,Cash on Delivery,Paid,10800.0
PAY0000521,O000521,Cash on Delivery,Paid,60200.0
PAY0000522,O000522,Card,Paid,20900.0
PAY0000523,O000523,Bank Transfer,Paid,75825.0
PAY0000524,O000524,Card,Paid,66000.0
PAY0000525,O000525,Bank Transfer,Paid,22000.0
PAY0000526,O000526,Cash on Delivery,Paid,84000.0
PAY0000527,O000527,Card,Pending,16150.0
PAY0000528,O000528,Cash on Delivery,Paid,40500.0
PAY0000529,O000529,Card,Paid,53200.0
PAY0000530,O000530,Card,Paid,43200.0
PAY0000531,O000531,Cash on Delivery,Paid,41800.0
PAY0000532,O000532,Card,Paid,8500.0
PAY0000533,O000533,Card,Paid,84000.0
PAY0000534,O000534,Cash on Delivery,Paid,4500.0
PAY0000535,O000535,Card,Paid,40500.0
PAY0000536,O000536,Card,Paid,17100.0
PAY0000537,O000537,Card,Paid,12825.0
PAY0000538,O000538,Cash on Delivery,Pending,132600.0
PAY0000539,O000539,Cash on Delivery,Paid,140400.0
PAY0000540,O000540,Cash on Delivery,Paid,39600.0
PAY0000541,O000541,Wallet,Paid,130000.0
PAY0000542,O000542,Card,Paid,24225.0
PAY0000543,O000543,Bank Transfer,Paid,54000.0
PAY0000544,O000544,Cash on Delivery,Paid,43200.0
PAY0000545,O000545,Cash on Delivery,Pending,89025.0
PAY0000546,O000546,Cash on Delivery,Paid,34200.0
PAY0000547,O000547,Card,Paid,140400.0
PAY0000548,O000548,Cash on Delivery,Paid,15000.0
PAY0000549,O000549,Cash on Delivery,Paid,32400.0
PAY0000550,O000550,Card,Paid,62700.0
PAY0000551,O000551,Card,Paid,13500.0
PAY0000552,O000552,Cash on Delivery,Pending,61750.0
PAY0000553,O000553,Bank Transfer,Paid,5000.0
PAY0000554,O000554,Cash on Delivery,Paid,21500.0
PAY0000555,O000555,Bank Transfer,Paid,44000.0
PAY0000556,O000556,Bank Transfer,Pending,4275.0
PAY0000557,O000557,Cash on Delivery,Paid,14250.0
PAY0000558,O000558,Cash on Delivery,Paid,2375.0
PAY0000559,O000559,Card,Paid,5850.0
PAY0000560,O000560,Card,Paid,19500.0
PAY0000561,O000561,Cash on Delivery,Paid,30600.0
PAY0000562,O000562,Cash on Delivery,Paid,30600.0
PAY0000563,O000563,Card,Paid,34200.0
PAY0000564,O000564,Cash on Delivery,Paid,15300.0
PAY0000565,O000565,Card,Paid,38400.0
PAY0000566,O000566,Bank Transfer,Failed,40500.0
PAY0000567,O000567,Card,Paid,24000.0
PAY0000568,O000568,Cash on Delivery,Paid,54000.0
PAY0000569,O000569,Wallet,Paid,62525.0
PAY0000570,O000570,Cash on Delivery,Paid,6500.0
PAY0000571,O000571,Cash on Delivery,Paid,84000.0
PAY0000572,O000572,Card,Paid,182750.0
PAY0000573,O000573,Card,Paid,156000.0
PAY0000574,O000574,Wallet,Paid,28000.0
PAY0000575,O000575,Bank Transfer,Paid,44000.0
PAY0000576,O000576,Bank Transfer,Paid,130000.0
PAY0000577,O000577,Wallet,Paid,22000.0
PAY0000578,O000578,Card,Paid,43200.0
PAY0000579,O000579,Bank Transfer,Paid,17000.0
PAY0000580,O000580,Card,Paid,6175.0
PAY0000581,O000581,Cash on Delivery,Paid,17000.0
PAY0000582,O000582,Cash on Delivery,Paid,159500.0
PAY0000583,O000583,Cash on Delivery,Paid,19500.0
PAY0000584,O000584,Card,Paid,6500.0
PAY0000585,O000585,Bank Transfer,Paid,46800.0
PAY0000586,O000586,Cash on Delivery,Paid,121100.0
PAY0000587,O000587,Wallet,Pending,30600.0
PAY0000588,O000588,Cash on Delivery,Paid,11050.0
PAY0000589,O000589,Card,Paid,126950.0
PAY0000590,O000590,Bank Transfer,Paid,72000.0
PAY0000591,O000591,Bank Transfer,Failed,148200.0
PAY0000592,O000592,Card,Paid,44000.0
PAY0000593,O000593,Cash on Delivery,Pending,51650.0
PAY0000594,O000594,Card,Paid,25200.0
PAY0000595,O000595,Bank Transfer,Paid,22800.0
PAY0000596,O000596,Cash on Delivery,Paid,43200.0
PAY0000597,O000597,Card,Paid,4050.0
PAY0000598,O000598,Card,Paid,48600.0
PAY0000599,O000599,Card,Paid,8500.0
PAY0000600,O000600,Card,Paid,2250.0
PAY0000601,O000601,Wallet,Paid,49500.0
PAY0000602,O000602,Wallet,Paid,107600.0
PAY0000603,O000603,Cash on Delivery,Paid,50400.0
PAY0000604,O000604,Wallet,Paid,56000.0
PAY0000605,O000605,Bank Transfer,Paid,18000.0
PAY0000606,O000606,Bank Transfer,Paid,77000.0
PAY0000607,O000607,Card,Paid,45000.0
PAY0000608,O000608,Bank Transfer,Paid,47200.0
PAY0000609,O000609,Wallet,Failed,4050.0
PAY0000610,O000610,Bank Transfer,Paid,15000.0
PAY0000611,O000611,Cash on Delivery,Paid,24000.0
PAY0000612,O000612,Card,Paid,16150.0
PAY0000613,O000613,Card,Paid,11050.0
PAY0000614,O000614,Cash on Delivery,Paid,65000.0
PAY0000615,O000615,Card,Paid,28500.0
PAY0000616,O000616,Card,Paid,28500.0
PAY0000617,O000617,Cash on Delivery,Paid,67000.0
PAY0000618,O000618,Bank Transfer,Pending,59400.0
PAY0000619,O000619,Cash on Delivery,Paid,65000.0
PAY0000620,O000620,Cash on Delivery,Paid,185250.0
PAY0000621,O000621,Card,Paid,52000.0
PAY0000622,O000622,Cash on Delivery,Paid,61750.0
PAY0000623,O000623,Bank Transfer,Paid,21600.0
PAY0000624,O000624,Cash on Delivery,Paid,36000.0
PAY0000625,O000625,Bank Transfer,Paid,51300.0
PAY0000626,O000626,Card,Paid,130000.0
PAY0000627,O000627,Cash on Delivery,Paid,4500.0
PAY0000628,O000628,Bank Transfer,Failed,25500.0
PAY0000629,O000629,Bank Transfer,Paid,13500.0
PAY0000630,O000630,Cash on Delivery,Paid,24225.0
PAY0000631,O000631,Cash on Delivery,Paid,68400.0
PAY0000632,O000632,Wallet,Paid,15000.0
PAY0000633,O000633,Cash on Delivery,Paid,17000.0
PAY0000634,O000634,Card,Paid,24225.0
PAY0000635,O000635,Cash on Delivery,Paid,12150.0
PAY0000636,O000636,Cash on Delivery,Paid,30000.0
PAY0000637,O000637,Bank Transfer,Pending,12150.0
PAY0000638,O000638,Card,Paid,47100.0
PAY0000639,O000639,Cash on Delivery,Paid,25200.0
PAY0000640,O000640,Cash on Delivery,Paid,48600.0
PAY0000641,O000641,Cash on Delivery,Paid,44000.0
PAY0000642,O000642,Card,Paid,27000.0
PAY0000643,O000643,Bank Transfer,Paid,61200.0
PAY0000644,O000644,Bank Transfer,Paid,52000.0
PAY0000645,O000645,Card,Paid,93600.0
PAY0000646,O000646,Bank Transfer,Pending,42750.0
PAY0000647,O000647,Cash on Delivery,Paid,33400.0
PAY0000648,O000648,Cash on Delivery,Paid,24000.0
PAY0000649,O000649,Bank Transfer,Paid,98400.0
PAY0000650,O000650,Card,Paid,43200.0
PAY0000651,O000651,Card,Paid,16150.0
PAY0000652,O000652,Bank Transfer,Paid,12350.0
PAY0000653,O000653,Card,Paid,66000.0
PAY0000654,O000654,Wallet,Paid,34200.0
PAY0000655,O000655,Cash on Delivery,Paid,18000.0
PAY0000656,O000656,Card,Paid,54000.0
PAY0000657,O000657,Card,Paid,127700.0
PAY0000658,O000658,Card,Paid,10800.0
PAY0000659,O000659,Bank Transfer,Paid,17550.0
PAY0000660,O000660,Card,Paid,5200.0
PAY0000661,O000661,Cash on Delivery,Paid,92550.0
PAY0000662,O000662,Bank Transfer,Paid,28000.0
PAY0000663,O000663,Wallet,Pending,4500.0
PAY0000664,O000664,Bank Transfer,Paid,51300.0
PAY0000665,O000665,Cash on Delivery,Paid,16575.0
PAY0000666,O000666,Card,Paid,46700.0
PAY0000667,O000667,Card,Paid,22000.0
PAY0000668,O000668,Card,Paid,15000.0
PAY0000669,O000669,Wallet,Paid,13000.0
PAY0000670,O000670,Bank Transfer,Paid,10800.0
PAY0000671,O000671,Card,Paid,70500.0
PAY0000672,O000672,Card,Paid,56000.0
PAY0000673,O000673,Card,Paid,5000.0
PAY0000674,O000674,Card,Paid,47600.0
PAY0000675,O000675,Card,Paid,79800.0
PAY0000676,O000676,Bank Transfer,Paid,195000.0
PAY0000677,O000677,Cash on Delivery,Paid,22000.0
PAY0000678,O000678,Cash on Delivery,Paid,4500.0
PAY0000679,O000679,Card,Paid,28275.0
PAY0000680,O000680,Cash on Delivery,Paid,7225.0
PAY0000681,O000681,Cash on Delivery,Paid,40475.0
PAY0000682,O000682,Card,Pending,15300.0
PAY0000683,O000683,Card,Paid,18525.0
PAY0000684,O000684,Cash on Delivery,Pending,13500.0
PAY0000685,O000685,Cash on Delivery,Paid,86800.0
PAY0000686,O000686,Cash on Delivery,Paid,76400.0
PAY0000687,O000687,Bank Transfer,Paid,3150.0
PAY0000688,O000688,Wallet,Paid,30600.0
PAY0000689,O000689,Bank Transfer,Paid,30600.0
PAY0000690,O000690,Card,Pending,4500.0
PAY0000691,O000691,Card,Paid,136325.0
PAY0000692,O000692,Bank Transfer,Paid,8500.0
PAY0000693,O000693,Wallet,Paid,195000.0
PAY0000694,O000694,Wallet,Paid,14450.0
PAY0000695,O000695,Cash on Delivery,Paid,19650.0
PAY0000696,O000696,Bank Transfer,Paid,27000.0
PAY0000697,O000697,Card,Paid,51300.0
PAY0000698,O000698,Card,Paid,195000.0
PAY0000699,O000699,Card,Paid,46800.0
PAY0000700,O000700,Card,Paid,6375.0
PAY0000701,O000701,Bank Transfer,Paid,28000.0
PAY0000702,O000702,Card,Paid,65000.0
PAY0000703,O000703,Bank Transfer,Paid,21600.0
PAY0000704,O000704,Bank Transfer,Paid,117000.0
PAY0000705,O000705,Bank Transfer,Paid,14250.0
PAY0000706,O000706,Wallet,Paid,13500.0
PAY0000707,O000707,Bank Transfer,Paid,51300.0
PAY0000708,O000708,Cash on Delivery,Paid,18000.0
PAY0000709,O000709,Bank Transfer,Paid,34200.0
PAY0000710,O000710,Card,Paid,17100.0
PAY0000711,O000711,Bank Transfer,Paid,24000.0
PAY0000712,O000712,Wallet,Paid,44000.0
PAY0000713,O000713,Cash on Delivery,Paid,3825.0
PAY0000714,O000714,Card,Paid,30300.0
PAY0000715,O000715,Card,Paid,38250.0
PAY0000716,O000716,Card,Paid,48000.0
PAY0000717,O000717,Cash on Delivery,Paid,56100.0
PAY0000718,O000718,Bank Transfer,Paid,30000.0
PAY0000719,O000719,Card,Paid,29475.0
PAY0000720,O000720,Cash on Delivery,Paid,12350.0
PAY0000721,O000721,Cash on Delivery,Pending,66000.0
PAY0000722,O000722,Wallet,Pending,27000.0
PAY0000723,O000723,Card,Paid,25500.0
PAY0000724,O000724,Cash on Delivery,Paid,5850.0
PAY0000725,O000725,Card,Paid,36000.0
PAY0000726,O000726,Card,Paid,156000.0
PAY0000727,O000727,Card,Paid,11400.0
PAY0000728,O000728,Card,Paid,23800.0
PAY0000729,O000729,Card,Paid,20900.0
PAY0000730,O000730,Card,Paid,36000.0
PAY0000731,O000731,Card,Paid,18700.0
PAY0000732,O000732,Wallet,Paid,16200.0
PAY0000733,O000733,Wallet,Pending,47400.0
PAY0000734,O000734,Bank Transfer,Paid,48000.0
PAY0000735,O000735,Card,Paid,23800.0
PAY0000736,O000736,Card,Paid,66000.0
PAY0000737,O000737,Cash on Delivery,Paid,4500.0
PAY0000738,O000738,Card,Paid,44000.0
PAY0000739,O000739,Bank Transfer,Paid,23800.0
PAY0000740,O000740,Cash on Delivery,Paid,14450.0
PAY0000741,O000741,Card,Paid,11475.0
PAY0000742,O000742,Card,Paid,17000.0
PAY0000743,O000743,Cash on Delivery,Paid,11400.0
PAY0000744,O000744,Bank Transfer,Paid,162650.0
PAY0000745,O000745,Cash on Delivery,Paid,34200.0
PAY0000746,O000746,Card,Paid,40500.0
PAY0000747,O000747,Cash on Delivery,Paid,15000.0
PAY0000748,O000748,Cash on Delivery,Paid,36000.0
PAY0000749,O000749,Bank Transfer,Paid,25200.0
PAY0000750,O000750,Cash on Delivery,Paid,11475.0
PAY0000751,O000751,Bank Transfer,Paid,22800.0
PAY0000752,O000752,Card,Paid,24400.0
PAY0000753,O000753,Card,Paid,195000.0
PAY0000754,O000754,Bank Transfer,Paid,19800.0
PAY0000755,O000755,Wallet,Paid,124500.0
PAY0000756,O000756,Wallet,Failed,117000.0
PAY0000757,O000757,Bank Transfer,Paid,7200.0
PAY0000758,O000758,Cash on Delivery,Paid,17550.0
PAY0000759,O000759,Card,Paid,156000.0
PAY0000760,O000760,Wallet,Paid,15300.0
PAY0000761,O000761,Cash on Delivery,Paid,110500.0
PAY0000762,O000762,Bank Transfer,Paid,69400.0
PAY0000763,O000763,Cash on Delivery,Paid,30000.0
PAY0000764,O000764,Bank Transfer,Paid,101550.0
PAY0000765,O000765,Cash on Delivery,Paid,49400.0
PAY0000766,O000766,Card,Paid,19800.0
PAY0000767,O000767,Wallet,Paid,8500.0
PAY0000768,O000768,Card,Paid,65100.0
PAY0000769,O000769,Card,Paid,15750.0
PAY0000770,O000770,Card,Paid,62700.0
PAY0000771,O000771,Card,Paid,21600.0
PAY0000772,O000772,Bank Transfer,Paid,16200.0
PAY0000773,O000773,Cash on Delivery,Paid,134275.0
PAY0000774,O000774,Bank Transfer,Paid,21000.0
PAY0000775,O000775,Card,Paid,66000.0
PAY0000776,O000776,Card,Pending,22950.0
PAY0000777,O000777,Bank Transfer,Paid,104000.0
PAY0000778,O000778,Card,Paid,44000.0
PAY0000779,O000779,Card,Paid,2500.0
PAY0000780,O000780,Card,Paid,3600.0
PAY0000781,O000781,Card,Paid,13000.0
PAY0000782,O000782,Cash on Delivery,Paid,104000.0
PAY0000783,O000783,Card,Paid,36000.0
PAY0000784,O000784,Cash on Delivery,Paid,50400.0
PAY0000785,O000785,Bank Transfer,Paid,28800.0
PAY0000786,O000786,Bank Transfer,Paid,56100.0
PAY0000787,O000787,Cash on Delivery,Paid,32550.0
PAY0000788,O000788,Cash on Delivery,Paid,20400.0
PAY0000789,O000789,Wallet,Paid,36000.0
PAY0000790,O000790,Card,Paid,8500.0
PAY0000791,O000791,Bank Transfer,Paid,123500.0
PAY0000792,O000792,Card,Paid,12825.0
PAY0000793,O000793,Bank Transfer,Paid,84000.0
PAY0000794,O000794,Cash on Delivery,Paid,5000.0
PAY0000795,O000795,Card,Paid,24000.0
PAY0000796,O000796,Bank Transfer,Paid,84000.0
PAY0000797,O000797,Card,Paid,8500.0
PAY0000798,O000798,Bank Transfer,Paid,16650.0
PAY0000799,O000799,Cash on Delivery,Paid,185250.0
PAY0000800,O000800,Card,Paid,15300.0
PAY0000801,O000801,Cash on Delivery,Paid,17000.0
PAY0000802,O000802,Cash on Delivery,Paid,42750.0
PAY0000803,O000803,Card,Paid,36000.0
PAY0000804,O000804,Bank Transfer,Paid,102000.0
PAY0000805,O000805,Card,Paid,43200.0
PAY0000806,O000806,Card,Paid,72000.0
PAY0000807,O000807,Card,Paid,147000.0
PAY0000808,O000808,Bank Transfer,Paid,62700.0
PAY0000809,O000809,Card,Paid,61750.0
PAY0000810,O000810,Bank Transfer,Paid,43200.0
PAY0000811,O000811,Bank Transfer,Paid,32400.0
PAY0000812,O000812,Cash on Delivery,Paid,24225.0
PAY0000813,O000813,Cash on Delivery,Paid,45000.0
PAY0000814,O000814,Card,Paid,30000.0
PAY0000815,O000815,Card,Paid,93600.0
PAY0000816,O000816,Cash on Delivery,Paid,40500.0
PAY0000817,O000817,Cash on Delivery,Paid,41600.0
PAY0000818,O000818,Card,Paid,148200.0
PAY0000819,O000819,Card,Paid,6750.0
PAY0000820,O000820,Card,Paid,195000.0
PAY0000821,O000821,Card,Paid,64800.0
PAY0000822,O000822,Cash on Delivery,Paid,56100.0
PAY0000823,O000823,Wallet,Paid,30000.0
PAY0000824,O000824,Wallet,Paid,49400.0
PAY0000825,O000825,Card,Paid,104025.0
PAY0000826,O000826,Cash on Delivery,Paid,15300.0
PAY0000827,O000827,Card,Paid,38250.0
PAY0000828,O000828,Cash on Delivery,Paid,47600.0
PAY0000829,O000829,Card,Paid,75600.0
PAY0000830,O000830,Cash on Delivery,Paid,34200.0
PAY0000831,O000831,Cash on Delivery,Paid,8100.0
PAY0000832,O000832,Cash on Delivery,Failed,10200.0
PAY0000833,O000833,Card,Pending,35100.0
PAY0000834,O000834,Cash on Delivery,Pending,18000.0
PAY0000835,O000835,Card,Paid,84000.0
PAY0000836,O000836,Cash on Delivery,Paid,30000.0
PAY0000837,O000837,Bank Transfer,Paid,28000.0
PAY0000838,O000838,Card,Paid,156000.0
PAY0000839,O000839,Card,Paid,22500.0
PAY0000840,O000840,Cash on Delivery,Paid,48000.0
PAY0000841,O000841,Card,Paid,56000.0
PAY0000842,O000842,Cash on Delivery,Paid,2500.0
PAY0000843,O000843,Bank Transfer,Pending,9000.0
PAY0000844,O000844,Cash on Delivery,Paid,58500.0
PAY0000845,O000845,Cash on Delivery,Paid,55250.0
PAY0000846,O000846,Card,Paid,80500.0
PAY0000847,O000847,Card,Paid,54000.0
PAY0000848,O000848,Bank Transfer,Paid,89000.0
PAY0000849,O000849,Cash on Delivery,Paid,12150.0
PAY0000850,O000850,Card,Paid,30000.0
PAY0000851,O000851,Cash on Delivery,Paid,48000.0
PAY0000852,O000852,Cash on Delivery,Paid,22800.0
PAY0000853,O000853,Cash on Delivery,Paid,6500.0
PAY0000854,O000854,Card,Paid,25200.0
PAY0000855,O000855,Wallet,Paid,172800.0
PAY0000856,O000856,Bank Transfer,Paid,4500.0
PAY0000857,O000857,Bank Transfer,Paid,32300.0
PAY0000858,O000858,Card,Paid,13500.0
PAY0000859,O000859,Cash on Delivery,Paid,84000.0
PAY0000860,O000860,Wallet,Paid,9000.0
PAY0000861,O000861,Wallet,Paid,72000.0
PAY0000862,O000862,Card,Paid,8500.0
PAY0000863,O000863,Card,Paid,195000.0
PAY0000864,O000864,Cash on Delivery,Paid,46800.0
PAY0000865,O000865,Card,Paid,84000.0
PAY0000866,O000866,Card,Paid,53200.0
PAY0000867,O000867,Cash on Delivery,Pending,15000.0
PAY0000868,O000868,Card,Paid,25500.0
PAY0000869,O000869,Cash on Delivery,Paid,8100.0
PAY0000870,O000870,Card,Paid,37400.0
PAY0000871,O000871,Card,Paid,66000.0
PAY0000872,O000872,Bank Transfer,Paid,104100.0
PAY0000873,O000873,Cash on Delivery,Paid,156000.0
PAY0000874,O000874,Wallet,Paid,124500.0
PAY0000875,O000875,Card,Paid,24225.0
PAY0000876,O000876,Cash on Delivery,Paid,29150.0
PAY0000877,O000877,Cash on Delivery,Paid,86250.0
PAY0000878,O000878,Wallet,Paid,12825.0
PAY0000879,O000879,Card,Paid,17100.0
PAY0000880,O000880,Cash on Delivery,Paid,162500.0
PAY0000881,O000881,Card,Paid,13500.0
PAY0000882,O000882,Bank Transfer,Paid,39600.0
PAY0000883,O000883,Card,Paid,28000.0
PAY0000884,O000884,Cash on Delivery,Paid,156000.0
PAY0000885,O000885,Cash on Delivery,Paid,8550.0
PAY0000886,O000886,Card,Paid,24000.0
PAY0000887,O000887,Card,Paid,41000.0
PAY0000888,O000888,Cash on Delivery,Paid,63600.0
PAY0000889,O000889,Card,Failed,32400.0
PAY0000890,O000890,Card,Paid,75600.0
PAY0000891,O000891,Card,Paid,9000.0
PAY0000892,O000892,Bank Transfer,Paid,49050.0
PAY0000893,O000893,Bank Transfer,Paid,52000.0
PAY0000894,O000894,Cash on Delivery,Paid,130000.0
PAY0000895,O000895,Card,Paid,17000.0
PAY0000896,O000896,Cash on Delivery,Paid,12350.0
PAY0000897,O000897,Cash on Delivery,Paid,14650.0
PAY0000898,O000898,Wallet,Paid,45900.0
PAY0000899,O000899,Card,Paid,17600.0
PAY0000900,O000900,Bank Transfer,Paid,157200.0
PAY0000901,O000901,Cash on Delivery,Paid,72000.0
PAY0000902,O000902,Cash on Delivery,Pending,3825.0
PAY0000903,O000903,Card,Paid,44200.0
PAY0000904,O000904,Bank Transfer,Paid,16150.0
PAY0000905,O000905,Card,Paid,48000.0
PAY0000906,O000906,Card,Paid,18800.0
PAY0000907,O000907,Cash on Delivery,Paid,66000.0
PAY0000908,O000908,Bank Transfer,Paid,45600.0
PAY0000909,O000909,Cash on Delivery,Paid,15000.0
PAY0000910,O000910,Card,Paid,8500.0
PAY0000911,O000911,Card,Pending,156000.0
PAY0000912,O000912,Cash on Delivery,Paid,79500.0
PAY0000913,O000913,Bank Transfer,Paid,37400.0
PAY0000914,O000914,Cash on Delivery,Paid,154400.0
PAY0000915,O000915,Cash on Delivery,Paid,45000.0
PAY0000916,O000916,Card,Paid,50400.0
PAY0000917,O000917,Card,Paid,4275.0
PAY0000918,O000918,Cash on Delivery,Paid,95100.0
PAY0000919,O000919,Cash on Delivery,Paid,5000.0
PAY0000920,O000920,Cash on Delivery,Paid,27125.0
PAY0000921,O000921,Card,Paid,12750.0
PAY0000922,O000922,Card,Paid,78225.0
PAY0000923,O000923,Card,Paid,7125.0
PAY0000924,O000924,Bank Transfer,Paid,17000.0
PAY0000925,O000925,Card,Paid,17000.0
PAY0000926,O000926,Cash on Delivery,Paid,38250.0
PAY0000927,O000927,Card,Paid,11400.0
PAY0000928,O000928,Card,Paid,21675.0
PAY0000929,O000929,Card,Paid,11700.0
PAY0000930,O000930,Cash on Delivery,Paid,61560.0
PAY0000931,O000931,Card,Paid,30600.0
PAY0000932,O000932,Card,Paid,83100.0
PAY0000933,O000933,Cash on Delivery,Paid,12150.0
PAY0000934,O000934,Bank Transfer,Paid,23400.0
PAY0000935,O000935,Bank Transfer,Paid,42750.0
PAY0000936,O000936,Cash on Delivery,Paid,24150.0
PAY0000937,O000937,Card,Paid,39600.0
PAY0000938,O000938,Cash on Delivery,Paid,68400.0
PAY0000939,O000939,Cash on Delivery,Paid,156000.0
PAY0000940,O000940,Bank Transfer,Paid,54000.0
PAY0000941,O000941,Bank Transfer,Paid,12150.0
PAY0000942,O000942,Card,Paid,32275.0
PAY0000943,O000943,Card,Pending,24000.0
PAY0000944,O000944,Card,Paid,8500.0
PAY0000945,O000945,Cash on Delivery,Paid,45900.0
PAY0000946,O000946,Cash on Delivery,Paid,84600.0
PAY0000947,O000947,Wallet,Paid,45000.0
PAY0000948,O000948,Card,Paid,42750.0
PAY0000949,O000949,Cash on Delivery,Paid,17575.0
PAY0000950,O000950,Card,Paid,32500.0
PAY0000951,O000951,Card,Paid,22800.0
PAY0000952,O000952,Cash on Delivery,Paid,117000.0
PAY0000953,O000953,Card,Paid,25500.0
PAY0000954,O000954,Cash on Delivery,Paid,54000.0
PAY0000955,O000955,Bank Transfer,Paid,18525.0
PAY0000956,O000956,Bank Transfer,Pending,4500.0
PAY0000957,O000957,Card,Paid,27300.0
PAY0000958,O000958,Cash on Delivery,Paid,73400.0
PAY0000959,O000959,Bank Transfer,Paid,5850.0
PAY0000960,O000960,Card,Paid,61200.0
PAY0000961,O000961,Card,Paid,13500.0
PAY0000962,O000962,Card,Paid,24000.0
PAY0000963,O000963,Cash on Delivery,Paid,68400.0
PAY0000964,O000964,Cash on Delivery,Paid,21675.0
PAY0000965,O000965,Bank Transfer,Paid,50400.0
PAY0000966,O000966,Bank Transfer,Paid,32750.0
PAY0000967,O000967,Wallet,Paid,25500.0
PAY0000968,O000968,Wallet,Paid,64000.0
PAY0000969,O000969,Card,Paid,25500.0
PAY0000970,O000970,Card,Paid,98600.0
PAY0000971,O000971,Bank Transfer,Paid,24225.0
PAY0000972,O000972,Wallet,Paid,56000.0
PAY0000973,O000973,Cash on Delivery,Paid,7650.0
PAY0000974,O000974,Card,Paid,22000.0
PAY0000975,O000975,Card,Paid,54000.0
PAY0000976,O000976,Wallet,Paid,12750.0
PAY0000977,O000977,Card,Paid,51300.0
PAY0000978,O000978,Wallet,Paid,65000.0
PAY0000979,O000979,Card,Paid,36000.0
PAY0000980,O000980,Wallet,Paid,195000.0
PAY0000981,O000981,Card,Paid,130000.0
PAY0000982,O000982,Wallet,Paid,50200.0
PAY0000983,O000983,Cash on Delivery,Paid,52000.0
PAY0000984,O000984,Bank Transfer,Paid,45000.0
PAY0000985,O000985,Card,Paid,98800.0
PAY0000986,O000986,Card,Paid,44400.0
PAY0000987,O000987,Card,Paid,42500.0
PAY0000988,O000988,Bank Transfer,Paid,106500.0
PAY0000989,O000989,Card,Paid,109525.0
PAY0000990,O000990,Cash on Delivery,Paid,88300.0
PAY0000991,O000991,Card,Paid,45600.0
PAY0000992,O000992,Cash on Delivery,Paid,17100.0
PAY0000993,O000993,Card,Paid,64400.0
PAY0000994,O000994,Wallet,Paid,52000.0
PAY0000995,O000995,Card,Paid,22950.0
PAY0000996,O000996,Wallet,Paid,68150.0
PAY0000997,O000997,Cash on Delivery,Paid,52000.0
PAY0000998,O000998,Card,Paid,36000.0
PAY0000999,O000999,Bank Transfer,Paid,44000.0
PAY0001000,O001000,Card,Paid,148200.0
PAY0001001,O001001,Cash on Delivery,Paid,44000.0
PAY0001002,O001002,Cash on Delivery,Paid,23650.0
PAY0001003,O001003,Bank Transfer,Paid,79800.0
PAY0001004,O001004,Card,Paid,59700.0
PAY0001005,O001005,Card,Paid,21600.0
PAY0001006,O001006,Wallet,Paid,175500.0
PAY0001007,O001007,Card,Paid,28000.0
PAY0001008,O001008,Cash on Delivery,Paid,36000.0
PAY0001009,O001009,Bank Transfer,Paid,185250.0
PAY0001010,O001010,Card,Paid,12350.0
PAY0001011,O001011,Card,Paid,54000.0
PAY0001012,O001012,Card,Paid,103075.0
PAY0001013,O001013,Wallet,Paid,40500.0
PAY0001014,O001014,Wallet,Paid,48000.0
PAY0001015,O001015,Wallet,Paid,72000.0
PAY0001016,O001016,Card,Paid,11400.0
PAY0001017,O001017,Cash on Delivery,Paid,18000.0
PAY0001018,O001018,Wallet,Paid,56000.0
PAY0001019,O001019,Bank Transfer,Paid,46550.0
PAY0001020,O001020,Card,Paid,50600.0
PAY0001021,O001021,Card,Paid,45900.0
PAY0001022,O001022,Card,Paid,154375.0
PAY0001023,O001023,Bank Transfer,Paid,12150.0
PAY0001024,O001024,Card,Paid,31700.0
PAY0001025,O001025,Card,Pending,25500.0
PAY0001026,O001026,Bank Transfer,Paid,19800.0
PAY0001027,O001027,Card,Paid,77700.0
PAY0001028,O001028,Card,Paid,12000.0
PAY0001029,O001029,Cash on Delivery,Paid,42700.0
PAY0001030,O001030,Bank Transfer,Paid,62700.0
PAY0001031,O001031,Cash on Delivery,Paid,44000.0
PAY0001032,O001032,Wallet,Paid,25500.0
PAY0001033,O001033,Bank Transfer,Paid,8500.0
PAY0001034,O001034,Card,Paid,23400.0
PAY0001035,O001035,Card,Paid,6500.0
PAY0001036,O001036,Card,Paid,37400.0
PAY0001037,O001037,Cash on Delivery,Paid,24000.0
PAY0001038,O001038,Cash on Delivery,Paid,9000.0
PAY0001039,O001039,Bank Transfer,Paid,19125.0
PAY0001040,O001040,Cash on Delivery,Paid,24000.0
PAY0001041,O001041,Card,Paid,7650.0
PAY0001042,O001042,Card,Paid,325650.0
PAY0001043,O001043,Cash on Delivery,Paid,28500.0
PAY0001044,O001044,Card,Paid,46800.0
PAY0001045,O001045,Card,Paid,44000.0
PAY0001046,O001046,Bank Transfer,Paid,13000.0
PAY0001047,O001047,Cash on Delivery,Paid,39600.0
PAY0001048,O001048,Cash on Delivery,Paid,24225.0
PAY0001049,O001049,Card,Paid,84000.0
PAY0001050,O001050,Wallet,Paid,45000.0
PAY0001051,O001051,Bank Transfer,Paid,20900.0
PAY0001052,O001052,Card,Pending,217750.0
PAY0001053,O001053,Card,Failed,57900.0
PAY0001054,O001054,Bank Transfer,Paid,17000.0
PAY0001055,O001055,Cash on Delivery,Paid,54000.0
PAY0001056,O001056,Bank Transfer,Paid,116400.0
PAY0001057,O001057,Cash on Delivery,Paid,16200.0
PAY0001058,O001058,Bank Transfer,Paid,115400.0
PAY0001059,O001059,Cash on Delivery,Failed,37400.0
PAY0001060,O001060,Card,Paid,4500.0
PAY0001061,O001061,Bank Transfer,Paid,4050.0
PAY0001062,O001062,Card,Paid,123500.0
PAY0001063,O001063,Cash on Delivery,Paid,65000.0
PAY0001064,O001064,Card,Paid,47600.0
PAY0001065,O001065,Card,Paid,62700.0
PAY0001066,O001066,Bank Transfer,Pending,62450.0
PAY0001067,O001067,Card,Failed,8100.0
PAY0001068,O001068,Card,Paid,17000.0
PAY0001069,O001069,Cash on Delivery,Paid,47600.0
PAY0001070,O001070,Card,Paid,64800.0
PAY0001071,O001071,Card,Paid,104000.0
PAY0001072,O001072,Cash on Delivery,Paid,9000.0
PAY0001073,O001073,Cash on Delivery,Paid,25500.0
PAY0001074,O001074,Wallet,Paid,24000.0
PAY0001075,O001075,Bank Transfer,Paid,117000.0
PAY0001076,O001076,Cash on Delivery,Paid,5525.0
PAY0001077,O001077,Card,Pending,18000.0
PAY0001078,O001078,Card,Paid,7650.0
PAY0001079,O001079,Cash on Delivery,Paid,8100.0
PAY0001080,O001080,Cash on Delivery,Paid,11700.0
PAY0001081,O001081,Card,Paid,30000.0
PAY0001082,O001082,Cash on Delivery,Paid,53000.0
PAY0001083,O001083,Card,Paid,25825.0
PAY0001084,O001084,Cash on Delivery,Paid,35400.0
PAY0001085,O001085,Card,Paid,25500.0
PAY0001086,O001086,Cash on Delivery,Paid,44000.0
PAY0001087,O001087,Cash on Delivery,Paid,25500.0
PAY0001088,O001088,Cash on Delivery,Paid,22950.0
PAY0001089,O001089,Cash on Delivery,Paid,30000.0
PAY0001090,O001090,Cash on Delivery,Paid,88400.0
PAY0001091,O001091,Bank Transfer,Paid,16200.0
PAY0001092,O001092,Card,Paid,75600.0
PAY0001093,O001093,Bank Transfer,Pending,64100.0
PAY0001094,O001094,Card,Paid,195000.0
PAY0001095,O001095,Cash on Delivery,Paid,56000.0
PAY0001096,O001096,Card,Paid,41800.0
PAY0001097,O001097,Card,Paid,40700.0
PAY0001098,O001098,Wallet,Paid,8550.0
PAY0001099,O001099,Card,Paid,10800.0
PAY0001100,O001100,Cash on Delivery,Pending,30500.0
PAY0001101,O001101,Card,Paid,8550.0
PAY0001102,O001102,Card,Paid,156000.0
PAY0001103,O001103,Wallet,Paid,130000.0
PAY0001104,O001104,Cash on Delivery,Paid,66000.0
PAY0001105,O001105,Cash on Delivery,Paid,48000.0
PAY0001106,O001106,Card,Paid,12825.0
PAY0001107,O001107,Card,Paid,65000.0
PAY0001108,O001108,Cash on Delivery,Paid,198075.0
PAY0001109,O001109,Card,Paid,5850.0
PAY0001110,O001110,Card,Paid,8550.0
PAY0001111,O001111,Cash on Delivery,Paid,66000.0
PAY0001112,O001112,Card,Paid,34200.0
PAY0001113,O001113,Wallet,Paid,18525.0
PAY0001114,O001114,Cash on Delivery,Paid,18000.0
PAY0001115,O001115,Card,Paid,5000.0
PAY0001116,O001116,Cash on Delivery,Paid,27225.0
PAY0001117,O001117,Cash on Delivery,Paid,17000.0
PAY0001118,O001118,Card,Paid,21600.0
PAY0001119,O001119,Bank Transfer,Paid,70500.0
PAY0001120,O001120,Cash on Delivery,Paid,72000.0
PAY0001121,O001121,Card,Paid,70500.0
PAY0001122,O001122,Cash on Delivery,Paid,4500.0
PAY0001123,O001123,Bank Transfer,Pending,30000.0
PAY0001124,O001124,Card,Paid,6750.0
PAY0001125,O001125,Bank Transfer,Paid,59400.0
PAY0001126,O001126,Card,Paid,195000.0
PAY0001127,O001127,Card,Paid,32400.0
PAY0001128,O001128,Wallet,Paid,15000.0
PAY0001129,O001129,Card,Paid,25500.0
PAY0001130,O001130,Card,Paid,24225.0
PAY0001131,O001131,Card,Paid,7500.0
PAY0001132,O001132,Bank Transfer,Paid,28000.0
PAY0001133,O001133,Card,Paid,165000.0
PAY0001134,O001134,Bank Transfer,Paid,22950.0
PAY0001135,O001135,Cash on Delivery,Paid,60000.0
PAY0001136,O001136,Bank Transfer,Paid,15000.0
PAY0001137,O001137,Wallet,Paid,27875.0
PAY0001138,O001138,Bank Transfer,Paid,8075.0
PAY0001139,O001139,Card,Paid,30000.0
PAY0001140,O001140,Wallet,Paid,12350.0
PAY0001141,O001141,Card,Paid,6500.0
PAY0001142,O001142,Bank Transfer,Paid,4500.0
PAY0001143,O001143,Cash on Delivery,Paid,66400.0
PAY0001144,O001144,Card,Paid,53200.0
PAY0001145,O001145,Cash on Delivery,Paid,22950.0
PAY0001146,O001146,Cash on Delivery,Pending,-8500.0
PAY0001147,O001147,Wallet,Paid,246900.0
PAY0001148,O001148,Card,Paid,6750.0
PAY0001149,O001149,Bank Transfer,Paid,20400.0
PAY0001150,O001150,Cash on Delivery,Paid,8550.0
PAY0001151,O001151,Cash on Delivery,Paid,22000.0
PAY0001152,O001152,Card,Failed,36000.0
PAY0001153,O001153,Card,Paid,195000.0
PAY0001154,O001154,Bank Transfer,Paid,61750.0
PAY0001155,O001155,Cash on Delivery,Paid,80000.0
PAY0001156,O001156,Cash on Delivery,Paid,148200.0
PAY0001157,O001157,Wallet,Paid,130000.0
PAY0001158,O001158,Cash on Delivery,Paid,18400.0
PAY0001159,O001159,Bank Transfer,Paid,36000.0
PAY0001160,O001160,Bank Transfer,Paid,165750.0
PAY0001161,O001161,Cash on Delivery,Paid,45900.0
PAY0001162,O001162,Cash on Delivery,Paid,123500.0
PAY0001163,O001163,Wallet,Paid,12750.0
PAY0001164,O001164,Cash on Delivery,Paid,20400.0
PAY0001165,O001165,Card,Paid,61750.0
PAY0001166,O001166,Card,Paid,79800.0
PAY0001167,O001167,Card,Paid,93600.0
PAY0001168,O001168,Bank Transfer,Paid,7125.0
PAY0001169,O001169,Wallet,Paid,15000.0
PAY0001170,O001170,Bank Transfer,Paid,5000.0
PAY0001171,O001171,Bank Transfer,Paid,104000.0
PAY0001172,O001172,Bank Transfer,Paid,52750.0
PAY0001173,O001173,Cash on Delivery,Paid,45000.0
PAY0001174,O001174,Card,Paid,46000.0
PAY0001175,O001175,Cash on Delivery,Paid,148200.0
PAY0001176,O001176,Wallet,Pending,18700.0
PAY0001177,O001177,Cash on Delivery,Paid,37400.0
PAY0001178,O001178,Bank Transfer,Paid,13000.0
PAY0001179,O001179,Bank Transfer,Paid,54000.0
PAY0001180,O001180,Card,Pending,6800.0
PAY0001181,O001181,Cash on Delivery,Paid,46000.0
PAY0001182,O001182,Cash on Delivery,Paid,38250.0
PAY0001183,O001183,Cash on Delivery,Paid,26600.0
PAY0001184,O001184,Card,Paid,7200.0
PAY0001185,O001185,Cash on Delivery,Paid,24000.0
PAY0001186,O001186,Bank Transfer,Paid,35500.0
PAY0001187,O001187,Cash on Delivery,Paid,48600.0
PAY0001188,O001188,Wallet,Paid,72000.0
PAY0001189,O001189,Bank Transfer,Paid,116400.0
PAY0001190,O001190,Bank Transfer,Paid,8500.0
PAY0001191,O001191,Card,Paid,66000.0
PAY0001192,O001192,Card,Paid,49400.0
PAY0001193,O001193,Cash on Delivery,Paid,104000.0
PAY0001194,O001194,Bank Transfer,Paid,7650.0
PAY0001195,O001195,Card,Paid,2000.0
PAY0001196,O001196,Bank Transfer,Paid,36000.0
PAY0001197,O001197,Cash on Delivery,Paid,5000.0
PAY0001198,O001198,Card,Paid,51300.0
PAY0001199,O001199,Card,Paid,193750.0
PAY0001200,O001200,Cash on Delivery,Paid,52800.0
PAY0001201,O001201,Cash on Delivery,Paid,19500.0
PAY0001202,O001202,Card,Paid,88400.0
PAY0001203,O001203,Cash on Delivery,Paid,9000.0
PAY0001204,O001204,Card,Paid,42500.0
PAY0001205,O001205,Cash on Delivery,Paid,10800.0
PAY0001206,O001206,Wallet,Paid,37300.0
PAY0001207,O001207,Card,Paid,35350.0
PAY0001208,O001208,Cash on Delivery,Paid,8500.0
PAY0001209,O001209,Bank Transfer,Paid,48600.0
PAY0001210,O001210,Cash on Delivery,Paid,12825.0
PAY0001211,O001211,Card,Paid,39600.0
PAY0001212,O001212,Cash on Delivery,Paid,117000.0
PAY0001213,O001213,Bank Transfer,Paid,64800.0
PAY0001214,O001214,Bank Transfer,Paid,7125.0
PAY0001215,O001215,Card,Paid,19500.0
PAY0001216,O001216,Wallet,Pending,4050.0
PAY0001217,O001217,Card,Paid,80700.0
PAY0001218,O001218,Card,Paid,25500.0
PAY0001219,O001219,Cash on Delivery,Paid,2375.0
PAY0001220,O001220,Bank Transfer,Paid,30750.0
PAY0001221,O001221,Card,Paid,2250.0
PAY0001222,O001222,Card,Paid,156000.0
PAY0001223,O001223,Card,Paid,21675.0
PAY0001224,O001224,Cash on Delivery,Paid,18525.0
PAY0001225,O001225,Cash on Delivery,Paid,20900.0
PAY0001226,O001226,Cash on Delivery,Paid,64000.0
PAY0001227,O001227,Card,Paid,75600.0
PAY0001228,O001228,Card,Paid,32900.0
PAY0001229,O001229,Bank Transfer,Paid,4250.0
PAY0001230,O001230,Card,Paid,51300.0
PAY0001231,O001231,Card,Paid,18700.0
PAY0001232,O001232,Card,Failed,93675.0
PAY0001233,O001233,Cash on Delivery,Paid,25500.0
PAY0001234,O001234,Bank Transfer,Paid,27550.0
PAY0001235,O001235,Card,Failed,93600.0
PAY0001236,O001236,Card,Paid,156825.0
PAY0001237,O001237,Bank Transfer,Paid,47600.0
PAY0001238,O001238,Cash on Delivery,Paid,27000.0
PAY0001239,O001239,Cash on Delivery,Paid,185250.0
PAY0001240,O001240,Card,Paid,4500.0
PAY0001241,O001241,Cash on Delivery,Paid,98800.0
PAY0001242,O001242,Wallet,Paid,68400.0
PAY0001243,O001243,Cash on Delivery,Paid,36000.0
PAY0001244,O001244,Bank Transfer,Paid,195000.0
PAY0001245,O001245,Cash on Delivery,Paid,15000.0
PAY0001246,O001246,Card,Paid,24225.0
PAY0001247,O001247,Card,Paid,34200.0
PAY0001248,O001248,Bank Transfer,Paid,7125.0
PAY0001249,O001249,Cash on Delivery,Paid,17250.0
PAY0001250,O001250,Card,Paid,83000.0
PAY0001251,O001251,Cash on Delivery,Paid,32500.0
PAY0001252,O001252,Wallet,Paid,102000.0
PAY0001253,O001253,Cash on Delivery,Failed,24000.0
PAY0001254,O001254,Card,Paid,48600.0
PAY0001255,O001255,Cash on Delivery,Paid,7225.0
PAY0001256,O001256,Card,Paid,7650.0
PAY0001257,O001257,Cash on Delivery,Paid,71400.0
PAY0001258,O001258,Wallet,Paid,28500.0
PAY0001259,O001259,Cash on Delivery,Paid,17000.0
PAY0001260,O001260,Card,Paid,41800.0
PAY0001261,O001261,Wallet,Pending,75600.0
PAY0001262,O001262,Cash on Delivery,Paid,28975.0
PAY0001263,O001263,Card,Paid,6500.0
PAY0001264,O001264,Card,Paid,65000.0
PAY0001265,O001265,Cash on Delivery,Paid,24225.0
PAY0001266,O001266,Card,Paid,13600.0
PAY0001267,O001267,Bank Transfer,Paid,30600.0
PAY0001268,O001268,Card,Paid,32400.0
PAY0001269,O001269,Card,Pending,56100.0
PAY0001270,O001270,Card,Paid,85000.0
PAY0001271,O001271,Bank Transfer,Paid,15000.0
PAY0001272,O001272,Card,Paid,55250.0
PAY0001273,O001273,Cash on Delivery,Paid,19500.0
PAY0001274,O001274,Bank Transfer,Paid,72000.0
PAY0001275,O001275,Card,Paid,117750.0
PAY0001276,O001276,Wallet,Paid,18300.0
PAY0001277,O001277,Cash on Delivery,Paid,63650.0
PAY0001278,O001278,Card,Paid,156000.0
PAY0001279,O001279,Wallet,Paid,134600.0
PAY0001280,O001280,Bank Transfer,Paid,13000.0
PAY0001281,O001281,Card,Paid,38250.0
PAY0001282,O001282,Bank Transfer,Paid,7650.0
PAY0001283,O001283,Cash on Delivery,Paid,14450.0
PAY0001284,O001284,Bank Transfer,Paid,71400.0
PAY0001285,O001285,Cash on Delivery,Paid,15300.0
PAY0001286,O001286,Bank Transfer,Paid,288600.0
PAY0001287,O001287,Bank Transfer,Paid,127800.0
PAY0001288,O001288,Bank Transfer,Paid,14250.0
PAY0001289,O001289,Card,Paid,64800.0
PAY0001290,O001290,Cash on Delivery,Paid,61750.0
PAY0001291,O001291,Bank Transfer,Paid,88400.0
PAY0001292,O001292,Wallet,Paid,15000.0
PAY0001293,O001293,Bank Transfer,Paid,28200.0
PAY0001294,O001294,Card,Paid,21600.0
PAY0001295,O001295,Bank Transfer,Paid,104000.0
PAY0001296,O001296,Card,Paid,16575.0
PAY0001297,O001297,Bank Transfer,Paid,130000.0
PAY0001298,O001298,Cash on Delivery,Paid,51300.0
PAY0001299,O001299,Bank Transfer,Paid,5850.0
PAY0001300,O001300,Cash on Delivery,Paid,7125.0
PAY0001301,O001301,Cash on Delivery,Paid,65000.0
PAY0001302,O001302,Bank Transfer,Paid,17000.0
PAY0001303,O001303,Card,Paid,22000.0
PAY0001304,O001304,Cash on Delivery,Paid,15300.0
PAY0001305,O001305,Bank Transfer,Paid,7650.0
PAY0001306,O001306,Card,Paid,59400.0
PAY0001307,O001307,Card,Paid,22950.0
PAY0001308,O001308,Bank Transfer,Pending,41800.0
PAY0001309,O001309,Bank Transfer,Paid,92075.0
PAY0001310,O001310,Card,Paid,15300.0
PAY0001311,O001311,Cash on Delivery,Paid,140400.0
PAY0001312,O001312,Card,Paid,213000.0
PAY0001313,O001313,Wallet,Paid,8075.0
PAY0001314,O001314,Cash on Delivery,Paid,23800.0
PAY0001315,O001315,Card,Paid,75700.0
PAY0001316,O001316,Bank Transfer,Paid,140800.0
PAY0001317,O001317,Cash on Delivery,Paid,81000.0
PAY0001318,O001318,Cash on Delivery,Paid,130000.0
PAY0001319,O001319,Cash on Delivery,Paid,30000.0
PAY0001320,O001320,Card,Paid,65000.0
PAY0001321,O001321,Card,Paid,20750.0
PAY0001322,O001322,Cash on Delivery,Paid,6175.0
PAY0001323,O001323,Card,Paid,62700.0
PAY0001324,O001324,Cash on Delivery,Paid,15000.0
PAY0001325,O001325,Wallet,Paid,16150.0
PAY0001326,O001326,Bank Transfer,Pending,98800.0
PAY0001327,O001327,Bank Transfer,Paid,8500.0
PAY0001328,O001328,Bank Transfer,Paid,28000.0
PAY0001329,O001329,Cash on Delivery,Paid,24000.0
PAY0001330,O001330,Cash on Delivery,Paid,2375.0
PAY0001331,O001331,Cash on Delivery,Paid,45600.0
PAY0001332,O001332,Card,Paid,30600.0
PAY0001333,O001333,Cash on Delivery,Paid,5200.0
PAY0001334,O001334,Card,Pending,18525.0
PAY0001335,O001335,Card,Paid,26600.0
PAY0001336,O001336,Wallet,Paid,9000.0
PAY0001337,O001337,Card,Paid,4500.0
PAY0001338,O001338,Card,Paid,2375.0
PAY0001339,O001339,Cash on Delivery,Paid,12825.0
PAY0001340,O001340,Cash on Delivery,Paid,2500.0
PAY0001341,O001341,Wallet,Paid,21600.0
PAY0001342,O001342,Card,Paid,32400.0
PAY0001343,O001343,Bank Transfer,Failed,40500.0
PAY0001344,O001344,Card,Paid,42750.0
PAY0001345,O001345,Card,Paid,34200.0
PAY0001346,O001346,Card,Paid,84000.0
PAY0001347,O001347,Card,Paid,5000.0
PAY0001348,O001348,Bank Transfer,Paid,11400.0
PAY0001349,O001349,Card,Paid,113000.0
PAY0001350,O001350,Cash on Delivery,Paid,22800.0
PAY0001351,O001351,Cash on Delivery,Paid,5525.0
PAY0001352,O001352,Card,Paid,20900.0
PAY0001353,O001353,Cash on Delivery,Paid,62050.0
PAY0001354,O001354,Bank Transfer,Paid,-21500.0
PAY0001355,O001355,Cash on Delivery,Paid,19500.0
PAY0001356,O001356,Card,Paid,39600.0
PAY0001357,O001357,Card,Paid,84000.0
PAY0001358,O001358,Cash on Delivery,Paid,27950.0
PAY0001359,O001359,Card,Paid,93600.0
PAY0001360,O001360,Card,Paid,26700.0
PAY0001361,O001361,Card,Paid,30000.0
PAY0001362,O001362,Card,Paid,43350.0
PAY0001363,O001363,Wallet,Paid,7500.0
PAY0001364,O001364,Card,Paid,35650.0
PAY0001365,O001365,Card,Paid,9050.0
PAY0001366,O001366,Cash on Delivery,Paid,30600.0
PAY0001367,O001367,Cash on Delivery,Paid,53200.0
PAY0001368,O001368,Cash on Delivery,Paid,20400.0
PAY0001369,O001369,Cash on Delivery,Paid,123500.0
PAY0001370,O001370,Card,Failed,44000.0
PAY0001371,O001371,Bank Transfer,Paid,177600.0
PAY0001372,O001372,Card,Paid,32400.0
PAY0001373,O001373,Wallet,Paid,62700.0
PAY0001374,O001374,Cash on Delivery,Paid,73300.0
PAY0001375,O001375,Cash on Delivery,Paid,8550.0
PAY0001376,O001376,Card,Paid,54000.0
PAY0001377,O001377,Cash on Delivery,Paid,48000.0
PAY0001378,O001378,Cash on Delivery,Paid,16150.0
PAY0001379,O001379,Cash on Delivery,Paid,61200.0
PAY0001380,O001380,Wallet,Pending,31100.0
PAY0001381,O001381,Card,Paid,13500.0
PAY0001382,O001382,Card,Paid,12350.0
PAY0001383,O001383,Cash on Delivery,Paid,40800.0
PAY0001384,O001384,Card,Paid,49300.0
PAY0001385,O001385,Cash on Delivery,Paid,22400.0
PAY0001386,O001386,Wallet,Paid,24000.0
PAY0001387,O001387,Card,Paid,185250.0
PAY0001388,O001388,Card,Paid,44000.0
PAY0001389,O001389,Card,Paid,25300.0
PAY0001390,O001390,Cash on Delivery,Paid,32050.0
PAY0001391,O001391,Bank Transfer,Paid,8500.0
PAY0001392,O001392,Cash on Delivery,Paid,93600.0
PAY0001393,O001393,Cash on Delivery,Paid,36000.0
PAY0001394,O001394,Bank Transfer,Paid,2500.0
PAY0001395,O001395,Bank Transfer,Paid,149000.0
PAY0001396,O001396,Card,Paid,39600.0
PAY0001397,O001397,Cash on Delivery,Paid,21675.0
PAY0001398,O001398,Cash on Delivery,Paid,75600.0
PAY0001399,O001399,Card,Paid,36900.0
PAY0001400,O001400,Cash on Delivery,Paid,45000.0
PAY0001401,O001401,Cash on Delivery,Paid,71200.0
PAY0001402,O001402,Card,Paid,18000.0
PAY0001403,O001403,Card,Paid,2500.0
PAY0001404,O001404,Bank Transfer,Paid,143900.0
PAY0001405,O001405,Card,Paid,16200.0
PAY0001406,O001406,Cash on Delivery,Paid,30000.0
PAY0001407,O001407,Card,Paid,84300.0
PAY0001408,O001408,Bank Transfer,Paid,16150.0
PAY0001409,O001409,Cash on Delivery,Paid,28000.0
PAY0001410,O001410,Card,Paid,6375.0
PAY0001411,O001411,Bank Transfer,Paid,142350.0
PAY0001412,O001412,Card,Paid,93600.0
PAY0001413,O001413,Wallet,Paid,12825.0
PAY0001414,O001414,Wallet,Paid,20400.0
PAY0001415,O001415,Cash on Delivery,Paid,17000.0
PAY0001416,O001416,Bank Transfer,Paid,6175.0
PAY0001417,O001417,Bank Transfer,Paid,5000.0
PAY0001418,O001418,Cash on Delivery,Paid,4500.0
PAY0001419,O001419,Card,Paid,45000.0
PAY0001420,O001420,Card,Paid,26600.0
PAY0001421,O001421,Card,Paid,8075.0
PAY0001422,O001422,Cash on Delivery,Paid,25500.0
PAY0001423,O001423,Card,Paid,47475.0
PAY0001424,O001424,Cash on Delivery,Paid,8100.0
PAY0001425,O001425,Card,Paid,48000.0
PAY0001426,O001426,Bank Transfer,Paid,30250.0
PAY0001427,O001427,Card,Paid,6500.0
PAY0001428,O001428,Cash on Delivery,Pending,68400.0
PAY0001429,O001429,Card,Paid,101000.0
PAY0001430,O001430,Cash on Delivery,Paid,10800.0
PAY0001431,O001431,Card,Paid,104000.0
PAY0001432,O001432,Cash on Delivery,Paid,93600.0
PAY0001433,O001433,Card,Paid,14400.0
PAY0001434,O001434,Cash on Delivery,Paid,8550.0
PAY0001435,O001435,Cash on Delivery,Paid,89000.0
PAY0001436,O001436,Bank Transfer,Paid,16150.0
PAY0001437,O001437,Card,Pending,55250.0
PAY0001438,O001438,Card,Paid,55250.0
PAY0001439,O001439,Wallet,Paid,74500.0
PAY0001440,O001440,Cash on Delivery,Paid,64000.0
PAY0001441,O001441,Cash on Delivery,Paid,48600.0
PAY0001442,O001442,Card,Paid,51300.0
PAY0001443,O001443,Cash on Delivery,Paid,12350.0
PAY0001444,O001444,Cash on Delivery,Paid,42750.0
PAY0001445,O001445,Bank Transfer,Paid,83200.0
PAY0001446,O001446,Cash on Delivery,Paid,53200.0
PAY0001447,O001447,Cash on Delivery,Paid,68200.0
PAY0001448,O001448,Card,Paid,45000.0
PAY0001449,O001449,Card,Paid,4750.0
PAY0001450,O001450,Card,Paid,42000.0
PAY0001451,O001451,Cash on Delivery,Paid,16150.0
PAY0001452,O001452,Cash on Delivery,Paid,117000.0
PAY0001453,O001453,Cash on Delivery,Paid,20900.0
PAY0001454,O001454,Bank Transfer,Pending,25200.0
PAY0001455,O001455,Card,Paid,63650.0
PAY0001456,O001456,Bank Transfer,Paid,3825.0
PAY0001457,O001457,Bank Transfer,Paid,36000.0
PAY0001458,O001458,Cash on Delivery,Paid,8500.0
PAY0001459,O001459,Cash on Delivery,Paid,90200.0
PAY0001460,O001460,Wallet,Paid,49400.0
PAY0001461,O001461,Bank Transfer,Paid,11700.0
PAY0001462,O001462,Card,Failed,30000.0
PAY0001463,O001463,Cash on Delivery,Paid,25500.0
PAY0001464,O001464,Cash on Delivery,Paid,26600.0
PAY0001465,O001465,Card,Paid,9000.0
PAY0001466,O001466,Card,Paid,8550.0
PAY0001467,O001467,Cash on Delivery,Paid,28500.0
PAY0001468,O001468,Cash on Delivery,Paid,2125.0
PAY0001469,O001469,Cash on Delivery,Paid,28500.0
PAY0001470,O001470,Bank Transfer,Paid,54000.0
PAY0001471,O001471,Bank Transfer,Paid,2000.0
PAY0001472,O001472,Card,Paid,45000.0
PAY0001473,O001473,Card,Paid,65200.0
PAY0001474,O001474,Cash on Delivery,Paid,205800.0
PAY0001475,O001475,Card,Paid,8100.0
PAY0001476,O001476,Wallet,Paid,85500.0
PAY0001477,O001477,Cash on Delivery,Pending,19800.0
PAY0001478,O001478,Card,Paid,64800.0
PAY0001479,O001479,Card,Paid,25500.0
PAY0001480,O001480,Bank Transfer,Paid,165000.0
PAY0001481,O001481,Card,Paid,75600.0
PAY0001482,O001482,Card,Paid,56000.0
PAY0001483,O001483,Card,Paid,43000.0
PAY0001484,O001484,Cash on Delivery,Paid,20900.0
PAY0001485,O001485,Cash on Delivery,Paid,20400.0
PAY0001486,O001486,Card,Paid,54000.0
PAY0001487,O001487,Cash on Delivery,Paid,23800.0
PAY0001488,O001488,Cash on Delivery,Paid,15300.0
PAY0001489,O001489,Bank Transfer,Paid,65400.0
PAY0001490,O001490,Card,Paid,17375.0
PAY0001491,O001491,Card,Paid,43200.0
PAY0001492,O001492,Bank Transfer,Pending,91500.0
PAY0001493,O001493,Cash on Delivery,Paid,20400.0
PAY0001494,O001494,Wallet,Paid,195000.0
PAY0001495,O001495,Cash on Delivery,Paid,49500.0
PAY0001496,O001496,Card,Paid,2125.0
PAY0001497,O001497,Cash on Delivery,Paid,63000.0
PAY0001498,O001498,Card,Paid,6500.0
PAY0001499,O001499,Bank Transfer,Paid,54000.0
PAY0001500,O001500,Card,Paid,38400.0
PAY0001501,O001501,Bank Transfer,Paid,7650.0
PAY0001502,O001502,Bank Transfer,Paid,36000.0
PAY0001503,O001503,Cash on Delivery,Paid,4275.0
PAY0001504,O001504,Cash on Delivery,Paid,8550.0
PAY0001505,O001505,Wallet,Failed,185250.0
PAY0001506,O001506,Bank Transfer,Paid,49400.0
PAY0001507,O001507,Wallet,Paid,123500.0
PAY0001508,O001508,Bank Transfer,Paid,15300.0
PAY0001509,O001509,Card,Paid,12825.0
PAY0001510,O001510,Card,Paid,17000.0
PAY0001511,O001511,Card,Paid,6750.0
PAY0001512,O001512,Wallet,Paid,22950.0
PAY0001513,O001513,Wallet,Paid,156000.0
PAY0001514,O001514,Card,Paid,76950.0
PAY0001515,O001515,Card,Paid,51775.0
PAY0001516,O001516,Cash on Delivery,Paid,6375.0
PAY0001517,O001517,Cash on Delivery,Paid,8100.0
PAY0001518,O001518,Cash on Delivery,Paid,28500.0
PAY0001519,O001519,Wallet,Paid,7500.0
PAY0001520,O001520,Cash on Delivery,Paid,150400.0
PAY0001521,O001521,Cash on Delivery,Paid,79800.0
PAY0001522,O001522,Cash on Delivery,Paid,15000.0
PAY0001523,O001523,Cash on Delivery,Pending,131400.0
PAY0001524,O001524,Cash on Delivery,Paid,48000.0
PAY0001525,O001525,Bank Transfer,Paid,71400.0
PAY0001526,O001526,Wallet,Paid,34200.0
PAY0001527,O001527,Wallet,Paid,8500.0
PAY0001528,O001528,Cash on Delivery,Paid,4500.0
PAY0001529,O001529,Card,Paid,22000.0
PAY0001530,O001530,Bank Transfer,Paid,40500.0
PAY0001531,O001531,Cash on Delivery,Paid,66000.0
PAY0001532,O001532,Card,Paid,24000.0
PAY0001533,O001533,Cash on Delivery,Paid,12000.0
PAY0001534,O001534,Cash on Delivery,Paid,6500.0
PAY0001535,O001535,Bank Transfer,Pending,52000.0
PAY0001536,O001536,Card,Paid,15000.0
PAY0001537,O001537,Cash on Delivery,Paid,6800.0
PAY0001538,O001538,Bank Transfer,Paid,6800.0
PAY0001539,O001539,Card,Paid,111600.0
PAY0001540,O001540,Cash on Delivery,Paid,32400.0
PAY0001541,O001541,Cash on Delivery,Paid,38250.0
PAY0001542,O001542,Card,Paid,225600.0
PAY0001543,O001543,Card,Paid,18000.0
PAY0001544,O001544,Card,Paid,15300.0
PAY0001545,O001545,Cash on Delivery,Paid,88400.0
PAY0001546,O001546,Cash on Delivery,Pending,140400.0
PAY0001547,O001547,Wallet,Paid,14450.0
PAY0001548,O001548,Card,Paid,45600.0
PAY0001549,O001549,Card,Paid,28500.0
PAY0001550,O001550,Cash on Delivery,Paid,79050.0
PAY0001551,O001551,Card,Paid,11400.0
PAY0001552,O001552,Card,Paid,156000.0
PAY0001553,O001553,Cash on Delivery,Paid,79800.0
PAY0001554,O001554,Cash on Delivery,Paid,17000.0
PAY0001555,O001555,Card,Paid,123500.0
PAY0001556,O001556,Bank Transfer,Paid,42750.0
PAY0001557,O001557,Card,Paid,22000.0
PAY0001558,O001558,Card,Paid,4050.0
PAY0001559,O001559,Card,Paid,213750.0
PAY0001560,O001560,Wallet,Paid,49400.0
PAY0001561,O001561,Card,Paid,111000.0
PAY0001562,O001562,Card,Paid,7650.0
PAY0001563,O001563,Card,Paid,22950.0
PAY0001564,O001564,Cash on Delivery,Paid,40800.0
PAY0001565,O001565,Card,Paid,61600.0
PAY0001566,O001566,Card,Paid,72000.0
PAY0001567,O001567,Cash on Delivery,Paid,25500.0
PAY0001568,O001568,Bank Transfer,Paid,56625.0
PAY0001569,O001569,Cash on Delivery,Pending,25500.0
PAY0001570,O001570,Cash on Delivery,Paid,3825.0
PAY0001571,O001571,Wallet,Paid,24000.0
PAY0001572,O001572,Card,Paid,28000.0
PAY0001573,O001573,Cash on Delivery,Failed,8100.0
PAY0001574,O001574,Card,Paid,68500.0
PAY0001575,O001575,Cash on Delivery,Paid,13500.0
PAY0001576,O001576,Cash on Delivery,Paid,132600.0
PAY0001577,O001577,Bank Transfer,Paid,148200.0
PAY0001578,O001578,Cash on Delivery,Paid,75600.0
PAY0001579,O001579,Card,Paid,17000.0
PAY0001580,O001580,Wallet,Paid,20400.0
PAY0001581,O001581,Card,Paid,130000.0
PAY0001582,O001582,Card,Paid,40575.0
PAY0001583,O001583,Wallet,Paid,8550.0
PAY0001584,O001584,Cash on Delivery,Paid,68400.0
PAY0001585,O001585,Bank Transfer,Paid,9000.0
PAY0001586,O001586,Card,Paid,4250.0
PAY0001587,O001587,Card,Paid,6175.0
PAY0001588,O001588,Cash on Delivery,Paid,10475.0
PAY0001589,O001589,Card,Paid,15300.0
PAY0001590,O001590,Bank Transfer,Paid,54000.0
PAY0001591,O001591,Card,Paid,17000.0
PAY0001592,O001592,Card,Paid,3825.0
PAY0001593,O001593,Cash on Delivery,Paid,34200.0
PAY0001594,O001594,Card,Paid,36000.0
PAY0001595,O001595,Card,Paid,44200.0
PAY0001596,O001596,Card,Paid,25200.0
PAY0001597,O001597,Card,Paid,4275.0
PAY0001598,O001598,Cash on Delivery,Paid,20900.0
PAY0001599,O001599,Cash on Delivery,Paid,59400.0
PAY0001600,O001600,Cash on Delivery,Paid,73300.0
PAY0001601,O001601,Cash on Delivery,Paid,24000.0
PAY0001602,O001602,Card,Paid,30600.0
PAY0001603,O001603,Card,Paid,25500.0
PAY0001604,O001604,Wallet,Paid,49200.0
PAY0001605,O001605,Card,Paid,123300.0
PAY0001606,O001606,Bank Transfer,Paid,12825.0
PAY0001607,O001607,Card,Paid,185250.0
PAY0001608,O001608,Cash on Delivery,Pending,48600.0
PAY0001609,O001609,Cash on Delivery,Paid,50400.0
PAY0001610,O001610,Cash on Delivery,Paid,50400.0
PAY0001611,O001611,Card,Paid,40800.0
PAY0001612,O001612,Bank Transfer,Paid,185250.0
PAY0001613,O001613,Cash on Delivery,Paid,11400.0
PAY0001614,O001614,Cash on Delivery,Paid,24000.0
PAY0001615,O001615,Wallet,Paid,25200.0
PAY0001616,O001616,Card,Paid,61200.0
PAY0001617,O001617,Bank Transfer,Paid,25200.0
PAY0001618,O001618,Wallet,Paid,6375.0
PAY0001619,O001619,Wallet,Paid,95000.0
PAY0001620,O001620,Card,Paid,6175.0
PAY0001621,O001621,Bank Transfer,Paid,40800.0
PAY0001622,O001622,Card,Paid,53200.0
PAY0001623,O001623,Cash on Delivery,Paid,19500.0
PAY0001624,O001624,Cash on Delivery,Paid,25500.0
PAY0001625,O001625,Cash on Delivery,Paid,93600.0
PAY0001626,O001626,Card,Paid,38500.0
PAY0001627,O001627,Card,Paid,195000.0
PAY0001628,O001628,Card,Paid,9000.0
PAY0001629,O001629,Card,Paid,52000.0
PAY0001630,O001630,Card,Paid,8500.0
PAY0001631,O001631,Cash on Delivery,Paid,8500.0
PAY0001632,O001632,Cash on Delivery,Paid,66000.0
PAY0001633,O001633,Cash on Delivery,Paid,30600.0
PAY0001634,O001634,Bank Transfer,Paid,25500.0
PAY0001635,O001635,Card,Paid,50400.0
PAY0001636,O001636,Bank Transfer,Paid,36000.0
PAY0001637,O001637,Card,Paid,45000.0
PAY0001638,O001638,Card,Paid,195900.0
PAY0001639,O001639,Card,Paid,42750.0
PAY0001640,O001640,Bank Transfer,Paid,65050.0
PAY0001641,O001641,Cash on Delivery,Paid,108000.0
PAY0001642,O001642,Card,Paid,8550.0
PAY0001643,O001643,Wallet,Paid,51300.0
PAY0001644,O001644,Cash on Delivery,Paid,7650.0
PAY0001645,O001645,Cash on Delivery,Paid,30000.0
PAY0001646,O001646,Card,Paid,48000.0
PAY0001647,O001647,Card,Paid,62700.0
PAY0001648,O001648,Card,Paid,24000.0
PAY0001649,O001649,Card,Paid,11475.0
PAY0001650,O001650,Bank Transfer,Paid,123500.0
PAY0001651,O001651,Card,Paid,48000.0
PAY0001652,O001652,Card,Paid,25500.0
PAY0001653,O001653,Card,Paid,8075.0
PAY0001654,O001654,Cash on Delivery,Paid,3600.0
PAY0001655,O001655,Card,Paid,75600.0
PAY0001656,O001656,Card,Paid,22000.0
PAY0001657,O001657,Card,Paid,12350.0
PAY0001658,O001658,Bank Transfer,Paid,18000.0
PAY0001659,O001659,Bank Transfer,Paid,16150.0
PAY0001660,O001660,Cash on Delivery,Failed,24000.0
PAY0001661,O001661,Bank Transfer,Failed,146700.0
PAY0001662,O001662,Bank Transfer,Paid,20400.0
PAY0001663,O001663,Card,Paid,203500.0
PAY0001664,O001664,Bank Transfer,Pending,121400.0
PAY0001665,O001665,Card,Paid,15300.0
PAY0001666,O001666,Wallet,Paid,50400.0
PAY0001667,O001667,Cash on Delivery,Paid,14250.0
PAY0001668,O001668,Bank Transfer,Paid,29400.0
PAY0001669,O001669,Cash on Delivery,Pending,7650.0
PAY0001670,O001670,Card,Paid,13000.0
PAY0001671,O001671,Cash on Delivery,Paid,43200.0
PAY0001672,O001672,Card,Paid,140400.0
PAY0001673,O001673,Cash on Delivery,Paid,27000.0
PAY0001674,O001674,Card,Paid,7500.0
PAY0001675,O001675,Bank Transfer,Paid,21600.0
PAY0001676,O001676,Card,Paid,48000.0
PAY0001677,O001677,Cash on Delivery,Paid,49400.0
PAY0001678,O001678,Bank Transfer,Paid,8500.0
PAY0001679,O001679,Cash on Delivery,Paid,30000.0
PAY0001680,O001680,Cash on Delivery,Paid,51300.0
PAY0001681,O001681,Cash on Delivery,Paid,6750.0
PAY0001682,O001682,Cash on Delivery,Paid,6175.0
PAY0001683,O001683,Card,Paid,88400.0
PAY0001684,O001684,Bank Transfer,Paid,93600.0
PAY0001685,O001685,Wallet,Paid,44200.0
PAY0001686,O001686,Bank Transfer,Paid,16150.0
PAY0001687,O001687,Bank Transfer,Paid,56000.0
PAY0001688,O001688,Bank Transfer,Paid,62700.0
PAY0001689,O001689,Card,Paid,2250.0
PAY0001690,O001690,Card,Paid,44000.0
PAY0001691,O001691,Cash on Delivery,Paid,4500.0
PAY0001692,O001692,Card,Paid,15300.0
PAY0001693,O001693,Card,Paid,12825.0
PAY0001694,O001694,Card,Paid,37400.0
PAY0001695,O001695,Cash on Delivery,Paid,12000.0
PAY0001696,O001696,Cash on Delivery,Paid,40950.0
PAY0001697,O001697,Card,Paid,205600.0
PAY0001698,O001698,Card,Paid,1050.0
PAY0001699,O001699,Bank Transfer,Paid,15300.0
PAY0001700,O001700,Cash on Delivery,Paid,44000.0
PAY0001701,O001701,Bank Transfer,Paid,51300.0
PAY0001702,O001702,Card,Paid,121600.0
PAY0001703,O001703,Cash on Delivery,Paid,179500.0
PAY0001704,O001704,Card,Paid,64000.0
PAY0001705,O001705,Wallet,Paid,235800.0
PAY0001706,O001706,Wallet,Paid,108500.0
PAY0001707,O001707,Card,Paid,17340.0
PAY0001708,O001708,Card,Pending,64800.0
PAY0001709,O001709,Card,Paid,136500.0
PAY0001710,O001710,Card,Paid,18000.0
PAY0001711,O001711,Cash on Delivery,Paid,79000.0
PAY0001712,O001712,Card,Paid,45600.0
PAY0001713,O001713,Card,Paid,69400.0
PAY0001714,O001714,Card,Paid,44200.0
PAY0001715,O001715,Bank Transfer,Paid,4500.0
PAY0001716,O001716,Card,Paid,34200.0
PAY0001717,O001717,Card,Paid,15300.0
PAY0001718,O001718,Card,Paid,25200.0
PAY0001719,O001719,Card,Paid,28000.0
PAY0001720,O001720,Card,Paid,8075.0
PAY0001721,O001721,Bank Transfer,Paid,25200.0
PAY0001722,O001722,Wallet,Pending,64800.0
PAY0001723,O001723,Card,Paid,156000.0
PAY0001724,O001724,Card,Paid,2125.0
PAY0001725,O001725,Card,Paid,2250.0
PAY0001726,O001726,Card,Paid,211800.0
PAY0001727,O001727,Bank Transfer,Paid,52200.0
PAY0001728,O001728,Cash on Delivery,Paid,3825.0
PAY0001729,O001729,Card,Paid,14250.0
PAY0001730,O001730,Card,Paid,13000.0
PAY0001731,O001731,Card,Paid,140400.0
PAY0001732,O001732,Card,Paid,8075.0
PAY0001733,O001733,Cash on Delivery,Paid,66000.0
PAY0001734,O001734,Cash on Delivery,Paid,46800.0
PAY0001735,O001735,Card,Paid,24225.0
PAY0001736,O001736,Card,Paid,76800.0
PAY0001737,O001737,Bank Transfer,Paid,110500.0
PAY0001738,O001738,Cash on Delivery,Paid,54000.0
PAY0001739,O001739,Card,Paid,9000.0
PAY0001740,O001740,Cash on Delivery,Paid,30650.0
PAY0001741,O001741,Bank Transfer,Paid,28500.0
PAY0001742,O001742,Card,Paid,66000.0
PAY0001743,O001743,Bank Transfer,Paid,13000.0
PAY0001744,O001744,Bank Transfer,Pending,30600.0
PAY0001745,O001745,Card,Paid,76900.0
PAY0001746,O001746,Wallet,Failed,21600.0
PAY0001747,O001747,Card,Paid,86925.0
PAY0001748,O001748,Card,Paid,24650.0
PAY0001749,O001749,Bank Transfer,Paid,9000.0
PAY0001750,O001750,Card,Pending,17550.0
PAY0001751,O001751,Card,Paid,95800.0
PAY0001752,O001752,Cash on Delivery,Paid,28800.0
PAY0001753,O001753,Cash on Delivery,Paid,69100.0
PAY0001754,O001754,Card,Paid,20900.0
PAY0001755,O001755,Bank Transfer,Paid,15300.0
PAY0001756,O001756,Card,Paid,25500.0
PAY0001757,O001757,Card,Paid,17550.0
PAY0001758,O001758,Cash on Delivery,Paid,44000.0
PAY0001759,O001759,Bank Transfer,Paid,28800.0
PAY0001760,O001760,Cash on Delivery,Paid,23800.0
PAY0001761,O001761,Cash on Delivery,Paid,12000.0
PAY0001762,O001762,Wallet,Paid,55350.0
PAY0001763,O001763,Card,Pending,66400.0
PAY0001764,O001764,Cash on Delivery,Paid,24000.0
PAY0001765,O001765,Cash on Delivery,Paid,45900.0
PAY0001766,O001766,Wallet,Paid,4500.0
PAY0001767,O001767,Bank Transfer,Paid,24000.0
PAY0001768,O001768,Card,Paid,16150.0
PAY0001769,O001769,Bank Transfer,Paid,14400.0
PAY0001770,O001770,Cash on Delivery,Paid,123500.0
PAY0001771,O001771,Bank Transfer,Paid,22800.0
PAY0001772,O001772,Card,Paid,5850.0
PAY0001773,O001773,Wallet,Paid,34200.0
PAY0001774,O001774,Bank Transfer,Paid,14250.0
PAY0001775,O001775,Bank Transfer,Paid,21675.0
PAY0001776,O001776,Bank Transfer,Paid,13500.0
PAY0001777,O001777,Card,Failed,32400.0
PAY0001778,O001778,Bank Transfer,Paid,10200.0
PAY0001779,O001779,Cash on Delivery,Paid,6175.0
PAY0001780,O001780,Cash on Delivery,Paid,103400.0
PAY0001781,O001781,Card,Paid,44550.0
PAY0001782,O001782,Card,Paid,8075.0
PAY0001783,O001783,Cash on Delivery,Paid,66000.0
PAY0001784,O001784,Card,Paid,4500.0
PAY0001785,O001785,Wallet,Paid,7500.0
PAY0001786,O001786,Cash on Delivery,Paid,28000.0
PAY0001787,O001787,Card,Paid,40500.0
PAY0001788,O001788,Card,Paid,18000.0
PAY0001789,O001789,Card,Paid,4500.0
PAY0001790,O001790,Card,Paid,53200.0
PAY0001791,O001791,Card,Paid,7225.0
PAY0001792,O001792,Cash on Delivery,Paid,36000.0
PAY0001793,O001793,Bank Transfer,Failed,37000.0
PAY0001794,O001794,Bank Transfer,Paid,8500.0
PAY0001795,O001795,Cash on Delivery,Paid,58950.0
PAY0001796,O001796,Cash on Delivery,Paid,19375.0
PAY0001797,O001797,Card,Paid,195000.0
PAY0001798,O001798,Bank Transfer,Paid,28000.0
PAY0001799,O001799,Card,Paid,46375.0
PAY0001800,O001800,Cash on Delivery,Paid,3825.0
PAY0001801,O001801,Bank Transfer,Paid,26600.0
PAY0001802,O001802,Card,Paid,11400.0
PAY0001803,O001803,Cash on Delivery,Paid,84000.0
PAY0001804,O001804,Wallet,Paid,57750.0
PAY0001805,O001805,Cash on Delivery,Paid,12350.0
PAY0001806,O001806,Cash on Delivery,Paid,195000.0
PAY0001807,O001807,Card,Paid,56000.0
PAY0001808,O001808,Card,Paid,212000.0
PAY0001809,O001809,Card,Paid,25500.0
PAY0001810,O001810,Bank Transfer,Paid,68200.0
PAY0001811,O001811,Card,Paid,22000.0
PAY0001812,O001812,Card,Paid,20900.0
PAY0001813,O001813,Card,Paid,59775.0
PAY0001814,O001814,Cash on Delivery,Paid,28500.0
PAY0001815,O001815,Card,Paid,2375.0
PAY0001816,O001816,Card,Paid,63250.0
PAY0001817,O001817,Card,Paid,237750.0
PAY0001818,O001818,Bank Transfer,Paid,13000.0
PAY0001819,O001819,Card,Paid,40500.0
PAY0001820,O001820,Card,Paid,12000.0
PAY0001821,O001821,Cash on Delivery,Failed,110500.0
PAY0001822,O001822,Card,Pending,72450.0
PAY0001823,O001823,Bank Transfer,Paid,6175.0
PAY0001824,O001824,Cash on Delivery,Paid,32400.0
PAY0001825,O001825,Cash on Delivery,Failed,17675.0
PAY0001826,O001826,Card,Paid,24225.0
PAY0001827,O001827,Card,Paid,17600.0
PAY0001828,O001828,Bank Transfer,Paid,61050.0
PAY0001829,O001829,Card,Paid,126700.0
PAY0001830,O001830,Cash on Delivery,Paid,15300.0
PAY0001831,O001831,Cash on Delivery,Paid,22000.0
PAY0001832,O001832,Card,Paid,161000.0
PAY0001833,O001833,Cash on Delivery,Paid,118050.0
PAY0001834,O001834,Cash on Delivery,Paid,-10200.0
PAY0001835,O001835,Wallet,Paid,16150.0
PAY0001836,O001836,Card,Paid,24000.0
PAY0001837,O001837,Card,Paid,19500.0
PAY0001838,O001838,Card,Paid,13500.0
PAY0001839,O001839,Card,Paid,4250.0
PAY0001840,O001840,Wallet,Paid,9000.0
PAY0001841,O001841,Cash on Delivery,Paid,9000.0
PAY0001842,O001842,Card,Paid,136000.0
PAY0001843,O001843,Card,Failed,5850.0
PAY0001844,O001844,Cash on Delivery,Paid,23800.0
PAY0001845,O001845,Card,Paid,68250.0
PAY0001846,O001846,Card,Paid,18000.0
PAY0001847,O001847,Cash on Delivery,Paid,150700.0
PAY0001848,O001848,Cash on Delivery,Paid,9000.0
PAY0001849,O001849,Card,Failed,34350.0
PAY0001850,O001850,Cash on Delivery,Paid,32400.0
PAY0001851,O001851,Cash on Delivery,Paid,54000.0
PAY0001852,O001852,Cash on Delivery,Paid,71400.0
PAY0001853,O001853,Card,Paid,17550.0
PAY0001854,O001854,Bank Transfer,Paid,45000.0
PAY0001855,O001855,Cash on Delivery,Paid,18000.0
PAY0001856,O001856,Card,Pending,13000.0
PAY0001857,O001857,Cash on Delivery,Paid,32400.0
PAY0001858,O001858,Cash on Delivery,Paid,130000.0
PAY0001859,O001859,Bank Transfer,Paid,36000.0
PAY0001860,O001860,Cash on Delivery,Paid,90500.0
PAY0001861,O001861,Card,Paid,45600.0
PAY0001862,O001862,Card,Paid,27000.0
PAY0001863,O001863,Card,Paid,57475.0
PAY0001864,O001864,Card,Paid,65000.0
PAY0001865,O001865,Cash on Delivery,Paid,22000.0
PAY0001866,O001866,Cash on Delivery,Paid,30000.0
PAY0001867,O001867,Card,Pending,4275.0
PAY0001868,O001868,Bank Transfer,Paid,42750.0
PAY0001869,O001869,Wallet,Paid,8100.0
PAY0001870,O001870,Cash on Delivery,Paid,15300.0
PAY0001871,O001871,Cash on Delivery,Pending,41600.0
PAY0001872,O001872,Card,Paid,84000.0
PAY0001873,O001873,Bank Transfer,Paid,195000.0
PAY0001874,O001874,Card,Paid,12000.0
PAY0001875,O001875,Cash on Delivery,Paid,19500.0
PAY0001876,O001876,Cash on Delivery,Paid,24225.0
PAY0001877,O001877,Card,Paid,13500.0
PAY0001878,O001878,Card,Paid,148200.0
PAY0001879,O001879,Cash on Delivery,Paid,44000.0
PAY0001880,O001880,Card,Paid,61750.0
PAY0001881,O001881,Card,Paid,41800.0
PAY0001882,O001882,Wallet,Paid,34750.0
PAY0001883,O001883,Cash on Delivery,Paid,17000.0
PAY0001884,O001884,Cash on Delivery,Paid,161800.0
PAY0001885,O001885,Card,Failed,30000.0
PAY0001886,O001886,Card,Paid,8075.0
PAY0001887,O001887,Card,Paid,102000.0
PAY0001888,O001888,Card,Paid,6175.0
PAY0001889,O001889,Card,Paid,28500.0
PAY0001890,O001890,Wallet,Paid,21600.0
PAY0001891,O001891,Card,Paid,54000.0
PAY0001892,O001892,Card,Paid,117000.0
PAY0001893,O001893,Bank Transfer,Paid,13000.0
PAY0001894,O001894,Bank Transfer,Paid,24225.0
PAY0001895,O001895,Wallet,Paid,16200.0
PAY0001896,O001896,Card,Paid,6750.0
PAY0001897,O001897,Card,Paid,13000.0
PAY0001898,O001898,Bank Transfer,Paid,56000.0
PAY0001899,O001899,Bank Transfer,Paid,33750.0
PAY0001900,O001900,Card,Paid,21675.0
PAY0001901,O001901,Wallet,Paid,29050.0
PAY0001902,O001902,Bank Transfer,Paid,4050.0
PAY0001903,O001903,Card,Paid,15300.0
PAY0001904,O001904,Cash on Delivery,Paid,130000.0
PAY0001905,O001905,Card,Paid,27000.0
PAY0001906,O001906,Card,Paid,22325.0
PAY0001907,O001907,Card,Paid,84000.0
PAY0001908,O001908,Card,Paid,79800.0
PAY0001909,O001909,Card,Paid,6500.0
PAY0001910,O001910,Cash on Delivery,Paid,7650.0
PAY0001911,O001911,Bank Transfer,Failed,3825.0
PAY0001912,O001912,Card,Paid,30000.0
PAY0001913,O001913,Card,Paid,16200.0
PAY0001914,O001914,Cash on Delivery,Paid,46800.0
PAY0001915,O001915,Card,Paid,156000.0
PAY0001916,O001916,Card,Paid,17000.0
PAY0001917,O001917,Card,Paid,9000.0
PAY0001918,O001918,Cash on Delivery,Paid,55250.0
PAY0001919,O001919,Wallet,Paid,21675.0
PAY0001920,O001920,Cash on Delivery,Failed,61800.0
PAY0001921,O001921,Cash on Delivery,Paid,66000.0
PAY0001922,O001922,Bank Transfer,Paid,168500.0
PAY0001923,O001923,Wallet,Paid,28500.0
PAY0001924,O001924,Cash on Delivery,Paid,4250.0
PAY0001925,O001925,Card,Paid,65000.0
PAY0001926,O001926,Card,Paid,46950.0
PAY0001927,O001927,Card,Paid,25500.0
PAY0001928,O001928,Card,Paid,99300.0
PAY0001929,O001929,Cash on Delivery,Paid,42750.0
PAY0001930,O001930,Cash on Delivery,Paid,56000.0
PAY0001931,O001931,Cash on Delivery,Paid,19200.0
PAY0001932,O001932,Card,Paid,50500.0
PAY0001933,O001933,Bank Transfer,Paid,56100.0
PAY0001934,O001934,Card,Paid,58500.0
PAY0001935,O001935,Cash on Delivery,Paid,19575.0
PAY0001936,O001936,Cash on Delivery,Paid,10400.0
PAY0001937,O001937,Cash on Delivery,Paid,6500.0
PAY0001938,O001938,Card,Paid,13000.0
PAY0001939,O001939,Cash on Delivery,Paid,46500.0
PAY0001940,O001940,Wallet,Paid,28000.0
PAY0001941,O001941,Bank Transfer,Paid,58250.0
PAY0001942,O001942,Card,Paid,73000.0
PAY0001943,O001943,Card,Paid,45900.0
PAY0001944,O001944,Bank Transfer,Paid,25200.0
PAY0001945,O001945,Card,Paid,59400.0
PAY0001946,O001946,Cash on Delivery,Paid,66000.0
PAY0001947,O001947,Wallet,Paid,4275.0
PAY0001948,O001948,Card,Paid,156000.0
PAY0001949,O001949,Card,Paid,4500.0
PAY0001950,O001950,Cash on Delivery,Paid,124500.0
PAY0001951,O001951,Card,Paid,13500.0
PAY0001952,O001952,Cash on Delivery,Paid,130000.0
PAY0001953,O001953,Card,Pending,21600.0
PAY0001954,O001954,Cash on Delivery,Paid,85500.0
PAY0001955,O001955,Card,Paid,66000.0
PAY0001956,O001956,Card,Paid,16575.0
PAY0001957,O001957,Card,Paid,14250.0
PAY0001958,O001958,Card,Paid,83400.0
PAY0001959,O001959,Wallet,Paid,42750.0
PAY0001960,O001960,Card,Paid,22000.0
PAY0001961,O001961,Card,Paid,12750.0
PAY0001962,O001962,Cash on Delivery,Paid,6500.0
PAY0001963,O001963,Cash on Delivery,Paid,-6175.0
PAY0001964,O001964,Wallet,Paid,119600.0
PAY0001965,O001965,Card,Paid,4050.0
PAY0001966,O001966,Cash on Delivery,Paid,9000.0
PAY0001967,O001967,Card,Paid,130000.0
PAY0001968,O001968,Cash on Delivery,Paid,25500.0
PAY0001969,O001969,Cash on Delivery,Paid,8500.0
PAY0001970,O001970,Card,Paid,11700.0
PAY0001971,O001971,Cash on Delivery,Paid,15000.0
PAY0001972,O001972,Bank Transfer,Paid,43650.0
PAY0001973,O001973,Wallet,Paid,169600.0
PAY0001974,O001974,Card,Paid,7500.0
PAY0001975,O001975,Card,Paid,141500.0
PAY0001976,O001976,Cash on Delivery,Paid,132600.0
PAY0001977,O001977,Card,Paid,54000.0
PAY0001978,O001978,Bank Transfer,Paid,91500.0
PAY0001979,O001979,Bank Transfer,Paid,25500.0
PAY0001980,O001980,Card,Paid,9000.0
PAY0001981,O001981,Cash on Delivery,Pending,84000.0
PAY0001982,O001982,Card,Paid,28000.0
PAY0001983,O001983,Bank Transfer,Paid,50400.0
PAY0001984,O001984,Cash on Delivery,Paid,56000.0
PAY0001985,O001985,Wallet,Paid,50400.0
PAY0001986,O001986,Card,Paid,40800.0
PAY0001987,O001987,Cash on Delivery,Paid,24225.0
PAY0001988,O001988,Cash on Delivery,Paid,24000.0
PAY0001989,O001989,Cash on Delivery,Paid,68400.0
PAY0001990,O001990,Cash on Delivery,Paid,84000.0
PAY0001991,O001991,Card,Paid,66250.0
PAY0001992,O001992,Card,Paid,28000.0
PAY0001993,O001993,Cash on Delivery,Paid,28000.0
PAY0001994,O001994,Cash on Delivery,Paid,56100.0
PAY0001995,O001995,Cash on Delivery,Paid,18000.0
PAY0001996,O001996,Wallet,Pending,148900.0
PAY0001997,O001997,Card,Paid,75600.0
PAY0001998,O001998,Card,Paid,19350.0
PAY0001999,O001999,Card,Paid,24000.0
PAY0002000,O002000,Card,Paid,12000.0
PAY0002001,O002001,Card,Paid,130000.0
PAY0002002,O002002,Card,Paid,71400.0
PAY0002003,O002003,Wallet,Paid,156000.0
PAY0002004,O002004,Card,Paid,12750.0
PAY0002005,O002005,Wallet,Failed,2000.0
PAY0002006,O002006,Card,Paid,22300.0
PAY0002007,O002007,Cash on Delivery,Paid,104000.0
PAY0002008,O002008,Cash on Delivery,Paid,12150.0
PAY0002009,O002009,Card,Pending,3825.0
PAY0002010,O002010,Card,Paid,68700.0
PAY0002011,O002011,Cash on Delivery,Paid,19500.0
PAY0002012,O002012,Wallet,Paid,55900.0
PAY0002013,O002013,Bank Transfer,Paid,43200.0
PAY0002014,O002014,Cash on Delivery,Paid,7500.0
PAY0002015,O002015,Bank Transfer,Paid,36000.0
PAY0002016,O002016,Cash on Delivery,Paid,24225.0
PAY0002017,O002017,Cash on Delivery,Paid,61200.0
PAY0002018,O002018,Bank Transfer,Paid,51300.0
PAY0002019,O002019,Cash on Delivery,Paid,151600.0
PAY0002020,O002020,Cash on Delivery,Paid,23800.0
PAY0002021,O002021,Cash on Delivery,Paid,51650.0
PAY0002022,O002022,Cash on Delivery,Paid,17000.0
PAY0002023,O002023,Card,Paid,44000.0
PAY0002024,O002024,Cash on Delivery,Paid,14450.0
PAY0002025,O002025,Wallet,Paid,44000.0
PAY0002026,O002026,Cash on Delivery,Paid,15000.0
PAY0002027,O002027,Wallet,Paid,24225.0
PAY0002028,O002028,Bank Transfer,Paid,48600.0
PAY0002029,O002029,Cash on Delivery,Paid,51300.0
PAY0002030,O002030,Card,Paid,30600.0
PAY0002031,O002031,Cash on Delivery,Paid,21675.0
PAY0002032,O002032,Wallet,Pending,24225.0
PAY0002033,O002033,Card,Paid,206850.0
PAY0002034,O002034,Card,Paid,34425.0
PAY0002035,O002035,Card,Paid,53200.0
PAY0002036,O002036,Cash on Delivery,Paid,140400.0
PAY0002037,O002037,Cash on Delivery,Paid,15000.0
PAY0002038,O002038,Cash on Delivery,Paid,14725.0
PAY0002039,O002039,Cash on Delivery,Paid,15000.0
PAY0002040,O002040,Cash on Delivery,Paid,20400.0
PAY0002041,O002041,Card,Paid,13000.0
PAY0002042,O002042,Cash on Delivery,Paid,9000.0
PAY0002043,O002043,Cash on Delivery,Paid,130000.0
PAY0002044,O002044,Cash on Delivery,Pending,49300.0
PAY0002045,O002045,Cash on Delivery,Paid,52000.0
PAY0002046,O002046,Cash on Delivery,Paid,24000.0
PAY0002047,O002047,Cash on Delivery,Failed,28000.0
PAY0002048,O002048,Card,Paid,45600.0
PAY0002049,O002049,Bank Transfer,Paid,40500.0
PAY0002050,O002050,Wallet,Paid,24225.0
PAY0002051,O002051,Bank Transfer,Paid,22950.0
PAY0002052,O002052,Bank Transfer,Failed,36000.0
PAY0002053,O002053,Bank Transfer,Paid,20900.0
PAY0002054,O002054,Card,Paid,59400.0
PAY0002055,O002055,Wallet,Paid,50400.0
PAY0002056,O002056,Card,Paid,61750.0
PAY0002057,O002057,Card,Paid,52225.0
PAY0002058,O002058,Card,Paid,98800.0
PAY0002059,O002059,Cash on Delivery,Paid,20900.0
PAY0002060,O002060,Bank Transfer,Paid,53100.0
PAY0002061,O002061,Card,Paid,24000.0
PAY0002062,O002062,Wallet,Pending,32100.0
PAY0002063,O002063,Cash on Delivery,Paid,17000.0
PAY0002064,O002064,Wallet,Paid,156000.0
PAY0002065,O002065,Cash on Delivery,Paid,6500.0
PAY0002066,O002066,Cash on Delivery,Paid,20625.0
PAY0002067,O002067,Wallet,Paid,51900.0
PAY0002068,O002068,Wallet,Paid,29825.0
PAY0002069,O002069,Cash on Delivery,Paid,8500.0
PAY0002070,O002070,Card,Paid,50400.0
PAY0002071,O002071,Card,Paid,21600.0
PAY0002072,O002072,Card,Paid,140400.0
PAY0002073,O002073,Card,Paid,36000.0
PAY0002074,O002074,Cash on Delivery,Paid,7650.0
PAY0002075,O002075,Cash on Delivery,Paid,40500.0
PAY0002076,O002076,Cash on Delivery,Paid,10800.0
PAY0002077,O002077,Bank Transfer,Paid,25500.0
PAY0002078,O002078,Card,Paid,11400.0
PAY0002079,O002079,Bank Transfer,Paid,3825.0
PAY0002080,O002080,Bank Transfer,Paid,25500.0
PAY0002081,O002081,Cash on Delivery,Paid,50400.0
PAY0002082,O002082,Bank Transfer,Paid,66600.0
PAY0002083,O002083,Wallet,Paid,13000.0
PAY0002084,O002084,Cash on Delivery,Paid,83200.0
PAY0002085,O002085,Cash on Delivery,Paid,20400.0
PAY0002086,O002086,Cash on Delivery,Paid,13000.0
PAY0002087,O002087,Cash on Delivery,Paid,148200.0
PAY0002088,O002088,Wallet,Paid,25200.0
PAY0002089,O002089,Card,Paid,45900.0
PAY0002090,O002090,Card,Paid,79800.0
PAY0002091,O002091,Wallet,Paid,19500.0
PAY0002092,O002092,Bank Transfer,Paid,12350.0
PAY0002093,O002093,Card,Paid,130000.0
PAY0002094,O002094,Cash on Delivery,Paid,73650.0
PAY0002095,O002095,Card,Paid,4500.0
PAY0002096,O002096,Cash on Delivery,Paid,52800.0
PAY0002097,O002097,Wallet,Paid,75600.0
PAY0002098,O002098,Cash on Delivery,Paid,11400.0
PAY0002099,O002099,Wallet,Paid,52000.0
PAY0002100,O002100,Card,Paid,12825.0
PAY0002101,O002101,Cash on Delivery,Paid,4050.0
PAY0002102,O002102,Cash on Delivery,Pending,78300.0
PAY0002103,O002103,Card,Paid,47600.0
PAY0002104,O002104,Bank Transfer,Paid,25500.0
PAY0002105,O002105,Card,Paid,24300.0
PAY0002106,O002106,Bank Transfer,Paid,100000.0
PAY0002107,O002107,Card,Paid,98800.0
PAY0002108,O002108,Wallet,Paid,20500.0
PAY0002109,O002109,Bank Transfer,Paid,4275.0
PAY0002110,O002110,Bank Transfer,Paid,54000.0
PAY0002111,O002111,Cash on Delivery,Paid,56000.0
PAY0002112,O002112,Card,Paid,5525.0
PAY0002113,O002113,Cash on Delivery,Paid,83200.0
PAY0002114,O002114,Cash on Delivery,Paid,53500.0
PAY0002115,O002115,Card,Paid,115200.0
PAY0002116,O002116,Card,Paid,26600.0
PAY0002117,O002117,Cash on Delivery,Paid,48000.0
PAY0002118,O002118,Cash on Delivery,Paid,84000.0
PAY0002119,O002119,Bank Transfer,Paid,12000.0
PAY0002120,O002120,Bank Transfer,Paid,58500.0
PAY0002121,O002121,Cash on Delivery,Paid,4500.0
PAY0002122,O002122,Cash on Delivery,Paid,4500.0
PAY0002123,O002123,Bank Transfer,Paid,11050.0
PAY0002124,O002124,Card,Pending,22950.0
PAY0002125,O002125,Cash on Delivery,Paid,8750.0
PAY0002126,O002126,Card,Paid,72500.0
PAY0002127,O002127,Card,Paid,9000.0
PAY0002128,O002128,Cash on Delivery,Paid,4500.0
PAY0002129,O002129,Card,Paid,27000.0
PAY0002130,O002130,Bank Transfer,Paid,18000.0
PAY0002131,O002131,Bank Transfer,Paid,45000.0
PAY0002132,O002132,Bank Transfer,Paid,6375.0
PAY0002133,O002133,Cash on Delivery,Paid,29650.0
PAY0002134,O002134,Card,Paid,7500.0
PAY0002135,O002135,Card,Paid,113800.0
PAY0002136,O002136,Card,Paid,12000.0
PAY0002137,O002137,Card,Paid,11475.0
PAY0002138,O002138,Cash on Delivery,Paid,49400.0
PAY0002139,O002139,Card,Paid,56000.0
PAY0002140,O002140,Card,Paid,156000.0
PAY0002141,O002141,Card,Paid,198750.0
PAY0002142,O002142,Card,Paid,48750.0
PAY0002143,O002143,Card,Paid,9000.0
PAY0002144,O002144,Card,Failed,184275.0
PAY0002145,O002145,Card,Paid,17100.0
PAY0002146,O002146,Cash on Delivery,Paid,45000.0
PAY0002147,O002147,Cash on Delivery,Paid,25500.0
PAY0002148,O002148,Card,Paid,156000.0
PAY0002149,O002149,Card,Paid,141100.0
PAY0002150,O002150,Cash on Delivery,Paid,130000.0
PAY0002151,O002151,Cash on Delivery,Paid,13500.0
PAY0002152,O002152,Cash on Delivery,Paid,30000.0
PAY0002153,O002153,Card,Paid,24225.0
PAY0002154,O002154,Wallet,Paid,62700.0
PAY0002155,O002155,Card,Pending,30600.0
PAY0002156,O002156,Wallet,Paid,9000.0
PAY0002157,O002157,Cash on Delivery,Paid,45000.0
PAY0002158,O002158,Card,Paid,44200.0
PAY0002159,O002159,Card,Paid,72000.0
PAY0002160,O002160,Card,Paid,163125.0
PAY0002161,O002161,Cash on Delivery,Paid,16150.0
PAY0002162,O002162,Wallet,Paid,8500.0
PAY0002163,O002163,Bank Transfer,Paid,28800.0
PAY0002164,O002164,Wallet,Paid,62250.0
PAY0002165,O002165,Card,Paid,42750.0
PAY0002166,O002166,Card,Paid,8500.0
PAY0002167,O002167,Bank Transfer,Paid,30000.0
PAY0002168,O002168,Card,Paid,25500.0
PAY0002169,O002169,Card,Paid,41800.0
PAY0002170,O002170,Card,Paid,4500.0
PAY0002171,O002171,Card,Paid,20900.0
PAY0002172,O002172,Bank Transfer,Paid,77400.0
PAY0002173,O002173,Card,Paid,45000.0
PAY0002174,O002174,Card,Paid,65000.0
PAY0002175,O002175,Card,Paid,6000.0
PAY0002176,O002176,Cash on Delivery,Paid,65000.0
PAY0002177,O002177,Card,Paid,50400.0
PAY0002178,O002178,Cash on Delivery,Paid,14250.0
PAY0002179,O002179,Cash on Delivery,Paid,7500.0
PAY0002180,O002180,Card,Paid,25400.0
PAY0002181,O002181,Bank Transfer,Paid,8100.0
PAY0002182,O002182,Card,Paid,45000.0
PAY0002183,O002183,Cash on Delivery,Pending,66000.0
PAY0002184,O002184,Bank Transfer,Paid,16150.0
PAY0002185,O002185,Card,Paid,26600.0
PAY0002186,O002186,Cash on Delivery,Paid,5850.0
PAY0002187,O002187,Card,Paid,12350.0
PAY0002188,O002188,Cash on Delivery,Paid,115700.0
PAY0002189,O002189,Cash on Delivery,Paid,59400.0
PAY0002190,O002190,Card,Paid,27000.0
PAY0002191,O002191,Cash on Delivery,Pending,51300.0
PAY0002192,O002192,Card,Pending,105650.0
PAY0002193,O002193,Card,Paid,26700.0
PAY0002194,O002194,Card,Paid,54400.0
PAY0002195,O002195,Card,Paid,19500.0
PAY0002196,O002196,Card,Paid,27000.0
PAY0002197,O002197,Card,Paid,17550.0
PAY0002198,O002198,Bank Transfer,Paid,26600.0
PAY0002199,O002199,Bank Transfer,Paid,104000.0
PAY0002200,O002200,Wallet,Paid,45000.0
PAY0002201,O002201,Wallet,Paid,22700.0
PAY0002202,O002202,Cash on Delivery,Paid,123500.0
PAY0002203,O002203,Cash on Delivery,Paid,185250.0
PAY0002204,O002204,Card,Paid,12000.0
PAY0002205,O002205,Bank Transfer,Paid,19800.0
PAY0002206,O002206,Card,Paid,8550.0
PAY0002207,O002207,Bank Transfer,Pending,44000.0
PAY0002208,O002208,Bank Transfer,Paid,197250.0
PAY0002209,O002209,Wallet,Paid,79800.0
PAY0002210,O002210,Card,Paid,79200.0
PAY0002211,O002211,Card,Pending,8500.0
PAY0002212,O002212,Cash on Delivery,Paid,22950.0
PAY0002213,O002213,Bank Transfer,Paid,19500.0
PAY0002214,O002214,Bank Transfer,Paid,43200.0
PAY0002215,O002215,Card,Paid,6750.0
PAY0002216,O002216,Bank Transfer,Paid,40500.0
PAY0002217,O002217,Card,Paid,21600.0
PAY0002218,O002218,Bank Transfer,Paid,9000.0
PAY0002219,O002219,Bank Transfer,Paid,8075.0
PAY0002220,O002220,Wallet,Paid,17000.0
PAY0002221,O002221,Bank Transfer,Paid,26175.0
PAY0002222,O002222,Bank Transfer,Paid,52200.0
PAY0002223,O002223,Cash on Delivery,Paid,18700.0
PAY0002224,O002224,Cash on Delivery,Paid,6750.0
PAY0002225,O002225,Cash on Delivery,Paid,8500.0
PAY0002226,O002226,Cash on Delivery,Paid,16150.0
PAY0002227,O002227,Card,Paid,104000.0
PAY0002228,O002228,Card,Paid,72000.0
PAY0002229,O002229,Card,Paid,61200.0
PAY0002230,O002230,Cash on Delivery,Paid,63400.0
PAY0002231,O002231,Cash on Delivery,Paid,84600.0
PAY0002232,O002232,Card,Paid,7125.0
PAY0002233,O002233,Bank Transfer,Paid,24000.0
PAY0002234,O002234,Bank Transfer,Paid,62700.0
PAY0002235,O002235,Card,Paid,62700.0
PAY0002236,O002236,Bank Transfer,Paid,65000.0
PAY0002237,O002237,Card,Paid,61300.0
PAY0002238,O002238,Cash on Delivery,Paid,70250.0
PAY0002239,O002239,Bank Transfer,Paid,233850.0
PAY0002240,O002240,Card,Paid,40800.0
PAY0002241,O002241,Wallet,Paid,15600.0
PAY0002242,O002242,Bank Transfer,Paid,30000.0
PAY0002243,O002243,Wallet,Paid,59400.0
PAY0002244,O002244,Card,Paid,156000.0
PAY0002245,O002245,Card,Paid,37400.0
PAY0002246,O002246,Cash on Delivery,Pending,17800.0
PAY0002247,O002247,Cash on Delivery,Paid,44000.0
PAY0002248,O002248,Bank Transfer,Paid,52000.0
PAY0002249,O002249,Cash on Delivery,Paid,62700.0
PAY0002250,O002250,Card,Paid,30000.0
PAY0002251,O002251,Cash on Delivery,Paid,16250.0
PAY0002252,O002252,Cash on Delivery,Paid,12150.0
PAY0002253,O002253,Card,Paid,-20400.0
PAY0002254,O002254,Cash on Delivery,Paid,26600.0
PAY0002255,O002255,Cash on Delivery,Paid,44200.0
PAY0002256,O002256,Cash on Delivery,Paid,12750.0
PAY0002257,O002257,Card,Paid,90225.0
PAY0002258,O002258,Card,Paid,154225.0
PAY0002259,O002259,Cash on Delivery,Paid,66925.0
PAY0002260,O002260,Card,Failed,45000.0
PAY0002261,O002261,Bank Transfer,Paid,17100.0
PAY0002262,O002262,Card,Paid,9000.0
PAY0002263,O002263,Bank Transfer,Paid,89400.0
PAY0002264,O002264,Card,Paid,13500.0
PAY0002265,O002265,Cash on Delivery,Paid,24000.0
PAY0002266,O002266,Card,Paid,13500.0
PAY0002267,O002267,Cash on Delivery,Paid,23800.0
PAY0002268,O002268,Cash on Delivery,Paid,20400.0
PAY0002269,O002269,Cash on Delivery,Paid,130000.0
PAY0002270,O002270,Card,Paid,28000.0
PAY0002271,O002271,Wallet,Paid,33200.0
PAY0002272,O002272,Card,Paid,130000.0
PAY0002273,O002273,Bank Transfer,Paid,40800.0
PAY0002274,O002274,Bank Transfer,Paid,30000.0
PAY0002275,O002275,Bank Transfer,Paid,9000.0
PAY0002276,O002276,Bank Transfer,Paid,54000.0
PAY0002277,O002277,Card,Failed,48050.0
PAY0002278,O002278,Wallet,Paid,9000.0
PAY0002279,O002279,Card,Paid,45600.0
PAY0002280,O002280,Cash on Delivery,Paid,13975.0
PAY0002281,O002281,Card,Paid,229200.0
PAY0002282,O002282,Card,Paid,195000.0
PAY0002283,O002283,Bank Transfer,Paid,97000.0
PAY0002284,O002284,Wallet,Paid,48000.0
PAY0002285,O002285,Card,Paid,36775.0
PAY0002286,O002286,Cash on Delivery,Paid,31950.0
PAY0002287,O002287,Bank Transfer,Paid,66000.0
PAY0002288,O002288,Cash on Delivery,Paid,8075.0
PAY0002289,O002289,Bank Transfer,Paid,14400.0
PAY0002290,O002290,Card,Paid,175500.0
PAY0002291,O002291,Card,Failed,65000.0
PAY0002292,O002292,Cash on Delivery,Paid,54000.0
PAY0002293,O002293,Cash on Delivery,Paid,43200.0
PAY0002294,O002294,Bank Transfer,Paid,19500.0
PAY0002295,O002295,Card,Paid,66000.0
PAY0002296,O002296,Card,Paid,66000.0
PAY0002297,O002297,Card,Paid,24000.0
PAY0002298,O002298,Cash on Delivery,Paid,24225.0
PAY0002299,O002299,Card,Paid,163125.0
PAY0002300,O002300,Card,Paid,32400.0
PAY0002301,O002301,Bank Transfer,Paid,107350.0
PAY0002302,O002302,Bank Transfer,Paid,66050.0
PAY0002303,O002303,Bank Transfer,Pending,156000.0
PAY0002304,O002304,Card,Paid,29500.0
PAY0002305,O002305,Card,Paid,17000.0
PAY0002306,O002306,Cash on Delivery,Paid,38900.0
PAY0002307,O002307,Card,Pending,15000.0
PAY0002308,O002308,Wallet,Paid,58500.0
PAY0002309,O002309,Wallet,Pending,12350.0
PAY0002310,O002310,Cash on Delivery,Paid,23800.0
PAY0002311,O002311,Wallet,Paid,13500.0
PAY0002312,O002312,Wallet,Paid,132600.0
PAY0002313,O002313,Cash on Delivery,Paid,17000.0
PAY0002314,O002314,Card,Paid,28000.0
PAY0002315,O002315,Card,Paid,45000.0
PAY0002316,O002316,Card,Paid,8500.0
PAY0002317,O002317,Bank Transfer,Paid,13500.0
PAY0002318,O002318,Cash on Delivery,Paid,28500.0
PAY0002319,O002319,Bank Transfer,Paid,-4275.0
PAY0002320,O002320,Cash on Delivery,Paid,7225.0
PAY0002321,O002321,Bank Transfer,Pending,27000.0
PAY0002322,O002322,Card,Paid,45000.0
PAY0002323,O002323,Cash on Delivery,Paid,20900.0
PAY0002324,O002324,Card,Paid,152800.0
PAY0002325,O002325,Cash on Delivery,Paid,61750.0
PAY0002326,O002326,Cash on Delivery,Paid,24000.0
PAY0002327,O002327,Card,Paid,2500.0
PAY0002328,O002328,Cash on Delivery,Paid,195000.0
PAY0002329,O002329,Card,Paid,77025.0
PAY0002330,O002330,Bank Transfer,Paid,18525.0
PAY0002331,O002331,Cash on Delivery,Paid,195000.0
PAY0002332,O002332,Cash on Delivery,Paid,13500.0
PAY0002333,O002333,Cash on Delivery,Paid,62700.0
PAY0002334,O002334,Card,Paid,5525.0
PAY0002335,O002335,Cash on Delivery,Paid,4275.0
PAY0002336,O002336,Card,Paid,93600.0
PAY0002337,O002337,Wallet,Paid,12750.0
PAY0002338,O002338,Bank Transfer,Paid,13000.0
PAY0002339,O002339,Bank Transfer,Paid,21600.0
PAY0002340,O002340,Cash on Delivery,Paid,32550.0
PAY0002341,O002341,Card,Paid,5850.0
PAY0002342,O002342,Cash on Delivery,Paid,8500.0
PAY0002343,O002343,Cash on Delivery,Paid,66000.0
PAY0002344,O002344,Cash on Delivery,Paid,36000.0
PAY0002345,O002345,Cash on Delivery,Paid,36000.0
PAY0002346,O002346,Cash on Delivery,Paid,40500.0
PAY0002347,O002347,Cash on Delivery,Paid,105925.0
PAY0002348,O002348,Cash on Delivery,Paid,36000.0
PAY0002349,O002349,Card,Paid,25500.0
PAY0002350,O002350,Cash on Delivery,Paid,25200.0
PAY0002351,O002351,Cash on Delivery,Paid,39600.0
PAY0002352,O002352,Cash on Delivery,Paid,56000.0
PAY0002353,O002353,Card,Paid,165750.0
PAY0002354,O002354,Wallet,Paid,98800.0
PAY0002355,O002355,Bank Transfer,Paid,75600.0
PAY0002356,O002356,Card,Paid,22800.0
PAY0002357,O002357,Bank Transfer,Paid,15000.0
PAY0002358,O002358,Bank Transfer,Paid,15300.0
PAY0002359,O002359,Bank Transfer,Paid,34200.0
PAY0002360,O002360,Wallet,Paid,25200.0
PAY0002361,O002361,Cash on Delivery,Paid,2250.0
PAY0002362,O002362,Card,Paid,4500.0
PAY0002363,O002363,Card,Paid,15000.0
PAY0002364,O002364,Card,Paid,38800.0
PAY0002365,O002365,Card,Paid,59400.0
PAY0002366,O002366,Card,Paid,82200.0
PAY0002367,O002367,Card,Paid,75600.0
PAY0002368,O002368,Cash on Delivery,Paid,17000.0
PAY0002369,O002369,Card,Paid,19800.0
PAY0002370,O002370,Card,Paid,15300.0
PAY0002371,O002371,Cash on Delivery,Paid,61100.0
PAY0002372,O002372,Cash on Delivery,Paid,27000.0
PAY0002373,O002373,Cash on Delivery,Paid,56100.0
PAY0002374,O002374,Card,Paid,19500.0
PAY0002375,O002375,Bank Transfer,Paid,45600.0
PAY0002376,O002376,Card,Paid,6500.0
PAY0002377,O002377,Cash on Delivery,Paid,38375.0
PAY0002378,O002378,Card,Paid,17000.0
PAY0002379,O002379,Bank Transfer,Paid,4050.0
PAY0002380,O002380,Card,Paid,26600.0
PAY0002381,O002381,Wallet,Paid,36000.0
PAY0002382,O002382,Card,Paid,60500.0
PAY0002383,O002383,Cash on Delivery,Paid,44950.0
PAY0002384,O002384,Cash on Delivery,Paid,56000.0
PAY0002385,O002385,Cash on Delivery,Paid,59400.0
PAY0002386,O002386,Bank Transfer,Failed,72600.0
PAY0002387,O002387,Cash on Delivery,Paid,18000.0
PAY0002388,O002388,Cash on Delivery,Paid,185250.0
PAY0002389,O002389,Bank Transfer,Paid,123500.0
PAY0002390,O002390,Card,Paid,11050.0
PAY0002391,O002391,Cash on Delivery,Paid,59400.0
PAY0002392,O002392,Card,Paid,22950.0
PAY0002393,O002393,Bank Transfer,Paid,8500.0
PAY0002394,O002394,Bank Transfer,Paid,9000.0
PAY0002395,O002395,Cash on Delivery,Paid,29125.0
PAY0002396,O002396,Card,Paid,24000.0
PAY0002397,O002397,Bank Transfer,Paid,174200.0
PAY0002398,O002398,Bank Transfer,Paid,130000.0
PAY0002399,O002399,Card,Paid,8100.0
PAY0002400,O002400,Card,Paid,64800.0
PAY0002401,O002401,Card,Paid,79800.0
PAY0002402,O002402,Card,Paid,24225.0
PAY0002403,O002403,Card,Paid,65000.0
PAY0002404,O002404,Cash on Delivery,Paid,75600.0
PAY0002405,O002405,Card,Paid,54000.0
PAY0002406,O002406,Bank Transfer,Paid,98800.0
PAY0002407,O002407,Card,Paid,24000.0
PAY0002408,O002408,Cash on Delivery,Paid,16150.0
PAY0002409,O002409,Card,Pending,12750.0
PAY0002410,O002410,Card,Paid,12350.0
PAY0002411,O002411,Card,Paid,21600.0
PAY0002412,O002412,Cash on Delivery,Paid,40750.0
PAY0002413,O002413,Cash on Delivery,Paid,50400.0
PAY0002414,O002414,Cash on Delivery,Paid,7650.0
PAY0002415,O002415,Cash on Delivery,Paid,56025.0
PAY0002416,O002416,Cash on Delivery,Paid,53200.0
PAY0002417,O002417,Wallet,Paid,32700.0
PAY0002418,O002418,Card,Paid,38250.0
PAY0002419,O002419,Card,Pending,24000.0
PAY0002420,O002420,Cash on Delivery,Failed,19500.0
PAY0002421,O002421,Bank Transfer,Paid,24000.0
PAY0002422,O002422,Bank Transfer,Paid,27000.0
PAY0002423,O002423,Bank Transfer,Paid,11400.0
PAY0002424,O002424,Card,Paid,16200.0
PAY0002425,O002425,Bank Transfer,Paid,30000.0
PAY0002426,O002426,Card,Paid,113000.0
PAY0002427,O002427,Card,Paid,18000.0
PAY0002428,O002428,Card,Paid,53200.0
PAY0002429,O002429,Wallet,Paid,22800.0
PAY0002430,O002430,Cash on Delivery,Paid,41800.0
PAY0002431,O002431,Card,Paid,7650.0
PAY0002432,O002432,Card,Paid,12000.0
PAY0002433,O002433,Bank Transfer,Paid,12150.0
PAY0002434,O002434,Cash on Delivery,Paid,62700.0
PAY0002435,O002435,Card,Paid,84000.0
PAY0002436,O002436,Wallet,Paid,32400.0
PAY0002437,O002437,Cash on Delivery,Paid,12000.0
PAY0002438,O002438,Cash on Delivery,Paid,13500.0
PAY0002439,O002439,Cash on Delivery,Paid,5850.0
PAY0002440,O002440,Bank Transfer,Paid,34200.0
PAY0002441,O002441,Card,Paid,103200.0
PAY0002442,O002442,Card,Paid,32400.0
PAY0002443,O002443,Cash on Delivery,Paid,40500.0
PAY0002444,O002444,Cash on Delivery,Paid,98800.0
PAY0002445,O002445,Bank Transfer,Paid,54000.0
PAY0002446,O002446,Wallet,Paid,15000.0
PAY0002447,O002447,Cash on Delivery,Paid,39600.0
PAY0002448,O002448,Cash on Delivery,Paid,18000.0
PAY0002449,O002449,Cash on Delivery,Paid,27000.0
PAY0002450,O002450,Card,Paid,22000.0
PAY0002451,O002451,Card,Paid,104000.0
PAY0002452,O002452,Cash on Delivery,Paid,19500.0
PAY0002453,O002453,Cash on Delivery,Paid,11475.0
PAY0002454,O002454,Bank Transfer,Paid,228000.0
PAY0002455,O002455,Card,Paid,14250.0
PAY0002456,O002456,Cash on Delivery,Paid,111600.0
PAY0002457,O002457,Bank Transfer,Paid,11050.0
PAY0002458,O002458,Cash on Delivery,Paid,36000.0
PAY0002459,O002459,Card,Paid,11475.0
PAY0002460,O002460,Cash on Delivery,Paid,-2500.0
PAY0002461,O002461,Bank Transfer,Paid,24225.0
PAY0002462,O002462,Card,Paid,19800.0
PAY0002463,O002463,Cash on Delivery,Paid,11050.0
PAY0002464,O002464,Cash on Delivery,Pending,21600.0
PAY0002465,O002465,Card,Paid,37200.0
PAY0002466,O002466,Cash on Delivery,Paid,22800.0
PAY0002467,O002467,Cash on Delivery,Paid,4500.0
PAY0002468,O002468,Cash on Delivery,Paid,2375.0
PAY0002469,O002469,Bank Transfer,Paid,2250.0
PAY0002470,O002470,Card,Paid,34200.0
PAY0002471,O002471,Card,Paid,57375.0
PAY0002472,O002472,Cash on Delivery,Paid,16150.0
PAY0002473,O002473,Card,Paid,36000.0
PAY0002474,O002474,Cash on Delivery,Paid,195000.0
PAY0002475,O002475,Cash on Delivery,Paid,4500.0
PAY0002476,O002476,Card,Paid,51300.0
PAY0002477,O002477,Wallet,Paid,24000.0
PAY0002478,O002478,Cash on Delivery,Pending,111600.0
PAY0002479,O002479,Wallet,Paid,33675.0
PAY0002480,O002480,Card,Paid,49400.0
PAY0002481,O002481,Wallet,Paid,37500.0
PAY0002482,O002482,Cash on Delivery,Paid,4500.0
PAY0002483,O002483,Wallet,Paid,31700.0
PAY0002484,O002484,Cash on Delivery,Pending,19500.0
PAY0002485,O002485,Wallet,Paid,156000.0
PAY0002486,O002486,Card,Paid,43200.0
PAY0002487,O002487,Cash on Delivery,Paid,49500.0
PAY0002488,O002488,Card,Paid,26600.0
PAY0002489,O002489,Cash on Delivery,Paid,123500.0
PAY0002490,O002490,Card,Paid,45000.0
PAY0002491,O002491,Bank Transfer,Paid,19800.0
PAY0002492,O002492,Cash on Delivery,Paid,66000.0
PAY0002493,O002493,Cash on Delivery,Paid,24225.0
PAY0002494,O002494,Wallet,Paid,19325.0
PAY0002495,O002495,Bank Transfer,Paid,9000.0
PAY0002496,O002496,Wallet,Paid,79800.0
PAY0002497,O002497,Card,Pending,22800.0
PAY0002498,O002498,Bank Transfer,Paid,36000.0
PAY0002499,O002499,Cash on Delivery,Paid,22950.0
PAY0002500,O002500,Bank Transfer,Paid,8100.0
PAY0002501,O002501,Cash on Delivery,Paid,42750.0
PAY0002502,O002502,Cash on Delivery,Pending,106000.0
PAY0002503,O002503,Card,Paid,84000.0
PAY0002504,O002504,Card,Paid,14450.0
PAY0002505,O002505,Cash on Delivery,Paid,48600.0
PAY0002506,O002506,Card,Paid,68400.0
PAY0002507,O002507,Cash on Delivery,Paid,19500.0
PAY0002508,O002508,Card,Paid,145350.0
PAY0002509,O002509,Card,Paid,17550.0
PAY0002510,O002510,Card,Paid,17000.0
PAY0002511,O002511,Card,Pending,19350.0
PAY0002512,O002512,Card,Paid,16150.0
PAY0002513,O002513,Bank Transfer,Paid,15000.0
PAY0002514,O002514,Card,Paid,34200.0
PAY0002515,O002515,Card,Paid,4500.0
PAY0002516,O002516,Card,Paid,50400.0
PAY0002517,O002517,Bank Transfer,Paid,21600.0
PAY0002518,O002518,Card,Paid,28050.0
PAY0002519,O002519,Bank Transfer,Paid,5850.0
PAY0002520,O002520,Bank Transfer,Paid,9000.0
PAY0002521,O002521,Card,Paid,195000.0
PAY0002522,O002522,Wallet,Paid,27000.0
PAY0002523,O002523,Cash on Delivery,Paid,21600.0
PAY0002524,O002524,Bank Transfer,Paid,54500.0
PAY0002525,O002525,Card,Paid,20400.0
PAY0002526,O002526,Cash on Delivery,Paid,48000.0
PAY0002527,O002527,Cash on Delivery,Paid,43200.0
PAY0002528,O002528,Card,Paid,12350.0
PAY0002529,O002529,Bank Transfer,Failed,50850.0
PAY0002530,O002530,Bank Transfer,Paid,66000.0
PAY0002531,O002531,Cash on Delivery,Paid,8100.0
PAY0002532,O002532,Bank Transfer,Paid,19500.0
PAY0002533,O002533,Card,Paid,7500.0
PAY0002534,O002534,Cash on Delivery,Paid,17000.0
PAY0002535,O002535,Card,Paid,45600.0
PAY0002536,O002536,Wallet,Paid,20400.0
PAY0002537,O002537,Cash on Delivery,Paid,97000.0
PAY0002538,O002538,Bank Transfer,Paid,30900.0
PAY0002539,O002539,Card,Paid,98800.0
PAY0002540,O002540,Card,Failed,17100.0
PAY0002541,O002541,Bank Transfer,Paid,165750.0
PAY0002542,O002542,Card,Paid,32850.0
PAY0002543,O002543,Card,Paid,70800.0
PAY0002544,O002544,Cash on Delivery,Paid,19200.0
PAY0002545,O002545,Card,Paid,7200.0
PAY0002546,O002546,Cash on Delivery,Paid,24000.0
PAY0002547,O002547,Bank Transfer,Paid,97000.0
PAY0002548,O002548,Cash on Delivery,Paid,36000.0
PAY0002549,O002549,Cash on Delivery,Paid,26550.0
PAY0002550,O002550,Card,Paid,48000.0
PAY0002551,O002551,Card,Paid,50400.0
PAY0002552,O002552,Card,Paid,13000.0
PAY0002553,O002553,Bank Transfer,Paid,17425.0
PAY0002554,O002554,Card,Paid,17550.0
PAY0002555,O002555,Bank Transfer,Paid,48600.0
PAY0002556,O002556,Card,Paid,44000.0
PAY0002557,O002557,Wallet,Paid,40500.0
PAY0002558,O002558,Card,Paid,13500.0
PAY0002559,O002559,Bank Transfer,Paid,34200.0
PAY0002560,O002560,Bank Transfer,Paid,11050.0
PAY0002561,O002561,Card,Paid,12350.0
PAY0002562,O002562,Wallet,Paid,44000.0
PAY0002563,O002563,Card,Paid,11400.0
PAY0002564,O002564,Card,Paid,19800.0
PAY0002565,O002565,Wallet,Paid,11700.0
PAY0002566,O002566,Card,Paid,110500.0
PAY0002567,O002567,Card,Paid,93400.0
PAY0002568,O002568,Card,Paid,21675.0
PAY0002569,O002569,Wallet,Paid,8500.0
PAY0002570,O002570,Bank Transfer,Paid,13500.0
PAY0002571,O002571,Card,Paid,7200.0
PAY0002572,O002572,Card,Pending,23800.0
PAY0002573,O002573,Cash on Delivery,Paid,26600.0
PAY0002574,O002574,Bank Transfer,Paid,9000.0
PAY0002575,O002575,Card,Paid,72000.0
PAY0002576,O002576,Card,Paid,4750.0
PAY0002577,O002577,Bank Transfer,Paid,13500.0
PAY0002578,O002578,Card,Paid,79800.0
PAY0002579,O002579,Cash on Delivery,Paid,4275.0
PAY0002580,O002580,Cash on Delivery,Paid,19550.0
PAY0002581,O002581,Cash on Delivery,Paid,28500.0
PAY0002582,O002582,Cash on Delivery,Paid,79800.0
PAY0002583,O002583,Bank Transfer,Paid,18000.0
PAY0002584,O002584,Cash on Delivery,Paid,14450.0
PAY0002585,O002585,Bank Transfer,Paid,4500.0
PAY0002586,O002586,Cash on Delivery,Paid,16150.0
PAY0002587,O002587,Cash on Delivery,Paid,13500.0
PAY0002588,O002588,Cash on Delivery,Paid,18000.0
PAY0002589,O002589,Cash on Delivery,Paid,41800.0
PAY0002590,O002590,Card,Paid,17000.0
PAY0002591,O002591,Cash on Delivery,Paid,87950.0
PAY0002592,O002592,Wallet,Paid,201000.0
PAY0002593,O002593,Cash on Delivery,Paid,15325.0
PAY0002594,O002594,Bank Transfer,Paid,36000.0
PAY0002595,O002595,Cash on Delivery,Paid,175500.0
PAY0002596,O002596,Cash on Delivery,Paid,257700.0
PAY0002597,O002597,Card,Paid,17000.0
PAY0002598,O002598,Card,Paid,25500.0
PAY0002599,O002599,Card,Paid,56000.0
PAY0002600,O002600,Bank Transfer,Paid,51300.0
PAY0002601,O002601,Card,Paid,22800.0
PAY0002602,O002602,Cash on Delivery,Paid,88500.0
PAY0002603,O002603,Cash on Delivery,Paid,8500.0
PAY0002604,O002604,Card,Paid,118800.0
PAY0002605,O002605,Card,Paid,44500.0
PAY0002606,O002606,Wallet,Paid,15300.0
PAY0002607,O002607,Card,Paid,58500.0
PAY0002608,O002608,Card,Paid,28000.0
PAY0002609,O002609,Card,Paid,15300.0
PAY0002610,O002610,Card,Paid,36000.0
PAY0002611,O002611,Bank Transfer,Paid,29650.0
PAY0002612,O002612,Bank Transfer,Paid,185250.0
PAY0002613,O002613,Card,Paid,9000.0
PAY0002614,O002614,Cash on Delivery,Paid,7225.0
PAY0002615,O002615,Cash on Delivery,Paid,114775.0
PAY0002616,O002616,Card,Paid,36000.0
PAY0002617,O002617,Card,Paid,28000.0
PAY0002618,O002618,Cash on Delivery,Paid,44100.0
PAY0002619,O002619,Cash on Delivery,Paid,18525.0
PAY0002620,O002620,Wallet,Failed,18950.0
PAY0002621,O002621,Cash on Delivery,Paid,37000.0
PAY0002622,O002622,Card,Paid,96900.0
PAY0002623,O002623,Cash on Delivery,Paid,4500.0
PAY0002624,O002624,Card,Paid,126400.0
PAY0002625,O002625,Card,Paid,2500.0
PAY0002626,O002626,Card,Paid,87750.0
PAY0002627,O002627,Card,Failed,16200.0
PAY0002628,O002628,Cash on Delivery,Paid,22000.0
PAY0002629,O002629,Card,Paid,41300.0
PAY0002630,O002630,Bank Transfer,Paid,108000.0
PAY0002631,O002631,Card,Paid,74250.0
PAY0002632,O002632,Cash on Delivery,Paid,7500.0
PAY0002633,O002633,Cash on Delivery,Paid,6500.0
PAY0002634,O002634,Wallet,Paid,55250.0
PAY0002635,O002635,Cash on Delivery,Paid,24000.0
PAY0002636,O002636,Bank Transfer,Failed,14450.0
PAY0002637,O002637,Card,Paid,24000.0
PAY0002638,O002638,Card,Paid,9000.0
PAY0002639,O002639,Card,Paid,22800.0
PAY0002640,O002640,Cash on Delivery,Paid,6500.0
PAY0002641,O002641,Card,Paid,156000.0
PAY0002642,O002642,Card,Paid,93000.0
PAY0002643,O002643,Card,Paid,66000.0
PAY0002644,O002644,Cash on Delivery,Paid,52550.0
PAY0002645,O002645,Card,Paid,28000.0
PAY0002646,O002646,Bank Transfer,Pending,41325.0
PAY0002647,O002647,Cash on Delivery,Paid,25500.0
PAY0002648,O002648,Wallet,Paid,56000.0
PAY0002649,O002649,Wallet,Paid,78300.0
PAY0002650,O002650,Card,Paid,11400.0
PAY0002651,O002651,Card,Paid,4250.0
PAY0002652,O002652,Card,Paid,18000.0
PAY0002653,O002653,Bank Transfer,Paid,30675.0
PAY0002654,O002654,Card,Paid,32400.0
PAY0002655,O002655,Card,Paid,12775.0
PAY0002656,O002656,Card,Paid,28500.0
PAY0002657,O002657,Cash on Delivery,Paid,10800.0
PAY0002658,O002658,Card,Paid,31575.0
PAY0002659,O002659,Bank Transfer,Paid,167050.0
PAY0002660,O002660,Cash on Delivery,Paid,32525.0
PAY0002661,O002661,Wallet,Paid,5850.0
PAY0002662,O002662,Wallet,Paid,24000.0
PAY0002663,O002663,Bank Transfer,Paid,36000.0
PAY0002664,O002664,Card,Pending,4275.0
PAY0002665,O002665,Card,Paid,63300.0
PAY0002666,O002666,Card,Paid,56500.0
PAY0002667,O002667,Cash on Delivery,Paid,66000.0
PAY0002668,O002668,Card,Paid,40800.0
PAY0002669,O002669,Card,Paid,30600.0
PAY0002670,O002670,Card,Paid,12000.0
PAY0002671,O002671,Card,Paid,32400.0
PAY0002672,O002672,Card,Paid,130000.0
PAY0002673,O002673,Card,Paid,83000.0
PAY0002674,O002674,Card,Paid,64800.0
PAY0002675,O002675,Wallet,Paid,46800.0
PAY0002676,O002676,Cash on Delivery,Paid,45600.0
PAY0002677,O002677,Card,Paid,123500.0
PAY0002678,O002678,Bank Transfer,Paid,4050.0
PAY0002679,O002679,Cash on Delivery,Paid,122000.0
PAY0002680,O002680,Cash on Delivery,Paid,10400.0
PAY0002681,O002681,Bank Transfer,Paid,25500.0
PAY0002682,O002682,Card,Paid,95200.0
PAY0002683,O002683,Bank Transfer,Paid,32400.0
PAY0002684,O002684,Card,Paid,13600.0
PAY0002685,O002685,Card,Paid,59300.0
PAY0002686,O002686,Cash on Delivery,Paid,24000.0
PAY0002687,O002687,Bank Transfer,Paid,27275.0
PAY0002688,O002688,Bank Transfer,Paid,32400.0
PAY0002689,O002689,Wallet,Paid,36000.0
PAY0002690,O002690,Card,Pending,72000.0
PAY0002691,O002691,Wallet,Paid,18000.0
PAY0002692,O002692,Card,Failed,40500.0
PAY0002693,O002693,Card,Paid,36000.0
PAY0002694,O002694,Cash on Delivery,Paid,58500.0
PAY0002695,O002695,Card,Paid,43450.0
PAY0002696,O002696,Card,Paid,45900.0
PAY0002697,O002697,Cash on Delivery,Paid,4500.0
PAY0002698,O002698,Card,Paid,84000.0
PAY0002699,O002699,Wallet,Paid,25500.0
PAY0002700,O002700,Wallet,Paid,24000.0
PAY0002701,O002701,Wallet,Paid,15300.0
PAY0002702,O002702,Cash on Delivery,Paid,19500.0
PAY0002703,O002703,Card,Paid,35000.0
PAY0002704,O002704,Wallet,Paid,44000.0
PAY0002705,O002705,Card,Paid,12000.0
PAY0002706,O002706,Card,Paid,27000.0
PAY0002707,O002707,Cash on Delivery,Paid,41400.0
PAY0002708,O002708,Cash on Delivery,Paid,4500.0
PAY0002709,O002709,Card,Paid,15500.0
PAY0002710,O002710,Card,Paid,13000.0
PAY0002711,O002711,Card,Paid,36000.0
PAY0002712,O002712,Card,Paid,54000.0
PAY0002713,O002713,Card,Paid,11000.0
PAY0002714,O002714,Wallet,Paid,34200.0
PAY0002715,O002715,Bank Transfer,Paid,68400.0
PAY0002716,O002716,Card,Paid,7125.0
PAY0002717,O002717,Card,Paid,32400.0
PAY0002718,O002718,Wallet,Paid,34200.0
PAY0002719,O002719,Bank Transfer,Paid,51675.0
PAY0002720,O002720,Cash on Delivery,Paid,25500.0
PAY0002721,O002721,Wallet,Paid,11400.0
PAY0002722,O002722,Wallet,Paid,31920.0
PAY0002723,O002723,Card,Paid,4250.0
PAY0002724,O002724,Cash on Delivery,Paid,71400.0
PAY0002725,O002725,Cash on Delivery,Paid,45000.0
PAY0002726,O002726,Bank Transfer,Paid,74650.0
PAY0002727,O002727,Cash on Delivery,Paid,24000.0
PAY0002728,O002728,Cash on Delivery,Failed,98800.0
PAY0002729,O002729,Card,Paid,8500.0
PAY0002730,O002730,Card,Paid,51300.0
PAY0002731,O002731,Cash on Delivery,Paid,224900.0
PAY0002732,O002732,Card,Paid,22400.0
PAY0002733,O002733,Bank Transfer,Paid,32025.0
PAY0002734,O002734,Cash on Delivery,Paid,18000.0
PAY0002735,O002735,Bank Transfer,Paid,6175.0
PAY0002736,O002736,Bank Transfer,Paid,64800.0
PAY0002737,O002737,Cash on Delivery,Paid,45600.0
PAY0002738,O002738,Cash on Delivery,Paid,45000.0
PAY0002739,O002739,Bank Transfer,Paid,56100.0
PAY0002740,O002740,Card,Paid,4500.0
PAY0002741,O002741,Bank Transfer,Paid,15000.0
PAY0002742,O002742,Wallet,Paid,17550.0
PAY0002743,O002743,Card,Paid,22000.0
PAY0002744,O002744,Cash on Delivery,Paid,17000.0
PAY0002745,O002745,Card,Paid,72000.0
PAY0002746,O002746,Card,Paid,126800.0
PAY0002747,O002747,Bank Transfer,Paid,62700.0
PAY0002748,O002748,Card,Pending,13500.0
PAY0002749,O002749,Card,Paid,7650.0
PAY0002750,O002750,Card,Paid,50400.0
PAY0002751,O002751,Bank Transfer,Paid,12350.0
PAY0002752,O002752,Card,Paid,8500.0
PAY0002753,O002753,Cash on Delivery,Paid,185250.0
PAY0002754,O002754,Bank Transfer,Paid,55250.0
PAY0002755,O002755,Cash on Delivery,Paid,36000.0
PAY0002756,O002756,Wallet,Paid,134500.0
PAY0002757,O002757,Bank Transfer,Paid,120150.0
PAY0002758,O002758,Card,Paid,66000.0
PAY0002759,O002759,Bank Transfer,Paid,64800.0
PAY0002760,O002760,Cash on Delivery,Paid,56100.0
PAY0002761,O002761,Wallet,Paid,6175.0
PAY0002762,O002762,Wallet,Paid,140800.0
PAY0002763,O002763,Card,Paid,22800.0
PAY0002764,O002764,Card,Paid,44000.0
PAY0002765,O002765,Cash on Delivery,Paid,56000.0
PAY0002766,O002766,Card,Paid,40475.0
PAY0002767,O002767,Card,Paid,36000.0
PAY0002768,O002768,Wallet,Paid,28000.0
PAY0002769,O002769,Cash on Delivery,Paid,49000.0
PAY0002770,O002770,Card,Paid,120000.0
PAY0002771,O002771,Card,Paid,104000.0
PAY0002772,O002772,Bank Transfer,Paid,68400.0
PAY0002773,O002773,Wallet,Paid,14400.0
PAY0002774,O002774,Wallet,Paid,7125.0
PAY0002775,O002775,Card,Paid,4250.0
PAY0002776,O002776,Card,Paid,25500.0
PAY0002777,O002777,Wallet,Paid,4250.0
PAY0002778,O002778,Wallet,Paid,20400.0
PAY0002779,O002779,Card,Paid,71750.0
PAY0002780,O002780,Card,Paid,19800.0
PAY0002781,O002781,Cash on Delivery,Paid,24000.0
PAY0002782,O002782,Card,Paid,54000.0
PAY0002783,O002783,Cash on Delivery,Pending,10800.0
PAY0002784,O002784,Card,Paid,4500.0
PAY0002785,O002785,Bank Transfer,Paid,34800.0
PAY0002786,O002786,Card,Paid,14450.0
PAY0002787,O002787,Card,Paid,140400.0
PAY0002788,O002788,Card,Paid,45750.0
PAY0002789,O002789,Card,Paid,16150.0
PAY0002790,O002790,Cash on Delivery,Paid,65400.0
PAY0002791,O002791,Card,Paid,12000.0
PAY0002792,O002792,Card,Paid,22000.0
PAY0002793,O002793,Bank Transfer,Paid,67200.0
PAY0002794,O002794,Cash on Delivery,Paid,56000.0
PAY0002795,O002795,Cash on Delivery,Paid,14250.0
PAY0002796,O002796,Card,Paid,22950.0
PAY0002797,O002797,Wallet,Paid,45900.0
PAY0002798,O002798,Wallet,Paid,36000.0
PAY0002799,O002799,Card,Paid,45000.0
PAY0002800,O002800,Bank Transfer,Paid,30600.0
PAY0002801,O002801,Bank Transfer,Paid,93500.0
PAY0002802,O002802,Wallet,Paid,6750.0
PAY0002803,O002803,Bank Transfer,Paid,78750.0
PAY0002804,O002804,Cash on Delivery,Paid,199500.0
PAY0002805,O002805,Card,Paid,105300.0
PAY0002806,O002806,Wallet,Failed,48000.0
PAY0002807,O002807,Card,Paid,13500.0
PAY0002808,O002808,Cash on Delivery,Paid,12350.0
PAY0002809,O002809,Card,Paid,12825.0
PAY0002810,O002810,Card,Paid,20400.0
PAY0002811,O002811,Card,Paid,13500.0
PAY0002812,O002812,Card,Paid,158600.0
PAY0002813,O002813,Card,Paid,3825.0
PAY0002814,O002814,Cash on Delivery,Paid,87250.0
PAY0002815,O002815,Bank Transfer,Paid,95000.0
PAY0002816,O002816,Cash on Delivery,Paid,39600.0
PAY0002817,O002817,Bank Transfer,Paid,22800.0
PAY0002818,O002818,Card,Paid,9275.0
PAY0002819,O002819,Bank Transfer,Paid,71400.0
PAY0002820,O002820,Card,Paid,21600.0
PAY0002821,O002821,Card,Pending,22950.0
PAY0002822,O002822,Cash on Delivery,Paid,80450.0
PAY0002823,O002823,Wallet,Paid,19500.0
PAY0002824,O002824,Card,Paid,9000.0
PAY0002825,O002825,Card,Paid,175500.0
PAY0002826,O002826,Card,Paid,66000.0
PAY0002827,O002827,Cash on Delivery,Paid,2500.0
PAY0002828,O002828,Card,Paid,40500.0
PAY0002829,O002829,Card,Paid,38250.0
PAY0002830,O002830,Cash on Delivery,Paid,16500.0
PAY0002831,O002831,Cash on Delivery,Paid,24450.0
PAY0002832,O002832,Cash on Delivery,Paid,42500.0
PAY0002833,O002833,Bank Transfer,Paid,32400.0
PAY0002834,O002834,Wallet,Paid,104000.0
PAY0002835,O002835,Card,Paid,6750.0
PAY0002836,O002836,Card,Paid,48000.0
PAY0002837,O002837,Wallet,Paid,22000.0
PAY0002838,O002838,Cash on Delivery,Paid,140400.0
PAY0002839,O002839,Card,Paid,15000.0
PAY0002840,O002840,Cash on Delivery,Paid,89200.0
PAY0002841,O002841,Bank Transfer,Paid,42750.0
PAY0002842,O002842,Bank Transfer,Paid,25200.0
PAY0002843,O002843,Card,Paid,21675.0
PAY0002844,O002844,Card,Paid,57000.0
PAY0002845,O002845,Cash on Delivery,Paid,6500.0
PAY0002846,O002846,Card,Paid,21600.0
PAY0002847,O002847,Bank Transfer,Paid,71400.0
PAY0002848,O002848,Card,Paid,23850.0
PAY0002849,O002849,Cash on Delivery,Pending,9600.0
PAY0002850,O002850,Bank Transfer,Paid,2375.0
PAY0002851,O002851,Wallet,Paid,34200.0
PAY0002852,O002852,Cash on Delivery,Paid,4500.0
PAY0002853,O002853,Cash on Delivery,Paid,16575.0
PAY0002854,O002854,Cash on Delivery,Paid,4500.0
PAY0002855,O002855,Bank Transfer,Paid,62700.0
PAY0002856,O002856,Card,Paid,56100.0
PAY0002857,O002857,Cash on Delivery,Paid,47600.0
PAY0002858,O002858,Bank Transfer,Paid,50400.0
PAY0002859,O002859,Wallet,Paid,165750.0
PAY0002860,O002860,Card,Paid,35650.0
PAY0002861,O002861,Wallet,Paid,137650.0
PAY0002862,O002862,Cash on Delivery,Paid,59400.0
PAY0002863,O002863,Card,Paid,8075.0
PAY0002864,O002864,Wallet,Paid,24225.0
PAY0002865,O002865,Card,Pending,40500.0
PAY0002866,O002866,Bank Transfer,Paid,4050.0
PAY0002867,O002867,Cash on Delivery,Pending,64800.0
PAY0002868,O002868,Cash on Delivery,Paid,37400.0
PAY0002869,O002869,Bank Transfer,Paid,4250.0
PAY0002870,O002870,Wallet,Paid,61750.0
PAY0002871,O002871,Bank Transfer,Paid,64800.0
PAY0002872,O002872,Cash on Delivery,Paid,6375.0
PAY0002873,O002873,Cash on Delivery,Paid,56000.0
PAY0002874,O002874,Bank Transfer,Paid,90200.0
PAY0002875,O002875,Card,Paid,80400.0
PAY0002876,O002876,Card,Paid,134500.0
PAY0002877,O002877,Bank Transfer,Paid,17000.0
PAY0002878,O002878,Cash on Delivery,Paid,41800.0
PAY0002879,O002879,Card,Paid,17000.0
PAY0002880,O002880,Bank Transfer,Paid,2500.0
PAY0002881,O002881,Cash on Delivery,Paid,223000.0
PAY0002882,O002882,Bank Transfer,Paid,52000.0
PAY0002883,O002883,Card,Paid,57900.0
PAY0002884,O002884,Bank Transfer,Paid,21675.0
PAY0002885,O002885,Card,Paid,17000.0
PAY0002886,O002886,Card,Pending,34200.0
PAY0002887,O002887,Card,Paid,187200.0
PAY0002888,O002888,Cash on Delivery,Paid,36000.0
PAY0002889,O002889,Card,Pending,12825.0
PAY0002890,O002890,Cash on Delivery,Paid,30000.0
PAY0002891,O002891,Cash on Delivery,Paid,15000.0
PAY0002892,O002892,Cash on Delivery,Paid,24000.0
PAY0002893,O002893,Card,Paid,-22000.0
PAY0002894,O002894,Card,Paid,47600.0
PAY0002895,O002895,Cash on Delivery,Paid,25200.0
PAY0002896,O002896,Cash on Delivery,Paid,71400.0
PAY0002897,O002897,Card,Paid,47600.0
PAY0002898,O002898,Cash on Delivery,Paid,62550.0
PAY0002899,O002899,Card,Paid,32400.0
PAY0002900,O002900,Card,Paid,2250.0
PAY0002901,O002901,Bank Transfer,Paid,48600.0
PAY0002902,O002902,Card,Paid,8500.0
PAY0002903,O002903,Cash on Delivery,Paid,25500.0
PAY0002904,O002904,Card,Paid,7225.0
PAY0002905,O002905,Cash on Delivery,Failed,30000.0
PAY0002906,O002906,Wallet,Paid,7650.0
PAY0002907,O002907,Cash on Delivery,Paid,175500.0
PAY0002908,O002908,Bank Transfer,Paid,158500.0
PAY0002909,O002909,Cash on Delivery,Paid,25500.0
PAY0002910,O002910,Card,Paid,123500.0
PAY0002911,O002911,Cash on Delivery,Paid,13500.0
PAY0002912,O002912,Card,Paid,25950.0
PAY0002913,O002913,Cash on Delivery,Paid,165750.0
PAY0002914,O002914,Card,Paid,40500.0
PAY0002915,O002915,Card,Paid,56000.0
PAY0002916,O002916,Card,Paid,30250.0
PAY0002917,O002917,Card,Paid,18700.0
PAY0002918,O002918,Bank Transfer,Paid,18000.0
PAY0002919,O002919,Bank Transfer,Paid,24225.0
PAY0002920,O002920,Card,Paid,9000.0
PAY0002921,O002921,Bank Transfer,Paid,24000.0
PAY0002922,O002922,Card,Paid,15000.0
PAY0002923,O002923,Card,Paid,20900.0
PAY0002924,O002924,Bank Transfer,Paid,45000.0
PAY0002925,O002925,Card,Paid,40800.0
PAY0002926,O002926,Card,Paid,24000.0
PAY0002927,O002927,Card,Paid,24225.0
PAY0002928,O002928,Cash on Delivery,Paid,53975.0
PAY0002929,O002929,Cash on Delivery,Paid,17100.0
PAY0002930,O002930,Cash on Delivery,Paid,106500.0
PAY0002931,O002931,Card,Paid,15300.0
PAY0002932,O002932,Card,Paid,53600.0
PAY0002933,O002933,Cash on Delivery,Paid,24675.0
PAY0002934,O002934,Bank Transfer,Paid,43200.0
PAY0002935,O002935,Bank Transfer,Paid,30600.0
PAY0002936,O002936,Card,Paid,79875.0
PAY0002937,O002937,Card,Pending,87000.0
PAY0002938,O002938,Card,Paid,28550.0
PAY0002939,O002939,Bank Transfer,Paid,104000.0
PAY0002940,O002940,Wallet,Paid,185250.0
PAY0002941,O002941,Card,Pending,50000.0
PAY0002942,O002942,Cash on Delivery,Paid,52000.0
PAY0002943,O002943,Card,Paid,8500.0
PAY0002944,O002944,Card,Paid,60300.0
PAY0002945,O002945,Cash on Delivery,Paid,20400.0
PAY0002946,O002946,Cash on Delivery,Paid,24000.0
PAY0002947,O002947,Cash on Delivery,Paid,78750.0
PAY0002948,O002948,Cash on Delivery,Paid,156000.0
PAY0002949,O002949,Bank Transfer,Paid,45600.0
PAY0002950,O002950,Card,Paid,40500.0
PAY0002951,O002951,Cash on Delivery,Paid,36000.0
PAY0002952,O002952,Card,Paid,11050.0
PAY0002953,O002953,Card,Paid,175500.0
PAY0002954,O002954,Cash on Delivery,Paid,61200.0
PAY0002955,O002955,Wallet,Paid,165750.0
PAY0002956,O002956,Card,Paid,21600.0
PAY0002957,O002957,Bank Transfer,Paid,14450.0
PAY0002958,O002958,Cash on Delivery,Paid,2500.0
PAY0002959,O002959,Bank Transfer,Paid,12825.0
PAY0002960,O002960,Card,Pending,87300.0
PAY0002961,O002961,Cash on Delivery,Paid,148200.0
PAY0002962,O002962,Cash on Delivery,Pending,45300.0
PAY0002963,O002963,Card,Paid,104000.0
PAY0002964,O002964,Card,Paid,59400.0
PAY0002965,O002965,Cash on Delivery,Paid,195000.0
PAY0002966,O002966,Card,Paid,7125.0
PAY0002967,O002967,Wallet,Paid,8550.0
PAY0002968,O002968,Bank Transfer,Paid,54000.0
PAY0002969,O002969,Card,Paid,93600.0
PAY0002970,O002970,Card,Paid,144000.0
PAY0002971,O002971,Card,Paid,13500.0
PAY0002972,O002972,Cash on Delivery,Paid,28500.0
PAY0002973,O002973,Cash on Delivery,Paid,8100.0
PAY0002974,O002974,Card,Paid,32400.0
PAY0002975,O002975,Card,Paid,15000.0
PAY0002976,O002976,Cash on Delivery,Paid,12825.0
PAY0002977,O002977,Card,Paid,72150.0
PAY0002978,O002978,Card,Paid,18525.0
PAY0002979,O002979,Bank Transfer,Paid,48300.0
PAY0002980,O002980,Wallet,Paid,38250.0
PAY0002981,O002981,Bank Transfer,Paid,21675.0
PAY0002982,O002982,Card,Paid,13500.0
PAY0002983,O002983,Wallet,Paid,18525.0
PAY0002984,O002984,Cash on Delivery,Paid,40800.0
PAY0002985,O002985,Card,Paid,48000.0
PAY0002986,O002986,Bank Transfer,Paid,-19800.0
PAY0002987,O002987,Card,Paid,7125.0
PAY0002988,O002988,Card,Paid,72225.0
PAY0002989,O002989,Bank Transfer,Paid,24225.0
PAY0002990,O002990,Card,Paid,20400.0
PAY0002991,O002991,Cash on Delivery,Paid,148200.0
PAY0002992,O002992,Cash on Delivery,Paid,45000.0
PAY0002993,O002993,Wallet,Paid,98800.0
PAY0002994,O002994,Card,Paid,140400.0
PAY0002995,O002995,Card,Paid,56000.0
PAY0002996,O002996,Cash on Delivery,Paid,42750.0
PAY0002997,O002997,Cash on Delivery,Failed,44000.0
PAY0002998,O002998,Cash on Delivery,Paid,13500.0
PAY0002999,O002999,Bank Transfer,Paid,72000.0
PAY0003000,O003000,Cash on Delivery,Paid,12000.0
PAY0003001,O003001,Bank Transfer,Paid,17000.0
PAY0003002,O003002,Card,Paid,15000.0
PAY0003003,O003003,Bank Transfer,Paid,55250.0
PAY0003004,O003004,Wallet,Paid,8550.0
PAY0003005,O003005,Card,Paid,98800.0
PAY0003006,O003006,Cash on Delivery,Paid,24075.0
PAY0003007,O003007,Cash on Delivery,Paid,79500.0
PAY0003008,O003008,Cash on Delivery,Failed,30600.0
PAY0003009,O003009,Cash on Delivery,Paid,17000.0
PAY0003010,O003010,Bank Transfer,Paid,8500.0
PAY0003011,O003011,Card,Paid,110500.0
PAY0003012,O003012,Wallet,Paid,28100.0
PAY0003013,O003013,Bank Transfer,Paid,12350.0
PAY0003014,O003014,Card,Paid,79700.0
PAY0003015,O003015,Card,Paid,7650.0
PAY0003016,O003016,Bank Transfer,Paid,48000.0
PAY0003017,O003017,Card,Paid,50250.0
PAY0003018,O003018,Cash on Delivery,Paid,52000.0
PAY0003019,O003019,Cash on Delivery,Paid,117000.0
PAY0003020,O003020,Wallet,Paid,61750.0
PAY0003021,O003021,Card,Paid,3600.0
PAY0003022,O003022,Cash on Delivery,Paid,38250.0
PAY0003023,O003023,Wallet,Paid,19500.0
PAY0003024,O003024,Cash on Delivery,Paid,26600.0
PAY0003025,O003025,Card,Paid,52000.0
PAY0003026,O003026,Card,Paid,53100.0
PAY0003027,O003027,Card,Paid,9000.0
PAY0003028,O003028,Card,Paid,52000.0
PAY0003029,O003029,Card,Pending,65000.0
PAY0003030,O003030,Cash on Delivery,Paid,8500.0
PAY0003031,O003031,Cash on Delivery,Paid,7500.0
PAY0003032,O003032,Card,Paid,15000.0
PAY0003033,O003033,Cash on Delivery,Paid,46200.0
PAY0003034,O003034,Cash on Delivery,Paid,62100.0
PAY0003035,O003035,Cash on Delivery,Paid,10200.0
PAY0003036,O003036,Bank Transfer,Paid,34200.0
PAY0003037,O003037,Card,Paid,8075.0
PAY0003038,O003038,Card,Paid,29700.0
PAY0003039,O003039,Cash on Delivery,Paid,19800.0
PAY0003040,O003040,Wallet,Paid,51600.0
PAY0003041,O003041,Cash on Delivery,Paid,53450.0
PAY0003042,O003042,Card,Pending,4750.0
PAY0003043,O003043,Card,Pending,102000.0
PAY0003044,O003044,Cash on Delivery,Paid,84000.0
PAY0003045,O003045,Wallet,Paid,18525.0
PAY0003046,O003046,Cash on Delivery,Paid,8100.0
PAY0003047,O003047,Cash on Delivery,Paid,36550.0
PAY0003048,O003048,Card,Paid,58500.0
PAY0003049,O003049,Card,Paid,20400.0
PAY0003050,O003050,Bank Transfer,Pending,13500.0
PAY0003051,O003051,Card,Paid,44200.0
PAY0003052,O003052,Card,Paid,7500.0
PAY0003053,O003053,Card,Paid,45900.0
PAY0003054,O003054,Bank Transfer,Paid,32400.0
PAY0003055,O003055,Card,Paid,25500.0
PAY0003056,O003056,Card,Paid,50000.0
PAY0003057,O003057,Card,Paid,28000.0
PAY0003058,O003058,Cash on Delivery,Pending,51300.0
PAY0003059,O003059,Card,Paid,62700.0
PAY0003060,O003060,Bank Transfer,Paid,56000.0
PAY0003061,O003061,Cash on Delivery,Paid,62500.0
PAY0003062,O003062,Card,Paid,24000.0
PAY0003063,O003063,Bank Transfer,Paid,32400.0
PAY0003064,O003064,Card,Paid,47600.0
PAY0003065,O003065,Bank Transfer,Paid,7650.0
PAY0003066,O003066,Cash on Delivery,Paid,14875.0
PAY0003067,O003067,Card,Paid,15000.0
PAY0003068,O003068,Card,Paid,24000.0
PAY0003069,O003069,Cash on Delivery,Paid,8500.0
PAY0003070,O003070,Card,Paid,73075.0
PAY0003071,O003071,Cash on Delivery,Paid,24000.0
PAY0003072,O003072,Cash on Delivery,Paid,13000.0
PAY0003073,O003073,Bank Transfer,Paid,84000.0
PAY0003074,O003074,Card,Paid,44000.0
PAY0003075,O003075,Card,Paid,53200.0
PAY0003076,O003076,Cash on Delivery,Paid,67200.0
PAY0003077,O003077,Bank Transfer,Failed,45000.0
PAY0003078,O003078,Card,Paid,22800.0
PAY0003079,O003079,Card,Pending,40500.0
PAY0003080,O003080,Bank Transfer,Pending,40900.0
PAY0003081,O003081,Card,Paid,4050.0
PAY0003082,O003082,Bank Transfer,Paid,48600.0
PAY0003083,O003083,Bank Transfer,Paid,45000.0
PAY0003084,O003084,Card,Paid,15300.0
PAY0003085,O003085,Cash on Delivery,Paid,62400.0
PAY0003086,O003086,Cash on Delivery,Paid,130000.0
PAY0003087,O003087,Bank Transfer,Paid,30000.0
PAY0003088,O003088,Bank Transfer,Paid,17000.0
PAY0003089,O003089,Card,Paid,165750.0
PAY0003090,O003090,Card,Paid,44000.0
PAY0003091,O003091,Card,Paid,28500.0
PAY0003092,O003092,Card,Paid,6175.0
PAY0003093,O003093,Card,Paid,175500.0
PAY0003094,O003094,Bank Transfer,Paid,4500.0
PAY0003095,O003095,Card,Paid,30600.0
PAY0003096,O003096,Card,Paid,8500.0
PAY0003097,O003097,Card,Paid,12150.0
PAY0003098,O003098,Wallet,Paid,24225.0
PAY0003099,O003099,Card,Paid,40800.0
PAY0003100,O003100,Cash on Delivery,Paid,51300.0
PAY0003101,O003101,Bank Transfer,Pending,24000.0
PAY0003102,O003102,Bank Transfer,Paid,56250.0
PAY0003103,O003103,Card,Paid,8500.0
PAY0003104,O003104,Cash on Delivery,Paid,48000.0
PAY0003105,O003105,Card,Paid,52350.0
PAY0003106,O003106,Card,Paid,139250.0
PAY0003107,O003107,Bank Transfer,Paid,52000.0
PAY0003108,O003108,Cash on Delivery,Paid,5850.0
PAY0003109,O003109,Cash on Delivery,Paid,19500.0
PAY0003110,O003110,Cash on Delivery,Paid,20400.0
PAY0003111,O003111,Bank Transfer,Paid,52000.0
PAY0003112,O003112,Wallet,Paid,21600.0
PAY0003113,O003113,Bank Transfer,Paid,25500.0
PAY0003114,O003114,Cash on Delivery,Paid,3825.0
PAY0003115,O003115,Card,Paid,84000.0
PAY0003116,O003116,Cash on Delivery,Paid,11050.0
PAY0003117,O003117,Cash on Delivery,Paid,45900.0
PAY0003118,O003118,Cash on Delivery,Paid,195000.0
PAY0003119,O003119,Cash on Delivery,Paid,13500.0
PAY0003120,O003120,Card,Paid,23800.0
PAY0003121,O003121,Bank Transfer,Paid,16150.0
PAY0003122,O003122,Card,Paid,8075.0
PAY0003123,O003123,Bank Transfer,Paid,54000.0
PAY0003124,O003124,Card,Paid,30000.0
PAY0003125,O003125,Bank Transfer,Paid,44200.0
PAY0003126,O003126,Cash on Delivery,Paid,45600.0
PAY0003127,O003127,Cash on Delivery,Paid,17000.0
PAY0003128,O003128,Card,Paid,54000.0
PAY0003129,O003129,Bank Transfer,Paid,20400.0
PAY0003130,O003130,Card,Paid,55800.0
PAY0003131,O003131,Card,Paid,9000.0
PAY0003132,O003132,Bank Transfer,Paid,20900.0
PAY0003133,O003133,Cash on Delivery,Paid,28300.0
PAY0003134,O003134,Bank Transfer,Paid,44000.0
PAY0003135,O003135,Wallet,Paid,4000.0
PAY0003136,O003136,Card,Paid,65000.0
PAY0003137,O003137,Bank Transfer,Failed,104000.0
PAY0003138,O003138,Card,Paid,137125.0
PAY0003139,O003139,Wallet,Paid,15300.0
PAY0003140,O003140,Cash on Delivery,Paid,18000.0
PAY0003141,O003141,Wallet,Paid,54000.0
PAY0003142,O003142,Cash on Delivery,Paid,72000.0
PAY0003143,O003143,Cash on Delivery,Paid,28000.0
PAY0003144,O003144,Wallet,Paid,7500.0
PAY0003145,O003145,Card,Paid,42750.0
PAY0003146,O003146,Card,Paid,4275.0
PAY0003147,O003147,Bank Transfer,Paid,45000.0
PAY0003148,O003148,Wallet,Pending,39525.0
PAY0003149,O003149,Cash on Delivery,Paid,30600.0
PAY0003150,O003150,Cash on Delivery,Paid,36000.0
PAY0003151,O003151,Card,Pending,45900.0
PAY0003152,O003152,Cash on Delivery,Paid,13500.0
PAY0003153,O003153,Bank Transfer,Paid,14250.0
PAY0003154,O003154,Card,Paid,165750.0
PAY0003155,O003155,Card,Paid,13500.0
PAY0003156,O003156,Card,Paid,28800.0
PAY0003157,O003157,Card,Paid,79800.0
PAY0003158,O003158,Cash on Delivery,Paid,28000.0
PAY0003159,O003159,Card,Paid,7650.0
PAY0003160,O003160,Cash on Delivery,Paid,123500.0
PAY0003161,O003161,Card,Paid,67200.0
PAY0003162,O003162,Bank Transfer,Paid,52000.0
PAY0003163,O003163,Cash on Delivery,Paid,36000.0
PAY0003164,O003164,Cash on Delivery,Paid,66000.0
PAY0003165,O003165,Bank Transfer,Paid,66000.0
PAY0003166,O003166,Card,Failed,79800.0
PAY0003167,O003167,Wallet,Paid,9000.0
PAY0003168,O003168,Card,Pending,17100.0
PAY0003169,O003169,Cash on Delivery,Paid,28000.0
PAY0003170,O003170,Card,Paid,97800.0
PAY0003171,O003171,Wallet,Paid,14450.0
PAY0003172,O003172,Cash on Delivery,Paid,30600.0
PAY0003173,O003173,Card,Paid,88350.0
PAY0003174,O003174,Cash on Delivery,Paid,55250.0
PAY0003175,O003175,Wallet,Paid,47600.0
PAY0003176,O003176,Card,Paid,5000.0
PAY0003177,O003177,Card,Paid,45000.0
PAY0003178,O003178,Card,Paid,12000.0
PAY0003179,O003179,Card,Paid,25500.0
PAY0003180,O003180,Bank Transfer,Paid,72250.0
PAY0003181,O003181,Cash on Delivery,Paid,53725.0
PAY0003182,O003182,Card,Paid,13000.0
PAY0003183,O003183,Bank Transfer,Paid,7500.0
PAY0003184,O003184,Bank Transfer,Paid,26500.0
PAY0003185,O003185,Wallet,Paid,32400.0
PAY0003186,O003186,Card,Failed,8100.0
PAY0003187,O003187,Cash on Delivery,Paid,22800.0
PAY0003188,O003188,Bank Transfer,Paid,5850.0
PAY0003189,O003189,Card,Paid,29550.0
PAY0003190,O003190,Card,Paid,44200.0
PAY0003191,O003191,Wallet,Paid,7225.0
PAY0003192,O003192,Card,Paid,18000.0
PAY0003193,O003193,Bank Transfer,Paid,15000.0
PAY0003194,O003194,Wallet,Paid,8075.0
PAY0003195,O003195,Cash on Delivery,Paid,24225.0
PAY0003196,O003196,Bank Transfer,Paid,32550.0
PAY0003197,O003197,Bank Transfer,Paid,75600.0
PAY0003198,O003198,Bank Transfer,Paid,49400.0
PAY0003199,O003199,Cash on Delivery,Paid,54000.0
PAY0003200,O003200,Card,Paid,55200.0
PAY0003201,O003201,Card,Paid,64800.0
PAY0003202,O003202,Bank Transfer,Paid,195000.0
PAY0003203,O003203,Card,Paid,104000.0
PAY0003204,O003204,Card,Paid,18525.0
PAY0003205,O003205,Cash on Delivery,Paid,2500.0
PAY0003206,O003206,Cash on Delivery,Paid,12150.0
PAY0003207,O003207,Bank Transfer,Paid,56000.0
PAY0003208,O003208,Wallet,Paid,53200.0
PAY0003209,O003209,Card,Paid,8500.0
PAY0003210,O003210,Card,Paid,33600.0
PAY0003211,O003211,Bank Transfer,Paid,10400.0
PAY0003212,O003212,Card,Paid,41800.0
PAY0003213,O003213,Card,Paid,72000.0
PAY0003214,O003214,Card,Paid,56000.0
PAY0003215,O003215,Card,Paid,49400.0
PAY0003216,O003216,Cash on Delivery,Paid,22950.0
PAY0003217,O003217,Card,Paid,25500.0
PAY0003218,O003218,Cash on Delivery,Paid,67200.0
PAY0003219,O003219,Cash on Delivery,Paid,28500.0
PAY0003220,O003220,Card,Paid,192000.0
PAY0003221,O003221,Card,Paid,5000.0
PAY0003222,O003222,Card,Paid,2500.0
PAY0003223,O003223,Bank Transfer,Paid,7800.0
PAY0003224,O003224,Card,Paid,32400.0
PAY0003225,O003225,Bank Transfer,Paid,89750.0
PAY0003226,O003226,Bank Transfer,Paid,155500.0
PAY0003227,O003227,Cash on Delivery,Paid,96950.0
PAY0003228,O003228,Wallet,Paid,66000.0
PAY0003229,O003229,Card,Paid,4050.0
PAY0003230,O003230,Card,Paid,36000.0
PAY0003231,O003231,Card,Paid,7650.0
PAY0003232,O003232,Bank Transfer,Pending,62800.0
PAY0003233,O003233,Cash on Delivery,Paid,30000.0
PAY0003234,O003234,Wallet,Paid,23800.0
PAY0003235,O003235,Bank Transfer,Pending,84000.0
PAY0003236,O003236,Cash on Delivery,Paid,30000.0
PAY0003237,O003237,Cash on Delivery,Paid,148200.0
PAY0003238,O003238,Card,Paid,195000.0
PAY0003239,O003239,Card,Paid,18550.0
PAY0003240,O003240,Card,Paid,41600.0
PAY0003241,O003241,Cash on Delivery,Paid,56100.0
PAY0003242,O003242,Card,Paid,42750.0
PAY0003243,O003243,Bank Transfer,Paid,84000.0
PAY0003244,O003244,Wallet,Paid,26275.0
PAY0003245,O003245,Card,Paid,130000.0
PAY0003246,O003246,Cash on Delivery,Pending,20900.0
PAY0003247,O003247,Card,Paid,4250.0
PAY0003248,O003248,Cash on Delivery,Paid,24000.0
PAY0003249,O003249,Bank Transfer,Paid,196200.0
PAY0003250,O003250,Cash on Delivery,Paid,12825.0
PAY0003251,O003251,Cash on Delivery,Paid,15000.0
PAY0003252,O003252,Card,Paid,79800.0
PAY0003253,O003253,Card,Paid,52000.0
PAY0003254,O003254,Bank Transfer,Paid,15000.0
PAY0003255,O003255,Wallet,Paid,6500.0
PAY0003256,O003256,Cash on Delivery,Paid,66000.0
PAY0003257,O003257,Card,Paid,4750.0
PAY0003258,O003258,Cash on Delivery,Paid,104000.0
PAY0003259,O003259,Cash on Delivery,Paid,62200.0
PAY0003260,O003260,Cash on Delivery,Paid,18000.0
PAY0003261,O003261,Card,Paid,17000.0
PAY0003262,O003262,Bank Transfer,Paid,18700.0
PAY0003263,O003263,Wallet,Paid,65400.0
PAY0003264,O003264,Wallet,Paid,24000.0
PAY0003265,O003265,Wallet,Paid,132600.0
PAY0003266,O003266,Card,Paid,64650.0
PAY0003267,O003267,Card,Paid,57600.0
PAY0003268,O003268,Bank Transfer,Paid,42750.0
PAY0003269,O003269,Cash on Delivery,Paid,130000.0
PAY0003270,O003270,Wallet,Paid,36000.0
PAY0003271,O003271,Card,Pending,39000.0
PAY0003272,O003272,Card,Paid,68400.0
PAY0003273,O003273,Cash on Delivery,Paid,24000.0
PAY0003274,O003274,Card,Paid,16200.0
PAY0003275,O003275,Card,Paid,15000.0
PAY0003276,O003276,Cash on Delivery,Paid,117000.0
PAY0003277,O003277,Bank Transfer,Paid,209200.0
PAY0003278,O003278,Cash on Delivery,Paid,132600.0
PAY0003279,O003279,Card,Paid,8500.0
PAY0003280,O003280,Bank Transfer,Paid,62700.0
PAY0003281,O003281,Bank Transfer,Paid,17000.0
PAY0003282,O003282,Cash on Delivery,Paid,24000.0
PAY0003283,O003283,Cash on Delivery,Paid,28800.0
PAY0003284,O003284,Card,Paid,98800.0
PAY0003285,O003285,Card,Paid,85500.0
PAY0003286,O003286,Bank Transfer,Paid,24225.0
PAY0003287,O003287,Card,Paid,123500.0
PAY0003288,O003288,Wallet,Paid,25500.0
PAY0003289,O003289,Wallet,Paid,38250.0
PAY0003290,O003290,Card,Paid,195000.0
PAY0003291,O003291,Card,Paid,68400.0
PAY0003292,O003292,Bank Transfer,Paid,12750.0
PAY0003293,O003293,Bank Transfer,Paid,29125.0
PAY0003294,O003294,Card,Paid,95600.0
PAY0003295,O003295,Cash on Delivery,Paid,82500.0
PAY0003296,O003296,Card,Paid,5000.0
PAY0003297,O003297,Card,Paid,26850.0
PAY0003298,O003298,Cash on Delivery,Paid,8075.0
PAY0003299,O003299,Card,Paid,26550.0
PAY0003300,O003300,Card,Paid,6500.0
PAY0003301,O003301,Cash on Delivery,Paid,6175.0
PAY0003302,O003302,Card,Paid,38250.0
PAY0003303,O003303,Card,Paid,110500.0
PAY0003304,O003304,Cash on Delivery,Paid,11475.0
PAY0003305,O003305,Bank Transfer,Paid,76225.0
PAY0003306,O003306,Cash on Delivery,Paid,4500.0
PAY0003307,O003307,Cash on Delivery,Paid,4250.0
PAY0003308,O003308,Card,Paid,8075.0
PAY0003309,O003309,Bank Transfer,Paid,46525.0
PAY0003310,O003310,Card,Paid,64800.0
PAY0003311,O003311,Card,Paid,130000.0
PAY0003312,O003312,Card,Paid,156000.0
PAY0003313,O003313,Card,Paid,130000.0
PAY0003314,O003314,Cash on Delivery,Paid,70800.0
PAY0003315,O003315,Wallet,Paid,15300.0
PAY0003316,O003316,Cash on Delivery,Paid,84000.0
PAY0003317,O003317,Card,Paid,84000.0
PAY0003318,O003318,Bank Transfer,Paid,94400.0
PAY0003319,O003319,Card,Paid,15000.0
PAY0003320,O003320,Cash on Delivery,Paid,34200.0
PAY0003321,O003321,Cash on Delivery,Paid,66000.0
PAY0003322,O003322,Cash on Delivery,Paid,29700.0
PAY0003323,O003323,Card,Paid,65000.0
PAY0003324,O003324,Wallet,Paid,25500.0
PAY0003325,O003325,Card,Paid,130000.0
PAY0003326,O003326,Cash on Delivery,Paid,41600.0
PAY0003327,O003327,Card,Paid,110500.0
PAY0003328,O003328,Cash on Delivery,Paid,6500.0
PAY0003329,O003329,Bank Transfer,Paid,40500.0
PAY0003330,O003330,Cash on Delivery,Paid,28300.0
PAY0003331,O003331,Card,Paid,45600.0
PAY0003332,O003332,Cash on Delivery,Paid,4500.0
PAY0003333,O003333,Bank Transfer,Paid,132600.0
PAY0003334,O003334,Card,Paid,9000.0
PAY0003335,O003335,Card,Paid,124000.0
PAY0003336,O003336,Cash on Delivery,Paid,13500.0
PAY0003337,O003337,Cash on Delivery,Paid,36000.0
PAY0003338,O003338,Card,Paid,8100.0
PAY0003339,O003339,Cash on Delivery,Paid,68875.0
PAY0003340,O003340,Cash on Delivery,Paid,42600.0
PAY0003341,O003341,Card,Paid,25200.0
PAY0003342,O003342,Card,Paid,41800.0
PAY0003343,O003343,Card,Paid,220500.0
PAY0003344,O003344,Card,Paid,12150.0
PAY0003345,O003345,Wallet,Paid,60600.0
PAY0003346,O003346,Card,Paid,75600.0
PAY0003347,O003347,Card,Paid,27000.0
PAY0003348,O003348,Bank Transfer,Paid,36000.0
PAY0003349,O003349,Cash on Delivery,Paid,67950.0
PAY0003350,O003350,Bank Transfer,Paid,4050.0
PAY0003351,O003351,Cash on Delivery,Paid,110500.0
PAY0003352,O003352,Bank Transfer,Paid,25500.0
PAY0003353,O003353,Card,Paid,137600.0
PAY0003354,O003354,Cash on Delivery,Failed,34200.0
PAY0003355,O003355,Card,Paid,22950.0
PAY0003356,O003356,Cash on Delivery,Paid,8075.0
PAY0003357,O003357,Card,Paid,123500.0
PAY0003358,O003358,Cash on Delivery,Paid,45000.0
PAY0003359,O003359,Cash on Delivery,Paid,195000.0
PAY0003360,O003360,Card,Paid,15300.0
PAY0003361,O003361,Card,Paid,136325.0
PAY0003362,O003362,Cash on Delivery,Failed,94500.0
PAY0003363,O003363,Cash on Delivery,Paid,42750.0
PAY0003364,O003364,Cash on Delivery,Paid,15300.0
PAY0003365,O003365,Bank Transfer,Pending,132600.0
PAY0003366,O003366,Cash on Delivery,Paid,152950.0
PAY0003367,O003367,Card,Paid,123500.0
PAY0003368,O003368,Cash on Delivery,Paid,12000.0
PAY0003369,O003369,Card,Paid,45600.0
PAY0003370,O003370,Cash on Delivery,Paid,28125.0
PAY0003371,O003371,Card,Failed,78900.0
PAY0003372,O003372,Cash on Delivery,Paid,13500.0
PAY0003373,O003373,Cash on Delivery,Paid,137000.0
PAY0003374,O003374,Card,Paid,6000.0
PAY0003375,O003375,Wallet,Paid,25500.0
PAY0003376,O003376,Card,Paid,8500.0
PAY0003377,O003377,Card,Paid,59400.0
PAY0003378,O003378,Cash on Delivery,Paid,25500.0
PAY0003379,O003379,Bank Transfer,Paid,7650.0
PAY0003380,O003380,Card,Paid,21075.0
PAY0003381,O003381,Card,Paid,11400.0
PAY0003382,O003382,Cash on Delivery,Paid,18750.0
PAY0003383,O003383,Card,Paid,61200.0
PAY0003384,O003384,Cash on Delivery,Paid,21675.0
PAY0003385,O003385,Bank Transfer,Paid,25500.0
PAY0003386,O003386,Card,Paid,75600.0
PAY0003387,O003387,Card,Paid,2375.0
PAY0003388,O003388,Cash on Delivery,Paid,24000.0
PAY0003389,O003389,Cash on Delivery,Paid,4275.0
PAY0003390,O003390,Cash on Delivery,Paid,14350.0
PAY0003391,O003391,Bank Transfer,Paid,22400.0
PAY0003392,O003392,Bank Transfer,Paid,4500.0
PAY0003393,O003393,Card,Paid,104000.0
PAY0003394,O003394,Bank Transfer,Failed,15300.0
PAY0003395,O003395,Cash on Delivery,Paid,8075.0
PAY0003396,O003396,Bank Transfer,Paid,6500.0
PAY0003397,O003397,Cash on Delivery,Paid,32400.0
PAY0003398,O003398,Bank Transfer,Paid,79800.0
PAY0003399,O003399,Bank Transfer,Paid,52000.0
PAY0003400,O003400,Card,Paid,36000.0
PAY0003401,O003401,Cash on Delivery,Paid,13600.0
PAY0003402,O003402,Cash on Delivery,Paid,-8500.0
PAY0003403,O003403,Cash on Delivery,Paid,97750.0
PAY0003404,O003404,Card,Paid,28000.0
PAY0003405,O003405,Card,Paid,15775.0
PAY0003406,O003406,Card,Paid,50400.0
PAY0003407,O003407,Cash on Delivery,Paid,75600.0
PAY0003408,O003408,Cash on Delivery,Paid,-14250.0
PAY0003409,O003409,Cash on Delivery,Paid,48825.0
PAY0003410,O003410,Card,Paid,104000.0
PAY0003411,O003411,Bank Transfer,Pending,30600.0
PAY0003412,O003412,Cash on Delivery,Paid,43200.0
PAY0003413,O003413,Bank Transfer,Paid,44200.0
PAY0003414,O003414,Bank Transfer,Paid,8075.0
PAY0003415,O003415,Bank Transfer,Paid,56000.0
PAY0003416,O003416,Cash on Delivery,Paid,7650.0
PAY0003417,O003417,Cash on Delivery,Paid,7200.0
PAY0003418,O003418,Cash on Delivery,Paid,156000.0
PAY0003419,O003419,Card,Paid,84000.0
PAY0003420,O003420,Wallet,Paid,195000.0
PAY0003421,O003421,Cash on Delivery,Paid,32400.0
PAY0003422,O003422,Cash on Delivery,Paid,22800.0
PAY0003423,O003423,Cash on Delivery,Paid,24000.0
PAY0003424,O003424,Cash on Delivery,Paid,140400.0
PAY0003425,O003425,Cash on Delivery,Paid,10550.0
PAY0003426,O003426,Card,Paid,2250.0
PAY0003427,O003427,Cash on Delivery,Paid,22950.0
PAY0003428,O003428,Wallet,Paid,67450.0
PAY0003429,O003429,Bank Transfer,Paid,11700.0
PAY0003430,O003430,Card,Paid,175500.0
PAY0003431,O003431,Cash on Delivery,Paid,28500.0
PAY0003432,O003432,Cash on Delivery,Paid,39000.0
PAY0003433,O003433,Wallet,Failed,110500.0
PAY0003434,O003434,Wallet,Failed,48000.0
PAY0003435,O003435,Card,Paid,52000.0
PAY0003436,O003436,Card,Pending,64800.0
PAY0003437,O003437,Card,Paid,117900.0
PAY0003438,O003438,Card,Paid,34200.0
PAY0003439,O003439,Cash on Delivery,Paid,28500.0
PAY0003440,O003440,Cash on Delivery,Paid,95200.0
PAY0003441,O003441,Bank Transfer,Paid,14250.0
PAY0003442,O003442,Card,Pending,6500.0
PAY0003443,O003443,Card,Paid,13500.0
PAY0003444,O003444,Cash on Delivery,Paid,7125.0
PAY0003445,O003445,Cash on Delivery,Paid,48000.0
PAY0003446,O003446,Card,Paid,104000.0
PAY0003447,O003447,Card,Paid,12825.0
PAY0003448,O003448,Cash on Delivery,Paid,30000.0
PAY0003449,O003449,Card,Paid,117000.0
PAY0003450,O003450,Cash on Delivery,Pending,36000.0
PAY0003451,O003451,Wallet,Paid,104000.0
PAY0003452,O003452,Card,Paid,66800.0
PAY0003453,O003453,Bank Transfer,Paid,12825.0
PAY0003454,O003454,Bank Transfer,Paid,90600.0
PAY0003455,O003455,Cash on Delivery,Paid,15000.0
PAY0003456,O003456,Card,Paid,43200.0
PAY0003457,O003457,Card,Paid,30000.0
PAY0003458,O003458,Bank Transfer,Paid,57000.0
PAY0003459,O003459,Card,Paid,93600.0
PAY0003460,O003460,Bank Transfer,Paid,5000.0
PAY0003461,O003461,Bank Transfer,Paid,130000.0
PAY0003462,O003462,Bank Transfer,Paid,39300.0
PAY0003463,O003463,Bank Transfer,Paid,8500.0
PAY0003464,O003464,Wallet,Paid,30000.0
PAY0003465,O003465,Wallet,Paid,26600.0
PAY0003466,O003466,Cash on Delivery,Paid,34200.0
PAY0003467,O003467,Card,Paid,4500.0
PAY0003468,O003468,Card,Paid,15000.0
PAY0003469,O003469,Card,Paid,11050.0
PAY0003470,O003470,Card,Paid,209400.0
PAY0003471,O003471,Bank Transfer,Paid,105450.0
PAY0003472,O003472,Bank Transfer,Paid,2500.0
PAY0003473,O003473,Cash on Delivery,Paid,52000.0
PAY0003474,O003474,Bank Transfer,Paid,38400.0
PAY0003475,O003475,Cash on Delivery,Paid,83200.0
PAY0003476,O003476,Cash on Delivery,Paid,17775.0
PAY0003477,O003477,Bank Transfer,Paid,107100.0
PAY0003478,O003478,Bank Transfer,Paid,84000.0
PAY0003479,O003479,Bank Transfer,Paid,9000.0
PAY0003480,O003480,Cash on Delivery,Paid,21675.0
PAY0003481,O003481,Card,Paid,12000.0
PAY0003482,O003482,Card,Failed,13500.0
PAY0003483,O003483,Cash on Delivery,Paid,104000.0
PAY0003484,O003484,Wallet,Paid,117000.0
PAY0003485,O003485,Bank Transfer,Paid,156000.0
PAY0003486,O003486,Bank Transfer,Paid,99150.0
PAY0003487,O003487,Card,Paid,44000.0
PAY0003488,O003488,Cash on Delivery,Paid,64800.0
PAY0003489,O003489,Bank Transfer,Paid,12825.0
PAY0003490,O003490,Bank Transfer,Paid,8500.0
PAY0003491,O003491,Cash on Delivery,Paid,185250.0
PAY0003492,O003492,Card,Paid,12000.0
PAY0003493,O003493,Bank Transfer,Paid,34200.0
PAY0003494,O003494,Card,Paid,224850.0
PAY0003495,O003495,Cash on Delivery,Paid,77200.0
PAY0003496,O003496,Cash on Delivery,Paid,114000.0
PAY0003497,O003497,Wallet,Paid,45000.0
PAY0003498,O003498,Card,Paid,53200.0
PAY0003499,O003499,Cash on Delivery,Paid,79800.0
PAY0003500,O003500,Card,Paid,156000.0
PAY0003501,O003501,Cash on Delivery,Paid,7500.0
PAY0003502,O003502,Card,Paid,44200.0
PAY0003503,O003503,Card,Pending,19500.0
PAY0003504,O003504,Bank Transfer,Paid,44350.0
PAY0003505,O003505,Bank Transfer,Paid,56000.0
PAY0003506,O003506,Bank Transfer,Paid,24000.0
PAY0003507,O003507,Bank Transfer,Paid,12150.0
PAY0003508,O003508,Card,Paid,17000.0
PAY0003509,O003509,Card,Paid,15675.0
PAY0003510,O003510,Card,Paid,20400.0
PAY0003511,O003511,Card,Paid,15300.0
PAY0003512,O003512,Card,Paid,18000.0
PAY0003513,O003513,Card,Paid,45000.0
PAY0003514,O003514,Card,Paid,6500.0
PAY0003515,O003515,Cash on Delivery,Paid,6375.0
PAY0003516,O003516,Card,Pending,72000.0
PAY0003517,O003517,Card,Paid,64800.0
PAY0003518,O003518,Cash on Delivery,Paid,5000.0
PAY0003519,O003519,Card,Paid,72000.0
PAY0003520,O003520,Card,Paid,19500.0
PAY0003521,O003521,Bank Transfer,Paid,19500.0
PAY0003522,O003522,Bank Transfer,Paid,24000.0
PAY0003523,O003523,Card,Paid,156000.0
PAY0003524,O003524,Cash on Delivery,Paid,37500.0
PAY0003525,O003525,Card,Paid,4050.0
PAY0003526,O003526,Cash on Delivery,Paid,13500.0
PAY0003527,O003527,Card,Paid,48000.0
PAY0003528,O003528,Cash on Delivery,Paid,25500.0
PAY0003529,O003529,Cash on Delivery,Pending,156000.0
PAY0003530,O003530,Card,Paid,16150.0
PAY0003531,O003531,Bank Transfer,Paid,28000.0
PAY0003532,O003532,Cash on Delivery,Paid,44000.0
PAY0003533,O003533,Card,Paid,24000.0
PAY0003534,O003534,Bank Transfer,Paid,200000.0
PAY0003535,O003535,Card,Paid,25500.0
PAY0003536,O003536,Card,Pending,4275.0
PAY0003537,O003537,Card,Paid,32400.0
PAY0003538,O003538,Bank Transfer,Failed,62700.0
PAY0003539,O003539,Wallet,Paid,32250.0
PAY0003540,O003540,Cash on Delivery,Paid,20650.0
PAY0003541,O003541,Bank Transfer,Paid,12350.0
PAY0003542,O003542,Cash on Delivery,Paid,7650.0
PAY0003543,O003543,Card,Paid,195000.0
PAY0003544,O003544,Cash on Delivery,Paid,4050.0
PAY0003545,O003545,Bank Transfer,Paid,5525.0
PAY0003546,O003546,Card,Paid,20400.0
PAY0003547,O003547,Card,Paid,18525.0
PAY0003548,O003548,Card,Paid,2500.0
PAY0003549,O003549,Card,Paid,7125.0
PAY0003550,O003550,Cash on Delivery,Paid,123500.0
PAY0003551,O003551,Cash on Delivery,Paid,98800.0
PAY0003552,O003552,Card,Paid,39600.0
PAY0003553,O003553,Card,Paid,213700.0
PAY0003554,O003554,Cash on Delivery,Paid,195650.0
PAY0003555,O003555,Card,Paid,49400.0
PAY0003556,O003556,Card,Paid,13000.0
PAY0003557,O003557,Bank Transfer,Pending,40500.0
PAY0003558,O003558,Cash on Delivery,Paid,79800.0
PAY0003559,O003559,Cash on Delivery,Paid,24000.0
PAY0003560,O003560,Card,Paid,28500.0
PAY0003561,O003561,Wallet,Paid,24000.0
PAY0003562,O003562,Bank Transfer,Paid,14025.0
PAY0003563,O003563,Bank Transfer,Paid,4500.0
PAY0003564,O003564,Card,Paid,64800.0
PAY0003565,O003565,Card,Paid,32200.0
PAY0003566,O003566,Cash on Delivery,Paid,13000.0
PAY0003567,O003567,Card,Paid,17100.0
PAY0003568,O003568,Card,Paid,4275.0
PAY0003569,O003569,Cash on Delivery,Paid,123500.0
PAY0003570,O003570,Wallet,Paid,44200.0
PAY0003571,O003571,Cash on Delivery,Pending,21600.0
PAY0003572,O003572,Card,Paid,30000.0
PAY0003573,O003573,Card,Paid,82250.0
PAY0003574,O003574,Card,Paid,148200.0
PAY0003575,O003575,Card,Paid,53200.0
PAY0003576,O003576,Card,Paid,9000.0
PAY0003577,O003577,Card,Paid,65000.0
PAY0003578,O003578,Card,Paid,12825.0
PAY0003579,O003579,Card,Paid,5850.0
PAY0003580,O003580,Wallet,Paid,15300.0
PAY0003581,O003581,Cash on Delivery,Paid,185250.0
PAY0003582,O003582,Bank Transfer,Paid,32400.0
PAY0003583,O003583,Cash on Delivery,Pending,17000.0
PAY0003584,O003584,Cash on Delivery,Paid,42750.0
PAY0003585,O003585,Cash on Delivery,Paid,19500.0
PAY0003586,O003586,Bank Transfer,Paid,8500.0
PAY0003587,O003587,Card,Paid,42750.0
PAY0003588,O003588,Cash on Delivery,Paid,16150.0
PAY0003589,O003589,Card,Paid,42500.0
PAY0003590,O003590,Bank Transfer,Failed,130000.0
PAY0003591,O003591,Card,Paid,58500.0
PAY0003592,O003592,Card,Pending,25500.0
PAY0003593,O003593,Bank Transfer,Paid,175500.0
PAY0003594,O003594,Card,Paid,36000.0
PAY0003595,O003595,Wallet,Paid,130500.0
PAY0003596,O003596,Cash on Delivery,Paid,18525.0
PAY0003597,O003597,Bank Transfer,Paid,124800.0
PAY0003598,O003598,Card,Paid,5850.0
PAY0003599,O003599,Cash on Delivery,Paid,17000.0
PAY0003600,O003600,Card,Paid,29475.0
PAY0003601,O003601,Card,Pending,165750.0
PAY0003602,O003602,Bank Transfer,Paid,14450.0
PAY0003603,O003603,Card,Paid,66000.0
PAY0003604,O003604,Cash on Delivery,Paid,9000.0
PAY0003605,O003605,Cash on Delivery,Paid,27000.0
PAY0003606,O003606,Wallet,Paid,104000.0
PAY0003607,O003607,Cash on Delivery,Paid,16150.0
PAY0003608,O003608,Card,Paid,24000.0
PAY0003609,O003609,Bank Transfer,Paid,59400.0
PAY0003610,O003610,Cash on Delivery,Paid,4500.0
PAY0003611,O003611,Card,Paid,4500.0
PAY0003612,O003612,Card,Paid,140400.0
PAY0003613,O003613,Cash on Delivery,Paid,2500.0
PAY0003614,O003614,Card,Paid,79800.0
PAY0003615,O003615,Bank Transfer,Paid,36000.0
PAY0003616,O003616,Bank Transfer,Paid,98800.0
PAY0003617,O003617,Cash on Delivery,Paid,14150.0
PAY0003618,O003618,Card,Paid,52000.0
PAY0003619,O003619,Card,Paid,40500.0
PAY0003620,O003620,Cash on Delivery,Paid,8500.0
PAY0003621,O003621,Card,Paid,148200.0
PAY0003622,O003622,Card,Paid,65200.0
PAY0003623,O003623,Cash on Delivery,Paid,42075.0
PAY0003624,O003624,Cash on Delivery,Paid,64400.0
PAY0003625,O003625,Card,Paid,34250.0
PAY0003626,O003626,Cash on Delivery,Paid,3825.0
PAY0003627,O003627,Card,Paid,20500.0
PAY0003628,O003628,Cash on Delivery,Paid,123600.0
PAY0003629,O003629,Cash on Delivery,Paid,78000.0
PAY0003630,O003630,Card,Paid,132600.0
PAY0003631,O003631,Bank Transfer,Paid,19800.0
PAY0003632,O003632,Bank Transfer,Paid,2375.0
PAY0003633,O003633,Bank Transfer,Paid,24000.0
PAY0003634,O003634,Card,Paid,13500.0
PAY0003635,O003635,Wallet,Paid,123500.0
PAY0003636,O003636,Cash on Delivery,Paid,30000.0
PAY0003637,O003637,Card,Paid,41775.0
PAY0003638,O003638,Cash on Delivery,Paid,26600.0
PAY0003639,O003639,Bank Transfer,Pending,20475.0
PAY0003640,O003640,Bank Transfer,Paid,9000.0
PAY0003641,O003641,Card,Paid,42750.0
PAY0003642,O003642,Card,Paid,4275.0
PAY0003643,O003643,Cash on Delivery,Paid,62700.0
PAY0003644,O003644,Wallet,Paid,27000.0
PAY0003645,O003645,Wallet,Paid,17000.0
PAY0003646,O003646,Card,Paid,4750.0
PAY0003647,O003647,Card,Paid,8075.0
PAY0003648,O003648,Cash on Delivery,Paid,22125.0
PAY0003649,O003649,Card,Paid,12000.0
PAY0003650,O003650,Card,Paid,10800.0
PAY0003651,O003651,Bank Transfer,Paid,84000.0
PAY0003652,O003652,Card,Paid,8500.0
PAY0003653,O003653,Bank Transfer,Paid,28500.0
PAY0003654,O003654,Wallet,Paid,36000.0
PAY0003655,O003655,Card,Paid,7225.0
PAY0003656,O003656,Cash on Delivery,Paid,17000.0
PAY0003657,O003657,Cash on Delivery,Paid,16150.0
PAY0003658,O003658,Cash on Delivery,Paid,58500.0
PAY0003659,O003659,Wallet,Paid,44800.0
PAY0003660,O003660,Card,Paid,6175.0
PAY0003661,O003661,Wallet,Paid,68400.0
PAY0003662,O003662,Cash on Delivery,Paid,45600.0
PAY0003663,O003663,Card,Paid,45600.0
PAY0003664,O003664,Cash on Delivery,Paid,139000.0
PAY0003665,O003665,Cash on Delivery,Paid,12000.0
PAY0003666,O003666,Card,Paid,17550.0
PAY0003667,O003667,Bank Transfer,Paid,69300.0
PAY0003668,O003668,Card,Pending,20900.0
PAY0003669,O003669,Card,Paid,27575.0
PAY0003670,O003670,Cash on Delivery,Paid,2375.0
PAY0003671,O003671,Bank Transfer,Paid,16150.0
PAY0003672,O003672,Cash on Delivery,Paid,28500.0
PAY0003673,O003673,Cash on Delivery,Paid,130000.0
PAY0003674,O003674,Cash on Delivery,Paid,7650.0
PAY0003675,O003675,Cash on Delivery,Paid,17000.0
PAY0003676,O003676,Cash on Delivery,Paid,24000.0
PAY0003677,O003677,Card,Paid,2375.0
PAY0003678,O003678,Card,Paid,12000.0
PAY0003679,O003679,Bank Transfer,Paid,59600.0
PAY0003680,O003680,Card,Paid,202800.0
PAY0003681,O003681,Bank Transfer,Paid,41800.0
PAY0003682,O003682,Cash on Delivery,Paid,17000.0
PAY0003683,O003683,Card,Paid,40500.0
PAY0003684,O003684,Card,Pending,34200.0
PAY0003685,O003685,Card,Paid,16575.0
PAY0003686,O003686,Cash on Delivery,Paid,34200.0
PAY0003687,O003687,Card,Paid,45000.0
PAY0003688,O003688,Card,Pending,28000.0
PAY0003689,O003689,Bank Transfer,Paid,8500.0
PAY0003690,O003690,Cash on Delivery,Paid,30000.0
PAY0003691,O003691,Card,Paid,24225.0
PAY0003692,O003692,Card,Paid,28000.0
PAY0003693,O003693,Cash on Delivery,Paid,46800.0
PAY0003694,O003694,Card,Paid,56100.0
PAY0003695,O003695,Card,Paid,41000.0
PAY0003696,O003696,Bank Transfer,Paid,75600.0
PAY0003697,O003697,Cash on Delivery,Paid,4275.0
PAY0003698,O003698,Bank Transfer,Paid,9000.0
PAY0003699,O003699,Bank Transfer,Paid,48600.0
PAY0003700,O003700,Card,Paid,130000.0
PAY0003701,O003701,Cash on Delivery,Paid,140800.0
PAY0003702,O003702,Card,Paid,5850.0
PAY0003703,O003703,Card,Paid,48600.0
PAY0003704,O003704,Card,Paid,69000.0
PAY0003705,O003705,Bank Transfer,Paid,7125.0
PAY0003706,O003706,Cash on Delivery,Paid,8075.0
PAY0003707,O003707,Bank Transfer,Paid,111600.0
PAY0003708,O003708,Cash on Delivery,Paid,17000.0
PAY0003709,O003709,Card,Paid,27000.0
PAY0003710,O003710,Cash on Delivery,Paid,105300.0
PAY0003711,O003711,Card,Paid,22800.0
PAY0003712,O003712,Card,Paid,39600.0
PAY0003713,O003713,Card,Paid,17100.0
PAY0003714,O003714,Card,Paid,46800.0
PAY0003715,O003715,Cash on Delivery,Paid,75600.0
PAY0003716,O003716,Cash on Delivery,Paid,13000.0
PAY0003717,O003717,Cash on Delivery,Paid,6175.0
PAY0003718,O003718,Wallet,Paid,16150.0
PAY0003719,O003719,Card,Paid,195000.0
PAY0003720,O003720,Cash on Delivery,Paid,45900.0
PAY0003721,O003721,Card,Paid,25050.0
PAY0003722,O003722,Card,Pending,8100.0
PAY0003723,O003723,Bank Transfer,Paid,84000.0
PAY0003724,O003724,Cash on Delivery,Paid,36000.0
PAY0003725,O003725,Cash on Delivery,Paid,6500.0
PAY0003726,O003726,Card,Paid,40500.0
PAY0003727,O003727,Bank Transfer,Paid,78000.0
PAY0003728,O003728,Cash on Delivery,Failed,65000.0
PAY0003729,O003729,Card,Paid,77400.0
PAY0003730,O003730,Card,Paid,22000.0
PAY0003731,O003731,Cash on Delivery,Paid,32400.0
PAY0003732,O003732,Card,Paid,49400.0
PAY0003733,O003733,Card,Paid,25500.0
PAY0003734,O003734,Card,Paid,30000.0
PAY0003735,O003735,Card,Paid,22000.0
PAY0003736,O003736,Card,Paid,16150.0
PAY0003737,O003737,Cash on Delivery,Paid,37400.0
PAY0003738,O003738,Cash on Delivery,Paid,23800.0
PAY0003739,O003739,Card,Paid,30500.0
PAY0003740,O003740,Wallet,Paid,28500.0
PAY0003741,O003741,Card,Paid,16575.0
PAY0003742,O003742,Cash on Delivery,Failed,16150.0
PAY0003743,O003743,Cash on Delivery,Paid,84150.0
PAY0003744,O003744,Cash on Delivery,Paid,9000.0
PAY0003745,O003745,Card,Paid,4750.0
PAY0003746,O003746,Cash on Delivery,Paid,22950.0
PAY0003747,O003747,Cash on Delivery,Paid,26600.0
PAY0003748,O003748,Card,Paid,4500.0
PAY0003749,O003749,Card,Pending,86400.0
PAY0003750,O003750,Cash on Delivery,Paid,17550.0
PAY0003751,O003751,Card,Paid,105300.0
PAY0003752,O003752,Card,Paid,30600.0
PAY0003753,O003753,Card,Paid,199500.0
PAY0003754,O003754,Cash on Delivery,Paid,26400.0
PAY0003755,O003755,Cash on Delivery,Paid,34200.0
PAY0003756,O003756,Bank Transfer,Paid,24000.0
PAY0003757,O003757,Cash on Delivery,Paid,6750.0
PAY0003758,O003758,Card,Paid,51650.0
PAY0003759,O003759,Card,Paid,61750.0
PAY0003760,O003760,Bank Transfer,Paid,18000.0
PAY0003761,O003761,Card,Paid,7650.0
PAY0003762,O003762,Cash on Delivery,Paid,45000.0
PAY0003763,O003763,Cash on Delivery,Paid,64800.0
PAY0003764,O003764,Cash on Delivery,Paid,62700.0
PAY0003765,O003765,Card,Pending,30500.0
PAY0003766,O003766,Card,Paid,26550.0
PAY0003767,O003767,Bank Transfer,Paid,4500.0
PAY0003768,O003768,Card,Paid,110800.0
PAY0003769,O003769,Card,Paid,7200.0
PAY0003770,O003770,Card,Paid,53700.0
PAY0003771,O003771,Bank Transfer,Paid,118300.0
PAY0003772,O003772,Wallet,Paid,4500.0
PAY0003773,O003773,Cash on Delivery,Pending,12825.0
PAY0003774,O003774,Card,Paid,19500.0
PAY0003775,O003775,Cash on Delivery,Paid,30000.0
PAY0003776,O003776,Card,Paid,4250.0
PAY0003777,O003777,Card,Paid,61000.0
PAY0003778,O003778,Wallet,Paid,28000.0
PAY0003779,O003779,Wallet,Paid,24000.0
PAY0003780,O003780,Cash on Delivery,Paid,12000.0
PAY0003781,O003781,Card,Paid,175500.0
PAY0003782,O003782,Card,Paid,11400.0
PAY0003783,O003783,Card,Paid,13500.0
PAY0003784,O003784,Cash on Delivery,Paid,122400.0
PAY0003785,O003785,Card,Paid,10400.0
PAY0003786,O003786,Card,Paid,7200.0
PAY0003787,O003787,Wallet,Paid,28000.0
PAY0003788,O003788,Wallet,Paid,28800.0
PAY0003789,O003789,Card,Paid,169000.0
PAY0003790,O003790,Cash on Delivery,Paid,57100.0
PAY0003791,O003791,Bank Transfer,Pending,37225.0
PAY0003792,O003792,Wallet,Paid,66000.0
PAY0003793,O003793,Bank Transfer,Paid,12350.0
PAY0003794,O003794,Card,Paid,2250.0
PAY0003795,O003795,Cash on Delivery,Paid,12000.0
PAY0003796,O003796,Cash on Delivery,Paid,139200.0
PAY0003797,O003797,Card,Paid,27000.0
PAY0003798,O003798,Bank Transfer,Paid,5850.0
PAY0003799,O003799,Cash on Delivery,Failed,102600.0
PAY0003800,O003800,Wallet,Paid,4500.0
PAY0003801,O003801,Card,Pending,25500.0
PAY0003802,O003802,Bank Transfer,Paid,53200.0
PAY0003803,O003803,Cash on Delivery,Pending,25500.0
PAY0003804,O003804,Card,Paid,44000.0
PAY0003805,O003805,Bank Transfer,Paid,4250.0
PAY0003806,O003806,Bank Transfer,Paid,22800.0
PAY0003807,O003807,Cash on Delivery,Paid,18000.0
PAY0003808,O003808,Wallet,Paid,69450.0
PAY0003809,O003809,Bank Transfer,Paid,131575.0
PAY0003810,O003810,Cash on Delivery,Paid,140400.0
PAY0003811,O003811,Card,Paid,37400.0
PAY0003812,O003812,Cash on Delivery,Paid,12150.0
PAY0003813,O003813,Cash on Delivery,Failed,20850.0
PAY0003814,O003814,Cash on Delivery,Paid,68400.0
PAY0003815,O003815,Card,Paid,18700.0
PAY0003816,O003816,Bank Transfer,Paid,14250.0
PAY0003817,O003817,Bank Transfer,Paid,13500.0
PAY0003818,O003818,Bank Transfer,Paid,44000.0
PAY0003819,O003819,Bank Transfer,Paid,68400.0
PAY0003820,O003820,Card,Paid,17600.0
PAY0003821,O003821,Cash on Delivery,Paid,20400.0
PAY0003822,O003822,Bank Transfer,Paid,30600.0
PAY0003823,O003823,Cash on Delivery,Paid,25200.0
PAY0003824,O003824,Cash on Delivery,Paid,25500.0
PAY0003825,O003825,Card,Paid,13500.0
PAY0003826,O003826,Cash on Delivery,Paid,83050.0
PAY0003827,O003827,Card,Paid,57600.0
PAY0003828,O003828,Card,Paid,63750.0
PAY0003829,O003829,Cash on Delivery,Pending,25500.0
PAY0003830,O003830,Cash on Delivery,Paid,30000.0
PAY0003831,O003831,Card,Paid,17550.0
PAY0003832,O003832,Cash on Delivery,Paid,12000.0
PAY0003833,O003833,Wallet,Paid,13500.0
PAY0003834,O003834,Card,Paid,9000.0
PAY0003835,O003835,Cash on Delivery,Paid,22800.0
PAY0003836,O003836,Wallet,Paid,84000.0
PAY0003837,O003837,Wallet,Paid,19800.0
PAY0003838,O003838,Cash on Delivery,Paid,9000.0
PAY0003839,O003839,Bank Transfer,Paid,19800.0
PAY0003840,O003840,Card,Paid,48600.0
PAY0003841,O003841,Bank Transfer,Paid,154225.0
PAY0003842,O003842,Wallet,Paid,28500.0
PAY0003843,O003843,Card,Paid,15000.0
PAY0003844,O003844,Card,Pending,25500.0
PAY0003845,O003845,Card,Paid,28000.0
PAY0003846,O003846,Cash on Delivery,Paid,28000.0
PAY0003847,O003847,Card,Paid,124800.0
PAY0003848,O003848,Cash on Delivery,Paid,24000.0
PAY0003849,O003849,Cash on Delivery,Paid,195000.0
PAY0003850,O003850,Bank Transfer,Paid,161200.0
PAY0003851,O003851,Bank Transfer,Paid,10400.0
PAY0003852,O003852,Cash on Delivery,Paid,11475.0
PAY0003853,O003853,Bank Transfer,Paid,12000.0
PAY0003854,O003854,Cash on Delivery,Paid,12150.0
PAY0003855,O003855,Bank Transfer,Paid,52000.0
PAY0003856,O003856,Cash on Delivery,Paid,46800.0
PAY0003857,O003857,Bank Transfer,Paid,8500.0
PAY0003858,O003858,Card,Paid,30175.0
PAY0003859,O003859,Bank Transfer,Paid,63000.0
PAY0003860,O003860,Card,Paid,46200.0
PAY0003861,O003861,Cash on Delivery,Paid,41600.0
PAY0003862,O003862,Wallet,Paid,32400.0
PAY0003863,O003863,Cash on Delivery,Paid,19800.0
PAY0003864,O003864,Bank Transfer,Paid,11400.0
PAY0003865,O003865,Bank Transfer,Paid,14250.0
PAY0003866,O003866,Cash on Delivery,Paid,22400.0
PAY0003867,O003867,Card,Paid,64800.0
PAY0003868,O003868,Card,Paid,8100.0
PAY0003869,O003869,Wallet,Paid,29450.0
PAY0003870,O003870,Cash on Delivery,Paid,153000.0
PAY0003871,O003871,Cash on Delivery,Paid,47600.0
PAY0003872,O003872,Card,Paid,64500.0
PAY0003873,O003873,Card,Paid,16200.0
PAY0003874,O003874,Cash on Delivery,Paid,14450.0
PAY0003875,O003875,Card,Paid,12000.0
PAY0003876,O003876,Card,Paid,44800.0
PAY0003877,O003877,Bank Transfer,Paid,28000.0
PAY0003878,O003878,Card,Paid,24000.0
PAY0003879,O003879,Cash on Delivery,Paid,6175.0
PAY0003880,O003880,Card,Paid,16150.0
PAY0003881,O003881,Cash on Delivery,Paid,130725.0
PAY0003882,O003882,Cash on Delivery,Paid,71400.0
PAY0003883,O003883,Card,Paid,56000.0
PAY0003884,O003884,Cash on Delivery,Paid,2500.0
PAY0003885,O003885,Cash on Delivery,Paid,29000.0
PAY0003886,O003886,Bank Transfer,Paid,140400.0
PAY0003887,O003887,Card,Paid,71400.0
PAY0003888,O003888,Bank Transfer,Paid,75600.0
PAY0003889,O003889,Cash on Delivery,Paid,16200.0
PAY0003890,O003890,Card,Paid,15000.0
PAY0003891,O003891,Card,Failed,8100.0
PAY0003892,O003892,Wallet,Paid,93600.0
PAY0003893,O003893,Card,Paid,36000.0
PAY0003894,O003894,Bank Transfer,Paid,5000.0
PAY0003895,O003895,Wallet,Paid,52000.0
PAY0003896,O003896,Bank Transfer,Failed,21600.0
PAY0003897,O003897,Card,Paid,15000.0
PAY0003898,O003898,Card,Paid,4275.0
PAY0003899,O003899,Card,Paid,9000.0
PAY0003900,O003900,Card,Paid,52000.0
PAY0003901,O003901,Cash on Delivery,Paid,25500.0
PAY0003902,O003902,Cash on Delivery,Paid,16700.0
PAY0003903,O003903,Cash on Delivery,Paid,62700.0
PAY0003904,O003904,Bank Transfer,Paid,51300.0
PAY0003905,O003905,Card,Paid,25500.0
PAY0003906,O003906,Card,Paid,12750.0
PAY0003907,O003907,Bank Transfer,Paid,19800.0
PAY0003908,O003908,Bank Transfer,Paid,2500.0
PAY0003909,O003909,Bank Transfer,Paid,6750.0
PAY0003910,O003910,Wallet,Paid,6500.0
PAY0003911,O003911,Bank Transfer,Paid,11050.0
PAY0003912,O003912,Wallet,Paid,152000.0
PAY0003913,O003913,Wallet,Paid,67950.0
PAY0003914,O003914,Cash on Delivery,Paid,132600.0
PAY0003915,O003915,Cash on Delivery,Paid,21600.0
PAY0003916,O003916,Card,Paid,13000.0
PAY0003917,O003917,Bank Transfer,Paid,4500.0
PAY0003918,O003918,Cash on Delivery,Paid,22000.0
PAY0003919,O003919,Bank Transfer,Pending,11400.0
PAY0003920,O003920,Card,Paid,24225.0
PAY0003921,O003921,Card,Paid,257700.0
PAY0003922,O003922,Card,Paid,24000.0
PAY0003923,O003923,Wallet,Paid,36000.0
PAY0003924,O003924,Bank Transfer,Paid,16150.0
PAY0003925,O003925,Bank Transfer,Paid,156000.0
PAY0003926,O003926,Cash on Delivery,Paid,8075.0
PAY0003927,O003927,Card,Paid,23800.0
PAY0003928,O003928,Wallet,Paid,66000.0
PAY0003929,O003929,Card,Paid,22000.0
PAY0003930,O003930,Card,Paid,22800.0
PAY0003931,O003931,Bank Transfer,Pending,263900.0
PAY0003932,O003932,Card,Paid,18000.0
PAY0003933,O003933,Card,Paid,5525.0
PAY0003934,O003934,Cash on Delivery,Paid,11700.0
PAY0003935,O003935,Cash on Delivery,Paid,19800.0
PAY0003936,O003936,Bank Transfer,Paid,24000.0
PAY0003937,O003937,Wallet,Paid,6000.0
PAY0003938,O003938,Card,Paid,25500.0
PAY0003939,O003939,Card,Paid,21600.0
PAY0003940,O003940,Cash on Delivery,Paid,8500.0
PAY0003941,O003941,Cash on Delivery,Paid,142250.0
PAY0003942,O003942,Bank Transfer,Paid,40200.0
PAY0003943,O003943,Card,Paid,62700.0
PAY0003944,O003944,Card,Paid,11700.0
PAY0003945,O003945,Card,Paid,96150.0
PAY0003946,O003946,Card,Paid,104000.0
PAY0003947,O003947,Card,Paid,21600.0
PAY0003948,O003948,Cash on Delivery,Paid,3825.0
PAY0003949,O003949,Bank Transfer,Paid,123500.0
PAY0003950,O003950,Bank Transfer,Paid,17000.0
PAY0003951,O003951,Card,Paid,104000.0
PAY0003952,O003952,Card,Pending,6175.0
PAY0003953,O003953,Cash on Delivery,Paid,130000.0
PAY0003954,O003954,Card,Pending,7650.0
PAY0003955,O003955,Cash on Delivery,Paid,66800.0
PAY0003956,O003956,Cash on Delivery,Paid,33000.0
PAY0003957,O003957,Bank Transfer,Paid,17550.0
PAY0003958,O003958,Card,Paid,8100.0
PAY0003959,O003959,Card,Paid,82350.0
PAY0003960,O003960,Card,Paid,148200.0
PAY0003961,O003961,Cash on Delivery,Paid,12000.0
PAY0003962,O003962,Card,Paid,17100.0
PAY0003963,O003963,Card,Paid,140400.0
PAY0003964,O003964,Card,Paid,66000.0
PAY0003965,O003965,Card,Paid,22000.0
PAY0003966,O003966,Wallet,Paid,44200.0
PAY0003967,O003967,Bank Transfer,Paid,22950.0
PAY0003968,O003968,Cash on Delivery,Paid,30000.0
PAY0003969,O003969,Bank Transfer,Paid,108550.0
PAY0003970,O003970,Card,Paid,14250.0
PAY0003971,O003971,Bank Transfer,Paid,84000.0
PAY0003972,O003972,Cash on Delivery,Paid,138075.0
PAY0003973,O003973,Card,Paid,204000.0
PAY0003974,O003974,Cash on Delivery,Paid,54000.0
PAY0003975,O003975,Cash on Delivery,Paid,32400.0
PAY0003976,O003976,Cash on Delivery,Paid,28000.0
PAY0003977,O003977,Wallet,Paid,36000.0
PAY0003978,O003978,Card,Paid,195000.0
PAY0003979,O003979,Wallet,Paid,22000.0
PAY0003980,O003980,Bank Transfer,Paid,15300.0
PAY0003981,O003981,Cash on Delivery,Paid,32900.0
PAY0003982,O003982,Bank Transfer,Paid,17550.0
PAY0003983,O003983,Card,Paid,60325.0
PAY0003984,O003984,Cash on Delivery,Paid,32500.0
PAY0003985,O003985,Card,Pending,54000.0
PAY0003986,O003986,Card,Paid,123500.0
PAY0003987,O003987,Card,Paid,21600.0
PAY0003988,O003988,Card,Paid,39600.0
PAY0003989,O003989,Bank Transfer,Paid,114300.0
PAY0003990,O003990,Bank Transfer,Paid,3600.0
PAY0003991,O003991,Card,Paid,160550.0
PAY0003992,O003992,Card,Paid,156000.0
PAY0003993,O003993,Wallet,Paid,32400.0
PAY0003994,O003994,Card,Pending,8500.0
PAY0003995,O003995,Wallet,Paid,17550.0
PAY0003996,O003996,Cash on Delivery,Paid,48600.0
PAY0003997,O003997,Cash on Delivery,Paid,8075.0
PAY0003998,O003998,Card,Paid,108000.0
PAY0003999,O003999,Card,Paid,6175.0
PAY0004000,O004000,Bank Transfer,Paid,8075.0
PAY0004001,O004001,Card,Paid,8550.0
PAY0004002,O004002,Wallet,Paid,7650.0
PAY0004003,O004003,Cash on Delivery,Paid,45000.0
PAY0004004,O004004,Bank Transfer,Paid,6500.0
PAY0004005,O004005,Bank Transfer,Paid,6500.0
PAY0004006,O004006,Cash on Delivery,Paid,68400.0
PAY0004007,O004007,Bank Transfer,Paid,11475.0
PAY0004008,O004008,Bank Transfer,Paid,5000.0
PAY0004009,O004009,Wallet,Paid,48000.0
PAY0004010,O004010,Card,Paid,79800.0
PAY0004011,O004011,Bank Transfer,Paid,48000.0
PAY0004012,O004012,Cash on Delivery,Paid,25500.0
PAY0004013,O004013,Cash on Delivery,Paid,4500.0
PAY0004014,O004014,Wallet,Paid,16575.0
PAY0004015,O004015,Card,Paid,45250.0
PAY0004016,O004016,Bank Transfer,Paid,13000.0
PAY0004017,O004017,Card,Paid,37400.0
PAY0004018,O004018,Cash on Delivery,Paid,79800.0
PAY0004019,O004019,Card,Paid,30600.0
PAY0004020,O004020,Card,Paid,71400.0
PAY0004021,O004021,Cash on Delivery,Paid,15000.0
PAY0004022,O004022,Card,Paid,22000.0
PAY0004023,O004023,Card,Paid,84000.0
PAY0004024,O004024,Card,Paid,52000.0
PAY0004025,O004025,Card,Paid,150000.0
PAY0004026,O004026,Cash on Delivery,Paid,24000.0
PAY0004027,O004027,Card,Paid,16150.0
PAY0004028,O004028,Card,Paid,50400.0
PAY0004029,O004029,Card,Paid,45800.0
PAY0004030,O004030,Card,Paid,17000.0
PAY0004031,O004031,Card,Paid,65175.0
PAY0004032,O004032,Card,Paid,74400.0
PAY0004033,O004033,Card,Paid,34200.0
PAY0004034,O004034,Cash on Delivery,Pending,34200.0
PAY0004035,O004035,Bank Transfer,Paid,54000.0
PAY0004036,O004036,Card,Paid,25500.0
PAY0004037,O004037,Card,Paid,56000.0
PAY0004038,O004038,Bank Transfer,Paid,110500.0
PAY0004039,O004039,Wallet,Paid,16150.0
PAY0004040,O004040,Cash on Delivery,Paid,107100.0
PAY0004041,O004041,Card,Paid,5525.0
PAY0004042,O004042,Wallet,Paid,58500.0
PAY0004043,O004043,Card,Paid,45000.0
PAY0004044,O004044,Card,Paid,195000.0
PAY0004045,O004045,Cash on Delivery,Paid,12350.0
PAY0004046,O004046,Card,Paid,21600.0
PAY0004047,O004047,Wallet,Paid,166000.0
PAY0004048,O004048,Cash on Delivery,Paid,130000.0
PAY0004049,O004049,Bank Transfer,Paid,10800.0
PAY0004050,O004050,Card,Paid,52500.0
PAY0004051,O004051,Card,Paid,48600.0
PAY0004052,O004052,Wallet,Paid,53200.0
PAY0004053,O004053,Cash on Delivery,Paid,25500.0
PAY0004054,O004054,Bank Transfer,Paid,13500.0
PAY0004055,O004055,Card,Paid,65000.0
PAY0004056,O004056,Card,Paid,68700.0
PAY0004057,O004057,Cash on Delivery,Paid,17000.0
PAY0004058,O004058,Card,Paid,16150.0
PAY0004059,O004059,Wallet,Paid,48600.0
PAY0004060,O004060,Card,Paid,44000.0
PAY0004061,O004061,Card,Paid,22950.0
PAY0004062,O004062,Bank Transfer,Paid,62700.0
PAY0004063,O004063,Card,Paid,50400.0
PAY0004064,O004064,Card,Paid,18000.0
PAY0004065,O004065,Card,Paid,54000.0
PAY0004066,O004066,Cash on Delivery,Paid,34200.0
PAY0004067,O004067,Card,Paid,59400.0
PAY0004068,O004068,Cash on Delivery,Paid,14450.0
PAY0004069,O004069,Wallet,Paid,65000.0
PAY0004070,O004070,Card,Paid,156000.0
PAY0004071,O004071,Card,Paid,39600.0
PAY0004072,O004072,Card,Paid,195000.0
PAY0004073,O004073,Cash on Delivery,Paid,66000.0
PAY0004074,O004074,Cash on Delivery,Paid,52800.0
PAY0004075,O004075,Wallet,Paid,45600.0
PAY0004076,O004076,Wallet,Paid,24000.0
PAY0004077,O004077,Card,Paid,165750.0
PAY0004078,O004078,Card,Paid,52000.0
PAY0004079,O004079,Card,Paid,156000.0
PAY0004080,O004080,Cash on Delivery,Pending,7650.0
PAY0004081,O004081,Card,Paid,28000.0
PAY0004082,O004082,Bank Transfer,Paid,54000.0
PAY0004083,O004083,Cash on Delivery,Paid,185250.0
PAY0004084,O004084,Card,Paid,7650.0
PAY0004085,O004085,Bank Transfer,Paid,12150.0
PAY0004086,O004086,Cash on Delivery,Paid,4500.0
PAY0004087,O004087,Wallet,Paid,17100.0
PAY0004088,O004088,Bank Transfer,Paid,47600.0
PAY0004089,O004089,Cash on Delivery,Paid,8100.0
PAY0004090,O004090,Card,Pending,30975.0
PAY0004091,O004091,Cash on Delivery,Paid,50400.0
PAY0004092,O004092,Cash on Delivery,Paid,36000.0
PAY0004093,O004093,Bank Transfer,Paid,91750.0
PAY0004094,O004094,Bank Transfer,Pending,13000.0
PAY0004095,O004095,Wallet,Paid,11400.0
PAY0004096,O004096,Cash on Delivery,Paid,79800.0
PAY0004097,O004097,Cash on Delivery,Paid,48000.0
PAY0004098,O004098,Card,Paid,24000.0
PAY0004099,O004099,Cash on Delivery,Paid,6800.0
PAY0004100,O004100,Card,Failed,30000.0
PAY0004101,O004101,Card,Paid,21600.0
PAY0004102,O004102,Card,Paid,8500.0
PAY0004103,O004103,Cash on Delivery,Paid,4050.0
PAY0004104,O004104,Card,Paid,28000.0
PAY0004105,O004105,Card,Paid,28500.0
PAY0004106,O004106,Card,Failed,48275.0
PAY0004107,O004107,Cash on Delivery,Paid,66000.0
PAY0004108,O004108,Card,Paid,60350.0
PAY0004109,O004109,Cash on Delivery,Paid,195000.0
PAY0004110,O004110,Bank Transfer,Paid,92550.0
PAY0004111,O004111,Cash on Delivery,Paid,99000.0
PAY0004112,O004112,Card,Paid,54000.0
PAY0004113,O004113,Cash on Delivery,Paid,41500.0
PAY0004114,O004114,Wallet,Pending,13500.0
PAY0004115,O004115,Cash on Delivery,Paid,4750.0
PAY0004116,O004116,Card,Paid,99600.0
PAY0004117,O004117,Bank Transfer,Failed,12750.0
PAY0004118,O004118,Cash on Delivery,Paid,44000.0
PAY0004119,O004119,Wallet,Paid,18525.0
PAY0004120,O004120,Card,Paid,16150.0
PAY0004121,O004121,Wallet,Paid,48750.0
PAY0004122,O004122,Cash on Delivery,Paid,136350.0
PAY0004123,O004123,Cash on Delivery,Paid,36000.0
PAY0004124,O004124,Bank Transfer,Paid,45000.0
PAY0004125,O004125,Card,Paid,36000.0
PAY0004126,O004126,Card,Paid,79800.0
PAY0004127,O004127,Card,Paid,22000.0
PAY0004128,O004128,Cash on Delivery,Paid,98800.0
PAY0004129,O004129,Cash on Delivery,Pending,56000.0
PAY0004130,O004130,Wallet,Paid,24000.0
PAY0004131,O004131,Cash on Delivery,Paid,26600.0
PAY0004132,O004132,Cash on Delivery,Paid,14450.0
PAY0004133,O004133,Card,Paid,19800.0
PAY0004134,O004134,Bank Transfer,Paid,39300.0
PAY0004135,O004135,Card,Paid,17100.0
PAY0004136,O004136,Card,Paid,28000.0
PAY0004137,O004137,Card,Paid,14850.0
PAY0004138,O004138,Wallet,Paid,21600.0
PAY0004139,O004139,Cash on Delivery,Paid,55250.0
PAY0004140,O004140,Cash on Delivery,Paid,112500.0
PAY0004141,O004141,Card,Paid,28000.0
PAY0004142,O004142,Card,Paid,117000.0
PAY0004143,O004143,Wallet,Paid,32400.0
PAY0004144,O004144,Cash on Delivery,Paid,50400.0
PAY0004145,O004145,Card,Paid,75600.0
PAY0004146,O004146,Bank Transfer,Paid,48000.0
PAY0004147,O004147,Card,Paid,45000.0
PAY0004148,O004148,Cash on Delivery,Paid,7500.0
PAY0004149,O004149,Card,Paid,36000.0
PAY0004150,O004150,Bank Transfer,Paid,28000.0
PAY0004151,O004151,Wallet,Paid,52000.0
PAY0004152,O004152,Card,Paid,59400.0
PAY0004153,O004153,Bank Transfer,Paid,25200.0
PAY0004154,O004154,Wallet,Paid,156000.0
PAY0004155,O004155,Bank Transfer,Paid,55250.0
PAY0004156,O004156,Bank Transfer,Paid,12100.0
PAY0004157,O004157,Cash on Delivery,Paid,165750.0
PAY0004158,O004158,Card,Paid,52000.0
PAY0004159,O004159,Card,Paid,66000.0
PAY0004160,O004160,Card,Paid,40500.0
PAY0004161,O004161,Card,Paid,85400.0
PAY0004162,O004162,Cash on Delivery,Paid,6500.0
PAY0004163,O004163,Card,Paid,19800.0
PAY0004164,O004164,Cash on Delivery,Paid,123500.0
PAY0004165,O004165,Cash on Delivery,Paid,8500.0
PAY0004166,O004166,Card,Paid,25500.0
PAY0004167,O004167,Card,Paid,42750.0
PAY0004168,O004168,Cash on Delivery,Paid,65000.0
PAY0004169,O004169,Wallet,Paid,175500.0
PAY0004170,O004170,Cash on Delivery,Paid,7500.0
PAY0004171,O004171,Wallet,Paid,57600.0
PAY0004172,O004172,Wallet,Paid,20900.0
PAY0004173,O004173,Cash on Delivery,Paid,15300.0
PAY0004174,O004174,Cash on Delivery,Pending,12000.0
PAY0004175,O004175,Cash on Delivery,Paid,39600.0
PAY0004176,O004176,Card,Failed,55250.0
PAY0004177,O004177,Card,Paid,4500.0
PAY0004178,O004178,Card,Paid,25500.0
PAY0004179,O004179,Card,Paid,84000.0
PAY0004180,O004180,Card,Paid,113800.0
PAY0004181,O004181,Card,Paid,2250.0
PAY0004182,O004182,Bank Transfer,Paid,43925.0
PAY0004183,O004183,Card,Paid,24000.0
PAY0004184,O004184,Cash on Delivery,Paid,7650.0
PAY0004185,O004185,Card,Paid,8550.0
PAY0004186,O004186,Cash on Delivery,Paid,7225.0
PAY0004187,O004187,Cash on Delivery,Paid,87600.0
PAY0004188,O004188,Cash on Delivery,Paid,12000.0
PAY0004189,O004189,Card,Paid,84300.0
PAY0004190,O004190,Wallet,Paid,22800.0
PAY0004191,O004191,Cash on Delivery,Paid,17100.0
PAY0004192,O004192,Cash on Delivery,Paid,36000.0
PAY0004193,O004193,Card,Paid,15300.0
PAY0004194,O004194,Bank Transfer,Paid,19650.0
PAY0004195,O004195,Card,Paid,26600.0
PAY0004196,O004196,Bank Transfer,Pending,40500.0
PAY0004197,O004197,Card,Pending,52000.0
PAY0004198,O004198,Bank Transfer,Paid,4050.0
PAY0004199,O004199,Wallet,Paid,66750.0
PAY0004200,O004200,Card,Paid,156000.0
PAY0004201,O004201,Card,Paid,24000.0
PAY0004202,O004202,Bank Transfer,Paid,4500.0
PAY0004203,O004203,Cash on Delivery,Paid,25500.0
PAY0004204,O004204,Card,Paid,32100.0
PAY0004205,O004205,Cash on Delivery,Paid,32400.0
PAY0004206,O004206,Wallet,Paid,37400.0
PAY0004207,O004207,Wallet,Paid,23450.0
PAY0004208,O004208,Card,Paid,56000.0
PAY0004209,O004209,Cash on Delivery,Paid,81800.0
PAY0004210,O004210,Cash on Delivery,Paid,48000.0
PAY0004211,O004211,Card,Paid,15000.0
PAY0004212,O004212,Card,Failed,16150.0
PAY0004213,O004213,Card,Paid,48600.0
PAY0004214,O004214,Card,Paid,55250.0
PAY0004215,O004215,Cash on Delivery,Paid,13500.0
PAY0004216,O004216,Card,Paid,5850.0
PAY0004217,O004217,Cash on Delivery,Failed,4500.0
PAY0004218,O004218,Bank Transfer,Paid,71700.0
PAY0004219,O004219,Card,Paid,4050.0
PAY0004220,O004220,Cash on Delivery,Paid,36000.0
PAY0004221,O004221,Card,Paid,15000.0
PAY0004222,O004222,Cash on Delivery,Paid,131000.0
PAY0004223,O004223,Card,Paid,17000.0
PAY0004224,O004224,Cash on Delivery,Paid,13500.0
PAY0004225,O004225,Cash on Delivery,Paid,54000.0
PAY0004226,O004226,Cash on Delivery,Paid,14250.0
PAY0004227,O004227,Card,Paid,52000.0
PAY0004228,O004228,Wallet,Paid,49400.0
PAY0004229,O004229,Cash on Delivery,Paid,18000.0
PAY0004230,O004230,Cash on Delivery,Paid,17580.0
PAY0004231,O004231,Cash on Delivery,Paid,65400.0
PAY0004232,O004232,Wallet,Paid,25500.0
PAY0004233,O004233,Cash on Delivery,Paid,7500.0
PAY0004234,O004234,Cash on Delivery,Paid,13500.0
PAY0004235,O004235,Cash on Delivery,Paid,24000.0
PAY0004236,O004236,Cash on Delivery,Paid,28500.0
PAY0004237,O004237,Cash on Delivery,Paid,8500.0
PAY0004238,O004238,Cash on Delivery,Paid,4500.0
PAY0004239,O004239,Cash on Delivery,Paid,24000.0
PAY0004240,O004240,Bank Transfer,Paid,12000.0
PAY0004241,O004241,Cash on Delivery,Paid,75300.0
PAY0004242,O004242,Card,Paid,72000.0
PAY0004243,O004243,Cash on Delivery,Paid,51300.0
PAY0004244,O004244,Cash on Delivery,Paid,17000.0
PAY0004245,O004245,Cash on Delivery,Paid,8500.0
PAY0004246,O004246,Cash on Delivery,Paid,125600.0
PAY0004247,O004247,Card,Paid,38400.0
PAY0004248,O004248,Card,Paid,58500.0
PAY0004249,O004249,Bank Transfer,Failed,15000.0
PAY0004250,O004250,Card,Paid,140400.0
PAY0004251,O004251,Card,Paid,20900.0
PAY0004252,O004252,Wallet,Paid,13500.0
PAY0004253,O004253,Card,Paid,30000.0
PAY0004254,O004254,Card,Paid,84000.0
PAY0004255,O004255,Card,Paid,12000.0
PAY0004256,O004256,Card,Paid,38250.0
PAY0004257,O004257,Card,Paid,-20900.0
PAY0004258,O004258,Card,Paid,49400.0
PAY0004259,O004259,Card,Paid,36900.0
PAY0004260,O004260,Wallet,Paid,6500.0
PAY0004261,O004261,Cash on Delivery,Paid,25500.0
PAY0004262,O004262,Card,Paid,52000.0
PAY0004263,O004263,Wallet,Paid,84000.0
PAY0004264,O004264,Bank Transfer,Paid,13000.0
PAY0004265,O004265,Card,Failed,54000.0
PAY0004266,O004266,Card,Paid,62700.0
PAY0004267,O004267,Card,Paid,25500.0
PAY0004268,O004268,Cash on Delivery,Paid,41800.0
PAY0004269,O004269,Cash on Delivery,Paid,20400.0
PAY0004270,O004270,Bank Transfer,Paid,20400.0
PAY0004271,O004271,Cash on Delivery,Paid,9000.0
PAY0004272,O004272,Card,Paid,79800.0
PAY0004273,O004273,Card,Paid,67700.0
PAY0004274,O004274,Cash on Delivery,Paid,135850.0
PAY0004275,O004275,Card,Paid,25500.0
PAY0004276,O004276,Card,Pending,22000.0
PAY0004277,O004277,Card,Paid,50400.0
PAY0004278,O004278,Bank Transfer,Paid,66000.0
PAY0004279,O004279,Cash on Delivery,Paid,38250.0
PAY0004280,O004280,Card,Pending,56000.0
PAY0004281,O004281,Card,Paid,104000.0
PAY0004282,O004282,Cash on Delivery,Paid,12350.0
PAY0004283,O004283,Cash on Delivery,Paid,84000.0
PAY0004284,O004284,Cash on Delivery,Paid,195000.0
PAY0004285,O004285,Cash on Delivery,Paid,14400.0
PAY0004286,O004286,Cash on Delivery,Paid,22800.0
PAY0004287,O004287,Card,Paid,99200.0
PAY0004288,O004288,Cash on Delivery,Paid,45600.0
PAY0004289,O004289,Card,Paid,32450.0
PAY0004290,O004290,Bank Transfer,Pending,25600.0
PAY0004291,O004291,Bank Transfer,Paid,25500.0
PAY0004292,O004292,Card,Paid,12000.0
PAY0004293,O004293,Card,Paid,32200.0
PAY0004294,O004294,Bank Transfer,Paid,118250.0
PAY0004295,O004295,Cash on Delivery,Paid,4750.0
PAY0004296,O004296,Card,Paid,13500.0
PAY0004297,O004297,Card,Paid,8500.0
PAY0004298,O004298,Card,Paid,65000.0
PAY0004299,O004299,Card,Paid,84350.0
PAY0004300,O004300,Wallet,Paid,17000.0
PAY0004301,O004301,Cash on Delivery,Paid,18000.0
PAY0004302,O004302,Cash on Delivery,Paid,32400.0
PAY0004303,O004303,Wallet,Paid,69500.0
PAY0004304,O004304,Card,Paid,134500.0
PAY0004305,O004305,Bank Transfer,Paid,8500.0
PAY0004306,O004306,Bank Transfer,Paid,25200.0
PAY0004307,O004307,Card,Paid,8500.0
PAY0004308,O004308,Wallet,Paid,11700.0
PAY0004309,O004309,Bank Transfer,Paid,19800.0
PAY0004310,O004310,Card,Paid,93600.0
PAY0004311,O004311,Card,Paid,144400.0
PAY0004312,O004312,Card,Paid,5000.0
PAY0004313,O004313,Bank Transfer,Paid,75600.0
PAY0004314,O004314,Card,Paid,42350.0
PAY0004315,O004315,Card,Paid,128050.0
PAY0004316,O004316,Cash on Delivery,Paid,4500.0
PAY0004317,O004317,Cash on Delivery,Paid,26600.0
PAY0004318,O004318,Card,Paid,165750.0
PAY0004319,O004319,Card,Paid,274800.0
PAY0004320,O004320,Cash on Delivery,Paid,102600.0
PAY0004321,O004321,Cash on Delivery,Paid,196000.0
PAY0004322,O004322,Cash on Delivery,Pending,51300.0
PAY0004323,O004323,Card,Paid,166000.0
PAY0004324,O004324,Card,Paid,104000.0
PAY0004325,O004325,Wallet,Paid,66000.0
PAY0004326,O004326,Card,Paid,130000.0
PAY0004327,O004327,Card,Paid,13500.0
PAY0004328,O004328,Card,Paid,13500.0
PAY0004329,O004329,Card,Paid,7650.0
PAY0004330,O004330,Card,Paid,54000.0
PAY0004331,O004331,Wallet,Paid,8500.0
PAY0004332,O004332,Card,Paid,72000.0
PAY0004333,O004333,Cash on Delivery,Paid,-24000.0
PAY0004334,O004334,Card,Paid,4750.0
PAY0004335,O004335,Card,Paid,30600.0
PAY0004336,O004336,Bank Transfer,Paid,84000.0
PAY0004337,O004337,Cash on Delivery,Pending,18000.0
PAY0004338,O004338,Card,Paid,22000.0
PAY0004339,O004339,Card,Paid,25550.0
PAY0004340,O004340,Card,Paid,42750.0
PAY0004341,O004341,Bank Transfer,Paid,13600.0
PAY0004342,O004342,Bank Transfer,Paid,15000.0
PAY0004343,O004343,Bank Transfer,Paid,4275.0
PAY0004344,O004344,Card,Paid,6750.0
PAY0004345,O004345,Cash on Delivery,Paid,32400.0
PAY0004346,O004346,Cash on Delivery,Paid,38400.0
PAY0004347,O004347,Bank Transfer,Paid,11475.0
PAY0004348,O004348,Cash on Delivery,Paid,22800.0
PAY0004349,O004349,Card,Paid,17000.0
PAY0004350,O004350,Cash on Delivery,Paid,56000.0
PAY0004351,O004351,Bank Transfer,Paid,66000.0
PAY0004352,O004352,Bank Transfer,Paid,58500.0
PAY0004353,O004353,Wallet,Paid,13500.0
PAY0004354,O004354,Bank Transfer,Paid,20900.0
PAY0004355,O004355,Card,Paid,17000.0
PAY0004356,O004356,Card,Paid,26600.0
PAY0004357,O004357,Card,Paid,13500.0
PAY0004358,O004358,Card,Paid,74100.0
PAY0004359,O004359,Cash on Delivery,Paid,13500.0
PAY0004360,O004360,Card,Paid,17000.0
PAY0004361,O004361,Card,Paid,26075.0
PAY0004362,O004362,Card,Paid,65400.0
PAY0004363,O004363,Wallet,Paid,48000.0
PAY0004364,O004364,Bank Transfer,Paid,20125.0
PAY0004365,O004365,Card,Paid,48600.0
PAY0004366,O004366,Bank Transfer,Paid,62550.0
PAY0004367,O004367,Wallet,Paid,235800.0
PAY0004368,O004368,Bank Transfer,Paid,185250.0
PAY0004369,O004369,Card,Paid,175500.0
PAY0004370,O004370,Card,Paid,238200.0
PAY0004371,O004371,Bank Transfer,Paid,12150.0
PAY0004372,O004372,Card,Paid,183600.0
PAY0004373,O004373,Card,Paid,130000.0
PAY0004374,O004374,Card,Paid,45000.0
PAY0004375,O004375,Card,Paid,20400.0
PAY0004376,O004376,Card,Paid,2375.0
PAY0004377,O004377,Card,Failed,49300.0
PAY0004378,O004378,Card,Paid,4500.0
PAY0004379,O004379,Cash on Delivery,Paid,41850.0
PAY0004380,O004380,Wallet,Paid,20400.0
PAY0004381,O004381,Card,Paid,16150.0
PAY0004382,O004382,Cash on Delivery,Paid,12825.0
PAY0004383,O004383,Card,Paid,48000.0
PAY0004384,O004384,Cash on Delivery,Paid,4750.0
PAY0004385,O004385,Card,Pending,24225.0
PAY0004386,O004386,Bank Transfer,Paid,262200.0
PAY0004387,O004387,Card,Paid,11700.0
PAY0004388,O004388,Card,Paid,4275.0
PAY0004389,O004389,Cash on Delivery,Paid,18525.0
PAY0004390,O004390,Cash on Delivery,Paid,98500.0
PAY0004391,O004391,Cash on Delivery,Paid,65000.0
PAY0004392,O004392,Card,Paid,52000.0
PAY0004393,O004393,Cash on Delivery,Paid,21600.0
PAY0004394,O004394,Wallet,Paid,15300.0
PAY0004395,O004395,Cash on Delivery,Paid,13000.0
PAY0004396,O004396,Card,Paid,28000.0
PAY0004397,O004397,Wallet,Paid,28000.0
PAY0004398,O004398,Cash on Delivery,Paid,40500.0
PAY0004399,O004399,Cash on Delivery,Pending,55500.0
PAY0004400,O004400,Card,Paid,22800.0
PAY0004401,O004401,Card,Paid,17000.0
PAY0004402,O004402,Cash on Delivery,Paid,30600.0
PAY0004403,O004403,Cash on Delivery,Failed,12150.0
PAY0004404,O004404,Card,Paid,104400.0
PAY0004405,O004405,Cash on Delivery,Paid,50400.0
PAY0004406,O004406,Card,Pending,2000.0
PAY0004407,O004407,Bank Transfer,Paid,156000.0
PAY0004408,O004408,Card,Paid,26600.0
PAY0004409,O004409,Wallet,Paid,32400.0
PAY0004410,O004410,Bank Transfer,Paid,25500.0
PAY0004411,O004411,Bank Transfer,Paid,79800.0
PAY0004412,O004412,Card,Paid,15000.0
PAY0004413,O004413,Card,Paid,34200.0
PAY0004414,O004414,Bank Transfer,Paid,15300.0
PAY0004415,O004415,Bank Transfer,Paid,38325.0
PAY0004416,O004416,Cash on Delivery,Paid,86500.0
PAY0004417,O004417,Card,Paid,148200.0
PAY0004418,O004418,Cash on Delivery,Paid,68400.0
PAY0004419,O004419,Cash on Delivery,Paid,13000.0
PAY0004420,O004420,Bank Transfer,Paid,13500.0
PAY0004421,O004421,Cash on Delivery,Paid,15300.0
PAY0004422,O004422,Bank Transfer,Paid,84000.0
PAY0004423,O004423,Cash on Delivery,Paid,12750.0
PAY0004424,O004424,Bank Transfer,Paid,130000.0
PAY0004425,O004425,Bank Transfer,Paid,50900.0
PAY0004426,O004426,Card,Paid,22950.0
PAY0004427,O004427,Bank Transfer,Paid,9000.0
PAY0004428,O004428,Cash on Delivery,Paid,78900.0
PAY0004429,O004429,Cash on Delivery,Failed,30600.0
PAY0004430,O004430,Card,Paid,67950.0
PAY0004431,O004431,Bank Transfer,Paid,132600.0
PAY0004432,O004432,Card,Paid,24225.0
PAY0004433,O004433,Card,Paid,6750.0
PAY0004434,O004434,Card,Paid,45900.0
PAY0004435,O004435,Bank Transfer,Paid,30600.0
PAY0004436,O004436,Card,Paid,18000.0
PAY0004437,O004437,Cash on Delivery,Paid,15000.0
PAY0004438,O004438,Wallet,Paid,15000.0
PAY0004439,O004439,Cash on Delivery,Paid,25200.0
PAY0004440,O004440,Bank Transfer,Pending,114000.0
PAY0004441,O004441,Card,Paid,6750.0
PAY0004442,O004442,Card,Paid,13500.0
PAY0004443,O004443,Card,Paid,26600.0
PAY0004444,O004444,Bank Transfer,Paid,71400.0
PAY0004445,O004445,Bank Transfer,Paid,116350.0
PAY0004446,O004446,Card,Paid,28500.0
PAY0004447,O004447,Wallet,Paid,148200.0
PAY0004448,O004448,Cash on Delivery,Pending,18525.0
PAY0004449,O004449,Bank Transfer,Paid,15300.0
PAY0004450,O004450,Card,Paid,11050.0
PAY0004451,O004451,Bank Transfer,Paid,79750.0
PAY0004452,O004452,Cash on Delivery,Paid,45000.0
PAY0004453,O004453,Card,Paid,96600.0
PAY0004454,O004454,Card,Paid,68400.0
PAY0004455,O004455,Cash on Delivery,Paid,205200.0
PAY0004456,O004456,Cash on Delivery,Paid,20900.0
PAY0004457,O004457,Card,Paid,45600.0
PAY0004458,O004458,Card,Paid,19500.0
PAY0004459,O004459,Card,Paid,43500.0
PAY0004460,O004460,Card,Paid,56000.0
PAY0004461,O004461,Wallet,Paid,104000.0
PAY0004462,O004462,Bank Transfer,Paid,56000.0
PAY0004463,O004463,Card,Paid,65000.0
PAY0004464,O004464,Bank Transfer,Paid,49400.0
PAY0004465,O004465,Cash on Delivery,Paid,157700.0
PAY0004466,O004466,Card,Failed,66000.0
PAY0004467,O004467,Bank Transfer,Paid,37400.0
PAY0004468,O004468,Card,Paid,213200.0
PAY0004469,O004469,Cash on Delivery,Paid,72000.0
PAY0004470,O004470,Bank Transfer,Paid,43200.0
PAY0004471,O004471,Bank Transfer,Paid,24000.0
PAY0004472,O004472,Card,Pending,148200.0
PAY0004473,O004473,Cash on Delivery,Failed,175500.0
PAY0004474,O004474,Bank Transfer,Paid,21675.0
PAY0004475,O004475,Bank Transfer,Paid,34200.0
PAY0004476,O004476,Card,Paid,48000.0
PAY0004477,O004477,Card,Paid,16150.0
PAY0004478,O004478,Card,Paid,43200.0
PAY0004479,O004479,Card,Paid,6500.0
PAY0004480,O004480,Bank Transfer,Paid,25500.0
PAY0004481,O004481,Card,Paid,75600.0
PAY0004482,O004482,Wallet,Paid,43200.0
PAY0004483,O004483,Card,Paid,44000.0
PAY0004484,O004484,Card,Paid,28800.0
PAY0004485,O004485,Card,Paid,108300.0
PAY0004486,O004486,Bank Transfer,Paid,66000.0
PAY0004487,O004487,Card,Paid,10325.0
PAY0004488,O004488,Wallet,Paid,27000.0
PAY0004489,O004489,Card,Paid,62700.0
PAY0004490,O004490,Bank Transfer,Paid,29175.0
PAY0004491,O004491,Card,Paid,179350.0
PAY0004492,O004492,Bank Transfer,Paid,66000.0
PAY0004493,O004493,Cash on Delivery,Paid,117000.0
PAY0004494,O004494,Bank Transfer,Paid,34200.0
PAY0004495,O004495,Cash on Delivery,Paid,124200.0
PAY0004496,O004496,Card,Paid,26600.0
PAY0004497,O004497,Card,Paid,40500.0
PAY0004498,O004498,Card,Paid,13500.0
PAY0004499,O004499,Cash on Delivery,Paid,76900.0
PAY0004500,O004500,Bank Transfer,Paid,14450.0
PAY0004501,O004501,Card,Paid,56100.0
PAY0004502,O004502,Card,Paid,52000.0
PAY0004503,O004503,Card,Failed,25200.0
PAY0004504,O004504,Bank Transfer,Paid,36000.0
PAY0004505,O004505,Card,Paid,49400.0
PAY0004506,O004506,Cash on Delivery,Paid,42750.0
PAY0004507,O004507,Cash on Delivery,Paid,203075.0
PAY0004508,O004508,Cash on Delivery,Paid,20500.0
PAY0004509,O004509,Cash on Delivery,Paid,52000.0
PAY0004510,O004510,Cash on Delivery,Paid,33275.0
PAY0004511,O004511,Wallet,Paid,11050.0
PAY0004512,O004512,Cash on Delivery,Paid,11050.0
PAY0004513,O004513,Bank Transfer,Paid,15300.0
PAY0004514,O004514,Cash on Delivery,Paid,150400.0
PAY0004515,O004515,Cash on Delivery,Paid,2500.0
PAY0004516,O004516,Bank Transfer,Paid,28500.0
PAY0004517,O004517,Wallet,Paid,91500.0
PAY0004518,O004518,Card,Pending,28500.0
PAY0004519,O004519,Cash on Delivery,Paid,99300.0
PAY0004520,O004520,Card,Paid,12000.0
PAY0004521,O004521,Card,Paid,15000.0
PAY0004522,O004522,Bank Transfer,Paid,46800.0
PAY0004523,O004523,Wallet,Paid,66000.0
PAY0004524,O004524,Cash on Delivery,Paid,62700.0
PAY0004525,O004525,Card,Paid,22800.0
PAY0004526,O004526,Bank Transfer,Paid,172150.0
PAY0004527,O004527,Wallet,Paid,11050.0
PAY0004528,O004528,Wallet,Paid,83400.0
PAY0004529,O004529,Bank Transfer,Paid,22800.0
PAY0004530,O004530,Cash on Delivery,Paid,4500.0
PAY0004531,O004531,Card,Paid,12000.0
PAY0004532,O004532,Card,Paid,2250.0
PAY0004533,O004533,Card,Paid,75600.0
PAY0004534,O004534,Card,Paid,204750.0
PAY0004535,O004535,Card,Paid,42750.0
PAY0004536,O004536,Cash on Delivery,Pending,32400.0
PAY0004537,O004537,Bank Transfer,Paid,24225.0
PAY0004538,O004538,Bank Transfer,Paid,119300.0
PAY0004539,O004539,Card,Paid,28500.0
PAY0004540,O004540,Card,Paid,22000.0
PAY0004541,O004541,Wallet,Paid,8500.0
PAY0004542,O004542,Wallet,Pending,4050.0
PAY0004543,O004543,Wallet,Paid,156000.0
PAY0004544,O004544,Wallet,Paid,6175.0
PAY0004545,O004545,Card,Paid,14250.0
PAY0004546,O004546,Bank Transfer,Paid,175500.0
PAY0004547,O004547,Card,Pending,24000.0
PAY0004548,O004548,Card,Failed,50400.0
PAY0004549,O004549,Cash on Delivery,Paid,65000.0
PAY0004550,O004550,Bank Transfer,Paid,52000.0
PAY0004551,O004551,Cash on Delivery,Paid,8500.0
PAY0004552,O004552,Card,Paid,18000.0
PAY0004553,O004553,Wallet,Paid,110500.0
PAY0004554,O004554,Card,Paid,35100.0
PAY0004555,O004555,Bank Transfer,Paid,18700.0
PAY0004556,O004556,Bank Transfer,Paid,17000.0
PAY0004557,O004557,Card,Pending,123500.0
PAY0004558,O004558,Cash on Delivery,Paid,15000.0
PAY0004559,O004559,Card,Paid,15000.0
PAY0004560,O004560,Bank Transfer,Paid,65000.0
PAY0004561,O004561,Bank Transfer,Paid,18000.0
PAY0004562,O004562,Card,Paid,58200.0
PAY0004563,O004563,Cash on Delivery,Paid,22800.0
PAY0004564,O004564,Card,Paid,35550.0
PAY0004565,O004565,Cash on Delivery,Paid,50400.0
PAY0004566,O004566,Cash on Delivery,Paid,45150.0
PAY0004567,O004567,Bank Transfer,Paid,4500.0
PAY0004568,O004568,Cash on Delivery,Paid,42750.0
PAY0004569,O004569,Cash on Delivery,Paid,46800.0
PAY0004570,O004570,Card,Paid,24000.0
PAY0004571,O004571,Cash on Delivery,Paid,110500.0
PAY0004572,O004572,Card,Paid,19300.0
PAY0004573,O004573,Cash on Delivery,Paid,19800.0
PAY0004574,O004574,Card,Paid,27000.0
PAY0004575,O004575,Wallet,Paid,12350.0
PAY0004576,O004576,Card,Paid,2250.0
PAY0004577,O004577,Wallet,Paid,25500.0
PAY0004578,O004578,Card,Paid,98800.0
PAY0004579,O004579,Cash on Delivery,Paid,32400.0
PAY0004580,O004580,Card,Paid,36000.0
PAY0004581,O004581,Wallet,Paid,63500.0
PAY0004582,O004582,Cash on Delivery,Paid,8500.0
PAY0004583,O004583,Card,Paid,6175.0
PAY0004584,O004584,Card,Paid,9600.0
PAY0004585,O004585,Bank Transfer,Paid,11050.0
PAY0004586,O004586,Bank Transfer,Paid,27850.0
PAY0004587,O004587,Bank Transfer,Pending,17000.0
PAY0004588,O004588,Cash on Delivery,Paid,64075.0
PAY0004589,O004589,Wallet,Paid,15000.0
PAY0004590,O004590,Cash on Delivery,Failed,13500.0
PAY0004591,O004591,Card,Paid,40500.0
PAY0004592,O004592,Card,Paid,195000.0
PAY0004593,O004593,Cash on Delivery,Paid,21675.0
PAY0004594,O004594,Bank Transfer,Paid,36500.0
PAY0004595,O004595,Cash on Delivery,Paid,18000.0
PAY0004596,O004596,Card,Paid,54000.0
PAY0004597,O004597,Cash on Delivery,Paid,65000.0
PAY0004598,O004598,Card,Paid,44000.0
PAY0004599,O004599,Wallet,Paid,90500.0
PAY0004600,O004600,Card,Paid,22400.0
PAY0004601,O004601,Wallet,Paid,36000.0
PAY0004602,O004602,Card,Paid,16150.0
PAY0004603,O004603,Cash on Delivery,Paid,66000.0
PAY0004604,O004604,Cash on Delivery,Paid,130000.0
PAY0004605,O004605,Bank Transfer,Paid,40800.0
PAY0004606,O004606,Cash on Delivery,Paid,66000.0
PAY0004607,O004607,Cash on Delivery,Paid,8075.0
PAY0004608,O004608,Card,Paid,20900.0
PAY0004609,O004609,Card,Paid,48000.0
PAY0004610,O004610,Cash on Delivery,Paid,21600.0
PAY0004611,O004611,Card,Paid,40800.0
PAY0004612,O004612,Bank Transfer,Paid,8500.0
PAY0004613,O004613,Bank Transfer,Paid,98800.0
PAY0004614,O004614,Card,Paid,72150.0
PAY0004615,O004615,Card,Paid,12000.0
PAY0004616,O004616,Cash on Delivery,Paid,72000.0
PAY0004617,O004617,Card,Paid,33475.0
PAY0004618,O004618,Card,Paid,26600.0
PAY0004619,O004619,Cash on Delivery,Paid,12000.0
PAY0004620,O004620,Card,Paid,185250.0
PAY0004621,O004621,Card,Paid,54000.0
PAY0004622,O004622,Card,Paid,41800.0
PAY0004623,O004623,Card,Pending,53200.0
PAY0004624,O004624,Wallet,Paid,21600.0
PAY0004625,O004625,Cash on Delivery,Pending,43200.0
PAY0004626,O004626,Card,Paid,11400.0
PAY0004627,O004627,Cash on Delivery,Paid,54000.0
PAY0004628,O004628,Cash on Delivery,Pending,40400.0
PAY0004629,O004629,Cash on Delivery,Paid,22000.0
PAY0004630,O004630,Cash on Delivery,Paid,15300.0
PAY0004631,O004631,Bank Transfer,Paid,87975.0
PAY0004632,O004632,Bank Transfer,Paid,22000.0
PAY0004633,O004633,Card,Paid,70800.0
PAY0004634,O004634,Cash on Delivery,Pending,14250.0
PAY0004635,O004635,Cash on Delivery,Paid,195000.0
PAY0004636,O004636,Card,Paid,78200.0
PAY0004637,O004637,Wallet,Paid,26600.0
PAY0004638,O004638,Wallet,Paid,8500.0
PAY0004639,O004639,Cash on Delivery,Paid,44200.0
PAY0004640,O004640,Card,Paid,41600.0
PAY0004641,O004641,Card,Paid,23800.0
PAY0004642,O004642,Card,Paid,56000.0
PAY0004643,O004643,Cash on Delivery,Paid,10800.0
PAY0004644,O004644,Card,Paid,58050.0
PAY0004645,O004645,Bank Transfer,Paid,2500.0
PAY0004646,O004646,Wallet,Paid,19500.0
PAY0004647,O004647,Card,Paid,194500.0
PAY0004648,O004648,Wallet,Paid,26100.0
PAY0004649,O004649,Cash on Delivery,Paid,156000.0
PAY0004650,O004650,Card,Paid,45600.0
PAY0004651,O004651,Card,Paid,15000.0
PAY0004652,O004652,Card,Paid,36300.0
PAY0004653,O004653,Bank Transfer,Paid,46800.0
PAY0004654,O004654,Cash on Delivery,Paid,62240.0
PAY0004655,O004655,Bank Transfer,Paid,8500.0
PAY0004656,O004656,Card,Paid,13000.0
PAY0004657,O004657,Bank Transfer,Paid,104000.0
PAY0004658,O004658,Cash on Delivery,Paid,16150.0
PAY0004659,O004659,Card,Paid,45000.0
PAY0004660,O004660,Card,Paid,71400.0
PAY0004661,O004661,Cash on Delivery,Paid,25500.0
PAY0004662,O004662,Wallet,Paid,28500.0
PAY0004663,O004663,Bank Transfer,Paid,8500.0
PAY0004664,O004664,Wallet,Failed,3825.0
PAY0004665,O004665,Card,Paid,61750.0
PAY0004666,O004666,Cash on Delivery,Paid,8100.0
PAY0004667,O004667,Card,Paid,67900.0
PAY0004668,O004668,Card,Paid,15000.0
PAY0004669,O004669,Card,Paid,52000.0
PAY0004670,O004670,Cash on Delivery,Pending,40500.0
PAY0004671,O004671,Bank Transfer,Paid,28775.0
PAY0004672,O004672,Cash on Delivery,Paid,87300.0
PAY0004673,O004673,Cash on Delivery,Paid,18700.0
PAY0004674,O004674,Card,Paid,52000.0
PAY0004675,O004675,Cash on Delivery,Paid,40400.0
PAY0004676,O004676,Card,Paid,11050.0
PAY0004677,O004677,Card,Paid,27000.0
PAY0004678,O004678,Cash on Delivery,Paid,117000.0
PAY0004679,O004679,Wallet,Paid,17000.0
PAY0004680,O004680,Wallet,Paid,57000.0
PAY0004681,O004681,Bank Transfer,Paid,84000.0
PAY0004682,O004682,Card,Paid,76800.0
PAY0004683,O004683,Bank Transfer,Paid,24000.0
PAY0004684,O004684,Wallet,Paid,34200.0
PAY0004685,O004685,Card,Paid,53200.0
PAY0004686,O004686,Cash on Delivery,Paid,38000.0
PAY0004687,O004687,Card,Paid,100700.0
PAY0004688,O004688,Bank Transfer,Paid,41400.0
PAY0004689,O004689,Cash on Delivery,Paid,3825.0
PAY0004690,O004690,Wallet,Paid,16200.0
PAY0004691,O004691,Card,Paid,216000.0
PAY0004692,O004692,Card,Paid,91200.0
PAY0004693,O004693,Cash on Delivery,Paid,54000.0
PAY0004694,O004694,Card,Paid,8075.0
PAY0004695,O004695,Wallet,Paid,56100.0
PAY0004696,O004696,Cash on Delivery,Paid,15300.0
PAY0004697,O004697,Cash on Delivery,Paid,8550.0
PAY0004698,O004698,Card,Paid,197600.0
PAY0004699,O004699,Bank Transfer,Paid,66000.0
PAY0004700,O004700,Wallet,Paid,12960.0
PAY0004701,O004701,Bank Transfer,Paid,148200.0
PAY0004702,O004702,Cash on Delivery,Failed,25500.0
PAY0004703,O004703,Cash on Delivery,Paid,11050.0
PAY0004704,O004704,Cash on Delivery,Paid,12825.0
PAY0004705,O004705,Card,Paid,8500.0
PAY0004706,O004706,Bank Transfer,Paid,43725.0
PAY0004707,O004707,Card,Paid,132600.0
PAY0004708,O004708,Card,Paid,12150.0
PAY0004709,O004709,Wallet,Paid,15600.0
PAY0004710,O004710,Bank Transfer,Paid,190775.0
PAY0004711,O004711,Cash on Delivery,Paid,13500.0
PAY0004712,O004712,Card,Paid,53200.0
PAY0004713,O004713,Bank Transfer,Paid,19450.0
PAY0004714,O004714,Cash on Delivery,Paid,4050.0
PAY0004715,O004715,Cash on Delivery,Paid,25500.0
PAY0004716,O004716,Card,Paid,24000.0
PAY0004717,O004717,Cash on Delivery,Paid,13500.0
PAY0004718,O004718,Card,Paid,25500.0
PAY0004719,O004719,Card,Paid,5525.0
PAY0004720,O004720,Cash on Delivery,Paid,9000.0
PAY0004721,O004721,Bank Transfer,Paid,36000.0
PAY0004722,O004722,Card,Paid,48300.0
PAY0004723,O004723,Card,Paid,25200.0
PAY0004724,O004724,Bank Transfer,Paid,7225.0
PAY0004725,O004725,Bank Transfer,Paid,123500.0
PAY0004726,O004726,Cash on Delivery,Paid,25975.0
PAY0004727,O004727,Cash on Delivery,Paid,171300.0
PAY0004728,O004728,Card,Paid,44000.0
PAY0004729,O004729,Bank Transfer,Paid,2500.0
PAY0004730,O004730,Bank Transfer,Paid,20900.0
PAY0004731,O004731,Cash on Delivery,Paid,51300.0
PAY0004732,O004732,Bank Transfer,Paid,195000.0
PAY0004733,O004733,Cash on Delivery,Paid,7225.0
PAY0004734,O004734,Card,Paid,12825.0
PAY0004735,O004735,Card,Paid,8550.0
PAY0004736,O004736,Card,Paid,34200.0
PAY0004737,O004737,Wallet,Pending,56000.0
PAY0004738,O004738,Wallet,Paid,4275.0
PAY0004739,O004739,Card,Paid,71400.0
PAY0004740,O004740,Card,Paid,132600.0
PAY0004741,O004741,Wallet,Paid,15000.0
PAY0004742,O004742,Cash on Delivery,Paid,48600.0
PAY0004743,O004743,Bank Transfer,Paid,22950.0
PAY0004744,O004744,Card,Paid,185250.0
PAY0004745,O004745,Card,Paid,140400.0
PAY0004746,O004746,Card,Paid,132875.0
PAY0004747,O004747,Cash on Delivery,Paid,66000.0
PAY0004748,O004748,Wallet,Paid,112500.0
PAY0004749,O004749,Bank Transfer,Paid,42750.0
PAY0004750,O004750,Card,Paid,130000.0
PAY0004751,O004751,Card,Paid,48000.0
PAY0004752,O004752,Bank Transfer,Paid,117000.0
PAY0004753,O004753,Cash on Delivery,Pending,2375.0
PAY0004754,O004754,Cash on Delivery,Paid,130000.0
PAY0004755,O004755,Card,Paid,39525.0
PAY0004756,O004756,Cash on Delivery,Pending,13500.0
PAY0004757,O004757,Card,Paid,12350.0
PAY0004758,O004758,Card,Paid,4500.0
PAY0004759,O004759,Bank Transfer,Paid,52500.0
PAY0004760,O004760,Cash on Delivery,Paid,84000.0
PAY0004761,O004761,Card,Paid,4250.0
PAY0004762,O004762,Card,Paid,4050.0
PAY0004763,O004763,Card,Paid,24500.0
PAY0004764,O004764,Card,Paid,13500.0
PAY0004765,O004765,Card,Paid,25500.0
PAY0004766,O004766,Cash on Delivery,Paid,30600.0
PAY0004767,O004767,Card,Paid,13500.0
PAY0004768,O004768,Cash on Delivery,Paid,32000.0
PAY0004769,O004769,Cash on Delivery,Paid,40550.0
PAY0004770,O004770,Wallet,Paid,24000.0
PAY0004771,O004771,Cash on Delivery,Paid,18525.0
PAY0004772,O004772,Bank Transfer,Paid,83750.0
PAY0004773,O004773,Wallet,Paid,52000.0
PAY0004774,O004774,Cash on Delivery,Paid,93600.0
PAY0004775,O004775,Card,Pending,4750.0
PAY0004776,O004776,Card,Paid,122800.0
PAY0004777,O004777,Cash on Delivery,Paid,25500.0
PAY0004778,O004778,Card,Paid,18700.0
PAY0004779,O004779,Card,Paid,83200.0
PAY0004780,O004780,Card,Paid,106375.0
PAY0004781,O004781,Card,Paid,117000.0
PAY0004782,O004782,Card,Paid,21600.0
PAY0004783,O004783,Wallet,Paid,62700.0
PAY0004784,O004784,Card,Paid,15000.0
PAY0004785,O004785,Card,Pending,62700.0
PAY0004786,O004786,Wallet,Paid,45000.0
PAY0004787,O004787,Bank Transfer,Paid,42750.0
PAY0004788,O004788,Wallet,Paid,12825.0
PAY0004789,O004789,Bank Transfer,Paid,56000.0
PAY0004790,O004790,Cash on Delivery,Paid,92900.0
PAY0004791,O004791,Card,Paid,8500.0
PAY0004792,O004792,Bank Transfer,Paid,15000.0
PAY0004793,O004793,Card,Paid,45000.0
PAY0004794,O004794,Card,Paid,14250.0
PAY0004795,O004795,Bank Transfer,Paid,25500.0
PAY0004796,O004796,Card,Paid,84000.0
PAY0004797,O004797,Card,Paid,36000.0
PAY0004798,O004798,Cash on Delivery,Paid,22400.0
PAY0004799,O004799,Card,Paid,45600.0
PAY0004800,O004800,Card,Paid,22800.0
PAY0004801,O004801,Cash on Delivery,Paid,8075.0
PAY0004802,O004802,Card,Paid,41800.0
PAY0004803,O004803,Wallet,Pending,56000.0
PAY0004804,O004804,Card,Paid,72000.0
PAY0004805,O004805,Card,Paid,31800.0
PAY0004806,O004806,Bank Transfer,Paid,48000.0
PAY0004807,O004807,Card,Paid,46700.0
PAY0004808,O004808,Bank Transfer,Paid,30600.0
PAY0004809,O004809,Bank Transfer,Paid,60900.0
PAY0004810,O004810,Card,Paid,36000.0
PAY0004811,O004811,Cash on Delivery,Paid,156000.0
PAY0004812,O004812,Card,Paid,40500.0
PAY0004813,O004813,Wallet,Paid,138000.0
PAY0004814,O004814,Wallet,Paid,11700.0
PAY0004815,O004815,Card,Paid,15300.0
PAY0004816,O004816,Wallet,Paid,65000.0
PAY0004817,O004817,Card,Paid,43000.0
PAY0004818,O004818,Cash on Delivery,Paid,185250.0
PAY0004819,O004819,Card,Pending,48000.0
PAY0004820,O004820,Card,Paid,55250.0
PAY0004821,O004821,Card,Paid,25500.0
PAY0004822,O004822,Cash on Delivery,Paid,65000.0
PAY0004823,O004823,Card,Paid,28000.0
PAY0004824,O004824,Cash on Delivery,Paid,48000.0
PAY0004825,O004825,Wallet,Paid,69350.0
PAY0004826,O004826,Bank Transfer,Paid,4050.0
PAY0004827,O004827,Card,Paid,195000.0
PAY0004828,O004828,Card,Paid,36000.0
PAY0004829,O004829,Bank Transfer,Paid,13175.0
PAY0004830,O004830,Cash on Delivery,Paid,20900.0
PAY0004831,O004831,Card,Paid,147000.0
PAY0004832,O004832,Card,Paid,10800.0
PAY0004833,O004833,Wallet,Paid,195000.0
PAY0004834,O004834,Cash on Delivery,Paid,167500.0
PAY0004835,O004835,Card,Paid,54000.0
PAY0004836,O004836,Bank Transfer,Paid,212550.0
PAY0004837,O004837,Cash on Delivery,Paid,224400.0
PAY0004838,O004838,Bank Transfer,Paid,36000.0
PAY0004839,O004839,Card,Paid,17550.0
PAY0004840,O004840,Wallet,Paid,2250.0
PAY0004841,O004841,Bank Transfer,Paid,20400.0
PAY0004842,O004842,Cash on Delivery,Paid,52900.0
PAY0004843,O004843,Wallet,Paid,17100.0
PAY0004844,O004844,Cash on Delivery,Paid,7225.0
PAY0004845,O004845,Cash on Delivery,Paid,17000.0
PAY0004846,O004846,Cash on Delivery,Paid,13000.0
PAY0004847,O004847,Bank Transfer,Paid,24000.0
PAY0004848,O004848,Cash on Delivery,Paid,68400.0
PAY0004849,O004849,Wallet,Paid,5850.0
PAY0004850,O004850,Cash on Delivery,Paid,130000.0
PAY0004851,O004851,Cash on Delivery,Paid,28000.0
PAY0004852,O004852,Card,Paid,56000.0
PAY0004853,O004853,Bank Transfer,Paid,19500.0
PAY0004854,O004854,Cash on Delivery,Paid,34200.0
PAY0004855,O004855,Wallet,Paid,19500.0
PAY0004856,O004856,Wallet,Paid,42750.0
PAY0004857,O004857,Cash on Delivery,Paid,15300.0
PAY0004858,O004858,Card,Paid,18000.0
PAY0004859,O004859,Cash on Delivery,Paid,25500.0
PAY0004860,O004860,Cash on Delivery,Paid,30600.0
PAY0004861,O004861,Card,Paid,6500.0
PAY0004862,O004862,Card,Paid,116400.0
PAY0004863,O004863,Bank Transfer,Paid,104000.0
PAY0004864,O004864,Cash on Delivery,Paid,4500.0
PAY0004865,O004865,Wallet,Paid,7125.0
PAY0004866,O004866,Card,Paid,15300.0
PAY0004867,O004867,Wallet,Paid,30000.0
PAY0004868,O004868,Cash on Delivery,Paid,8550.0
PAY0004869,O004869,Bank Transfer,Paid,28500.0
PAY0004870,O004870,Cash on Delivery,Paid,10200.0
PAY0004871,O004871,Cash on Delivery,Failed,26600.0
PAY0004872,O004872,Bank Transfer,Paid,66000.0
PAY0004873,O004873,Card,Paid,16575.0
PAY0004874,O004874,Cash on Delivery,Paid,36900.0
PAY0004875,O004875,Wallet,Paid,13500.0
PAY0004876,O004876,Bank Transfer,Paid,156000.0
PAY0004877,O004877,Wallet,Paid,121600.0
PAY0004878,O004878,Bank Transfer,Paid,18525.0
PAY0004879,O004879,Bank Transfer,Paid,5850.0
PAY0004880,O004880,Wallet,Paid,54875.0
PAY0004881,O004881,Bank Transfer,Paid,25500.0
PAY0004882,O004882,Card,Paid,59400.0
PAY0004883,O004883,Cash on Delivery,Paid,13500.0
PAY0004884,O004884,Card,Paid,15300.0
PAY0004885,O004885,Card,Paid,36000.0
PAY0004886,O004886,Cash on Delivery,Paid,50850.0
PAY0004887,O004887,Wallet,Paid,104000.0
PAY0004888,O004888,Card,Paid,104000.0
PAY0004889,O004889,Bank Transfer,Paid,41800.0
PAY0004890,O004890,Cash on Delivery,Paid,24000.0
PAY0004891,O004891,Bank Transfer,Paid,104000.0
PAY0004892,O004892,Cash on Delivery,Paid,70800.0
PAY0004893,O004893,Cash on Delivery,Paid,154700.0
PAY0004894,O004894,Cash on Delivery,Paid,48600.0
PAY0004895,O004895,Card,Paid,93600.0
PAY0004896,O004896,Cash on Delivery,Paid,68400.0
PAY0004897,O004897,Cash on Delivery,Paid,54000.0
PAY0004898,O004898,Card,Paid,7650.0
PAY0004899,O004899,Cash on Delivery,Paid,5525.0
PAY0004900,O004900,Cash on Delivery,Paid,84800.0
PAY0004901,O004901,Card,Paid,72000.0
PAY0004902,O004902,Card,Paid,56100.0
PAY0004903,O004903,Card,Paid,7650.0
PAY0004904,O004904,Bank Transfer,Paid,62700.0
PAY0004905,O004905,Bank Transfer,Paid,48000.0
PAY0004906,O004906,Card,Paid,13500.0
PAY0004907,O004907,Cash on Delivery,Paid,12000.0
PAY0004908,O004908,Card,Paid,17000.0
PAY0004909,O004909,Cash on Delivery,Paid,87950.0
PAY0004910,O004910,Card,Paid,48000.0
PAY0004911,O004911,Cash on Delivery,Pending,21600.0
PAY0004912,O004912,Cash on Delivery,Paid,51300.0
PAY0004913,O004913,Card,Paid,4500.0
PAY0004914,O004914,Card,Paid,140400.0
PAY0004915,O004915,Cash on Delivery,Paid,36000.0
PAY0004916,O004916,Card,Paid,22000.0
PAY0004917,O004917,Wallet,Paid,140400.0
PAY0004918,O004918,Card,Paid,44000.0
PAY0004919,O004919,Card,Paid,79800.0
PAY0004920,O004920,Cash on Delivery,Paid,8500.0
PAY0004921,O004921,Card,Paid,65000.0
PAY0004922,O004922,Cash on Delivery,Failed,12150.0
PAY0004923,O004923,Cash on Delivery,Paid,185250.0
PAY0004924,O004924,Cash on Delivery,Paid,51300.0
PAY0004925,O004925,Card,Paid,65000.0
PAY0004926,O004926,Bank Transfer,Paid,7650.0
PAY0004927,O004927,Card,Paid,117000.0
PAY0004928,O004928,Cash on Delivery,Paid,17550.0
PAY0004929,O004929,Wallet,Paid,65000.0
PAY0004930,O004930,Card,Paid,58500.0
PAY0004931,O004931,Wallet,Paid,117000.0
PAY0004932,O004932,Cash on Delivery,Paid,25500.0
PAY0004933,O004933,Card,Paid,8500.0
PAY0004934,O004934,Cash on Delivery,Paid,27825.0
PAY0004935,O004935,Wallet,Paid,25500.0
PAY0004936,O004936,Bank Transfer,Paid,44000.0
PAY0004937,O004937,Card,Paid,138500.0
PAY0004938,O004938,Bank Transfer,Pending,47600.0
PAY0004939,O004939,Card,Paid,36375.0
PAY0004940,O004940,Card,Paid,76000.0
PAY0004941,O004941,Card,Paid,16150.0
PAY0004942,O004942,Cash on Delivery,Paid,104000.0
PAY0004943,O004943,Card,Paid,6375.0
PAY0004944,O004944,Bank Transfer,Paid,100250.0
PAY0004945,O004945,Card,Pending,148000.0
PAY0004946,O004946,Card,Paid,34200.0
PAY0004947,O004947,Cash on Delivery,Paid,30000.0
PAY0004948,O004948,Cash on Delivery,Pending,44200.0
PAY0004949,O004949,Card,Pending,49800.0
PAY0004950,O004950,Bank Transfer,Paid,28100.0
PAY0004951,O004951,Card,Paid,44000.0
PAY0004952,O004952,Cash on Delivery,Paid,81000.0
PAY0004953,O004953,Bank Transfer,Paid,92625.0
PAY0004954,O004954,Bank Transfer,Paid,71400.0
PAY0004955,O004955,Cash on Delivery,Paid,53500.0
PAY0004956,O004956,Card,Paid,13500.0
PAY0004957,O004957,Card,Paid,43200.0
PAY0004958,O004958,Cash on Delivery,Paid,23800.0
PAY0004959,O004959,Wallet,Paid,68825.0
PAY0004960,O004960,Card,Pending,22800.0
PAY0004961,O004961,Bank Transfer,Paid,9000.0
PAY0004962,O004962,Bank Transfer,Pending,28000.0
PAY0004963,O004963,Wallet,Pending,61750.0
PAY0004964,O004964,Card,Paid,25650.0
PAY0004965,O004965,Card,Paid,19500.0
PAY0004966,O004966,Card,Paid,35150.0
PAY0004967,O004967,Cash on Delivery,Paid,148200.0
PAY0004968,O004968,Bank Transfer,Paid,56000.0
PAY0004969,O004969,Wallet,Paid,41500.0
PAY0004970,O004970,Card,Pending,59400.0
PAY0004971,O004971,Bank Transfer,Paid,6175.0
PAY0004972,O004972,Bank Transfer,Pending,12750.0
PAY0004973,O004973,Card,Paid,4500.0
PAY0004974,O004974,Cash on Delivery,Failed,12000.0
PAY0004975,O004975,Bank Transfer,Pending,22800.0
PAY0004976,O004976,Bank Transfer,Paid,2250.0
PAY0004977,O004977,Wallet,Paid,22950.0
PAY0004978,O004978,Cash on Delivery,Paid,39600.0
PAY0004979,O004979,Cash on Delivery,Paid,59375.0
PAY0004980,O004980,Bank Transfer,Paid,28000.0
PAY0004981,O004981,Card,Paid,16150.0
PAY0004982,O004982,Bank Transfer,Paid,8500.0
PAY0004983,O004983,Card,Pending,40800.0
PAY0004984,O004984,Cash on Delivery,Paid,45000.0
PAY0004985,O004985,Cash on Delivery,Paid,110500.0
PAY0004986,O004986,Card,Paid,56000.0
PAY0004987,O004987,Card,Paid,49400.0
PAY0004988,O004988,Card,Failed,65050.0
PAY0004989,O004989,Card,Paid,62700.0
PAY0004990,O004990,Card,Paid,25200.0
PAY0004991,O004991,Card,Paid,65250.0
PAY0004992,O004992,Bank Transfer,Paid,2500.0
PAY0004993,O004993,Card,Paid,11700.0
PAY0004994,O004994,Card,Paid,46800.0
PAY0004995,O004995,Card,Failed,59400.0
PAY0004996,O004996,Bank Transfer,Paid,25200.0
PAY0004997,O004997,Card,Paid,39200.0
PAY0004998,O004998,Cash on Delivery,Pending,14400.0
PAY0004999,O004999,Cash on Delivery,Paid,56000.0
PAY0005000,O005000,Wallet,Paid,9000.0
PAY0005001,O005001,Card,Paid,5000.0
PAY0005002,O005002,Card,Paid,116000.0
PAY0005003,O005003,Card,Pending,38250.0
PAY0005004,O005004,Bank Transfer,Paid,36000.0
PAY0005005,O005005,Cash on Delivery,Paid,4275.0
PAY0005006,O005006,Bank Transfer,Paid,36000.0
PAY0005007,O005007,Cash on Delivery,Paid,19600.0
PAY0005008,O005008,Cash on Delivery,Paid,17000.0
PAY0005009,O005009,Wallet,Paid,-8500.0
PAY0005010,O005010,Card,Paid,45000.0
PAY0005011,O005011,Card,Paid,45000.0
PAY0005012,O005012,Wallet,Paid,13500.0
PAY0005013,O005013,Card,Paid,125700.0
PAY0005014,O005014,Card,Paid,55250.0
PAY0005015,O005015,Card,Paid,17000.0
PAY0005016,O005016,Bank Transfer,Paid,7650.0
PAY0005017,O005017,Wallet,Paid,10400.0
PAY0005018,O005018,Cash on Delivery,Paid,7500.0
PAY0005019,O005019,Wallet,Paid,7650.0
PAY0005020,O005020,Card,Paid,3600.0
PAY0005021,O005021,Cash on Delivery,Paid,50700.0
PAY0005022,O005022,Cash on Delivery,Paid,169800.0
PAY0005023,O005023,Card,Paid,43725.0
PAY0005024,O005024,Cash on Delivery,Paid,14450.0
PAY0005025,O005025,Cash on Delivery,Paid,32500.0
PAY0005026,O005026,Bank Transfer,Failed,4750.0
PAY0005027,O005027,Bank Transfer,Paid,38500.0
PAY0005028,O005028,Card,Pending,22650.0
PAY0005029,O005029,Card,Paid,189500.0
PAY0005030,O005030,Wallet,Paid,36000.0
PAY0005031,O005031,Bank Transfer,Paid,15300.0
PAY0005032,O005032,Card,Paid,132600.0
PAY0005033,O005033,Cash on Delivery,Paid,32400.0
PAY0005034,O005034,Bank Transfer,Pending,8075.0
PAY0005035,O005035,Card,Paid,21600.0
PAY0005036,O005036,Card,Paid,12000.0
PAY0005037,O005037,Cash on Delivery,Paid,7125.0
PAY0005038,O005038,Card,Paid,58500.0
PAY0005039,O005039,Wallet,Paid,55250.0
PAY0005040,O005040,Card,Paid,5525.0
PAY0005041,O005041,Bank Transfer,Paid,130000.0
PAY0005042,O005042,Cash on Delivery,Paid,13000.0
PAY0005043,O005043,Card,Paid,44000.0
PAY0005044,O005044,Card,Paid,5000.0
PAY0005045,O005045,Card,Paid,45900.0
PAY0005046,O005046,Cash on Delivery,Paid,34200.0
PAY0005047,O005047,Card,Pending,15300.0
PAY0005048,O005048,Wallet,Paid,56000.0
PAY0005049,O005049,Bank Transfer,Paid,53200.0
PAY0005050,O005050,Card,Paid,44200.0
PAY0005051,O005051,Card,Paid,56000.0
PAY0005052,O005052,Card,Paid,84000.0
PAY0005053,O005053,Bank Transfer,Paid,6750.0
PAY0005054,O005054,Bank Transfer,Paid,56100.0
PAY0005055,O005055,Cash on Delivery,Paid,27000.0
PAY0005056,O005056,Cash on Delivery,Paid,198075.0
PAY0005057,O005057,Cash on Delivery,Paid,5200.0
PAY0005058,O005058,Bank Transfer,Paid,117000.0
PAY0005059,O005059,Bank Transfer,Paid,28800.0
PAY0005060,O005060,Card,Paid,175500.0
PAY0005061,O005061,Wallet,Paid,98800.0
PAY0005062,O005062,Card,Paid,30000.0
PAY0005063,O005063,Card,Paid,197400.0
PAY0005064,O005064,Bank Transfer,Paid,73375.0
PAY0005065,O005065,Cash on Delivery,Paid,56000.0
PAY0005066,O005066,Card,Paid,52000.0
PAY0005067,O005067,Card,Paid,50600.0
PAY0005068,O005068,Card,Paid,19800.0
PAY0005069,O005069,Card,Paid,8500.0
PAY0005070,O005070,Wallet,Paid,6875.0
PAY0005071,O005071,Cash on Delivery,Paid,55250.0
PAY0005072,O005072,Cash on Delivery,Pending,117000.0
PAY0005073,O005073,Bank Transfer,Paid,17100.0
PAY0005074,O005074,Card,Paid,21600.0
PAY0005075,O005075,Card,Paid,156000.0
PAY0005076,O005076,Card,Paid,13000.0
PAY0005077,O005077,Card,Paid,194250.0
PAY0005078,O005078,Card,Paid,92600.0
PAY0005079,O005079,Cash on Delivery,Paid,48000.0
PAY0005080,O005080,Card,Paid,3825.0
PAY0005081,O005081,Card,Pending,41800.0
PAY0005082,O005082,Cash on Delivery,Failed,21675.0
PAY0005083,O005083,Bank Transfer,Paid,10400.0
PAY0005084,O005084,Wallet,Paid,18000.0
PAY0005085,O005085,Bank Transfer,Paid,30600.0
PAY0005086,O005086,Card,Paid,60000.0
PAY0005087,O005087,Card,Paid,159825.0
PAY0005088,O005088,Cash on Delivery,Paid,53200.0
PAY0005089,O005089,Cash on Delivery,Paid,48650.0
PAY0005090,O005090,Bank Transfer,Paid,52400.0
PAY0005091,O005091,Bank Transfer,Paid,25500.0
PAY0005092,O005092,Cash on Delivery,Paid,93600.0
PAY0005093,O005093,Wallet,Paid,7650.0
PAY0005094,O005094,Card,Paid,19500.0
PAY0005095,O005095,Cash on Delivery,Paid,41800.0
PAY0005096,O005096,Cash on Delivery,Paid,20000.0
PAY0005097,O005097,Cash on Delivery,Paid,30000.0
PAY0005098,O005098,Card,Paid,2125.0
PAY0005099,O005099,Card,Failed,74950.0
PAY0005100,O005100,Card,Paid,12825.0
PAY0005101,O005101,Card,Paid,157500.0
PAY0005102,O005102,Cash on Delivery,Paid,53200.0
PAY0005103,O005103,Card,Paid,7225.0
PAY0005104,O005104,Bank Transfer,Paid,2500.0
PAY0005105,O005105,Cash on Delivery,Paid,16575.0
PAY0005106,O005106,Cash on Delivery,Pending,7225.0
PAY0005107,O005107,Card,Paid,24000.0
PAY0005108,O005108,Card,Paid,21675.0
PAY0005109,O005109,Cash on Delivery,Paid,58500.0
PAY0005110,O005110,Card,Paid,63000.0
PAY0005111,O005111,Wallet,Paid,15300.0
PAY0005112,O005112,Bank Transfer,Paid,30000.0
PAY0005113,O005113,Card,Paid,24000.0
PAY0005114,O005114,Cash on Delivery,Paid,94750.0
PAY0005115,O005115,Bank Transfer,Paid,45000.0
PAY0005116,O005116,Wallet,Paid,66000.0
PAY0005117,O005117,Wallet,Paid,4500.0
PAY0005118,O005118,Bank Transfer,Paid,41600.0
PAY0005119,O005119,Card,Paid,17575.0
PAY0005120,O005120,Cash on Delivery,Paid,28500.0
PAY0005121,O005121,Cash on Delivery,Paid,76800.0
PAY0005122,O005122,Bank Transfer,Paid,19650.0
PAY0005123,O005123,Bank Transfer,Paid,129900.0
PAY0005124,O005124,Cash on Delivery,Paid,14250.0
PAY0005125,O005125,Card,Paid,47600.0
PAY0005126,O005126,Cash on Delivery,Paid,95400.0
PAY0005127,O005127,Wallet,Paid,113000.0
PAY0005128,O005128,Cash on Delivery,Paid,30600.0
PAY0005129,O005129,Card,Failed,84000.0
PAY0005130,O005130,Cash on Delivery,Paid,175500.0
PAY0005131,O005131,Bank Transfer,Paid,38400.0
PAY0005132,O005132,Wallet,Paid,40500.0
PAY0005133,O005133,Cash on Delivery,Paid,90200.0
PAY0005134,O005134,Bank Transfer,Paid,140400.0
PAY0005135,O005135,Card,Paid,8075.0
PAY0005136,O005136,Card,Paid,51300.0
PAY0005137,O005137,Card,Paid,15300.0
PAY0005138,O005138,Cash on Delivery,Paid,17000.0
PAY0005139,O005139,Wallet,Paid,25500.0
PAY0005140,O005140,Bank Transfer,Paid,124450.0
PAY0005141,O005141,Cash on Delivery,Paid,10800.0
PAY0005142,O005142,Cash on Delivery,Paid,72000.0
PAY0005143,O005143,Bank Transfer,Paid,84000.0
PAY0005144,O005144,Wallet,Paid,35850.0
PAY0005145,O005145,Bank Transfer,Paid,16200.0
PAY0005146,O005146,Cash on Delivery,Paid,24000.0
PAY0005147,O005147,Bank Transfer,Paid,2375.0
PAY0005148,O005148,Cash on Delivery,Paid,5000.0
PAY0005149,O005149,Cash on Delivery,Paid,93600.0
PAY0005150,O005150,Wallet,Paid,193500.0
PAY0005151,O005151,Cash on Delivery,Paid,104000.0
PAY0005152,O005152,Cash on Delivery,Paid,156000.0
PAY0005153,O005153,Card,Paid,45600.0
PAY0005154,O005154,Cash on Delivery,Failed,11400.0
PAY0005155,O005155,Card,Paid,34200.0
PAY0005156,O005156,Card,Paid,88400.0
PAY0005157,O005157,Wallet,Paid,8100.0
PAY0005158,O005158,Wallet,Paid,12000.0
PAY0005159,O005159,Wallet,Paid,77500.0
PAY0005160,O005160,Card,Paid,12350.0
PAY0005161,O005161,Cash on Delivery,Paid,8075.0
PAY0005162,O005162,Card,Paid,8500.0
PAY0005163,O005163,Cash on Delivery,Paid,29450.0
PAY0005164,O005164,Card,Paid,22800.0
PAY0005165,O005165,Cash on Delivery,Paid,45000.0
PAY0005166,O005166,Card,Paid,12150.0
PAY0005167,O005167,Card,Paid,47600.0
PAY0005168,O005168,Cash on Delivery,Paid,20400.0
PAY0005169,O005169,Card,Paid,19500.0
PAY0005170,O005170,Bank Transfer,Paid,14400.0
PAY0005171,O005171,Card,Paid,8075.0
PAY0005172,O005172,Cash on Delivery,Paid,3825.0
PAY0005173,O005173,Card,Paid,27000.0
PAY0005174,O005174,Card,Paid,14250.0
PAY0005175,O005175,Card,Paid,43200.0
PAY0005176,O005176,Wallet,Paid,22800.0
PAY0005177,O005177,Bank Transfer,Paid,49400.0
PAY0005178,O005178,Bank Transfer,Paid,15300.0
PAY0005179,O005179,Card,Paid,22400.0
PAY0005180,O005180,Cash on Delivery,Paid,62700.0
PAY0005181,O005181,Bank Transfer,Paid,25500.0
PAY0005182,O005182,Card,Pending,31750.0
PAY0005183,O005183,Card,Paid,7125.0
PAY0005184,O005184,Cash on Delivery,Paid,130000.0
PAY0005185,O005185,Bank Transfer,Paid,83000.0
PAY0005186,O005186,Card,Paid,4750.0
PAY0005187,O005187,Card,Paid,16575.0
PAY0005188,O005188,Cash on Delivery,Paid,24225.0
PAY0005189,O005189,Card,Paid,25500.0
PAY0005190,O005190,Card,Paid,18525.0
PAY0005191,O005191,Card,Paid,22950.0
PAY0005192,O005192,Cash on Delivery,Paid,6500.0
PAY0005193,O005193,Card,Paid,16150.0
PAY0005194,O005194,Cash on Delivery,Paid,130000.0
PAY0005195,O005195,Cash on Delivery,Paid,25500.0
PAY0005196,O005196,Cash on Delivery,Paid,52800.0
PAY0005197,O005197,Cash on Delivery,Paid,24000.0
PAY0005198,O005198,Cash on Delivery,Paid,32400.0
PAY0005199,O005199,Cash on Delivery,Paid,62700.0
PAY0005200,O005200,Card,Paid,5000.0
PAY0005201,O005201,Bank Transfer,Paid,7225.0
PAY0005202,O005202,Cash on Delivery,Paid,14450.0
PAY0005203,O005203,Cash on Delivery,Paid,4500.0
PAY0005204,O005204,Cash on Delivery,Paid,34200.0
PAY0005205,O005205,Card,Paid,30000.0
PAY0005206,O005206,Bank Transfer,Paid,50400.0
PAY0005207,O005207,Card,Paid,15000.0
PAY0005208,O005208,Cash on Delivery,Paid,93600.0
PAY0005209,O005209,Wallet,Paid,18525.0
PAY0005210,O005210,Cash on Delivery,Paid,8500.0
PAY0005211,O005211,Card,Paid,22400.0
PAY0005212,O005212,Wallet,Paid,40800.0
PAY0005213,O005213,Cash on Delivery,Paid,66000.0
PAY0005214,O005214,Card,Paid,59400.0
PAY0005215,O005215,Cash on Delivery,Failed,106950.0
PAY0005216,O005216,Card,Paid,46800.0
PAY0005217,O005217,Card,Paid,7500.0
PAY0005218,O005218,Cash on Delivery,Paid,75600.0
PAY0005219,O005219,Bank Transfer,Paid,120575.0
PAY0005220,O005220,Card,Paid,39600.0
PAY0005221,O005221,Cash on Delivery,Paid,20900.0
PAY0005222,O005222,Cash on Delivery,Paid,126000.0
PAY0005223,O005223,Wallet,Paid,14525.0
PAY0005224,O005224,Card,Paid,30600.0
PAY0005225,O005225,Card,Paid,65000.0
PAY0005226,O005226,Wallet,Paid,138500.0
PAY0005227,O005227,Wallet,Paid,17825.0
PAY0005228,O005228,Bank Transfer,Paid,28000.0
PAY0005229,O005229,Card,Paid,155300.0
PAY0005230,O005230,Wallet,Paid,30875.0
PAY0005231,O005231,Cash on Delivery,Paid,70500.0
PAY0005232,O005232,Card,Paid,10800.0
PAY0005233,O005233,Bank Transfer,Paid,186600.0
PAY0005234,O005234,Cash on Delivery,Paid,48600.0
PAY0005235,O005235,Card,Paid,124800.0
PAY0005236,O005236,Bank Transfer,Paid,79800.0
PAY0005237,O005237,Bank Transfer,Paid,8500.0
PAY0005238,O005238,Bank Transfer,Paid,17000.0
PAY0005239,O005239,Card,Paid,35350.0
PAY0005240,O005240,Card,Paid,72000.0
PAY0005241,O005241,Bank Transfer,Paid,57475.0
PAY0005242,O005242,Bank Transfer,Paid,97500.0
PAY0005243,O005243,Bank Transfer,Paid,28500.0
PAY0005244,O005244,Cash on Delivery,Paid,4000.0
PAY0005245,O005245,Card,Paid,6175.0
PAY0005246,O005246,Card,Paid,39600.0
PAY0005247,O005247,Card,Paid,24050.0
PAY0005248,O005248,Cash on Delivery,Paid,36975.0
PAY0005249,O005249,Cash on Delivery,Paid,26600.0
PAY0005250,O005250,Cash on Delivery,Paid,130000.0
PAY0005251,O005251,Cash on Delivery,Paid,195000.0
PAY0005252,O005252,Card,Paid,123500.0
PAY0005253,O005253,Bank Transfer,Paid,66000.0
PAY0005254,O005254,Card,Pending,44800.0
PAY0005255,O005255,Card,Paid,42750.0
PAY0005256,O005256,Card,Paid,44000.0
PAY0005257,O005257,Card,Paid,28500.0
PAY0005258,O005258,Wallet,Paid,93600.0
PAY0005259,O005259,Bank Transfer,Paid,28500.0
PAY0005260,O005260,Cash on Delivery,Paid,12350.0
PAY0005261,O005261,Card,Paid,135600.0
PAY0005262,O005262,Card,Pending,127600.0
PAY0005263,O005263,Cash on Delivery,Paid,13500.0
PAY0005264,O005264,Card,Paid,32400.0
PAY0005265,O005265,Card,Paid,52500.0
PAY0005266,O005266,Bank Transfer,Paid,66800.0
PAY0005267,O005267,Bank Transfer,Paid,40800.0
PAY0005268,O005268,Wallet,Paid,46800.0
PAY0005269,O005269,Cash on Delivery,Paid,85400.0
PAY0005270,O005270,Cash on Delivery,Paid,43200.0
PAY0005271,O005271,Cash on Delivery,Paid,35200.0
PAY0005272,O005272,Bank Transfer,Paid,44025.0
PAY0005273,O005273,Card,Paid,27000.0
PAY0005274,O005274,Card,Paid,25500.0
PAY0005275,O005275,Cash on Delivery,Paid,62500.0
PAY0005276,O005276,Cash on Delivery,Paid,184500.0
PAY0005277,O005277,Cash on Delivery,Paid,53200.0
PAY0005278,O005278,Bank Transfer,Paid,58500.0
PAY0005279,O005279,Wallet,Paid,19500.0
PAY0005280,O005280,Card,Paid,7500.0
PAY0005281,O005281,Cash on Delivery,Paid,65000.0
PAY0005282,O005282,Cash on Delivery,Paid,38700.0
PAY0005283,O005283,Cash on Delivery,Paid,14250.0
PAY0005284,O005284,Bank Transfer,Paid,30000.0
PAY0005285,O005285,Card,Paid,95950.0
PAY0005286,O005286,Card,Paid,28000.0
PAY0005287,O005287,Cash on Delivery,Paid,25100.0
PAY0005288,O005288,Card,Paid,5850.0
PAY0005289,O005289,Card,Paid,75600.0
PAY0005290,O005290,Card,Failed,7650.0
PAY0005291,O005291,Wallet,Paid,45000.0
PAY0005292,O005292,Bank Transfer,Paid,24000.0
PAY0005293,O005293,Bank Transfer,Paid,126950.0
PAY0005294,O005294,Cash on Delivery,Paid,25500.0
PAY0005295,O005295,Card,Paid,15300.0
PAY0005296,O005296,Wallet,Paid,63500.0
PAY0005297,O005297,Card,Paid,65000.0
PAY0005298,O005298,Cash on Delivery,Paid,26600.0
PAY0005299,O005299,Cash on Delivery,Paid,16150.0
PAY0005300,O005300,Card,Paid,99300.0
PAY0005301,O005301,Cash on Delivery,Paid,23750.0
PAY0005302,O005302,Cash on Delivery,Paid,5850.0
PAY0005303,O005303,Cash on Delivery,Paid,156000.0
PAY0005304,O005304,Bank Transfer,Paid,24225.0
PAY0005305,O005305,Card,Paid,17000.0
PAY0005306,O005306,Bank Transfer,Paid,23100.0
PAY0005307,O005307,Cash on Delivery,Paid,32400.0
PAY0005308,O005308,Bank Transfer,Paid,99000.0
PAY0005309,O005309,Card,Paid,96000.0
PAY0005310,O005310,Cash on Delivery,Paid,43200.0
PAY0005311,O005311,Cash on Delivery,Paid,214050.0
PAY0005312,O005312,Card,Paid,68625.0
PAY0005313,O005313,Card,Paid,23800.0
PAY0005314,O005314,Cash on Delivery,Paid,39400.0
PAY0005315,O005315,Bank Transfer,Paid,130000.0
PAY0005316,O005316,Card,Paid,21500.0
PAY0005317,O005317,Bank Transfer,Paid,99825.0
PAY0005318,O005318,Bank Transfer,Paid,89700.0
PAY0005319,O005319,Bank Transfer,Paid,25200.0
PAY0005320,O005320,Card,Paid,33000.0
PAY0005321,O005321,Cash on Delivery,Paid,93600.0
PAY0005322,O005322,Wallet,Paid,25500.0
PAY0005323,O005323,Card,Paid,54000.0
PAY0005324,O005324,Card,Paid,145800.0
PAY0005325,O005325,Cash on Delivery,Paid,48275.0
PAY0005326,O005326,Card,Pending,26700.0
PAY0005327,O005327,Bank Transfer,Paid,18000.0
PAY0005328,O005328,Wallet,Pending,13500.0
PAY0005329,O005329,Cash on Delivery,Paid,8550.0
PAY0005330,O005330,Bank Transfer,Paid,72000.0
PAY0005331,O005331,Cash on Delivery,Paid,10800.0
PAY0005332,O005332,Cash on Delivery,Paid,25500.0
PAY0005333,O005333,Card,Paid,12000.0
PAY0005334,O005334,Bank Transfer,Paid,121000.0
PAY0005335,O005335,Bank Transfer,Paid,24000.0
PAY0005336,O005336,Card,Paid,12000.0
PAY0005337,O005337,Wallet,Paid,72200.0
PAY0005338,O005338,Cash on Delivery,Paid,33400.0
PAY0005339,O005339,Bank Transfer,Paid,57250.0
PAY0005340,O005340,Cash on Delivery,Paid,12825.0
PAY0005341,O005341,Bank Transfer,Paid,45900.0
PAY0005342,O005342,Card,Paid,7650.0
PAY0005343,O005343,Cash on Delivery,Paid,15600.0
PAY0005344,O005344,Card,Paid,148200.0
PAY0005345,O005345,Card,Paid,71300.0
PAY0005346,O005346,Card,Paid,36000.0
PAY0005347,O005347,Cash on Delivery,Paid,20400.0
PAY0005348,O005348,Bank Transfer,Paid,36000.0
PAY0005349,O005349,Card,Paid,55250.0
PAY0005350,O005350,Card,Paid,8500.0
PAY0005351,O005351,Wallet,Paid,144400.0
PAY0005352,O005352,Card,Paid,13000.0
PAY0005353,O005353,Card,Paid,21600.0
PAY0005354,O005354,Bank Transfer,Paid,88400.0
PAY0005355,O005355,Card,Paid,15300.0
PAY0005356,O005356,Card,Paid,12150.0
PAY0005357,O005357,Card,Paid,110500.0
PAY0005358,O005358,Bank Transfer,Paid,58400.0
PAY0005359,O005359,Bank Transfer,Paid,20400.0
PAY0005360,O005360,Card,Paid,66000.0
PAY0005361,O005361,Cash on Delivery,Paid,22950.0
PAY0005362,O005362,Card,Paid,45600.0
PAY0005363,O005363,Card,Failed,49400.0
PAY0005364,O005364,Bank Transfer,Paid,117000.0
PAY0005365,O005365,Wallet,Paid,7500.0
PAY0005366,O005366,Bank Transfer,Paid,171800.0
PAY0005367,O005367,Bank Transfer,Paid,29200.0
PAY0005368,O005368,Cash on Delivery,Paid,18525.0
PAY0005369,O005369,Card,Paid,13500.0
PAY0005370,O005370,Cash on Delivery,Paid,26600.0
PAY0005371,O005371,Cash on Delivery,Paid,39600.0
PAY0005372,O005372,Bank Transfer,Paid,196950.0
PAY0005373,O005373,Cash on Delivery,Paid,54000.0
PAY0005374,O005374,Card,Paid,18000.0
PAY0005375,O005375,Cash on Delivery,Paid,48000.0
PAY0005376,O005376,Bank Transfer,Paid,195000.0
PAY0005377,O005377,Cash on Delivery,Paid,17000.0
PAY0005378,O005378,Card,Paid,48000.0
PAY0005379,O005379,Card,Paid,22800.0
PAY0005380,O005380,Cash on Delivery,Paid,132100.0
PAY0005381,O005381,Cash on Delivery,Paid,7125.0
PAY0005382,O005382,Card,Paid,164800.0
PAY0005383,O005383,Bank Transfer,Paid,13350.0
PAY0005384,O005384,Wallet,Paid,30000.0
PAY0005385,O005385,Card,Paid,15300.0
PAY0005386,O005386,Cash on Delivery,Paid,56500.0
PAY0005387,O005387,Card,Paid,148900.0
PAY0005388,O005388,Card,Pending,54000.0
PAY0005389,O005389,Cash on Delivery,Paid,65000.0
PAY0005390,O005390,Card,Paid,135500.0
PAY0005391,O005391,Cash on Delivery,Pending,54800.0
PAY0005392,O005392,Cash on Delivery,Paid,5850.0
PAY0005393,O005393,Card,Paid,8075.0
PAY0005394,O005394,Card,Paid,30600.0
PAY0005395,O005395,Wallet,Paid,58750.0
PAY0005396,O005396,Wallet,Paid,6175.0
PAY0005397,O005397,Card,Paid,148200.0
PAY0005398,O005398,Bank Transfer,Paid,4275.0
PAY0005399,O005399,Wallet,Paid,15000.0
PAY0005400,O005400,Card,Paid,34350.0
PAY0005401,O005401,Cash on Delivery,Paid,44200.0
PAY0005402,O005402,Card,Paid,26600.0
PAY0005403,O005403,Cash on Delivery,Paid,52000.0
PAY0005404,O005404,Card,Paid,56000.0
PAY0005405,O005405,Card,Paid,43225.0
PAY0005406,O005406,Cash on Delivery,Paid,183750.0
PAY0005407,O005407,Card,Paid,37400.0
PAY0005408,O005408,Card,Paid,24000.0
PAY0005409,O005409,Bank Transfer,Paid,195000.0
PAY0005410,O005410,Cash on Delivery,Paid,62700.0
PAY0005411,O005411,Bank Transfer,Paid,13500.0
PAY0005412,O005412,Card,Paid,88800.0
PAY0005413,O005413,Cash on Delivery,Paid,15600.0
PAY0005414,O005414,Card,Paid,66000.0
PAY0005415,O005415,Cash on Delivery,Paid,260850.0
PAY0005416,O005416,Cash on Delivery,Paid,12750.0
PAY0005417,O005417,Card,Paid,62700.0
PAY0005418,O005418,Cash on Delivery,Paid,110400.0
PAY0005419,O005419,Cash on Delivery,Paid,175500.0
PAY0005420,O005420,Card,Paid,24000.0
PAY0005421,O005421,Card,Paid,3825.0
PAY0005422,O005422,Card,Paid,84000.0
PAY0005423,O005423,Bank Transfer,Paid,25175.0
PAY0005424,O005424,Wallet,Paid,214500.0
PAY0005425,O005425,Card,Paid,30600.0
PAY0005426,O005426,Card,Paid,19800.0
PAY0005427,O005427,Card,Paid,44000.0
PAY0005428,O005428,Cash on Delivery,Paid,98800.0
PAY0005429,O005429,Card,Paid,45000.0
PAY0005430,O005430,Wallet,Paid,42750.0
PAY0005431,O005431,Card,Paid,40800.0
PAY0005432,O005432,Cash on Delivery,Paid,59400.0
PAY0005433,O005433,Card,Paid,130000.0
PAY0005434,O005434,Card,Paid,25500.0
PAY0005435,O005435,Card,Paid,36000.0
PAY0005436,O005436,Card,Paid,87950.0
PAY0005437,O005437,Wallet,Paid,30600.0
PAY0005438,O005438,Cash on Delivery,Paid,25200.0
PAY0005439,O005439,Cash on Delivery,Paid,49400.0
PAY0005440,O005440,Card,Paid,61500.0
PAY0005441,O005441,Card,Paid,56000.0
PAY0005442,O005442,Wallet,Paid,39600.0
PAY0005443,O005443,Card,Paid,4750.0
PAY0005444,O005444,Bank Transfer,Paid,45000.0
PAY0005445,O005445,Wallet,Failed,66000.0
PAY0005446,O005446,Cash on Delivery,Paid,16200.0
PAY0005447,O005447,Card,Pending,45000.0
PAY0005448,O005448,Card,Paid,39600.0
PAY0005449,O005449,Card,Pending,39600.0
PAY0005450,O005450,Card,Pending,22950.0
PAY0005451,O005451,Cash on Delivery,Paid,44700.0
PAY0005452,O005452,Wallet,Paid,7125.0
PAY0005453,O005453,Bank Transfer,Paid,70200.0
PAY0005454,O005454,Card,Paid,52000.0
PAY0005455,O005455,Card,Paid,61200.0
PAY0005456,O005456,Card,Failed,98550.0
PAY0005457,O005457,Bank Transfer,Paid,45900.0
PAY0005458,O005458,Card,Paid,36000.0
PAY0005459,O005459,Cash on Delivery,Paid,69600.0
PAY0005460,O005460,Wallet,Paid,21100.0
PAY0005461,O005461,Wallet,Paid,49400.0
PAY0005462,O005462,Card,Paid,13500.0
PAY0005463,O005463,Wallet,Paid,75600.0
PAY0005464,O005464,Card,Paid,65000.0
PAY0005465,O005465,Bank Transfer,Paid,93600.0
PAY0005466,O005466,Card,Paid,16150.0
PAY0005467,O005467,Card,Paid,17000.0
PAY0005468,O005468,Bank Transfer,Paid,45900.0
PAY0005469,O005469,Cash on Delivery,Pending,48600.0
PAY0005470,O005470,Wallet,Paid,8550.0
PAY0005471,O005471,Card,Paid,22950.0
PAY0005472,O005472,Card,Paid,66000.0
PAY0005473,O005473,Cash on Delivery,Paid,34200.0
PAY0005474,O005474,Bank Transfer,Paid,12150.0
PAY0005475,O005475,Card,Paid,13500.0
PAY0005476,O005476,Cash on Delivery,Paid,25200.0
PAY0005477,O005477,Card,Paid,28000.0
PAY0005478,O005478,Card,Paid,140400.0
PAY0005479,O005479,Card,Paid,23800.0
PAY0005480,O005480,Card,Paid,66950.0
PAY0005481,O005481,Card,Paid,6175.0
PAY0005482,O005482,Cash on Delivery,Paid,34200.0
PAY0005483,O005483,Cash on Delivery,Paid,199250.0
PAY0005484,O005484,Card,Paid,4500.0
PAY0005485,O005485,Cash on Delivery,Paid,56000.0
PAY0005486,O005486,Bank Transfer,Paid,53800.0
PAY0005487,O005487,Bank Transfer,Pending,41800.0
PAY0005488,O005488,Cash on Delivery,Paid,17000.0
PAY0005489,O005489,Cash on Delivery,Paid,51300.0
PAY0005490,O005490,Card,Paid,9000.0
PAY0005491,O005491,Cash on Delivery,Paid,43200.0
PAY0005492,O005492,Bank Transfer,Paid,195000.0
PAY0005493,O005493,Cash on Delivery,Paid,24000.0
PAY0005494,O005494,Bank Transfer,Paid,25500.0
PAY0005495,O005495,Cash on Delivery,Paid,28000.0
PAY0005496,O005496,Card,Paid,8500.0
PAY0005497,O005497,Wallet,Paid,51300.0
PAY0005498,O005498,Bank Transfer,Paid,52000.0
PAY0005499,O005499,Card,Paid,53200.0
PAY0005500,O005500,Bank Transfer,Paid,24000.0
PAY0005501,O005501,Wallet,Paid,6175.0
PAY0005502,O005502,Cash on Delivery,Paid,21600.0
PAY0005503,O005503,Wallet,Paid,66000.0
PAY0005504,O005504,Card,Paid,36000.0
PAY0005505,O005505,Wallet,Paid,48600.0
PAY0005506,O005506,Cash on Delivery,Paid,34200.0
PAY0005507,O005507,Card,Paid,48600.0
PAY0005508,O005508,Card,Paid,195000.0
PAY0005509,O005509,Bank Transfer,Paid,58900.0
PAY0005510,O005510,Card,Pending,6500.0
PAY0005511,O005511,Card,Paid,5000.0
PAY0005512,O005512,Card,Paid,30000.0
PAY0005513,O005513,Card,Paid,42750.0
PAY0005514,O005514,Card,Paid,34200.0
PAY0005515,O005515,Cash on Delivery,Paid,81550.0
PAY0005516,O005516,Cash on Delivery,Paid,8500.0
PAY0005517,O005517,Cash on Delivery,Paid,93600.0
PAY0005518,O005518,Bank Transfer,Paid,57675.0
PAY0005519,O005519,Card,Paid,41800.0
PAY0005520,O005520,Bank Transfer,Paid,17100.0
PAY0005521,O005521,Wallet,Paid,39200.0
PAY0005522,O005522,Wallet,Paid,195000.0
PAY0005523,O005523,Card,Paid,10800.0
PAY0005524,O005524,Bank Transfer,Paid,48000.0
PAY0005525,O005525,Bank Transfer,Paid,60600.0
PAY0005526,O005526,Cash on Delivery,Paid,164500.0
PAY0005527,O005527,Wallet,Paid,48000.0
PAY0005528,O005528,Card,Paid,7650.0
PAY0005529,O005529,Cash on Delivery,Paid,10800.0
PAY0005530,O005530,Card,Pending,22800.0
PAY0005531,O005531,Card,Paid,45000.0
PAY0005532,O005532,Bank Transfer,Paid,148700.0
PAY0005533,O005533,Cash on Delivery,Paid,15175.0
PAY0005534,O005534,Cash on Delivery,Paid,27000.0
PAY0005535,O005535,Card,Paid,6000.0
PAY0005536,O005536,Wallet,Paid,7500.0
PAY0005537,O005537,Cash on Delivery,Paid,15300.0
PAY0005538,O005538,Card,Paid,101400.0
PAY0005539,O005539,Card,Paid,68200.0
PAY0005540,O005540,Card,Paid,12825.0
PAY0005541,O005541,Bank Transfer,Paid,20900.0
PAY0005542,O005542,Card,Paid,56900.0
PAY0005543,O005543,Card,Paid,6500.0
PAY0005544,O005544,Card,Paid,4050.0
PAY0005545,O005545,Card,Paid,24000.0
PAY0005546,O005546,Cash on Delivery,Paid,57200.0
PAY0005547,O005547,Wallet,Paid,5000.0
PAY0005548,O005548,Wallet,Paid,52000.0
PAY0005549,O005549,Wallet,Paid,9000.0
PAY0005550,O005550,Cash on Delivery,Paid,124400.0
PAY0005551,O005551,Wallet,Paid,17000.0
PAY0005552,O005552,Card,Paid,97800.0
PAY0005553,O005553,Card,Paid,7650.0
PAY0005554,O005554,Wallet,Paid,6500.0
PAY0005555,O005555,Bank Transfer,Paid,22000.0
PAY0005556,O005556,Card,Paid,36000.0
PAY0005557,O005557,Card,Pending,8075.0
PAY0005558,O005558,Card,Paid,-19200.0
PAY0005559,O005559,Cash on Delivery,Paid,7500.0
PAY0005560,O005560,Bank Transfer,Paid,140400.0
PAY0005561,O005561,Card,Paid,5000.0
PAY0005562,O005562,Cash on Delivery,Paid,32400.0
PAY0005563,O005563,Card,Paid,65000.0
PAY0005564,O005564,Bank Transfer,Paid,39600.0
PAY0005565,O005565,Cash on Delivery,Paid,56000.0
PAY0005566,O005566,Card,Paid,83200.0
PAY0005567,O005567,Card,Paid,110800.0
PAY0005568,O005568,Card,Paid,110500.0
PAY0005569,O005569,Cash on Delivery,Paid,10800.0
PAY0005570,O005570,Card,Pending,51300.0
PAY0005571,O005571,Cash on Delivery,Paid,45000.0
PAY0005572,O005572,Card,Paid,57600.0
PAY0005573,O005573,Wallet,Paid,65000.0
PAY0005574,O005574,Bank Transfer,Paid,18000.0
PAY0005575,O005575,Cash on Delivery,Paid,18000.0
PAY0005576,O005576,Card,Paid,8075.0
PAY0005577,O005577,Card,Paid,11400.0
PAY0005578,O005578,Card,Paid,11050.0
PAY0005579,O005579,Card,Paid,20400.0
PAY0005580,O005580,Card,Paid,28000.0
PAY0005581,O005581,Cash on Delivery,Paid,22950.0
PAY0005582,O005582,Bank Transfer,Paid,22000.0
PAY0005583,O005583,Card,Paid,18525.0
PAY0005584,O005584,Bank Transfer,Paid,8100.0
PAY0005585,O005585,Card,Paid,210000.0
PAY0005586,O005586,Card,Paid,28000.0
PAY0005587,O005587,Card,Paid,5850.0
PAY0005588,O005588,Card,Paid,64800.0
PAY0005589,O005589,Cash on Delivery,Paid,19800.0
PAY0005590,O005590,Card,Paid,68225.0
PAY0005591,O005591,Cash on Delivery,Paid,30000.0
PAY0005592,O005592,Bank Transfer,Paid,84000.0
PAY0005593,O005593,Card,Paid,34200.0
PAY0005594,O005594,Card,Paid,38250.0
PAY0005595,O005595,Bank Transfer,Paid,45000.0
PAY0005596,O005596,Card,Paid,36000.0
PAY0005597,O005597,Bank Transfer,Paid,26600.0
PAY0005598,O005598,Cash on Delivery,Paid,26600.0
PAY0005599,O005599,Bank Transfer,Paid,12350.0
PAY0005600,O005600,Cash on Delivery,Paid,195000.0
PAY0005601,O005601,Wallet,Paid,24225.0
PAY0005602,O005602,Card,Paid,12150.0
PAY0005603,O005603,Cash on Delivery,Failed,25500.0
PAY0005604,O005604,Cash on Delivery,Paid,8550.0
PAY0005605,O005605,Bank Transfer,Paid,49500.0
PAY0005606,O005606,Cash on Delivery,Pending,13000.0
PAY0005607,O005607,Cash on Delivery,Paid,8075.0
PAY0005608,O005608,Wallet,Paid,62175.0
PAY0005609,O005609,Card,Paid,140400.0
PAY0005610,O005610,Cash on Delivery,Paid,48600.0
PAY0005611,O005611,Cash on Delivery,Paid,41300.0
PAY0005612,O005612,Card,Paid,48000.0
PAY0005613,O005613,Card,Paid,8075.0
PAY0005614,O005614,Cash on Delivery,Paid,10800.0
PAY0005615,O005615,Card,Paid,140400.0
PAY0005616,O005616,Wallet,Paid,19800.0
PAY0005617,O005617,Cash on Delivery,Paid,44000.0
PAY0005618,O005618,Cash on Delivery,Paid,166000.0
PAY0005619,O005619,Card,Paid,13000.0
PAY0005620,O005620,Wallet,Paid,28500.0
PAY0005621,O005621,Wallet,Paid,8500.0
PAY0005622,O005622,Cash on Delivery,Paid,219000.0
PAY0005623,O005623,Card,Paid,25500.0
PAY0005624,O005624,Cash on Delivery,Paid,156000.0
PAY0005625,O005625,Card,Paid,4500.0
PAY0005626,O005626,Card,Paid,58650.0
PAY0005627,O005627,Card,Paid,47600.0
PAY0005628,O005628,Card,Pending,39600.0
PAY0005629,O005629,Wallet,Paid,37400.0
PAY0005630,O005630,Bank Transfer,Paid,4500.0
PAY0005631,O005631,Cash on Delivery,Paid,37400.0
PAY0005632,O005632,Bank Transfer,Paid,195000.0
PAY0005633,O005633,Card,Paid,56000.0
PAY0005634,O005634,Wallet,Paid,57950.0
PAY0005635,O005635,Cash on Delivery,Paid,47400.0
PAY0005636,O005636,Card,Pending,75600.0
PAY0005637,O005637,Cash on Delivery,Paid,14250.0
PAY0005638,O005638,Cash on Delivery,Paid,45000.0
PAY0005639,O005639,Cash on Delivery,Paid,8550.0
PAY0005640,O005640,Card,Paid,28000.0
PAY0005641,O005641,Cash on Delivery,Paid,7500.0
PAY0005642,O005642,Card,Paid,49700.0
PAY0005643,O005643,Bank Transfer,Paid,13500.0
PAY0005644,O005644,Cash on Delivery,Paid,3600.0
PAY0005645,O005645,Cash on Delivery,Paid,22850.0
PAY0005646,O005646,Cash on Delivery,Paid,175500.0
PAY0005647,O005647,Wallet,Pending,5850.0
PAY0005648,O005648,Card,Paid,30600.0
PAY0005649,O005649,Cash on Delivery,Paid,6175.0
PAY0005650,O005650,Cash on Delivery,Paid,71300.0
PAY0005651,O005651,Cash on Delivery,Paid,21675.0
PAY0005652,O005652,Bank Transfer,Paid,14250.0
PAY0005653,O005653,Wallet,Paid,4050.0
PAY0005654,O005654,Cash on Delivery,Paid,16150.0
PAY0005655,O005655,Bank Transfer,Paid,75600.0
PAY0005656,O005656,Cash on Delivery,Paid,49700.0
PAY0005657,O005657,Bank Transfer,Paid,36000.0
PAY0005658,O005658,Cash on Delivery,Paid,24000.0
PAY0005659,O005659,Cash on Delivery,Pending,195000.0
PAY0005660,O005660,Wallet,Paid,6175.0
PAY0005661,O005661,Cash on Delivery,Paid,43200.0
PAY0005662,O005662,Cash on Delivery,Paid,25500.0
PAY0005663,O005663,Cash on Delivery,Paid,52000.0
PAY0005664,O005664,Card,Paid,62700.0
PAY0005665,O005665,Card,Paid,30000.0
PAY0005666,O005666,Card,Failed,40800.0
PAY0005667,O005667,Bank Transfer,Paid,88400.0
PAY0005668,O005668,Bank Transfer,Paid,4275.0
PAY0005669,O005669,Card,Paid,15000.0
PAY0005670,O005670,Cash on Delivery,Paid,30600.0
PAY0005671,O005671,Wallet,Paid,19500.0
PAY0005672,O005672,Card,Paid,84550.0
PAY0005673,O005673,Card,Paid,50400.0
PAY0005674,O005674,Card,Paid,32400.0
PAY0005675,O005675,Cash on Delivery,Paid,14250.0
PAY0005676,O005676,Cash on Delivery,Paid,37400.0
PAY0005677,O005677,Card,Failed,12000.0
PAY0005678,O005678,Bank Transfer,Paid,34825.0
PAY0005679,O005679,Card,Pending,104000.0
PAY0005680,O005680,Card,Paid,11700.0
PAY0005681,O005681,Bank Transfer,Paid,17100.0
PAY0005682,O005682,Card,Paid,17000.0
PAY0005683,O005683,Bank Transfer,Paid,32275.0
PAY0005684,O005684,Cash on Delivery,Paid,56000.0
PAY0005685,O005685,Card,Paid,156000.0
PAY0005686,O005686,Card,Paid,32400.0
PAY0005687,O005687,Bank Transfer,Paid,13000.0
PAY0005688,O005688,Card,Paid,52000.0
PAY0005689,O005689,Wallet,Paid,4250.0
PAY0005690,O005690,Cash on Delivery,Paid,187800.0
PAY0005691,O005691,Bank Transfer,Paid,30000.0
PAY0005692,O005692,Cash on Delivery,Paid,136000.0
PAY0005693,O005693,Wallet,Paid,44000.0
PAY0005694,O005694,Card,Paid,65000.0
PAY0005695,O005695,Card,Paid,34200.0
PAY0005696,O005696,Bank Transfer,Paid,15600.0
PAY0005697,O005697,Card,Paid,7650.0
PAY0005698,O005698,Cash on Delivery,Paid,28000.0
PAY0005699,O005699,Bank Transfer,Paid,91800.0
PAY0005700,O005700,Wallet,Paid,130000.0
PAY0005701,O005701,Bank Transfer,Pending,58500.0
PAY0005702,O005702,Card,Paid,7500.0
PAY0005703,O005703,Cash on Delivery,Paid,6500.0
PAY0005704,O005704,Cash on Delivery,Paid,148000.0
PAY0005705,O005705,Card,Paid,8500.0
PAY0005706,O005706,Cash on Delivery,Paid,16150.0
PAY0005707,O005707,Wallet,Paid,35200.0
PAY0005708,O005708,Cash on Delivery,Paid,79800.0
PAY0005709,O005709,Cash on Delivery,Paid,195000.0
PAY0005710,O005710,Bank Transfer,Paid,59400.0
PAY0005711,O005711,Card,Paid,92800.0
PAY0005712,O005712,Cash on Delivery,Paid,98800.0
PAY0005713,O005713,Cash on Delivery,Paid,24225.0
PAY0005714,O005714,Cash on Delivery,Paid,16200.0
PAY0005715,O005715,Cash on Delivery,Paid,21600.0
PAY0005716,O005716,Card,Paid,73750.0
PAY0005717,O005717,Card,Paid,4250.0
PAY0005718,O005718,Cash on Delivery,Paid,79800.0
PAY0005719,O005719,Wallet,Paid,52000.0
PAY0005720,O005720,Card,Paid,69500.0
PAY0005721,O005721,Cash on Delivery,Paid,61200.0
PAY0005722,O005722,Bank Transfer,Paid,13500.0
PAY0005723,O005723,Cash on Delivery,Paid,66000.0
PAY0005724,O005724,Wallet,Paid,130000.0
PAY0005725,O005725,Wallet,Paid,3825.0
PAY0005726,O005726,Bank Transfer,Paid,26300.0
PAY0005727,O005727,Cash on Delivery,Pending,91350.0
PAY0005728,O005728,Card,Paid,227400.0
PAY0005729,O005729,Card,Paid,86700.0
PAY0005730,O005730,Cash on Delivery,Paid,2375.0
PAY0005731,O005731,Card,Paid,45300.0
PAY0005732,O005732,Bank Transfer,Paid,26600.0
PAY0005733,O005733,Bank Transfer,Paid,84000.0
PAY0005734,O005734,Cash on Delivery,Paid,18000.0
PAY0005735,O005735,Cash on Delivery,Paid,88300.0
PAY0005736,O005736,Card,Paid,7500.0
PAY0005737,O005737,Wallet,Paid,23800.0
PAY0005738,O005738,Cash on Delivery,Failed,39000.0
PAY0005739,O005739,Card,Failed,13500.0
PAY0005740,O005740,Wallet,Paid,24000.0
PAY0005741,O005741,Bank Transfer,Paid,51300.0
PAY0005742,O005742,Card,Paid,16700.0
PAY0005743,O005743,Cash on Delivery,Paid,66000.0
PAY0005744,O005744,Cash on Delivery,Paid,156000.0
PAY0005745,O005745,Bank Transfer,Paid,41800.0
PAY0005746,O005746,Cash on Delivery,Paid,5000.0
PAY0005747,O005747,Card,Paid,59400.0
PAY0005748,O005748,Cash on Delivery,Paid,18100.0
PAY0005749,O005749,Wallet,Paid,17100.0
PAY0005750,O005750,Card,Paid,68400.0
PAY0005751,O005751,Cash on Delivery,Paid,12350.0
PAY0005752,O005752,Card,Paid,22800.0
PAY0005753,O005753,Card,Paid,7650.0
PAY0005754,O005754,Cash on Delivery,Paid,9000.0
PAY0005755,O005755,Cash on Delivery,Paid,24225.0
PAY0005756,O005756,Bank Transfer,Paid,56375.0
PAY0005757,O005757,Cash on Delivery,Paid,45600.0
PAY0005758,O005758,Bank Transfer,Paid,18000.0
PAY0005759,O005759,Cash on Delivery,Paid,58500.0
PAY0005760,O005760,Card,Paid,13000.0
PAY0005761,O005761,Cash on Delivery,Paid,36000.0
PAY0005762,O005762,Card,Paid,10200.0
PAY0005763,O005763,Cash on Delivery,Pending,30000.0
PAY0005764,O005764,Cash on Delivery,Paid,56100.0
PAY0005765,O005765,Card,Paid,117000.0
PAY0005766,O005766,Cash on Delivery,Paid,27000.0
PAY0005767,O005767,Cash on Delivery,Paid,60300.0
PAY0005768,O005768,Cash on Delivery,Paid,-7000.0
PAY0005769,O005769,Card,Paid,8500.0
PAY0005770,O005770,Wallet,Paid,52000.0
PAY0005771,O005771,Bank Transfer,Paid,20400.0
PAY0005772,O005772,Card,Paid,10800.0
PAY0005773,O005773,Cash on Delivery,Paid,18000.0
PAY0005774,O005774,Card,Paid,104000.0
PAY0005775,O005775,Wallet,Paid,17100.0
PAY0005776,O005776,Bank Transfer,Paid,12825.0
PAY0005777,O005777,Cash on Delivery,Paid,74750.0
PAY0005778,O005778,Card,Paid,108225.0
PAY0005779,O005779,Card,Paid,96750.0
PAY0005780,O005780,Wallet,Pending,42000.0
PAY0005781,O005781,Cash on Delivery,Paid,48600.0
PAY0005782,O005782,Card,Paid,15300.0
PAY0005783,O005783,Cash on Delivery,Paid,66000.0
PAY0005784,O005784,Cash on Delivery,Paid,17000.0
PAY0005785,O005785,Card,Paid,49400.0
PAY0005786,O005786,Cash on Delivery,Paid,13000.0
PAY0005787,O005787,Card,Paid,41800.0
PAY0005788,O005788,Cash on Delivery,Paid,195000.0
PAY0005789,O005789,Wallet,Paid,22000.0
PAY0005790,O005790,Cash on Delivery,Paid,83400.0
PAY0005791,O005791,Bank Transfer,Pending,15000.0
PAY0005792,O005792,Card,Pending,36000.0
PAY0005793,O005793,Bank Transfer,Paid,62700.0
PAY0005794,O005794,Cash on Delivery,Paid,5200.0
PAY0005795,O005795,Card,Paid,212000.0
PAY0005796,O005796,Cash on Delivery,Paid,119000.0
PAY0005797,O005797,Card,Paid,99000.0
PAY0005798,O005798,Bank Transfer,Paid,17100.0
PAY0005799,O005799,Bank Transfer,Paid,28000.0
PAY0005800,O005800,Card,Paid,65000.0
PAY0005801,O005801,Cash on Delivery,Failed,12000.0
PAY0005802,O005802,Card,Pending,21675.0
PAY0005803,O005803,Card,Paid,53200.0
PAY0005804,O005804,Card,Paid,54900.0
PAY0005805,O005805,Cash on Delivery,Pending,84000.0
PAY0005806,O005806,Bank Transfer,Paid,124000.0
PAY0005807,O005807,Wallet,Paid,15000.0
PAY0005808,O005808,Cash on Delivery,Paid,4275.0
PAY0005809,O005809,Card,Paid,22400.0
PAY0005810,O005810,Cash on Delivery,Paid,8075.0
PAY0005811,O005811,Card,Paid,17000.0
PAY0005812,O005812,Cash on Delivery,Paid,6800.0
PAY0005813,O005813,Cash on Delivery,Paid,12000.0
PAY0005814,O005814,Card,Paid,32400.0
PAY0005815,O005815,Card,Paid,61750.0
PAY0005816,O005816,Card,Paid,18000.0
PAY0005817,O005817,Card,Paid,8500.0
PAY0005818,O005818,Cash on Delivery,Paid,6175.0
PAY0005819,O005819,Card,Paid,208000.0
PAY0005820,O005820,Cash on Delivery,Paid,36000.0
PAY0005821,O005821,Cash on Delivery,Paid,69300.0
PAY0005822,O005822,Card,Paid,12000.0
PAY0005823,O005823,Card,Failed,93600.0
PAY0005824,O005824,Wallet,Paid,200850.0
PAY0005825,O005825,Cash on Delivery,Paid,71400.0
PAY0005826,O005826,Card,Paid,117000.0
PAY0005827,O005827,Cash on Delivery,Paid,51750.0
PAY0005828,O005828,Card,Paid,100200.0
PAY0005829,O005829,Cash on Delivery,Paid,24225.0
PAY0005830,O005830,Card,Paid,46800.0
PAY0005831,O005831,Card,Paid,5525.0
PAY0005832,O005832,Cash on Delivery,Paid,22950.0
PAY0005833,O005833,Cash on Delivery,Paid,117300.0
PAY0005834,O005834,Card,Paid,54000.0
PAY0005835,O005835,Wallet,Paid,28500.0
PAY0005836,O005836,Card,Pending,76000.0
PAY0005837,O005837,Cash on Delivery,Paid,12825.0
PAY0005838,O005838,Bank Transfer,Paid,80500.0
PAY0005839,O005839,Cash on Delivery,Paid,8500.0
PAY0005840,O005840,Bank Transfer,Paid,9000.0
PAY0005841,O005841,Cash on Delivery,Paid,-4050.0
PAY0005842,O005842,Card,Paid,21600.0
PAY0005843,O005843,Wallet,Paid,24000.0
PAY0005844,O005844,Card,Paid,136500.0
PAY0005845,O005845,Cash on Delivery,Paid,15000.0
PAY0005846,O005846,Cash on Delivery,Paid,130000.0
PAY0005847,O005847,Cash on Delivery,Paid,117000.0
PAY0005848,O005848,Cash on Delivery,Paid,249750.0
PAY0005849,O005849,Cash on Delivery,Paid,4250.0
PAY0005850,O005850,Cash on Delivery,Paid,93600.0
PAY0005851,O005851,Cash on Delivery,Paid,7225.0
PAY0005852,O005852,Cash on Delivery,Paid,81600.0
PAY0005853,O005853,Card,Paid,58500.0
PAY0005854,O005854,Cash on Delivery,Paid,26250.0
PAY0005855,O005855,Wallet,Paid,25300.0
PAY0005856,O005856,Card,Paid,195000.0
PAY0005857,O005857,Card,Paid,70800.0
PAY0005858,O005858,Wallet,Paid,28000.0
PAY0005859,O005859,Card,Paid,36000.0
PAY0005860,O005860,Cash on Delivery,Paid,28800.0
PAY0005861,O005861,Cash on Delivery,Paid,7650.0
PAY0005862,O005862,Cash on Delivery,Paid,15000.0
PAY0005863,O005863,Card,Paid,23150.0
PAY0005864,O005864,Bank Transfer,Paid,6750.0
PAY0005865,O005865,Cash on Delivery,Pending,12150.0
PAY0005866,O005866,Cash on Delivery,Paid,11050.0
PAY0005867,O005867,Cash on Delivery,Paid,8500.0
PAY0005868,O005868,Wallet,Paid,34200.0
PAY0005869,O005869,Bank Transfer,Paid,7650.0
PAY0005870,O005870,Card,Paid,7225.0
PAY0005871,O005871,Card,Paid,17000.0
PAY0005872,O005872,Card,Paid,114000.0
PAY0005873,O005873,Wallet,Failed,24000.0
PAY0005874,O005874,Card,Paid,15300.0
PAY0005875,O005875,Bank Transfer,Paid,149600.0
PAY0005876,O005876,Cash on Delivery,Paid,21675.0
PAY0005877,O005877,Bank Transfer,Paid,22800.0
PAY0005878,O005878,Cash on Delivery,Paid,72075.0
PAY0005879,O005879,Card,Paid,69100.0
PAY0005880,O005880,Cash on Delivery,Paid,19500.0
PAY0005881,O005881,Card,Paid,48000.0
PAY0005882,O005882,Card,Paid,12750.0
PAY0005883,O005883,Card,Paid,38250.0
PAY0005884,O005884,Bank Transfer,Paid,44000.0
PAY0005885,O005885,Card,Paid,22950.0
PAY0005886,O005886,Card,Paid,41800.0
PAY0005887,O005887,Card,Paid,14250.0
PAY0005888,O005888,Card,Paid,30000.0
PAY0005889,O005889,Card,Paid,84000.0
PAY0005890,O005890,Cash on Delivery,Paid,11850.0
PAY0005891,O005891,Cash on Delivery,Paid,66000.0
PAY0005892,O005892,Cash on Delivery,Paid,17100.0
PAY0005893,O005893,Bank Transfer,Paid,185250.0
PAY0005894,O005894,Card,Paid,46800.0
PAY0005895,O005895,Cash on Delivery,Paid,13000.0
PAY0005896,O005896,Cash on Delivery,Paid,104250.0
PAY0005897,O005897,Cash on Delivery,Paid,58500.0
PAY0005898,O005898,Card,Paid,73500.0
PAY0005899,O005899,Cash on Delivery,Paid,37500.0
PAY0005900,O005900,Card,Pending,54000.0
PAY0005901,O005901,Card,Paid,123175.0
PAY0005902,O005902,Cash on Delivery,Paid,116000.0
PAY0005903,O005903,Card,Paid,78900.0
PAY0005904,O005904,Bank Transfer,Paid,51300.0
PAY0005905,O005905,Wallet,Paid,32400.0
PAY0005906,O005906,Cash on Delivery,Paid,97400.0
PAY0005907,O005907,Wallet,Paid,16150.0
PAY0005908,O005908,Cash on Delivery,Paid,156000.0
PAY0005909,O005909,Card,Paid,55050.0
PAY0005910,O005910,Wallet,Paid,45000.0
PAY0005911,O005911,Card,Paid,11700.0
PAY0005912,O005912,Card,Paid,40900.0
PAY0005913,O005913,Card,Paid,148200.0
PAY0005914,O005914,Bank Transfer,Paid,57600.0
PAY0005915,O005915,Card,Paid,234600.0
PAY0005916,O005916,Bank Transfer,Paid,106450.0
PAY0005917,O005917,Bank Transfer,Paid,30600.0
PAY0005918,O005918,Wallet,Paid,263400.0
PAY0005919,O005919,Wallet,Paid,27900.0
PAY0005920,O005920,Card,Paid,185250.0
PAY0005921,O005921,Cash on Delivery,Paid,3825.0
PAY0005922,O005922,Bank Transfer,Pending,148200.0
PAY0005923,O005923,Card,Paid,35650.0
PAY0005924,O005924,Wallet,Paid,54375.0
PAY0005925,O005925,Bank Transfer,Paid,45000.0
PAY0005926,O005926,Wallet,Paid,7500.0
PAY0005927,O005927,Card,Pending,48000.0
PAY0005928,O005928,Card,Paid,84000.0
PAY0005929,O005929,Wallet,Paid,24000.0
PAY0005930,O005930,Card,Paid,24000.0
PAY0005931,O005931,Wallet,Paid,22000.0
PAY0005932,O005932,Card,Paid,54000.0
PAY0005933,O005933,Card,Paid,18000.0
PAY0005934,O005934,Cash on Delivery,Paid,104000.0
PAY0005935,O005935,Wallet,Paid,9000.0
PAY0005936,O005936,Cash on Delivery,Paid,52000.0
PAY0005937,O005937,Cash on Delivery,Paid,36500.0
PAY0005938,O005938,Card,Paid,6175.0
PAY0005939,O005939,Card,Paid,60600.0
PAY0005940,O005940,Bank Transfer,Pending,44000.0
PAY0005941,O005941,Bank Transfer,Paid,12000.0
PAY0005942,O005942,Bank Transfer,Pending,65000.0
PAY0005943,O005943,Card,Paid,13000.0
PAY0005944,O005944,Card,Paid,42750.0
PAY0005945,O005945,Cash on Delivery,Paid,60600.0
PAY0005946,O005946,Cash on Delivery,Paid,137400.0
PAY0005947,O005947,Cash on Delivery,Paid,15000.0
PAY0005948,O005948,Card,Paid,104000.0
PAY0005949,O005949,Bank Transfer,Paid,11400.0
PAY0005950,O005950,Cash on Delivery,Paid,24000.0
PAY0005951,O005951,Cash on Delivery,Paid,16150.0
PAY0005952,O005952,Card,Pending,4500.0
PAY0005953,O005953,Card,Paid,45850.0
PAY0005954,O005954,Card,Paid,18525.0
PAY0005955,O005955,Cash on Delivery,Paid,28500.0
PAY0005956,O005956,Cash on Delivery,Paid,65000.0
PAY0005957,O005957,Card,Paid,52000.0
PAY0005958,O005958,Cash on Delivery,Paid,22000.0
PAY0005959,O005959,Cash on Delivery,Paid,52000.0
PAY0005960,O005960,Card,Paid,12000.0
PAY0005961,O005961,Card,Paid,88400.0
PAY0005962,O005962,Cash on Delivery,Paid,185250.0
PAY0005963,O005963,Card,Paid,48000.0
PAY0005964,O005964,Card,Pending,97000.0
PAY0005965,O005965,Cash on Delivery,Paid,28000.0
PAY0005966,O005966,Card,Paid,124800.0
PAY0005967,O005967,Bank Transfer,Paid,13925.0
PAY0005968,O005968,Cash on Delivery,Paid,18700.0
PAY0005969,O005969,Card,Pending,65000.0
PAY0005970,O005970,Card,Paid,17100.0
PAY0005971,O005971,Card,Paid,54000.0
PAY0005972,O005972,Wallet,Paid,34200.0
PAY0005973,O005973,Card,Paid,72000.0
PAY0005974,O005974,Card,Paid,93600.0
PAY0005975,O005975,Bank Transfer,Paid,62700.0
PAY0005976,O005976,Card,Paid,63400.0
PAY0005977,O005977,Card,Paid,42750.0
PAY0005978,O005978,Bank Transfer,Paid,21675.0
PAY0005979,O005979,Cash on Delivery,Paid,34200.0
PAY0005980,O005980,Card,Paid,41800.0
PAY0005981,O005981,Card,Paid,45000.0
PAY0005982,O005982,Bank Transfer,Paid,71400.0
PAY0005983,O005983,Card,Paid,12150.0
PAY0005984,O005984,Cash on Delivery,Pending,57950.0
PAY0005985,O005985,Card,Pending,36000.0
PAY0005986,O005986,Card,Paid,7500.0
PAY0005987,O005987,Card,Paid,75150.0
PAY0005988,O005988,Card,Paid,6500.0
PAY0005989,O005989,Cash on Delivery,Paid,104000.0
PAY0005990,O005990,Cash on Delivery,Paid,44000.0
PAY0005991,O005991,Card,Paid,27025.0
PAY0005992,O005992,Card,Paid,4050.0
PAY0005993,O005993,Bank Transfer,Paid,31950.0
PAY0005994,O005994,Cash on Delivery,Paid,28500.0
PAY0005995,O005995,Cash on Delivery,Paid,83600.0
PAY0005996,O005996,Card,Paid,66000.0
PAY0005997,O005997,Cash on Delivery,Paid,4500.0
PAY0005998,O005998,Card,Paid,14450.0
PAY0005999,O005999,Card,Paid,165750.0
PAY0006000,O006000,Cash on Delivery,Paid,16750.0
PAY0006001,O006001,Card,Paid,17550.0
PAY0006002,O006002,Card,Paid,52150.0
PAY0006003,O006003,Cash on Delivery,Paid,26100.0
PAY0006004,O006004,Card,Paid,81600.0
PAY0006005,O006005,Bank Transfer,Paid,79800.0
PAY0006006,O006006,Card,Paid,39600.0
PAY0006007,O006007,Card,Paid,8500.0
PAY0006008,O006008,Card,Paid,51300.0
PAY0006009,O006009,Bank Transfer,Paid,52000.0
PAY0006010,O006010,Bank Transfer,Paid,18000.0
PAY0006011,O006011,Wallet,Paid,38400.0
PAY0006012,O006012,Bank Transfer,Paid,8500.0
PAY0006013,O006013,Bank Transfer,Paid,14250.0
PAY0006014,O006014,Wallet,Failed,104000.0
PAY0006015,O006015,Card,Paid,44000.0
PAY0006016,O006016,Cash on Delivery,Paid,4500.0
PAY0006017,O006017,Card,Paid,37400.0
PAY0006018,O006018,Bank Transfer,Paid,195000.0
PAY0006019,O006019,Card,Paid,25500.0
PAY0006020,O006020,Cash on Delivery,Paid,130000.0
PAY0006021,O006021,Card,Pending,19800.0
PAY0006022,O006022,Cash on Delivery,Paid,49400.0
PAY0006023,O006023,Bank Transfer,Paid,35500.0
PAY0006024,O006024,Cash on Delivery,Paid,7225.0
PAY0006025,O006025,Wallet,Paid,7500.0
PAY0006026,O006026,Card,Paid,44000.0
PAY0006027,O006027,Cash on Delivery,Paid,16175.0
PAY0006028,O006028,Bank Transfer,Paid,7500.0
PAY0006029,O006029,Cash on Delivery,Paid,198250.0
PAY0006030,O006030,Cash on Delivery,Paid,24225.0
PAY0006031,O006031,Card,Paid,65000.0
PAY0006032,O006032,Bank Transfer,Paid,8100.0
PAY0006033,O006033,Card,Paid,123500.0
PAY0006034,O006034,Card,Paid,66000.0
PAY0006035,O006035,Card,Paid,41800.0
PAY0006036,O006036,Cash on Delivery,Paid,139000.0
PAY0006037,O006037,Card,Paid,81450.0
PAY0006038,O006038,Wallet,Paid,8500.0
PAY0006039,O006039,Cash on Delivery,Paid,117000.0
PAY0006040,O006040,Wallet,Paid,16150.0
PAY0006041,O006041,Cash on Delivery,Paid,8500.0
PAY0006042,O006042,Bank Transfer,Paid,23800.0
PAY0006043,O006043,Card,Paid,2500.0
PAY0006044,O006044,Cash on Delivery,Paid,21600.0
PAY0006045,O006045,Card,Paid,130000.0
PAY0006046,O006046,Card,Paid,84000.0
PAY0006047,O006047,Card,Paid,7500.0
PAY0006048,O006048,Cash on Delivery,Paid,104000.0
PAY0006049,O006049,Cash on Delivery,Paid,130000.0
PAY0006050,O006050,Card,Paid,39400.0
PAY0006051,O006051,Bank Transfer,Paid,185250.0
PAY0006052,O006052,Wallet,Paid,17000.0
PAY0006053,O006053,Bank Transfer,Paid,52000.0
PAY0006054,O006054,Cash on Delivery,Paid,11400.0
PAY0006055,O006055,Cash on Delivery,Paid,19875.0
PAY0006056,O006056,Card,Paid,11400.0
PAY0006057,O006057,Cash on Delivery,Paid,49750.0
PAY0006058,O006058,Card,Paid,8100.0
PAY0006059,O006059,Wallet,Paid,34200.0
PAY0006060,O006060,Cash on Delivery,Paid,17550.0
PAY0006061,O006061,Card,Paid,110500.0
PAY0006062,O006062,Card,Paid,84000.0
PAY0006063,O006063,Card,Paid,157000.0
PAY0006064,O006064,Card,Paid,11400.0
PAY0006065,O006065,Bank Transfer,Paid,48000.0
PAY0006066,O006066,Bank Transfer,Paid,9000.0
PAY0006067,O006067,Bank Transfer,Paid,2500.0
PAY0006068,O006068,Cash on Delivery,Pending,62700.0
PAY0006069,O006069,Bank Transfer,Paid,36000.0
PAY0006070,O006070,Card,Paid,18525.0
PAY0006071,O006071,Cash on Delivery,Paid,65800.0
PAY0006072,O006072,Cash on Delivery,Paid,26600.0
PAY0006073,O006073,Wallet,Pending,94400.0
PAY0006074,O006074,Card,Paid,54000.0
PAY0006075,O006075,Card,Paid,140400.0
PAY0006076,O006076,Card,Paid,67200.0
PAY0006077,O006077,Wallet,Paid,72000.0
PAY0006078,O006078,Card,Paid,23800.0
PAY0006079,O006079,Card,Paid,104000.0
PAY0006080,O006080,Bank Transfer,Paid,84000.0
PAY0006081,O006081,Wallet,Paid,50400.0
PAY0006082,O006082,Cash on Delivery,Paid,24000.0
PAY0006083,O006083,Card,Paid,66000.0
PAY0006084,O006084,Cash on Delivery,Paid,9500.0
PAY0006085,O006085,Card,Paid,20900.0
PAY0006086,O006086,Card,Paid,15300.0
PAY0006087,O006087,Cash on Delivery,Paid,30825.0
PAY0006088,O006088,Bank Transfer,Paid,7225.0
PAY0006089,O006089,Card,Paid,26600.0
PAY0006090,O006090,Cash on Delivery,Paid,72000.0
PAY0006091,O006091,Card,Paid,15300.0
PAY0006092,O006092,Card,Paid,32400.0
PAY0006093,O006093,Card,Paid,120825.0
PAY0006094,O006094,Card,Paid,8500.0
PAY0006095,O006095,Card,Paid,136875.0
PAY0006096,O006096,Card,Paid,46400.0
PAY0006097,O006097,Card,Paid,15300.0
PAY0006098,O006098,Card,Pending,13500.0
PAY0006099,O006099,Card,Paid,193750.0
PAY0006100,O006100,Card,Paid,72000.0
PAY0006101,O006101,Bank Transfer,Paid,55500.0
PAY0006102,O006102,Bank Transfer,Paid,87450.0
PAY0006103,O006103,Card,Paid,42750.0
PAY0006104,O006104,Wallet,Paid,104400.0
PAY0006105,O006105,Card,Paid,17550.0
PAY0006106,O006106,Bank Transfer,Paid,30600.0
PAY0006107,O006107,Cash on Delivery,Paid,15300.0
PAY0006108,O006108,Card,Paid,25500.0
PAY0006109,O006109,Card,Paid,78750.0
PAY0006110,O006110,Card,Paid,58500.0
PAY0006111,O006111,Cash on Delivery,Paid,51300.0
PAY0006112,O006112,Card,Paid,2500.0
PAY0006113,O006113,Wallet,Paid,5850.0
PAY0006114,O006114,Card,Paid,40500.0
PAY0006115,O006115,Cash on Delivery,Paid,77700.0
PAY0006116,O006116,Card,Paid,156000.0
PAY0006117,O006117,Wallet,Paid,19500.0
PAY0006118,O006118,Card,Paid,65000.0
PAY0006119,O006119,Card,Paid,116400.0
PAY0006120,O006120,Cash on Delivery,Paid,42750.0
PAY0006121,O006121,Card,Paid,37400.0
PAY0006122,O006122,Cash on Delivery,Paid,56000.0
PAY0006123,O006123,Card,Paid,217800.0
PAY0006124,O006124,Wallet,Paid,98100.0
PAY0006125,O006125,Bank Transfer,Paid,5525.0
PAY0006126,O006126,Card,Paid,35200.0
PAY0006127,O006127,Bank Transfer,Paid,21600.0
PAY0006128,O006128,Card,Paid,53200.0
PAY0006129,O006129,Wallet,Paid,40800.0
PAY0006130,O006130,Card,Paid,19500.0
PAY0006131,O006131,Card,Paid,56000.0
PAY0006132,O006132,Bank Transfer,Paid,90900.0
PAY0006133,O006133,Card,Paid,41800.0
PAY0006134,O006134,Wallet,Paid,12350.0
PAY0006135,O006135,Cash on Delivery,Paid,87800.0
PAY0006136,O006136,Cash on Delivery,Paid,56000.0
PAY0006137,O006137,Card,Paid,132000.0
PAY0006138,O006138,Cash on Delivery,Paid,14250.0
PAY0006139,O006139,Cash on Delivery,Paid,30600.0
PAY0006140,O006140,Cash on Delivery,Paid,18700.0
PAY0006141,O006141,Card,Paid,113000.0
PAY0006142,O006142,Cash on Delivery,Paid,84000.0
PAY0006143,O006143,Card,Paid,13500.0
PAY0006144,O006144,Cash on Delivery,Paid,19800.0
PAY0006145,O006145,Cash on Delivery,Paid,51000.0
PAY0006146,O006146,Wallet,Paid,28500.0
PAY0006147,O006147,Cash on Delivery,Paid,148000.0
PAY0006148,O006148,Card,Paid,19500.0
PAY0006149,O006149,Wallet,Paid,5000.0
PAY0006150,O006150,Wallet,Paid,64800.0
PAY0006151,O006151,Wallet,Paid,84000.0
PAY0006152,O006152,Card,Paid,140400.0
PAY0006153,O006153,Card,Paid,130000.0
PAY0006154,O006154,Card,Paid,56000.0
PAY0006155,O006155,Bank Transfer,Paid,22800.0
PAY0006156,O006156,Cash on Delivery,Paid,126800.0
PAY0006157,O006157,Card,Paid,176200.0
PAY0006158,O006158,Card,Pending,27700.0
PAY0006159,O006159,Bank Transfer,Paid,123500.0
PAY0006160,O006160,Card,Paid,40800.0
PAY0006161,O006161,Cash on Delivery,Paid,36000.0
PAY0006162,O006162,Card,Paid,28000.0
PAY0006163,O006163,Card,Paid,13500.0
PAY0006164,O006164,Card,Paid,11400.0
PAY0006165,O006165,Card,Paid,99825.0
PAY0006166,O006166,Card,Paid,44000.0
PAY0006167,O006167,Card,Paid,123500.0
PAY0006168,O006168,Card,Paid,55250.0
PAY0006169,O006169,Wallet,Paid,130000.0
PAY0006170,O006170,Cash on Delivery,Paid,13500.0
PAY0006171,O006171,Card,Paid,99200.0
PAY0006172,O006172,Card,Paid,7650.0
PAY0006173,O006173,Cash on Delivery,Paid,7225.0
PAY0006174,O006174,Cash on Delivery,Paid,175500.0
PAY0006175,O006175,Cash on Delivery,Paid,115900.0
PAY0006176,O006176,Bank Transfer,Paid,12350.0
PAY0006177,O006177,Cash on Delivery,Paid,45900.0
PAY0006178,O006178,Card,Paid,16150.0
PAY0006179,O006179,Card,Paid,15300.0
PAY0006180,O006180,Card,Paid,70050.0
PAY0006181,O006181,Card,Paid,11475.0
PAY0006182,O006182,Card,Paid,28475.0
PAY0006183,O006183,Card,Paid,43200.0
PAY0006184,O006184,Card,Paid,4500.0
PAY0006185,O006185,Card,Paid,24000.0
PAY0006186,O006186,Bank Transfer,Paid,24000.0
PAY0006187,O006187,Card,Paid,54000.0
PAY0006188,O006188,Cash on Delivery,Paid,25500.0
PAY0006189,O006189,Bank Transfer,Paid,12150.0
PAY0006190,O006190,Bank Transfer,Paid,257700.0
PAY0006191,O006191,Bank Transfer,Paid,51300.0
PAY0006192,O006192,Cash on Delivery,Paid,64800.0
PAY0006193,O006193,Card,Paid,17000.0
PAY0006194,O006194,Cash on Delivery,Paid,140400.0
PAY0006195,O006195,Card,Paid,7650.0
PAY0006196,O006196,Cash on Delivery,Paid,79900.0
PAY0006197,O006197,Card,Paid,129000.0
PAY0006198,O006198,Card,Paid,37400.0
PAY0006199,O006199,Card,Paid,27000.0
PAY0006200,O006200,Card,Paid,72000.0
PAY0006201,O006201,Bank Transfer,Paid,19800.0
PAY0006202,O006202,Cash on Delivery,Paid,48450.0
PAY0006203,O006203,Card,Paid,16150.0
PAY0006204,O006204,Wallet,Paid,156000.0
PAY0006205,O006205,Cash on Delivery,Paid,75600.0
PAY0006206,O006206,Bank Transfer,Paid,30000.0
PAY0006207,O006207,Bank Transfer,Paid,175500.0
PAY0006208,O006208,Cash on Delivery,Paid,13500.0
PAY0006209,O006209,Wallet,Paid,84750.0
PAY0006210,O006210,Cash on Delivery,Paid,15000.0
PAY0006211,O006211,Bank Transfer,Paid,203550.0
PAY0006212,O006212,Card,Paid,10800.0
PAY0006213,O006213,Wallet,Paid,25200.0
PAY0006214,O006214,Bank Transfer,Paid,72000.0
PAY0006215,O006215,Card,Paid,62700.0
PAY0006216,O006216,Cash on Delivery,Paid,28000.0
PAY0006217,O006217,Card,Paid,24000.0
PAY0006218,O006218,Cash on Delivery,Paid,58500.0
PAY0006219,O006219,Bank Transfer,Paid,32400.0
PAY0006220,O006220,Card,Paid,61200.0
PAY0006221,O006221,Bank Transfer,Paid,190000.0
PAY0006222,O006222,Bank Transfer,Paid,13500.0
PAY0006223,O006223,Wallet,Paid,6500.0
PAY0006224,O006224,Wallet,Paid,77400.0
PAY0006225,O006225,Card,Paid,15300.0
PAY0006226,O006226,Card,Paid,68000.0
PAY0006227,O006227,Card,Paid,52000.0
PAY0006228,O006228,Card,Paid,24000.0
PAY0006229,O006229,Card,Paid,77400.0
PAY0006230,O006230,Cash on Delivery,Paid,6175.0
PAY0006231,O006231,Bank Transfer,Paid,43200.0
PAY0006232,O006232,Bank Transfer,Paid,28000.0
PAY0006233,O006233,Cash on Delivery,Paid,39600.0
PAY0006234,O006234,Card,Paid,12350.0
PAY0006235,O006235,Card,Paid,12000.0
PAY0006236,O006236,Card,Pending,50250.0
PAY0006237,O006237,Card,Paid,123500.0
PAY0006238,O006238,Bank Transfer,Paid,25500.0
PAY0006239,O006239,Wallet,Paid,166000.0
PAY0006240,O006240,Bank Transfer,Paid,13000.0
PAY0006241,O006241,Wallet,Paid,16150.0
PAY0006242,O006242,Card,Paid,62000.0
PAY0006243,O006243,Card,Paid,19500.0
PAY0006244,O006244,Card,Paid,34200.0
PAY0006245,O006245,Card,Paid,40500.0
PAY0006246,O006246,Card,Paid,36000.0
PAY0006247,O006247,Cash on Delivery,Paid,54000.0
PAY0006248,O006248,Cash on Delivery,Paid,5000.0
PAY0006249,O006249,Wallet,Paid,64500.0
PAY0006250,O006250,Card,Paid,49400.0
PAY0006251,O006251,Cash on Delivery,Paid,38250.0
PAY0006252,O006252,Cash on Delivery,Paid,22950.0
PAY0006253,O006253,Bank Transfer,Paid,49400.0
PAY0006254,O006254,Cash on Delivery,Paid,5850.0
PAY0006255,O006255,Card,Paid,30000.0
PAY0006256,O006256,Card,Paid,28500.0
PAY0006257,O006257,Card,Paid,7650.0
PAY0006258,O006258,Card,Paid,40800.0
PAY0006259,O006259,Card,Pending,13500.0
PAY0006260,O006260,Cash on Delivery,Paid,12350.0
PAY0006261,O006261,Wallet,Paid,35650.0
PAY0006262,O006262,Card,Paid,19500.0
PAY0006263,O006263,Card,Paid,72000.0
PAY0006264,O006264,Card,Paid,83200.0
PAY0006265,O006265,Card,Paid,141000.0
PAY0006266,O006266,Card,Paid,13000.0
PAY0006267,O006267,Bank Transfer,Paid,81000.0
PAY0006268,O006268,Card,Paid,6175.0
PAY0006269,O006269,Card,Paid,156000.0
PAY0006270,O006270,Wallet,Paid,6500.0
PAY0006271,O006271,Cash on Delivery,Paid,24000.0
PAY0006272,O006272,Card,Paid,22950.0
PAY0006273,O006273,Card,Paid,56000.0
PAY0006274,O006274,Wallet,Paid,46550.0
PAY0006275,O006275,Wallet,Paid,104000.0
PAY0006276,O006276,Cash on Delivery,Pending,9000.0
PAY0006277,O006277,Card,Paid,80100.0
PAY0006278,O006278,Bank Transfer,Paid,7650.0
PAY0006279,O006279,Cash on Delivery,Paid,185250.0
PAY0006280,O006280,Card,Paid,28500.0
PAY0006281,O006281,Card,Paid,61200.0
PAY0006282,O006282,Card,Failed,8500.0
PAY0006283,O006283,Card,Pending,51300.0
PAY0006284,O006284,Cash on Delivery,Paid,7650.0
PAY0006285,O006285,Bank Transfer,Paid,17100.0
PAY0006286,O006286,Wallet,Paid,6175.0
PAY0006287,O006287,Wallet,Paid,117000.0
PAY0006288,O006288,Bank Transfer,Paid,6800.0
PAY0006289,O006289,Card,Paid,71400.0
PAY0006290,O006290,Cash on Delivery,Paid,40800.0
PAY0006291,O006291,Card,Paid,64800.0
PAY0006292,O006292,Cash on Delivery,Paid,11700.0
PAY0006293,O006293,Card,Paid,44800.0
PAY0006294,O006294,Cash on Delivery,Paid,18525.0
PAY0006295,O006295,Card,Paid,6500.0
PAY0006296,O006296,Cash on Delivery,Paid,112600.0
PAY0006297,O006297,Bank Transfer,Paid,56000.0
PAY0006298,O006298,Card,Paid,50400.0
PAY0006299,O006299,Wallet,Paid,4050.0
PAY0006300,O006300,Card,Paid,81000.0
PAY0006301,O006301,Card,Paid,28500.0
PAY0006302,O006302,Cash on Delivery,Paid,22800.0
PAY0006303,O006303,Card,Paid,34200.0
PAY0006304,O006304,Bank Transfer,Paid,11400.0
PAY0006305,O006305,Cash on Delivery,Paid,110500.0
PAY0006306,O006306,Card,Paid,12000.0
PAY0006307,O006307,Cash on Delivery,Pending,16575.0
PAY0006308,O006308,Bank Transfer,Paid,4275.0
PAY0006309,O006309,Card,Paid,44000.0
PAY0006310,O006310,Card,Pending,15300.0
PAY0006311,O006311,Bank Transfer,Paid,5000.0
PAY0006312,O006312,Bank Transfer,Paid,72000.0
PAY0006313,O006313,Bank Transfer,Pending,44800.0
PAY0006314,O006314,Card,Paid,54000.0
PAY0006315,O006315,Bank Transfer,Paid,58950.0
PAY0006316,O006316,Card,Paid,31650.0
PAY0006317,O006317,Cash on Delivery,Paid,8550.0
PAY0006318,O006318,Card,Paid,195000.0
PAY0006319,O006319,Card,Paid,65000.0
PAY0006320,O006320,Wallet,Paid,156000.0
PAY0006321,O006321,Card,Paid,17100.0
PAY0006322,O006322,Card,Paid,25200.0
PAY0006323,O006323,Cash on Delivery,Paid,26600.0
PAY0006324,O006324,Bank Transfer,Paid,42750.0
PAY0006325,O006325,Cash on Delivery,Failed,66000.0
PAY0006326,O006326,Bank Transfer,Paid,41800.0
PAY0006327,O006327,Wallet,Paid,66000.0
PAY0006328,O006328,Cash on Delivery,Paid,72000.0
PAY0006329,O006329,Cash on Delivery,Paid,21600.0
PAY0006330,O006330,Cash on Delivery,Paid,64800.0
PAY0006331,O006331,Card,Paid,75600.0
PAY0006332,O006332,Card,Paid,36000.0
PAY0006333,O006333,Card,Paid,18525.0
PAY0006334,O006334,Cash on Delivery,Paid,18275.0
PAY0006335,O006335,Card,Paid,22950.0
PAY0006336,O006336,Card,Paid,10800.0
PAY0006337,O006337,Card,Paid,30000.0
PAY0006338,O006338,Bank Transfer,Paid,104000.0
PAY0006339,O006339,Card,Paid,48900.0
PAY0006340,O006340,Wallet,Paid,7650.0
PAY0006341,O006341,Card,Paid,6500.0
PAY0006342,O006342,Cash on Delivery,Paid,76475.0
PAY0006343,O006343,Bank Transfer,Paid,26600.0
PAY0006344,O006344,Card,Failed,13000.0
PAY0006345,O006345,Cash on Delivery,Paid,64800.0
PAY0006346,O006346,Bank Transfer,Paid,52000.0
PAY0006347,O006347,Cash on Delivery,Paid,25500.0
PAY0006348,O006348,Card,Pending,67200.0
PAY0006349,O006349,Cash on Delivery,Paid,125700.0
PAY0006350,O006350,Card,Paid,13600.0
PAY0006351,O006351,Card,Paid,17100.0
PAY0006352,O006352,Card,Paid,6175.0
PAY0006353,O006353,Bank Transfer,Paid,130000.0
PAY0006354,O006354,Bank Transfer,Paid,97000.0
PAY0006355,O006355,Card,Paid,185250.0
PAY0006356,O006356,Cash on Delivery,Paid,34200.0
PAY0006357,O006357,Bank Transfer,Paid,6175.0
PAY0006358,O006358,Cash on Delivery,Paid,15000.0
PAY0006359,O006359,Wallet,Paid,20900.0
PAY0006360,O006360,Card,Paid,27000.0
PAY0006361,O006361,Card,Paid,69300.0
PAY0006362,O006362,Card,Paid,117000.0
PAY0006363,O006363,Wallet,Paid,24225.0
PAY0006364,O006364,Cash on Delivery,Paid,36000.0
PAY0006365,O006365,Card,Paid,5850.0
PAY0006366,O006366,Card,Paid,24225.0
PAY0006367,O006367,Card,Paid,21675.0
PAY0006368,O006368,Bank Transfer,Paid,44200.0
PAY0006369,O006369,Card,Paid,58500.0
PAY0006370,O006370,Card,Paid,21600.0
PAY0006371,O006371,Card,Paid,25500.0
PAY0006372,O006372,Cash on Delivery,Paid,88350.0
PAY0006373,O006373,Card,Paid,85400.0
PAY0006374,O006374,Wallet,Paid,4500.0
PAY0006375,O006375,Wallet,Paid,117000.0
PAY0006376,O006376,Cash on Delivery,Paid,13500.0
PAY0006377,O006377,Cash on Delivery,Paid,75600.0
PAY0006378,O006378,Card,Paid,17600.0
PAY0006379,O006379,Card,Paid,30000.0
PAY0006380,O006380,Card,Paid,42750.0
PAY0006381,O006381,Cash on Delivery,Paid,116900.0
PAY0006382,O006382,Card,Paid,181350.0
PAY0006383,O006383,Cash on Delivery,Paid,18000.0
PAY0006384,O006384,Cash on Delivery,Paid,35600.0
PAY0006385,O006385,Wallet,Paid,63600.0
PAY0006386,O006386,Bank Transfer,Paid,32000.0
PAY0006387,O006387,Cash on Delivery,Paid,21600.0
PAY0006388,O006388,Card,Paid,104000.0
PAY0006389,O006389,Wallet,Paid,7650.0
PAY0006390,O006390,Card,Paid,36000.0
PAY0006391,O006391,Card,Paid,15300.0
PAY0006392,O006392,Cash on Delivery,Paid,117000.0
PAY0006393,O006393,Wallet,Paid,48000.0
PAY0006394,O006394,Card,Paid,54000.0
PAY0006395,O006395,Wallet,Paid,52000.0
PAY0006396,O006396,Card,Paid,8075.0
PAY0006397,O006397,Cash on Delivery,Paid,54000.0
PAY0006398,O006398,Cash on Delivery,Paid,9000.0
PAY0006399,O006399,Cash on Delivery,Paid,13500.0
PAY0006400,O006400,Wallet,Paid,12750.0
PAY0006401,O006401,Card,Paid,36000.0
PAY0006402,O006402,Bank Transfer,Pending,44000.0
PAY0006403,O006403,Cash on Delivery,Paid,88400.0
PAY0006404,O006404,Bank Transfer,Paid,47200.0
PAY0006405,O006405,Bank Transfer,Paid,14925.0
PAY0006406,O006406,Card,Paid,13000.0
PAY0006407,O006407,Card,Pending,20850.0
PAY0006408,O006408,Bank Transfer,Paid,13000.0
PAY0006409,O006409,Card,Paid,50325.0
PAY0006410,O006410,Card,Paid,21350.0
PAY0006411,O006411,Cash on Delivery,Paid,123500.0
PAY0006412,O006412,Card,Paid,15000.0
PAY0006413,O006413,Bank Transfer,Paid,61200.0
PAY0006414,O006414,Card,Paid,21600.0
PAY0006415,O006415,Card,Paid,22950.0
PAY0006416,O006416,Bank Transfer,Paid,68400.0
PAY0006417,O006417,Card,Paid,56000.0
PAY0006418,O006418,Cash on Delivery,Paid,351000.0
PAY0006419,O006419,Card,Paid,158500.0
PAY0006420,O006420,Cash on Delivery,Paid,13000.0
PAY0006421,O006421,Card,Paid,50400.0
PAY0006422,O006422,Bank Transfer,Paid,153000.0
PAY0006423,O006423,Card,Paid,98800.0
PAY0006424,O006424,Wallet,Paid,53200.0
PAY0006425,O006425,Card,Paid,52000.0
PAY0006426,O006426,Card,Paid,68400.0
PAY0006427,O006427,Card,Paid,77600.0
PAY0006428,O006428,Card,Paid,11050.0
PAY0006429,O006429,Card,Paid,8500.0
PAY0006430,O006430,Card,Paid,4275.0
PAY0006431,O006431,Cash on Delivery,Paid,13500.0
PAY0006432,O006432,Bank Transfer,Paid,2500.0
PAY0006433,O006433,Card,Paid,12150.0
PAY0006434,O006434,Card,Paid,2500.0
PAY0006435,O006435,Card,Paid,70200.0
PAY0006436,O006436,Cash on Delivery,Pending,10800.0
PAY0006437,O006437,Card,Paid,200000.0
PAY0006438,O006438,Card,Paid,71400.0
PAY0006439,O006439,Cash on Delivery,Paid,86675.0
PAY0006440,O006440,Cash on Delivery,Paid,88400.0
PAY0006441,O006441,Card,Paid,39600.0
PAY0006442,O006442,Bank Transfer,Paid,16150.0
PAY0006443,O006443,Cash on Delivery,Paid,42750.0
PAY0006444,O006444,Bank Transfer,Paid,13000.0
PAY0006445,O006445,Card,Paid,28000.0
PAY0006446,O006446,Card,Paid,20900.0
PAY0006447,O006447,Wallet,Paid,7500.0
PAY0006448,O006448,Cash on Delivery,Paid,61200.0
PAY0006449,O006449,Card,Paid,32400.0
PAY0006450,O006450,Cash on Delivery,Paid,41450.0
PAY0006451,O006451,Bank Transfer,Paid,72000.0
PAY0006452,O006452,Wallet,Paid,52500.0
PAY0006453,O006453,Cash on Delivery,Paid,19200.0
PAY0006454,O006454,Cash on Delivery,Paid,4050.0
PAY0006455,O006455,Card,Paid,156000.0
PAY0006456,O006456,Cash on Delivery,Paid,66000.0
PAY0006457,O006457,Card,Paid,156000.0
PAY0006458,O006458,Bank Transfer,Paid,45000.0
PAY0006459,O006459,Cash on Delivery,Paid,72200.0
PAY0006460,O006460,Cash on Delivery,Paid,84000.0
PAY0006461,O006461,Cash on Delivery,Paid,15000.0
PAY0006462,O006462,Card,Paid,35150.0
PAY0006463,O006463,Card,Paid,20900.0
PAY0006464,O006464,Cash on Delivery,Paid,50400.0
PAY0006465,O006465,Cash on Delivery,Paid,6175.0
PAY0006466,O006466,Bank Transfer,Paid,132600.0
PAY0006467,O006467,Cash on Delivery,Paid,5525.0
PAY0006468,O006468,Card,Paid,9000.0
PAY0006469,O006469,Cash on Delivery,Paid,32775.0
PAY0006470,O006470,Cash on Delivery,Paid,30000.0
PAY0006471,O006471,Cash on Delivery,Paid,67950.0
PAY0006472,O006472,Bank Transfer,Paid,59400.0
PAY0006473,O006473,Cash on Delivery,Paid,70750.0
PAY0006474,O006474,Bank Transfer,Paid,24000.0
PAY0006475,O006475,Card,Paid,6500.0
PAY0006476,O006476,Bank Transfer,Paid,22800.0
PAY0006477,O006477,Card,Paid,32400.0
PAY0006478,O006478,Bank Transfer,Paid,16575.0
PAY0006479,O006479,Card,Paid,42750.0
PAY0006480,O006480,Cash on Delivery,Paid,99000.0
PAY0006481,O006481,Cash on Delivery,Paid,17000.0
PAY0006482,O006482,Card,Paid,17000.0
PAY0006483,O006483,Card,Paid,3825.0
PAY0006484,O006484,Bank Transfer,Paid,12000.0
PAY0006485,O006485,Card,Paid,7500.0
PAY0006486,O006486,Card,Paid,76200.0
PAY0006487,O006487,Cash on Delivery,Paid,2500.0
PAY0006488,O006488,Cash on Delivery,Paid,4275.0
PAY0006489,O006489,Card,Failed,56000.0
PAY0006490,O006490,Cash on Delivery,Paid,173400.0
PAY0006491,O006491,Bank Transfer,Paid,66000.0
PAY0006492,O006492,Card,Paid,7650.0
PAY0006493,O006493,Card,Paid,20400.0
PAY0006494,O006494,Cash on Delivery,Paid,39600.0
PAY0006495,O006495,Card,Paid,228450.0
PAY0006496,O006496,Wallet,Paid,38700.0
PAY0006497,O006497,Card,Paid,25500.0
PAY0006498,O006498,Cash on Delivery,Paid,44000.0
PAY0006499,O006499,Cash on Delivery,Paid,28200.0
PAY0006500,O006500,Cash on Delivery,Pending,4500.0
PAY0006501,O006501,Bank Transfer,Paid,75600.0
PAY0006502,O006502,Cash on Delivery,Paid,28800.0
PAY0006503,O006503,Wallet,Paid,44200.0
PAY0006504,O006504,Cash on Delivery,Paid,14450.0
PAY0006505,O006505,Wallet,Paid,130000.0
PAY0006506,O006506,Card,Paid,7200.0
PAY0006507,O006507,Bank Transfer,Paid,104000.0
PAY0006508,O006508,Cash on Delivery,Pending,18700.0
PAY0006509,O006509,Bank Transfer,Paid,11400.0
PAY0006510,O006510,Card,Paid,14450.0
PAY0006511,O006511,Cash on Delivery,Paid,43800.0
PAY0006512,O006512,Cash on Delivery,Paid,54000.0
PAY0006513,O006513,Bank Transfer,Paid,11400.0
PAY0006514,O006514,Cash on Delivery,Paid,213250.0
PAY0006515,O006515,Bank Transfer,Paid,13000.0
PAY0006516,O006516,Cash on Delivery,Paid,59400.0
PAY0006517,O006517,Cash on Delivery,Paid,40800.0
PAY0006518,O006518,Bank Transfer,Pending,55650.0
PAY0006519,O006519,Cash on Delivery,Paid,130000.0
PAY0006520,O006520,Cash on Delivery,Paid,13000.0
PAY0006521,O006521,Cash on Delivery,Paid,62700.0
PAY0006522,O006522,Bank Transfer,Paid,56000.0
PAY0006523,O006523,Wallet,Paid,40800.0
PAY0006524,O006524,Card,Paid,75600.0
PAY0006525,O006525,Card,Paid,32400.0
PAY0006526,O006526,Card,Paid,38250.0
PAY0006527,O006527,Card,Paid,8500.0
PAY0006528,O006528,Card,Paid,72000.0
PAY0006529,O006529,Bank Transfer,Paid,53200.0
PAY0006530,O006530,Card,Paid,40500.0
PAY0006531,O006531,Cash on Delivery,Paid,148200.0
PAY0006532,O006532,Bank Transfer,Paid,24000.0
PAY0006533,O006533,Wallet,Paid,22000.0
PAY0006534,O006534,Cash on Delivery,Paid,9000.0
PAY0006535,O006535,Card,Paid,104000.0
PAY0006536,O006536,Cash on Delivery,Paid,56000.0
PAY0006537,O006537,Wallet,Paid,130000.0
PAY0006538,O006538,Wallet,Paid,58500.0
PAY0006539,O006539,Card,Paid,18000.0
PAY0006540,O006540,Wallet,Paid,17000.0
PAY0006541,O006541,Card,Paid,62700.0
PAY0006542,O006542,Bank Transfer,Failed,48000.0
PAY0006543,O006543,Wallet,Paid,53200.0
PAY0006544,O006544,Card,Paid,175500.0
PAY0006545,O006545,Card,Paid,36500.0
PAY0006546,O006546,Cash on Delivery,Paid,25500.0
PAY0006547,O006547,Card,Paid,7500.0
PAY0006548,O006548,Wallet,Paid,98800.0
PAY0006549,O006549,Card,Paid,53200.0
PAY0006550,O006550,Bank Transfer,Paid,129000.0
PAY0006551,O006551,Card,Paid,38250.0
PAY0006552,O006552,Wallet,Failed,84000.0
PAY0006553,O006553,Bank Transfer,Paid,28000.0
PAY0006554,O006554,Card,Paid,75600.0
PAY0006555,O006555,Card,Paid,8075.0
PAY0006556,O006556,Card,Paid,24225.0
PAY0006557,O006557,Cash on Delivery,Paid,55250.0
PAY0006558,O006558,Bank Transfer,Paid,24000.0
PAY0006559,O006559,Bank Transfer,Paid,62700.0
PAY0006560,O006560,Cash on Delivery,Paid,72400.0
PAY0006561,O006561,Cash on Delivery,Paid,64000.0
PAY0006562,O006562,Wallet,Paid,25500.0
PAY0006563,O006563,Cash on Delivery,Paid,63700.0
PAY0006564,O006564,Bank Transfer,Paid,34200.0
PAY0006565,O006565,Card,Paid,65000.0
PAY0006566,O006566,Card,Paid,5000.0
PAY0006567,O006567,Card,Paid,49125.0
PAY0006568,O006568,Wallet,Paid,146100.0
PAY0006569,O006569,Bank Transfer,Paid,35650.0
PAY0006570,O006570,Wallet,Paid,61200.0
PAY0006571,O006571,Card,Paid,21175.0
PAY0006572,O006572,Card,Paid,8075.0
PAY0006573,O006573,Card,Pending,22800.0
PAY0006574,O006574,Cash on Delivery,Paid,19500.0
PAY0006575,O006575,Wallet,Paid,64800.0
PAY0006576,O006576,Card,Paid,22000.0
PAY0006577,O006577,Wallet,Paid,25500.0
PAY0006578,O006578,Card,Paid,110500.0
PAY0006579,O006579,Card,Paid,7650.0
PAY0006580,O006580,Card,Paid,4050.0
PAY0006581,O006581,Card,Paid,148200.0
PAY0006582,O006582,Cash on Delivery,Paid,53200.0
PAY0006583,O006583,Wallet,Paid,58500.0
PAY0006584,O006584,Wallet,Paid,200250.0
PAY0006585,O006585,Card,Paid,29450.0
PAY0006586,O006586,Cash on Delivery,Paid,79450.0
PAY0006587,O006587,Cash on Delivery,Paid,94400.0
PAY0006588,O006588,Card,Paid,33700.0
PAY0006589,O006589,Cash on Delivery,Paid,22000.0
PAY0006590,O006590,Card,Paid,13500.0
PAY0006591,O006591,Card,Paid,40500.0
PAY0006592,O006592,Wallet,Paid,32400.0
PAY0006593,O006593,Bank Transfer,Paid,195000.0
PAY0006594,O006594,Bank Transfer,Paid,23800.0
PAY0006595,O006595,Cash on Delivery,Paid,273000.0
PAY0006596,O006596,Cash on Delivery,Paid,63000.0
PAY0006597,O006597,Card,Paid,36000.0
PAY0006598,O006598,Card,Pending,22800.0
PAY0006599,O006599,Wallet,Paid,133400.0
PAY0006600,O006600,Cash on Delivery,Paid,6500.0
PAY0006601,O006601,Cash on Delivery,Paid,59500.0
PAY0006602,O006602,Cash on Delivery,Paid,11475.0
PAY0006603,O006603,Wallet,Paid,17000.0
PAY0006604,O006604,Card,Paid,30625.0
PAY0006605,O006605,Bank Transfer,Paid,63500.0
PAY0006606,O006606,Card,Paid,38575.0
PAY0006607,O006607,Card,Paid,65000.0
PAY0006608,O006608,Wallet,Paid,5525.0
PAY0006609,O006609,Card,Pending,13500.0
PAY0006610,O006610,Cash on Delivery,Paid,19125.0
PAY0006611,O006611,Cash on Delivery,Paid,44000.0
PAY0006612,O006612,Card,Paid,28000.0
PAY0006613,O006613,Wallet,Paid,30000.0
PAY0006614,O006614,Card,Paid,20400.0
PAY0006615,O006615,Card,Paid,7650.0
PAY0006616,O006616,Card,Failed,2500.0
PAY0006617,O006617,Wallet,Paid,15000.0
PAY0006618,O006618,Wallet,Paid,20900.0
PAY0006619,O006619,Card,Paid,56050.0
PAY0006620,O006620,Cash on Delivery,Paid,91500.0
PAY0006621,O006621,Cash on Delivery,Paid,66600.0
PAY0006622,O006622,Wallet,Paid,49400.0
PAY0006623,O006623,Cash on Delivery,Paid,148200.0
PAY0006624,O006624,Bank Transfer,Paid,35200.0
PAY0006625,O006625,Card,Paid,15000.0
PAY0006626,O006626,Cash on Delivery,Paid,6500.0
PAY0006627,O006627,Bank Transfer,Paid,165750.0
PAY0006628,O006628,Card,Paid,65000.0
PAY0006629,O006629,Cash on Delivery,Paid,7500.0
PAY0006630,O006630,Wallet,Paid,44200.0
PAY0006631,O006631,Bank Transfer,Pending,15000.0
PAY0006632,O006632,Card,Paid,48000.0
PAY0006633,O006633,Cash on Delivery,Paid,18700.0
PAY0006634,O006634,Cash on Delivery,Paid,36000.0
PAY0006635,O006635,Card,Paid,84000.0
PAY0006636,O006636,Card,Paid,6500.0
PAY0006637,O006637,Card,Paid,6175.0
PAY0006638,O006638,Wallet,Paid,8075.0
PAY0006639,O006639,Cash on Delivery,Paid,8100.0
PAY0006640,O006640,Card,Paid,13000.0
PAY0006641,O006641,Cash on Delivery,Paid,32400.0
PAY0006642,O006642,Card,Paid,13500.0
PAY0006643,O006643,Bank Transfer,Paid,48000.0
PAY0006644,O006644,Cash on Delivery,Paid,148200.0
PAY0006645,O006645,Cash on Delivery,Paid,195000.0
PAY0006646,O006646,Bank Transfer,Pending,13500.0
PAY0006647,O006647,Card,Paid,55500.0
PAY0006648,O006648,Card,Paid,42750.0
PAY0006649,O006649,Card,Pending,37500.0
PAY0006650,O006650,Card,Paid,18000.0
PAY0006651,O006651,Card,Paid,22050.0
PAY0006652,O006652,Card,Pending,101100.0
PAY0006653,O006653,Cash on Delivery,Paid,56000.0
PAY0006654,O006654,Card,Paid,65000.0
PAY0006655,O006655,Card,Paid,35000.0
PAY0006656,O006656,Card,Paid,53000.0
PAY0006657,O006657,Card,Paid,21675.0
PAY0006658,O006658,Card,Paid,64800.0
PAY0006659,O006659,Card,Paid,7125.0
PAY0006660,O006660,Wallet,Paid,3600.0
PAY0006661,O006661,Card,Paid,194350.0
PAY0006662,O006662,Cash on Delivery,Paid,26600.0
PAY0006663,O006663,Bank Transfer,Paid,4750.0
PAY0006664,O006664,Wallet,Paid,45000.0
PAY0006665,O006665,Card,Paid,24000.0
PAY0006666,O006666,Card,Paid,24000.0
PAY0006667,O006667,Cash on Delivery,Paid,58500.0
PAY0006668,O006668,Cash on Delivery,Paid,28500.0
PAY0006669,O006669,Cash on Delivery,Paid,7500.0
PAY0006670,O006670,Card,Paid,195000.0
PAY0006671,O006671,Wallet,Paid,25200.0
PAY0006672,O006672,Card,Paid,11050.0
PAY0006673,O006673,Card,Failed,84000.0
PAY0006674,O006674,Wallet,Paid,2500.0
PAY0006675,O006675,Cash on Delivery,Paid,11475.0
PAY0006676,O006676,Bank Transfer,Paid,12350.0
PAY0006677,O006677,Card,Paid,15000.0
PAY0006678,O006678,Card,Paid,8100.0
PAY0006679,O006679,Card,Paid,23800.0
PAY0006680,O006680,Bank Transfer,Paid,29250.0
PAY0006681,O006681,Wallet,Paid,58500.0
PAY0006682,O006682,Wallet,Paid,25500.0
PAY0006683,O006683,Cash on Delivery,Paid,156000.0
PAY0006684,O006684,Bank Transfer,Paid,21675.0
PAY0006685,O006685,Card,Paid,32400.0
PAY0006686,O006686,Card,Paid,14250.0
PAY0006687,O006687,Card,Paid,22950.0
PAY0006688,O006688,Cash on Delivery,Paid,66000.0
PAY0006689,O006689,Wallet,Pending,72000.0
PAY0006690,O006690,Cash on Delivery,Pending,71400.0
PAY0006691,O006691,Cash on Delivery,Paid,93600.0
PAY0006692,O006692,Card,Paid,7225.0
PAY0006693,O006693,Cash on Delivery,Paid,30000.0
PAY0006694,O006694,Card,Paid,11400.0
PAY0006695,O006695,Wallet,Paid,55500.0
PAY0006696,O006696,Cash on Delivery,Paid,195000.0
PAY0006697,O006697,Card,Failed,7125.0
PAY0006698,O006698,Cash on Delivery,Paid,204000.0
PAY0006699,O006699,Card,Paid,90200.0
PAY0006700,O006700,Card,Paid,11700.0
PAY0006701,O006701,Cash on Delivery,Paid,28500.0
PAY0006702,O006702,Cash on Delivery,Paid,48600.0
PAY0006703,O006703,Card,Paid,80400.0
PAY0006704,O006704,Card,Paid,231000.0
PAY0006705,O006705,Card,Paid,78000.0
PAY0006706,O006706,Card,Pending,52000.0
PAY0006707,O006707,Card,Paid,54000.0
PAY0006708,O006708,Cash on Delivery,Paid,8550.0
PAY0006709,O006709,Bank Transfer,Paid,28000.0
PAY0006710,O006710,Card,Paid,52000.0
PAY0006711,O006711,Wallet,Paid,10475.0
PAY0006712,O006712,Cash on Delivery,Paid,93600.0
PAY0006713,O006713,Cash on Delivery,Pending,5000.0
PAY0006714,O006714,Cash on Delivery,Paid,14450.0
PAY0006715,O006715,Wallet,Paid,11050.0
PAY0006716,O006716,Cash on Delivery,Paid,11700.0
PAY0006717,O006717,Bank Transfer,Paid,4500.0
PAY0006718,O006718,Cash on Delivery,Paid,26600.0
PAY0006719,O006719,Bank Transfer,Paid,2250.0
PAY0006720,O006720,Bank Transfer,Paid,104000.0
PAY0006721,O006721,Bank Transfer,Paid,279000.0
PAY0006722,O006722,Card,Paid,17000.0
PAY0006723,O006723,Cash on Delivery,Paid,14150.0
PAY0006724,O006724,Cash on Delivery,Paid,13500.0
PAY0006725,O006725,Card,Paid,41600.0
PAY0006726,O006726,Card,Paid,14450.0
PAY0006727,O006727,Bank Transfer,Paid,83600.0
PAY0006728,O006728,Card,Paid,7650.0
PAY0006729,O006729,Cash on Delivery,Paid,25100.0
PAY0006730,O006730,Cash on Delivery,Paid,8500.0
PAY0006731,O006731,Cash on Delivery,Paid,17000.0
PAY0006732,O006732,Wallet,Paid,9000.0
PAY0006733,O006733,Bank Transfer,Paid,51375.0
PAY0006734,O006734,Cash on Delivery,Paid,98800.0
PAY0006735,O006735,Card,Paid,71400.0
PAY0006736,O006736,Card,Paid,59750.0
PAY0006737,O006737,Card,Paid,22000.0
PAY0006738,O006738,Cash on Delivery,Paid,44000.0
PAY0006739,O006739,Card,Paid,28500.0
PAY0006740,O006740,Cash on Delivery,Paid,36000.0
PAY0006741,O006741,Card,Paid,11475.0
PAY0006742,O006742,Card,Paid,59200.0
PAY0006743,O006743,Bank Transfer,Paid,53200.0
PAY0006744,O006744,Wallet,Paid,16200.0
PAY0006745,O006745,Card,Paid,22950.0
PAY0006746,O006746,Card,Paid,32400.0
PAY0006747,O006747,Card,Paid,6750.0
PAY0006748,O006748,Card,Paid,61100.0
PAY0006749,O006749,Cash on Delivery,Paid,70950.0
PAY0006750,O006750,Cash on Delivery,Paid,3825.0
PAY0006751,O006751,Bank Transfer,Paid,22800.0
PAY0006752,O006752,Cash on Delivery,Pending,71400.0
PAY0006753,O006753,Card,Paid,61750.0
PAY0006754,O006754,Bank Transfer,Paid,45000.0
PAY0006755,O006755,Bank Transfer,Pending,4500.0
PAY0006756,O006756,Bank Transfer,Paid,54000.0
PAY0006757,O006757,Wallet,Paid,84000.0
PAY0006758,O006758,Bank Transfer,Paid,54000.0
PAY0006759,O006759,Cash on Delivery,Paid,68400.0
PAY0006760,O006760,Bank Transfer,Paid,71550.0
PAY0006761,O006761,Bank Transfer,Paid,31680.0
PAY0006762,O006762,Cash on Delivery,Paid,17000.0
PAY0006763,O006763,Card,Paid,110500.0
PAY0006764,O006764,Cash on Delivery,Paid,4050.0
PAY0006765,O006765,Card,Paid,36000.0
PAY0006766,O006766,Cash on Delivery,Paid,5000.0
PAY0006767,O006767,Card,Paid,44000.0
PAY0006768,O006768,Card,Paid,7650.0
PAY0006769,O006769,Cash on Delivery,Paid,60500.0
PAY0006770,O006770,Wallet,Paid,13500.0
PAY0006771,O006771,Wallet,Paid,65700.0
PAY0006772,O006772,Wallet,Paid,32400.0
PAY0006773,O006773,Cash on Delivery,Paid,12000.0
PAY0006774,O006774,Bank Transfer,Paid,66000.0
PAY0006775,O006775,Card,Paid,8075.0
PAY0006776,O006776,Cash on Delivery,Paid,44150.0
PAY0006777,O006777,Card,Paid,148200.0
PAY0006778,O006778,Card,Pending,16575.0
PAY0006779,O006779,Cash on Delivery,Paid,41800.0
PAY0006780,O006780,Card,Pending,13500.0
PAY0006781,O006781,Bank Transfer,Paid,56100.0
PAY0006782,O006782,Wallet,Paid,12000.0
PAY0006783,O006783,Card,Paid,124500.0
PAY0006784,O006784,Card,Paid,59400.0
PAY0006785,O006785,Bank Transfer,Paid,29070.0
PAY0006786,O006786,Bank Transfer,Paid,11700.0
PAY0006787,O006787,Bank Transfer,Paid,36000.0
PAY0006788,O006788,Cash on Delivery,Paid,30000.0
PAY0006789,O006789,Bank Transfer,Paid,59400.0
PAY0006790,O006790,Bank Transfer,Paid,21600.0
PAY0006791,O006791,Card,Paid,175500.0
PAY0006792,O006792,Wallet,Paid,68875.0
PAY0006793,O006793,Bank Transfer,Paid,28000.0
PAY0006794,O006794,Cash on Delivery,Paid,37400.0
PAY0006795,O006795,Card,Paid,56100.0
PAY0006796,O006796,Wallet,Paid,8075.0
PAY0006797,O006797,Card,Paid,30600.0
PAY0006798,O006798,Bank Transfer,Paid,60450.0
PAY0006799,O006799,Card,Paid,60150.0
PAY0006800,O006800,Cash on Delivery,Paid,25500.0
PAY0006801,O006801,Cash on Delivery,Paid,72000.0
PAY0006802,O006802,Card,Paid,69225.0
PAY0006803,O006803,Card,Paid,62400.0
PAY0006804,O006804,Card,Pending,86600.0
PAY0006805,O006805,Card,Paid,78000.0
PAY0006806,O006806,Card,Paid,27000.0
PAY0006807,O006807,Cash on Delivery,Paid,40500.0
PAY0006808,O006808,Cash on Delivery,Paid,75600.0
PAY0006809,O006809,Cash on Delivery,Paid,63500.0
PAY0006810,O006810,Card,Paid,44000.0
PAY0006811,O006811,Cash on Delivery,Paid,53200.0
PAY0006812,O006812,Cash on Delivery,Paid,13500.0
PAY0006813,O006813,Cash on Delivery,Paid,84000.0
PAY0006814,O006814,Wallet,Paid,175500.0
PAY0006815,O006815,Wallet,Paid,12150.0
PAY0006816,O006816,Bank Transfer,Pending,15000.0
PAY0006817,O006817,Cash on Delivery,Paid,34200.0
PAY0006818,O006818,Card,Paid,8425.0
PAY0006819,O006819,Card,Paid,17000.0
PAY0006820,O006820,Cash on Delivery,Paid,54000.0
PAY0006821,O006821,Cash on Delivery,Paid,22000.0
PAY0006822,O006822,Cash on Delivery,Paid,10800.0
PAY0006823,O006823,Cash on Delivery,Paid,6175.0
PAY0006824,O006824,Cash on Delivery,Paid,17000.0
PAY0006825,O006825,Card,Paid,185250.0
PAY0006826,O006826,Wallet,Paid,109500.0
PAY0006827,O006827,Bank Transfer,Paid,117000.0
PAY0006828,O006828,Card,Paid,84000.0
PAY0006829,O006829,Cash on Delivery,Paid,12000.0
PAY0006830,O006830,Wallet,Paid,42100.0
PAY0006831,O006831,Cash on Delivery,Paid,62700.0
PAY0006832,O006832,Cash on Delivery,Paid,58500.0
PAY0006833,O006833,Wallet,Paid,14250.0
PAY0006834,O006834,Bank Transfer,Paid,25500.0
PAY0006835,O006835,Cash on Delivery,Paid,95850.0
PAY0006836,O006836,Cash on Delivery,Paid,18700.0
PAY0006837,O006837,Bank Transfer,Paid,4500.0
PAY0006838,O006838,Bank Transfer,Paid,79800.0
PAY0006839,O006839,Card,Paid,195000.0
PAY0006840,O006840,Cash on Delivery,Paid,2500.0
PAY0006841,O006841,Cash on Delivery,Paid,27000.0
PAY0006842,O006842,Card,Paid,19200.0
PAY0006843,O006843,Bank Transfer,Paid,27000.0
PAY0006844,O006844,Bank Transfer,Paid,13000.0
PAY0006845,O006845,Card,Paid,26600.0
PAY0006846,O006846,Bank Transfer,Paid,97500.0
PAY0006847,O006847,Card,Paid,24000.0
PAY0006848,O006848,Card,Paid,11700.0
PAY0006849,O006849,Card,Paid,22950.0
PAY0006850,O006850,Cash on Delivery,Paid,5000.0
PAY0006851,O006851,Wallet,Paid,8075.0
PAY0006852,O006852,Cash on Delivery,Paid,24225.0
PAY0006853,O006853,Card,Paid,165750.0
PAY0006854,O006854,Card,Paid,28000.0
PAY0006855,O006855,Card,Paid,28000.0
PAY0006856,O006856,Card,Paid,18700.0
PAY0006857,O006857,Cash on Delivery,Paid,87300.0
PAY0006858,O006858,Wallet,Paid,28000.0
PAY0006859,O006859,Wallet,Paid,13000.0
PAY0006860,O006860,Card,Failed,44000.0
PAY0006861,O006861,Card,Paid,36000.0
PAY0006862,O006862,Cash on Delivery,Paid,53200.0
PAY0006863,O006863,Cash on Delivery,Paid,201450.0
PAY0006864,O006864,Card,Paid,33950.0
PAY0006865,O006865,Wallet,Paid,115200.0
PAY0006866,O006866,Cash on Delivery,Paid,24225.0
PAY0006867,O006867,Cash on Delivery,Paid,42300.0
PAY0006868,O006868,Bank Transfer,Paid,98800.0
PAY0006869,O006869,Card,Paid,13500.0
PAY0006870,O006870,Cash on Delivery,Paid,49000.0
PAY0006871,O006871,Wallet,Paid,37400.0
PAY0006872,O006872,Wallet,Paid,8100.0
PAY0006873,O006873,Card,Paid,15000.0
PAY0006874,O006874,Card,Paid,19800.0
PAY0006875,O006875,Cash on Delivery,Paid,143600.0
PAY0006876,O006876,Card,Paid,68925.0
PAY0006877,O006877,Cash on Delivery,Paid,8075.0
PAY0006878,O006878,Bank Transfer,Paid,87000.0
PAY0006879,O006879,Card,Paid,32400.0
PAY0006880,O006880,Card,Paid,14450.0
PAY0006881,O006881,Cash on Delivery,Paid,36875.0
PAY0006882,O006882,Wallet,Paid,20900.0
PAY0006883,O006883,Cash on Delivery,Paid,9000.0
PAY0006884,O006884,Wallet,Paid,19500.0
PAY0006885,O006885,Cash on Delivery,Paid,18000.0
PAY0006886,O006886,Card,Paid,83100.0
PAY0006887,O006887,Card,Paid,58800.0
PAY0006888,O006888,Cash on Delivery,Paid,24000.0
PAY0006889,O006889,Card,Paid,18000.0
PAY0006890,O006890,Card,Paid,39000.0
PAY0006891,O006891,Card,Paid,30000.0
PAY0006892,O006892,Cash on Delivery,Paid,25650.0
PAY0006893,O006893,Wallet,Paid,45000.0
PAY0006894,O006894,Wallet,Paid,98700.0
PAY0006895,O006895,Bank Transfer,Paid,11050.0
PAY0006896,O006896,Card,Paid,62700.0
PAY0006897,O006897,Cash on Delivery,Paid,21600.0
PAY0006898,O006898,Card,Paid,36000.0
PAY0006899,O006899,Cash on Delivery,Paid,22000.0
PAY0006900,O006900,Cash on Delivery,Paid,17000.0
PAY0006901,O006901,Card,Paid,13500.0
PAY0006902,O006902,Card,Paid,28000.0
PAY0006903,O006903,Wallet,Pending,74800.0
PAY0006904,O006904,Card,Paid,139800.0
PAY0006905,O006905,Bank Transfer,Paid,22800.0
PAY0006906,O006906,Cash on Delivery,Paid,165750.0
PAY0006907,O006907,Cash on Delivery,Paid,206150.0
PAY0006908,O006908,Card,Paid,25200.0
PAY0006909,O006909,Bank Transfer,Paid,9000.0
PAY0006910,O006910,Cash on Delivery,Paid,49000.0
PAY0006911,O006911,Cash on Delivery,Paid,54525.0
PAY0006912,O006912,Cash on Delivery,Paid,49400.0
PAY0006913,O006913,Card,Paid,27360.0
PAY0006914,O006914,Cash on Delivery,Paid,45000.0
PAY0006915,O006915,Bank Transfer,Paid,23550.0
PAY0006916,O006916,Card,Paid,13000.0
PAY0006917,O006917,Bank Transfer,Paid,45000.0
PAY0006918,O006918,Card,Paid,30600.0
PAY0006919,O006919,Bank Transfer,Pending,44800.0
PAY0006920,O006920,Bank Transfer,Failed,65000.0
PAY0006921,O006921,Bank Transfer,Paid,17100.0
PAY0006922,O006922,Cash on Delivery,Failed,4500.0
PAY0006923,O006923,Cash on Delivery,Failed,19500.0
PAY0006924,O006924,Bank Transfer,Paid,48600.0
PAY0006925,O006925,Card,Paid,12825.0
PAY0006926,O006926,Wallet,Paid,32400.0
PAY0006927,O006927,Bank Transfer,Paid,28500.0
PAY0006928,O006928,Card,Paid,30000.0
PAY0006929,O006929,Card,Paid,29175.0
PAY0006930,O006930,Bank Transfer,Paid,3825.0
PAY0006931,O006931,Card,Paid,5200.0
PAY0006932,O006932,Card,Paid,25200.0
PAY0006933,O006933,Card,Pending,53200.0
PAY0006934,O006934,Bank Transfer,Paid,130000.0
PAY0006935,O006935,Card,Paid,24225.0
PAY0006936,O006936,Card,Paid,56050.0
PAY0006937,O006937,Card,Paid,56000.0
PAY0006938,O006938,Cash on Delivery,Paid,28000.0
PAY0006939,O006939,Card,Paid,148200.0
PAY0006940,O006940,Card,Paid,4050.0
PAY0006941,O006941,Cash on Delivery,Paid,13500.0
PAY0006942,O006942,Cash on Delivery,Paid,5525.0
PAY0006943,O006943,Card,Paid,19500.0
PAY0006944,O006944,Cash on Delivery,Paid,12150.0
PAY0006945,O006945,Cash on Delivery,Pending,81600.0
PAY0006946,O006946,Cash on Delivery,Paid,10200.0
PAY0006947,O006947,Card,Paid,12150.0
PAY0006948,O006948,Cash on Delivery,Paid,28000.0
PAY0006949,O006949,Wallet,Paid,20400.0
PAY0006950,O006950,Card,Paid,123500.0
PAY0006951,O006951,Bank Transfer,Paid,36000.0
PAY0006952,O006952,Cash on Delivery,Paid,6500.0
PAY0006953,O006953,Cash on Delivery,Paid,84000.0
PAY0006954,O006954,Card,Paid,20400.0
PAY0006955,O006955,Bank Transfer,Paid,16575.0
PAY0006956,O006956,Card,Paid,43800.0
PAY0006957,O006957,Bank Transfer,Paid,75600.0
PAY0006958,O006958,Card,Paid,102100.0
PAY0006959,O006959,Card,Paid,65600.0
PAY0006960,O006960,Card,Paid,19200.0
PAY0006961,O006961,Bank Transfer,Paid,51300.0
PAY0006962,O006962,Bank Transfer,Paid,121400.0
PAY0006963,O006963,Card,Failed,53200.0
PAY0006964,O006964,Card,Paid,72000.0
PAY0006965,O006965,Wallet,Paid,77700.0
PAY0006966,O006966,Card,Paid,7200.0
PAY0006967,O006967,Card,Paid,8075.0
PAY0006968,O006968,Card,Paid,195000.0
PAY0006969,O006969,Card,Pending,12000.0
PAY0006970,O006970,Wallet,Pending,85600.0
PAY0006971,O006971,Cash on Delivery,Paid,52000.0
PAY0006972,O006972,Card,Paid,51300.0
PAY0006973,O006973,Bank Transfer,Paid,51300.0
PAY0006974,O006974,Bank Transfer,Paid,77150.0
PAY0006975,O006975,Card,Paid,42750.0
PAY0006976,O006976,Card,Paid,73300.0
PAY0006977,O006977,Card,Paid,123500.0
PAY0006978,O006978,Card,Paid,9000.0
PAY0006979,O006979,Card,Paid,52700.0
PAY0006980,O006980,Cash on Delivery,Paid,62600.0
PAY0006981,O006981,Card,Paid,62700.0
PAY0006982,O006982,Bank Transfer,Paid,22800.0
PAY0006983,O006983,Card,Paid,9000.0
PAY0006984,O006984,Cash on Delivery,Pending,8500.0
PAY0006985,O006985,Cash on Delivery,Pending,210600.0
PAY0006986,O006986,Bank Transfer,Paid,22000.0
PAY0006987,O006987,Cash on Delivery,Paid,66000.0
PAY0006988,O006988,Card,Paid,17100.0
PAY0006989,O006989,Card,Paid,45600.0
PAY0006990,O006990,Card,Paid,104000.0
PAY0006991,O006991,Card,Paid,11475.0
PAY0006992,O006992,Card,Paid,14400.0
PAY0006993,O006993,Cash on Delivery,Paid,35100.0
PAY0006994,O006994,Bank Transfer,Paid,43200.0
PAY0006995,O006995,Cash on Delivery,Paid,215100.0
PAY0006996,O006996,Bank Transfer,Paid,32400.0
PAY0006997,O006997,Card,Paid,48000.0
PAY0006998,O006998,Cash on Delivery,Paid,5000.0
PAY0006999,O006999,Cash on Delivery,Paid,24000.0
PAY0007000,O007000,Card,Paid,24725.0
PAY0007001,O007001,Cash on Delivery,Paid,54000.0
PAY0007002,O007002,Wallet,Paid,36000.0
PAY0007003,O007003,Card,Paid,13600.0
PAY0007004,O007004,Card,Paid,73650.0
PAY0007005,O007005,Card,Paid,4500.0
PAY0007006,O007006,Bank Transfer,Paid,17100.0
PAY0007007,O007007,Card,Paid,7500.0
PAY0007008,O007008,Cash on Delivery,Paid,35225.0
PAY0007009,O007009,Card,Paid,16150.0
PAY0007010,O007010,Card,Paid,6500.0
PAY0007011,O007011,Card,Paid,29000.0
PAY0007012,O007012,Card,Paid,99000.0
PAY0007013,O007013,Cash on Delivery,Paid,10225.0
PAY0007014,O007014,Card,Paid,64800.0
PAY0007015,O007015,Wallet,Paid,47700.0
PAY0007016,O007016,Cash on Delivery,Paid,5000.0
PAY0007017,O007017,Card,Paid,107200.0
PAY0007018,O007018,Card,Paid,11050.0
PAY0007019,O007019,Bank Transfer,Paid,78600.0
PAY0007020,O007020,Card,Paid,2500.0
PAY0007021,O007021,Card,Paid,36000.0
PAY0007022,O007022,Wallet,Paid,14450.0
PAY0007023,O007023,Card,Paid,45000.0
PAY0007024,O007024,Wallet,Failed,48000.0
PAY0007025,O007025,Card,Paid,40500.0
PAY0007026,O007026,Card,Pending,62100.0
PAY0007027,O007027,Bank Transfer,Paid,4500.0
PAY0007028,O007028,Cash on Delivery,Paid,32800.0
PAY0007029,O007029,Card,Paid,84000.0
PAY0007030,O007030,Cash on Delivery,Paid,28800.0
PAY0007031,O007031,Bank Transfer,Paid,130000.0
PAY0007032,O007032,Cash on Delivery,Paid,59400.0
PAY0007033,O007033,Cash on Delivery,Paid,195000.0
PAY0007034,O007034,Card,Paid,12750.0
PAY0007035,O007035,Card,Paid,4500.0
PAY0007036,O007036,Card,Paid,130000.0
PAY0007037,O007037,Wallet,Paid,13925.0
PAY0007038,O007038,Card,Paid,13000.0
PAY0007039,O007039,Wallet,Paid,64800.0
PAY0007040,O007040,Card,Paid,22950.0
PAY0007041,O007041,Cash on Delivery,Paid,98800.0
PAY0007042,O007042,Cash on Delivery,Paid,5850.0
PAY0007043,O007043,Card,Paid,97000.0
PAY0007044,O007044,Card,Paid,12000.0
PAY0007045,O007045,Card,Paid,24000.0
PAY0007046,O007046,Cash on Delivery,Paid,15000.0
PAY0007047,O007047,Card,Paid,165750.0
PAY0007048,O007048,Card,Paid,25500.0
PAY0007049,O007049,Card,Paid,56000.0
PAY0007050,O007050,Bank Transfer,Paid,8075.0
PAY0007051,O007051,Cash on Delivery,Paid,88750.0
PAY0007052,O007052,Wallet,Paid,88400.0
PAY0007053,O007053,Card,Paid,66000.0
PAY0007054,O007054,Card,Paid,22950.0
PAY0007055,O007055,Cash on Delivery,Paid,13600.0
PAY0007056,O007056,Card,Paid,7650.0
PAY0007057,O007057,Card,Paid,48000.0
PAY0007058,O007058,Card,Paid,25500.0
PAY0007059,O007059,Cash on Delivery,Paid,15300.0
PAY0007060,O007060,Card,Paid,53900.0
PAY0007061,O007061,Bank Transfer,Paid,45000.0
PAY0007062,O007062,Bank Transfer,Paid,7500.0
PAY0007063,O007063,Cash on Delivery,Paid,26450.0
PAY0007064,O007064,Cash on Delivery,Paid,156000.0
PAY0007065,O007065,Cash on Delivery,Paid,123500.0
PAY0007066,O007066,Card,Paid,11050.0
PAY0007067,O007067,Cash on Delivery,Paid,41800.0
PAY0007068,O007068,Card,Paid,25500.0
PAY0007069,O007069,Wallet,Paid,54000.0
PAY0007070,O007070,Cash on Delivery,Paid,14450.0
PAY0007071,O007071,Cash on Delivery,Paid,66975.0
PAY0007072,O007072,Bank Transfer,Paid,97200.0
PAY0007073,O007073,Bank Transfer,Paid,45000.0
PAY0007074,O007074,Card,Paid,38250.0
PAY0007075,O007075,Cash on Delivery,Paid,22800.0
PAY0007076,O007076,Bank Transfer,Paid,13000.0
PAY0007077,O007077,Card,Paid,32400.0
PAY0007078,O007078,Card,Paid,32400.0
PAY0007079,O007079,Bank Transfer,Paid,66000.0
PAY0007080,O007080,Bank Transfer,Paid,84000.0
PAY0007081,O007081,Card,Paid,34500.0
PAY0007082,O007082,Card,Paid,18000.0
PAY0007083,O007083,Card,Paid,27000.0
PAY0007084,O007084,Bank Transfer,Paid,19800.0
PAY0007085,O007085,Wallet,Paid,67000.0
PAY0007086,O007086,Card,Paid,66000.0
PAY0007087,O007087,Wallet,Paid,104000.0
PAY0007088,O007088,Card,Paid,123500.0
PAY0007089,O007089,Card,Paid,71800.0
PAY0007090,O007090,Card,Paid,12150.0
PAY0007091,O007091,Wallet,Paid,5850.0
PAY0007092,O007092,Card,Paid,161600.0
PAY0007093,O007093,Wallet,Paid,17000.0
PAY0007094,O007094,Bank Transfer,Paid,108000.0
PAY0007095,O007095,Bank Transfer,Paid,5000.0
PAY0007096,O007096,Cash on Delivery,Paid,70250.0
PAY0007097,O007097,Cash on Delivery,Paid,19500.0
PAY0007098,O007098,Card,Paid,24000.0
PAY0007099,O007099,Card,Paid,17100.0
PAY0007100,O007100,Cash on Delivery,Paid,210750.0
PAY0007101,O007101,Card,Paid,38950.0
PAY0007102,O007102,Cash on Delivery,Paid,25200.0
PAY0007103,O007103,Card,Paid,22950.0
PAY0007104,O007104,Cash on Delivery,Paid,140400.0
PAY0007105,O007105,Card,Pending,25200.0
PAY0007106,O007106,Card,Paid,40500.0
PAY0007107,O007107,Card,Paid,69600.0
PAY0007108,O007108,Card,Paid,6750.0
PAY0007109,O007109,Cash on Delivery,Paid,56100.0
PAY0007110,O007110,Card,Paid,25200.0
PAY0007111,O007111,Cash on Delivery,Paid,130000.0
PAY0007112,O007112,Cash on Delivery,Paid,24225.0
PAY0007113,O007113,Card,Paid,66000.0
PAY0007114,O007114,Cash on Delivery,Paid,72000.0
PAY0007115,O007115,Card,Paid,9000.0
PAY0007116,O007116,Card,Pending,22800.0
PAY0007117,O007117,Bank Transfer,Paid,25500.0
PAY0007118,O007118,Cash on Delivery,Paid,22000.0
PAY0007119,O007119,Wallet,Paid,88500.0
PAY0007120,O007120,Wallet,Paid,4250.0
PAY0007121,O007121,Card,Paid,25500.0
PAY0007122,O007122,Bank Transfer,Paid,61750.0
PAY0007123,O007123,Card,Paid,17550.0
PAY0007124,O007124,Card,Paid,25200.0
PAY0007125,O007125,Cash on Delivery,Paid,18000.0
PAY0007126,O007126,Cash on Delivery,Paid,75800.0
PAY0007127,O007127,Wallet,Paid,38250.0
PAY0007128,O007128,Wallet,Paid,14250.0
PAY0007129,O007129,Cash on Delivery,Paid,45600.0
PAY0007130,O007130,Bank Transfer,Paid,24225.0
PAY0007131,O007131,Wallet,Paid,35200.0
PAY0007132,O007132,Bank Transfer,Paid,25500.0
PAY0007133,O007133,Cash on Delivery,Paid,203500.0
PAY0007134,O007134,Cash on Delivery,Paid,62700.0
PAY0007135,O007135,Cash on Delivery,Paid,24000.0
PAY0007136,O007136,Card,Paid,62200.0
PAY0007137,O007137,Card,Paid,6325.0
PAY0007138,O007138,Card,Paid,93600.0
PAY0007139,O007139,Wallet,Paid,127200.0
PAY0007140,O007140,Card,Paid,54000.0
PAY0007141,O007141,Card,Paid,36000.0
PAY0007142,O007142,Cash on Delivery,Paid,2375.0
PAY0007143,O007143,Card,Paid,195000.0
PAY0007144,O007144,Wallet,Paid,36000.0
PAY0007145,O007145,Card,Paid,148200.0
PAY0007146,O007146,Cash on Delivery,Paid,42750.0
PAY0007147,O007147,Wallet,Paid,17000.0
PAY0007148,O007148,Bank Transfer,Paid,30000.0
PAY0007149,O007149,Wallet,Paid,31050.0
PAY0007150,O007150,Bank Transfer,Paid,24000.0
PAY0007151,O007151,Card,Paid,185250.0
PAY0007152,O007152,Bank Transfer,Paid,98800.0
PAY0007153,O007153,Cash on Delivery,Paid,117000.0
PAY0007154,O007154,Card,Paid,17550.0
PAY0007155,O007155,Cash on Delivery,Paid,108300.0
PAY0007156,O007156,Bank Transfer,Paid,48000.0
PAY0007157,O007157,Card,Paid,64800.0
PAY0007158,O007158,Bank Transfer,Paid,15000.0
PAY0007159,O007159,Cash on Delivery,Paid,2500.0
PAY0007160,O007160,Card,Paid,32400.0
PAY0007161,O007161,Card,Paid,53200.0
PAY0007162,O007162,Cash on Delivery,Paid,6750.0
PAY0007163,O007163,Cash on Delivery,Paid,53000.0
PAY0007164,O007164,Card,Paid,40500.0
PAY0007165,O007165,Card,Pending,24225.0
PAY0007166,O007166,Cash on Delivery,Paid,24000.0
PAY0007167,O007167,Card,Paid,48000.0
PAY0007168,O007168,Card,Paid,7650.0
PAY0007169,O007169,Wallet,Paid,106500.0
PAY0007170,O007170,Cash on Delivery,Paid,8075.0
PAY0007171,O007171,Wallet,Paid,48000.0
PAY0007172,O007172,Cash on Delivery,Paid,159900.0
PAY0007173,O007173,Card,Paid,6500.0
PAY0007174,O007174,Bank Transfer,Paid,62400.0
PAY0007175,O007175,Cash on Delivery,Paid,91200.0
PAY0007176,O007176,Cash on Delivery,Paid,21950.0
PAY0007177,O007177,Card,Paid,56625.0
PAY0007178,O007178,Card,Paid,8075.0
PAY0007179,O007179,Card,Paid,29650.0
PAY0007180,O007180,Card,Paid,56000.0
PAY0007181,O007181,Bank Transfer,Paid,219500.0
PAY0007182,O007182,Bank Transfer,Paid,54000.0
PAY0007183,O007183,Card,Paid,24000.0
PAY0007184,O007184,Card,Pending,24000.0
PAY0007185,O007185,Cash on Delivery,Paid,19800.0
PAY0007186,O007186,Card,Paid,51300.0
PAY0007187,O007187,Cash on Delivery,Paid,7500.0
PAY0007188,O007188,Card,Paid,28000.0
PAY0007189,O007189,Card,Paid,124800.0
PAY0007190,O007190,Wallet,Paid,7500.0
PAY0007191,O007191,Cash on Delivery,Paid,20400.0
PAY0007192,O007192,Bank Transfer,Paid,32400.0
PAY0007193,O007193,Cash on Delivery,Paid,104000.0
PAY0007194,O007194,Cash on Delivery,Paid,49175.0
PAY0007195,O007195,Cash on Delivery,Paid,4275.0
PAY0007196,O007196,Bank Transfer,Paid,22800.0
PAY0007197,O007197,Wallet,Paid,15000.0
PAY0007198,O007198,Card,Paid,17000.0
PAY0007199,O007199,Cash on Delivery,Paid,45000.0
PAY0007200,O007200,Cash on Delivery,Paid,47100.0
