review_id,order_id,review_score,review_date,review_text
R000001,O003099,3.0,2026-04-07,Good quality
R000002,O002532,4.0,2026-06-07,Late delivery
R000003,O004072,4.0,2026-08-20,Excellent product
R000004,O001288,5.0,2026-04-04,Late delivery
R000005,O002541,4.0,2026-04-02,Fast delivery
R000006,O000264,5.0,2026-03-31,Not as expected
R000007,O006124,5.0,2026-08-02,Great value
R000008,O002440,5.0,2026-04-18,Late delivery
R000009,O003750,3.0,2026-06-27,Average experience
R000010,O001200,4.0,2026-02-08,Not as expected
R000011,O001840,4.0,2026-08-12,Average experience
R000012,O002025,5.0,2026-05-11,Not as expected
R000013,O002227,4.0,2026-02-17,Good quality
R000014,O002940,5.0,2026-08-16,Fast delivery
R000015,O003642,3.0,2026-08-05,Damaged package
R000016,O002216,3.0,2026-08-01,Not as expected
R000017,O007095,5.0,2026-03-12,Excellent product
R000018,O000998,5.0,2026-02-11,Late delivery
R000019,O001034,3.0,2026-08-29,Great value
R000020,O002900,2.0,2026-06-25,Damaged package
R000021,O002749,4.0,2026-03-03,Damaged package
R000022,O004088,5.0,2026-01-10,Fast delivery
R000023,O003126,4.0,2026-08-02,Average experience
R000024,O002534,3.0,2026-02-15,Fast delivery
R000025,O006333,4.0,2026-07-24,Not as expected
R000026,O002535,4.0,2026-01-06,Good quality
R000027,O000643,3.0,2026-07-26,Average experience
R000028,O006077,4.0,2026-05-26,Average experience
R000029,O004553,1.0,2026-08-22,Great value
R000030,O002125,5.0,2026-04-28,Excellent product
R000031,O005562,5.0,2026-06-05,Fast delivery
R000032,O002998,5.0,2026-03-24,Good quality
R000033,O002346,5.0,2026-03-09,Late delivery
R000034,O002178,4.0,2026-05-25,Late delivery
R000035,O007141,4.0,2026-06-17,Great value
R000036,O002416,4.0,2026-03-02,Not as expected
R000037,O001026,5.0,2026-04-14,Not as expected
R000038,O000133,1.0,2026-04-20,Great value
R000039,O002698,5.0,2026-02-17,Average experience
R000040,O005454,5.0,2026-05-15,Excellent product
R000041,O003659,5.0,2026-07-25,Damaged package
R000042,O003549,5.0,2026-04-18,Not as expected
R000043,O004483,5.0,2026-01-26,Fast delivery
R000044,O004051,5.0,2026-01-02,Average experience
R000045,O003129,4.0,2026-04-11,Fast delivery
R000046,O005119,5.0,2026-07-09,Fast delivery
R000047,O004379,5.0,2026-02-13,Late delivery
R000048,O002891,5.0,2026-02-03,Late delivery
R000049,O002700,5.0,2026-01-07,Great value
R000050,O004076,5.0,2026-04-12,Average experience
R000051,O001042,4.0,2026-04-27,Excellent product
R000052,O005866,4.0,2026-01-02,Not as expected
R000053,O006257,3.0,2026-05-20,Fast delivery
R000054,O002419,4.0,2026-04-29,Damaged package
R000055,O006005,3.0,2026-03-08,Excellent product
R000056,O000512,3.0,2026-05-01,Not as expected
R000057,O004989,3.0,2026-03-04,Great value
R000058,O002511,4.0,2026-03-20,Late delivery
R000059,O002119,2.0,2026-04-17,Excellent product
R000060,O005459,5.0,2026-01-21,Good quality
R000061,O000436,5.0,2026-01-13,Average experience
R000062,O005031,5.0,2026-05-06,Late delivery
R000063,O001633,4.0,2026-05-11,Great value
R000064,O000765,5.0,2026-05-14,Excellent product
R000065,O002856,4.0,2026-02-04,Great value
R000066,O004458,4.0,2026-04-06,Average experience
R000067,O000466,5.0,2026-04-05,Late delivery
R000068,O002132,5.0,2026-01-14,Average experience
R000069,O001489,5.0,2026-07-30,Not as expected
R000070,O005081,3.0,2026-03-14,Damaged package
R000071,O001303,5.0,2026-08-23,Average experience
R000072,O001684,1.0,2026-05-22,Good quality
R000073,O003535,4.0,2026-03-03,Good quality
R000074,O002128,1.0,2026-06-07,Great value
R000075,O001653,4.0,2026-06-29,Late delivery
R000076,O006116,4.0,2026-07-12,Not as expected
R000077,O006973,5.0,2026-07-07,Great value
R000078,O001035,4.0,2026-04-08,Excellent product
R000079,O006810,5.0,2026-05-04,Not as expected
R000080,O004509,4.0,2026-02-22,Average experience
R000081,O004190,2.0,2026-03-25,Great value
R000082,O000102,3.0,2026-05-15,Excellent product
R000083,O005595,5.0,2026-08-27,Not as expected
R000084,O001865,5.0,2026-02-23,Excellent product
R000085,O006119,4.0,2026-06-03,Not as expected
R000086,O003681,5.0,2026-08-29,Great value
R000087,O002489,4.0,2026-08-14,Not as expected
R000088,O002510,4.0,2026-01-21,Average experience
R000089,O005172,5.0,2026-02-03,Fast delivery
R000090,O003033,4.0,2026-05-18,Late delivery
R000091,O005861,4.0,2026-06-07,Damaged package
R000092,O000240,5.0,2026-04-12,Not as expected
R000093,O002993,4.0,2026-07-16,Fast delivery
R000094,O006395,4.0,2026-08-20,Excellent product
R000095,O005109,4.0,2026-05-29,Late delivery
R000096,O000737,5.0,2026-06-25,Excellent product
R000097,O004054,3.0,2026-05-31,Late delivery
R000098,O006659,3.0,2026-07-23,Not as expected
R000099,O000080,5.0,2026-06-04,Not as expected
R000100,O005482,4.0,2026-07-26,Good quality
R000101,O005199,5.0,2026-03-08,Great value
R000102,O006913,5.0,,Damaged package
R000103,O006057,4.0,2026-03-26,Good quality
R000104,O001175,4.0,2026-03-05,Excellent product
R000105,O002866,5.0,2026-06-21,Great value
R000106,O001196,1.0,2026-07-03,Good quality
R000107,O004061,5.0,2026-02-09,Damaged package
R000108,O000829,4.0,2026-01-30,Not as expected
R000109,O006498,5.0,2026-04-11,Excellent product
R000110,O002485,5.0,2026-07-19,Excellent product
R000111,O003218,4.0,2026-06-18,Damaged package
R000112,O006339,5.0,2026-05-29,Late delivery
R000113,O003853,3.0,2026-02-24,Good quality
R000114,O000469,4.0,2026-08-10,Fast delivery
R000115,O007001,4.0,2026-05-30,Fast delivery
R000116,O003904,5.0,2026-02-07,Damaged package
R000117,O001704,3.0,2026-08-28,Good quality
R000118,O000473,,2026-06-21,Average experience
R000119,O001512,3.0,2026-04-09,Average experience
R000120,O005827,3.0,2026-02-21,Excellent product
R000121,O002265,4.0,2026-08-16,Late delivery
R000122,O005187,3.0,2026-01-02,Not as expected
R000123,O006373,4.0,2026-06-27,Fast delivery
R000124,O004931,4.0,2026-02-13,Fast delivery
R000125,O005774,4.0,2026-05-28,Not as expected
R000126,O006541,5.0,2026-07-02,Average experience
R000127,O005016,5.0,2026-07-22,Excellent product
R000128,O001129,4.0,2026-05-08,Excellent product
R000129,O000088,5.0,2026-03-22,Damaged package
R000130,O002639,4.0,2026-01-30,Damaged package
R000131,O003405,4.0,2026-02-03,Fast delivery
R000132,O003165,4.0,2026-03-26,Average experience
R000133,O002158,5.0,2026-08-31,Excellent product
R000134,O000178,4.0,2026-06-06,Good quality
R000135,O006727,1.0,2026-06-05,Not as expected
R000136,O005675,4.0,2026-07-11,Average experience
R000137,O004148,4.0,2026-03-16,Not as expected
R000138,O004304,4.0,2026-03-20,Late delivery
R000139,O004399,5.0,2026-05-06,Damaged package
R000140,O000510,5.0,2026-01-10,Great value
R000141,O005200,2.0,2026-03-18,Excellent product
R000142,O003559,2.0,2026-03-01,Average experience
R000143,O002708,3.0,2026-04-05,Great value
R000144,O007088,4.0,2026-07-09,Good quality
R000145,O001650,4.0,2026-08-06,Fast delivery
R000146,O006614,4.0,2026-08-06,Fast delivery
R000147,O001376,5.0,2026-06-03,Fast delivery
R000148,O006931,4.0,2026-05-23,Average experience
R000149,O002759,5.0,2026-05-12,Damaged package
R000150,O006499,5.0,2026-01-05,Damaged package
R000151,O004521,4.0,2026-04-17,Average experience
R000152,O000096,4.0,2026-04-19,Not as expected
R000153,O006850,5.0,2026-03-21,Good quality
R000154,O001860,4.0,2026-07-14,Late delivery
R000155,O005077,5.0,2026-08-22,Great value
R000156,O006645,4.0,2026-05-29,Great value
R000157,O007023,5.0,2026-06-02,Fast delivery
R000158,O003685,4.0,2026-01-23,Average experience
R000159,O000997,3.0,2026-03-20,Not as expected
R000160,O000971,5.0,2026-01-30,Great value
R000161,O000186,3.0,2026-06-22,Late delivery
R000162,O006830,5.0,2026-05-27,Average experience
R000163,O002688,5.0,2026-01-20,Late delivery
R000164,O002760,4.0,2026-07-17,Excellent product
R000165,O000409,5.0,2026-03-31,Late delivery
R000166,O003455,5.0,2026-02-24,Not as expected
R000167,O000545,4.0,2026-03-26,Average experience
R000168,O006886,5.0,2026-02-18,Not as expected
R000169,O005931,4.0,2026-06-27,Fast delivery
R000170,O003807,4.0,2026-01-28,Great value
R000171,O003092,4.0,2026-08-18,Damaged package
R000172,O003144,5.0,2026-01-14,Damaged package
R000173,O003734,4.0,2026-04-17,Excellent product
R000174,O004635,4.0,2026-02-26,Fast delivery
R000175,O002654,5.0,2026-01-19,Late delivery
R000176,O001551,5.0,2026-04-02,Excellent product
R000177,O001488,4.0,2026-04-19,Excellent product
R000178,O005236,5.0,2026-07-20,Good quality
R000179,O001906,4.0,2026-07-25,Late delivery
R000180,O001567,5.0,2026-02-06,Damaged package
R000181,O002182,4.0,2026-05-17,Good quality
R000182,O003837,3.0,2026-02-06,Not as expected
R000183,O000020,2.0,,Good quality
R000184,O003013,5.0,2026-08-03,Fast delivery
R000185,O000734,4.0,2026-02-07,Not as expected
R000186,O005606,5.0,2026-03-08,Excellent product
R000187,O003227,5.0,2026-06-04,Damaged package
R000188,O003241,4.0,2026-03-26,Damaged package
R000189,O006652,5.0,2026-07-01,Good quality
R000190,O003878,5.0,2026-01-21,Good quality
R000191,O002289,2.0,2026-05-01,Fast delivery
R000192,O004271,4.0,2026-06-08,Average experience
R000193,O005088,4.0,2026-08-11,Excellent product
R000194,O005783,1.0,2026-06-05,Excellent product
R000195,O000757,3.0,2026-03-21,Damaged package
R000196,O004964,4.0,2026-01-15,Late delivery
R000197,O003214,5.0,2026-03-21,Excellent product
R000198,O001484,5.0,2026-02-17,Fast delivery
R000199,O000322,1.0,2026-08-20,Average experience
R000200,O001903,5.0,2026-02-24,Not as expected
R000201,O004804,3.0,2026-05-04,Damaged package
R000202,O006994,5.0,2026-07-21,Not as expected
R000203,O002413,4.0,2026-06-15,Good quality
R000204,O003114,3.0,2026-06-18,Excellent product
R000205,O002944,5.0,2026-05-30,Excellent product
R000206,O002224,2.0,2026-08-10,Excellent product
R000207,O006486,3.0,2026-08-15,Good quality
R000208,O004523,2.0,2026-04-25,Good quality
R000209,O004632,4.0,2026-01-18,Average experience
R000210,O000231,3.0,2026-07-11,Late delivery
R000211,O004629,5.0,2026-04-10,Late delivery
R000212,O000555,4.0,2026-07-04,Not as expected
R000213,O005778,5.0,2026-03-18,Excellent product
R000214,O003821,4.0,2026-07-04,Great value
R000215,O004376,3.0,2026-08-08,Fast delivery
R000216,O001023,4.0,2026-04-25,Not as expected
R000217,O004528,5.0,,Average experience
R000218,O000394,4.0,2026-05-27,Damaged package
R000219,O005725,4.0,2026-03-04,Excellent product
R000220,O006928,3.0,2026-06-03,Fast delivery
R000221,O004025,4.0,2026-04-18,Not as expected
R000222,O000252,4.0,2026-07-26,Average experience
R000223,O003128,2.0,2026-07-17,Average experience
R000224,O001672,4.0,2026-07-18,Good quality
R000225,O003732,5.0,2026-06-12,Not as expected
R000226,O004535,3.0,2026-04-29,Damaged package
R000227,O003354,3.0,2026-05-13,Great value
R000228,O005707,4.0,2026-04-03,Good quality
R000229,O003348,5.0,2026-07-03,Damaged package
R000230,O001413,4.0,2026-05-30,Good quality
R000231,O005002,3.0,2026-05-19,Damaged package
R000232,O001721,5.0,2026-01-07,Good quality
R000233,O003186,4.0,2026-01-19,Not as expected
R000234,O003432,5.0,2026-08-13,Late delivery
R000235,O004718,3.0,2026-02-19,Not as expected
R000236,O001104,5.0,2026-01-03,Late delivery
R000237,O001043,3.0,2026-01-24,Fast delivery
R000238,O002405,5.0,2026-04-05,Good quality
R000239,O002997,2.0,2026-02-15,Average experience
R000240,O002593,3.0,2026-01-18,Good quality
R000241,O004457,3.0,2026-07-06,Excellent product
R000242,O002198,5.0,2026-08-28,Not as expected
R000243,O000038,5.0,2026-05-22,Average experience
R000244,O000866,4.0,2026-07-31,Fast delivery
R000245,O001076,5.0,2026-06-18,Good quality
R000246,O000382,3.0,2026-03-25,Late delivery
R000247,O006555,4.0,2026-04-09,Great value
R000248,O005800,1.0,2026-02-24,Excellent product
R000249,O006144,4.0,2026-08-17,Not as expected
R000250,O000539,2.0,2026-07-20,Good quality
R000251,O005389,3.0,2026-01-05,Good quality
R000252,O004618,3.0,2026-03-02,Fast delivery
R000253,O003893,4.0,2026-08-14,Good quality
R000254,O003775,3.0,2026-01-25,Great value
R000255,O006807,2.0,2026-07-29,Damaged package
R000256,O005833,5.0,2026-04-09,Excellent product
R000257,O000309,3.0,2026-02-04,Late delivery
R000258,O000333,3.0,2026-03-07,Fast delivery
R000259,O003743,4.0,2026-05-21,Average experience
R000260,O004667,5.0,2026-02-01,Good quality
R000261,O001150,5.0,2026-02-27,Not as expected
R000262,O001635,5.0,2026-07-05,Average experience
R000263,O005485,4.0,2026-06-13,Great value
R000264,O004238,4.0,2026-03-18,Good quality
R000265,O005705,4.0,2026-04-15,Average experience
R000266,O003708,5.0,2026-04-13,Fast delivery
R000267,O002285,3.0,2026-02-16,Damaged package
R000268,O002935,5.0,2026-03-19,Good quality
R000269,O003606,5.0,2026-01-13,Average experience
R000270,O000753,4.0,2026-06-09,Great value
R000271,O002222,4.0,2026-02-05,Great value
R000272,O005723,5.0,2026-08-02,Fast delivery
R000273,O006297,5.0,2026-04-21,Late delivery
R000274,O001695,3.0,2026-04-29,Excellent product
R000275,O007156,2.0,2026-03-27,Good quality
R000276,O005784,4.0,2026-02-27,Fast delivery
R000277,O003686,4.0,2026-02-14,Late delivery
R000278,O000051,3.0,2026-03-20,Late delivery
R000279,O007080,4.0,2026-06-19,Average experience
R000280,O000246,4.0,2026-06-29,Not as expected
R000281,O000764,3.0,2026-02-16,Excellent product
R000282,O003905,4.0,2026-01-25,Late delivery
R000283,O005185,4.0,2026-07-01,Fast delivery
R000284,O000626,3.0,2026-05-27,Great value
R000285,O005486,1.0,2026-06-13,Excellent product
R000286,O002808,3.0,2026-05-16,Great value
R000287,O000966,1.0,2026-03-05,Not as expected
R000288,O004744,1.0,2026-01-28,Excellent product
R000289,O006069,4.0,2026-07-12,Average experience
R000290,O006226,5.0,2026-02-25,Average experience
R000291,O005126,4.0,2026-04-24,Average experience
R000292,O003936,5.0,2026-07-13,Damaged package
R000293,O005964,4.0,2026-06-21,Average experience
R000294,O005062,4.0,2026-05-05,Good quality
R000295,O003668,4.0,2026-08-02,Excellent product
R000296,O005169,5.0,2026-05-13,Fast delivery
R000297,O004242,4.0,2026-06-18,Fast delivery
R000298,O001374,4.0,2026-07-21,Not as expected
R000299,O005014,4.0,2026-05-07,Excellent product
R000300,O004443,5.0,2026-04-20,Good quality
R000301,O004887,5.0,2026-08-15,Damaged package
R000302,O005120,3.0,2026-07-01,Late delivery
R000303,O000697,3.0,2026-08-17,Great value
R000304,O002095,5.0,2026-06-21,Not as expected
R000305,O005782,,2026-03-25,Great value
R000306,O000234,2.0,2026-07-26,Average experience
R000307,O000066,3.0,2026-08-09,Average experience
R000308,O003102,5.0,2026-08-25,Excellent product
R000309,O005923,5.0,2026-03-18,Damaged package
R000310,O005063,2.0,2026-01-21,Good quality
R000311,O004619,2.0,2026-04-30,Damaged package
R000312,O001386,3.0,2026-08-21,Late delivery
R000313,O000430,5.0,2026-08-26,Not as expected
R000314,O004907,5.0,2026-04-10,Late delivery
R000315,O004270,4.0,2026-01-14,Fast delivery
R000316,O003609,4.0,2026-03-09,Excellent product
R000317,O000218,4.0,2026-08-20,Good quality
R000318,O002070,4.0,2026-03-08,Damaged package
R000319,O004173,5.0,2026-01-25,Average experience
R000320,O002303,5.0,2026-08-11,Excellent product
R000321,O002133,5.0,2026-04-10,Average experience
R000322,O001145,5.0,2026-08-12,Good quality
R000323,O006674,3.0,2026-05-03,Not as expected
R000324,O006270,5.0,2026-04-24,Good quality
R000325,O002733,5.0,2026-02-21,Not as expected
R000326,O006626,3.0,2026-01-16,Damaged package
R000327,O003035,4.0,2026-02-12,Late delivery
R000328,O006943,4.0,2026-03-11,Late delivery
R000329,O006722,5.0,2026-02-11,Late delivery
R000330,O005635,4.0,2026-04-20,Late delivery
R000331,O005011,4.0,2026-04-21,Excellent product
R000332,O002281,4.0,2026-06-30,Fast delivery
R000333,O003546,4.0,2026-05-27,Fast delivery
R000334,O001537,3.0,2026-03-15,Damaged package
R000335,O004082,1.0,2026-06-23,Late delivery
R000336,O005693,,2026-04-13,Not as expected
R000337,O006078,5.0,2026-02-06,Fast delivery
R000338,O003917,5.0,2026-02-01,Fast delivery
R000339,O003261,3.0,2026-07-12,Good quality
R000340,O005942,3.0,2026-05-04,Not as expected
R000341,O004963,4.0,2026-06-15,Damaged package
R000342,O004520,4.0,2026-06-10,Late delivery
R000343,O003818,2.0,2026-01-21,Excellent product
R000344,O002211,2.0,2026-05-11,Average experience
R000345,O001282,4.0,2026-01-26,Late delivery
R000346,O005152,4.0,2026-01-04,Average experience
R000347,O005415,4.0,2026-04-23,Not as expected
R000348,O000586,4.0,2026-05-03,Not as expected
R000349,O002400,4.0,2026-08-13,Excellent product
R000350,O004904,4.0,2026-05-24,Good quality
R000351,O002393,3.0,2026-03-15,Average experience
R000352,O004554,1.0,2026-03-19,Late delivery
R000353,O003309,4.0,2026-02-26,Damaged package
R000354,O005213,5.0,2026-03-11,Great value
R000355,O001318,3.0,2026-01-09,Average experience
R000356,O003434,4.0,2026-06-01,Not as expected
R000357,O005556,4.0,2026-05-05,Fast delivery
R000358,O004092,5.0,2026-07-26,Good quality
R000359,O007119,5.0,2026-03-04,Great value
R000360,O000497,4.0,2026-06-08,Average experience
R000361,O006194,4.0,2026-06-03,Not as expected
R000362,O006284,4.0,2026-02-09,Average experience
R000363,O004478,5.0,2026-03-31,Excellent product
R000364,O000319,5.0,2026-01-09,Fast delivery
R000365,O004929,2.0,2026-04-06,Fast delivery
R000366,O000177,4.0,2026-05-13,Great value
R000367,O001088,3.0,2026-07-05,Late delivery
R000368,O005677,3.0,2026-06-24,Not as expected
R000369,O005273,5.0,2026-06-07,Excellent product
R000370,O003384,5.0,2026-02-09,Damaged package
R000371,O001415,4.0,2026-08-16,Average experience
R000372,O003090,4.0,2026-05-14,Great value
R000373,O003341,4.0,2026-01-31,Good quality
R000374,O000092,5.0,2026-02-15,Damaged package
R000375,O004057,3.0,2026-02-04,Excellent product
R000376,O006328,3.0,2026-04-17,Excellent product
R000377,O006483,5.0,2026-03-29,Great value
R000378,O001420,4.0,2026-05-02,Fast delivery
R000379,O006729,3.0,2026-08-27,Average experience
R000380,O005941,5.0,2026-07-30,Not as expected
R000381,O001216,4.0,2026-05-23,Not as expected
R000382,O004234,5.0,2026-01-26,Great value
R000383,O000712,4.0,2026-05-05,Late delivery
R000384,O003533,5.0,2026-05-29,Late delivery
R000385,O003492,5.0,2026-04-28,Average experience
R000386,O006415,5.0,2026-06-05,Late delivery
R000387,O003389,5.0,2026-05-28,Not as expected
R000388,O005283,3.0,2026-06-23,Average experience
R000389,O000107,2.0,2026-01-28,Fast delivery
R000390,O005621,1.0,2026-04-20,Great value
R000391,O006170,3.0,2026-02-22,Not as expected
R000392,O001700,4.0,2026-04-03,Good quality
R000393,O003843,1.0,2026-03-18,Late delivery
R000394,O003663,4.0,2026-01-09,Not as expected
R000395,O003980,5.0,2026-05-31,Fast delivery
R000396,O001941,4.0,2026-02-20,Good quality
R000397,O005220,4.0,2026-08-25,Damaged package
R000398,O006371,5.0,2026-04-15,Not as expected
R000399,O001670,2.0,2026-04-25,Average experience
R000400,O007195,4.0,2026-07-04,Fast delivery
R000401,O001321,5.0,2026-07-07,Not as expected
R000402,O002846,3.0,2026-03-24,Damaged package
R000403,O002647,5.0,2026-01-16,Excellent product
R000404,O006675,4.0,2026-08-25,Average experience
R000405,O000961,4.0,2026-01-07,Not as expected
R000406,O006470,5.0,2026-04-29,Damaged package
R000407,O002442,5.0,2026-03-01,Fast delivery
R000408,O003236,1.0,2026-07-12,Not as expected
R000409,O001707,4.0,2026-02-13,Late delivery
R000410,O003768,4.0,2026-07-14,Damaged package
R000411,O002355,4.0,2026-04-16,Excellent product
R000412,O007140,3.0,2026-07-08,Fast delivery
R000413,O001559,4.0,2026-08-09,Not as expected
R000414,O001545,4.0,2026-01-21,Great value
R000415,O005975,5.0,2026-07-10,Not as expected
R000416,O006289,5.0,2026-05-27,Excellent product
R000417,O007154,3.0,2026-02-05,Late delivery
R000418,O000684,5.0,2026-02-04,Good quality
R000419,O002689,4.0,2026-08-17,Average experience
R000420,O001965,5.0,2026-08-25,Good quality
R000421,O006004,5.0,2026-04-15,Late delivery
R000422,O002816,4.0,2026-04-25,Damaged package
R000423,O005734,5.0,2026-02-10,Damaged package
R000424,O006329,1.0,2026-06-08,Late delivery
R000425,O004685,5.0,2026-04-29,Fast delivery
R000426,O005179,5.0,2026-07-15,Great value
R000427,O000458,2.0,2026-07-28,Great value
R000428,O001678,3.0,2026-07-14,Damaged package
R000429,O002209,4.0,2026-01-31,Damaged package
R000430,O005314,3.0,2026-07-28,Great value
R000431,O001873,5.0,2026-01-25,Late delivery
R000432,O005982,3.0,2026-06-15,Excellent product
R000433,O006681,4.0,2026-05-24,Excellent product
R000434,O000995,4.0,2026-06-08,Excellent product
R000435,O006018,4.0,2026-02-19,Great value
R000436,O005453,3.0,2026-06-03,Good quality
R000437,O001006,4.0,2026-06-25,Late delivery
R000438,O004853,5.0,2026-05-15,Great value
R000439,O006073,3.0,2026-03-20,Good quality
R000440,O003858,2.0,2026-08-17,Excellent product
R000441,O002424,5.0,2026-07-10,Damaged package
R000442,O004956,5.0,2026-04-07,Not as expected
R000443,O006958,4.0,2026-01-22,Fast delivery
R000444,O003979,5.0,2026-04-13,Excellent product
R000445,O006050,5.0,2026-03-13,Late delivery
R000446,O002019,3.0,2026-03-09,Late delivery
R000447,O000743,3.0,2026-03-04,Good quality
R000448,O006267,4.0,2026-04-10,Average experience
R000449,O001587,5.0,2026-02-14,Not as expected
R000450,O006799,5.0,2026-08-25,Great value
R000451,O006637,4.0,2026-08-26,Not as expected
R000452,O006387,1.0,2026-02-27,Damaged package
R000453,O005177,2.0,2026-08-22,Not as expected
R000454,O006826,5.0,2026-07-02,Damaged package
R000455,O002313,4.0,2026-07-27,Fast delivery
R000456,O006942,2.0,2026-03-26,Damaged package
R000457,O001079,5.0,2026-01-24,Good quality
R000458,O003602,4.0,2026-07-18,Average experience
R000459,O002806,4.0,2026-01-28,Great value
R000460,O002228,5.0,2026-03-23,Great value
R000461,O000320,4.0,2026-04-19,Excellent product
R000462,O004327,5.0,2026-05-18,Damaged package
R000463,O006131,4.0,2026-05-05,Average experience
R000464,O006841,4.0,2026-04-08,Not as expected
R000465,O000062,5.0,2026-08-28,Excellent product
R000466,O000983,4.0,2026-03-16,Excellent product
R000467,O001919,4.0,2026-01-03,Damaged package
R000468,O005272,4.0,2026-02-27,Great value
R000469,O002883,5.0,2026-01-25,Damaged package
R000470,O004690,5.0,2026-01-26,Late delivery
R000471,O002472,5.0,2026-05-29,Average experience
R000472,O002116,5.0,2026-04-13,Average experience
R000473,O005915,4.0,2026-05-16,Excellent product
R000474,O000170,3.0,2026-03-27,Average experience
R000475,O004734,4.0,2026-04-20,Fast delivery
R000476,O003485,4.0,2026-04-07,Excellent product
R000477,O003974,5.0,2026-08-16,Great value
R000478,O003444,4.0,2026-02-14,Fast delivery
R000479,O003687,4.0,2026-07-04,Not as expected
R000480,O006790,4.0,2026-02-14,Not as expected
R000481,O004608,2.0,2026-03-04,Great value
R000482,O005045,4.0,2026-08-30,Fast delivery
R000483,O006686,4.0,2026-01-14,Average experience
R000484,O000577,4.0,2026-02-24,Not as expected
R000485,O004181,5.0,2026-02-27,Good quality
R000486,O001663,4.0,2026-05-01,Great value
R000487,O000504,4.0,2026-02-21,Excellent product
R000488,O003407,5.0,2026-06-08,Average experience
R000489,O003911,5.0,2026-04-30,Late delivery
R000490,O004005,5.0,2026-01-11,Late delivery
R000491,O005908,3.0,2026-02-14,Good quality
R000492,O000180,4.0,2026-05-29,Average experience
R000493,O000744,3.0,2026-04-28,Not as expected
R000494,O004450,1.0,2026-03-10,Fast delivery
R000495,O000713,5.0,2026-03-13,Fast delivery
R000496,O001596,4.0,2026-02-18,Late delivery
R000497,O002904,3.0,2026-04-30,Fast delivery
R000498,O007081,4.0,2026-08-08,Late delivery
R000499,O002716,3.0,2026-08-15,Not as expected
R000500,O006627,1.0,2026-03-28,Excellent product
R000501,O000032,4.0,2026-03-11,Good quality
R000502,O003555,3.0,2026-03-11,Fast delivery
R000503,O001098,1.0,2026-05-24,Great value
R000504,O001935,5.0,2026-08-08,Not as expected
R000505,O001452,5.0,2026-01-25,Excellent product
R000506,O006985,2.0,2026-04-09,Average experience
R000507,O000169,4.0,2026-01-26,Excellent product
R000508,O005911,3.0,2026-04-19,Not as expected
R000509,O004557,1.0,2026-06-20,Fast delivery
R000510,O004975,4.0,2026-02-26,Damaged package
R000511,O001373,5.0,2026-08-19,Late delivery
R000512,O003881,4.0,2026-03-09,Late delivery
R000513,O003683,2.0,2026-06-26,Great value
R000514,O005434,4.0,2026-01-06,Not as expected
R000515,O001499,5.0,2026-06-04,Damaged package
R000516,O000677,4.0,2026-01-02,Damaged package
R000517,O004395,4.0,2026-01-11,Average experience
R000518,O001508,3.0,2026-08-10,Great value
R000519,O005242,5.0,2026-03-21,Fast delivery
R000520,O001478,5.0,2026-01-07,Average experience
R000521,O001967,5.0,2026-08-14,Good quality
R000522,O004049,2.0,2026-03-09,Good quality
R000523,O006852,4.0,2026-07-31,Not as expected
R000524,O004099,3.0,2026-07-24,Good quality
R000525,O006964,2.0,2026-01-11,Late delivery
R000526,O003590,4.0,2026-07-19,Damaged package
R000527,O002408,4.0,2026-08-26,Late delivery
R000528,O001164,5.0,2026-01-24,Average experience
R000529,O002923,5.0,2026-07-31,Not as expected
R000530,O005145,2.0,2026-06-02,Average experience
R000531,O002064,2.0,2026-03-02,Late delivery
R000532,O000501,5.0,2026-01-14,Good quality
R000533,O000438,5.0,2026-08-18,Late delivery
R000534,O005698,1.0,2026-04-25,Fast delivery
R000535,O003828,5.0,2026-03-25,Fast delivery
R000536,O002765,4.0,2026-02-15,Fast delivery
R000537,O002663,5.0,2026-05-16,Not as expected
R000538,O000081,4.0,2026-04-11,Average experience
R000539,O002723,5.0,2026-06-30,Late delivery
R000540,O006552,4.0,2026-07-06,Late delivery
R000541,O002707,4.0,2026-07-04,Great value
R000542,O006384,3.0,2026-05-08,Not as expected
R000543,O004779,4.0,2026-06-17,Good quality
R000544,O006595,2.0,2026-03-24,Fast delivery
R000545,O004193,4.0,2026-04-09,Good quality
R000546,O002922,2.0,2026-03-04,Good quality
R000547,O001502,4.0,2026-06-08,Fast delivery
R000548,O005929,2.0,2026-01-20,Damaged package
R000549,O005927,4.0,2026-08-24,Damaged package
R000550,O001745,4.0,2026-01-08,Excellent product
R000551,O000535,4.0,2026-05-09,Excellent product
R000552,O006273,4.0,2026-07-06,Average experience
R000553,O000933,3.0,2026-03-13,Average experience
R000554,O002319,5.0,2026-06-05,Fast delivery
R000555,O002317,4.0,2026-05-31,Average experience
R000556,O003711,5.0,2026-05-25,Late delivery
R000557,O005041,5.0,2026-08-15,Average experience
R000558,O001468,2.0,2026-05-31,Great value
R000559,O004941,5.0,2026-02-26,Late delivery
R000560,O002875,1.0,2026-08-20,Not as expected
R000561,O005995,5.0,2026-07-19,Average experience
R000562,O004540,4.0,2026-07-21,Great value
R000563,O007028,4.0,2026-08-14,Late delivery
R000564,O006596,4.0,2026-07-24,Not as expected
R000565,O005684,5.0,2026-06-29,Not as expected
R000566,O002577,4.0,2026-01-31,Not as expected
R000567,O007019,5.0,2026-04-11,Excellent product
R000568,O002302,5.0,2026-03-17,Not as expected
R000569,O004280,5.0,2026-04-18,Not as expected
R000570,O001719,3.0,2026-06-13,Good quality
R000571,O004774,4.0,2026-05-16,Excellent product
R000572,O004375,4.0,2026-06-07,Excellent product
R000573,O003409,4.0,2026-04-13,Average experience
R000574,O006494,3.0,2026-08-16,Damaged package
R000575,O004604,5.0,2026-04-04,Great value
R000576,O000790,3.0,2026-02-03,Late delivery
R000577,O000158,5.0,2026-05-01,Good quality
R000578,O001972,2.0,2026-02-23,Damaged package
R000579,O003721,5.0,2026-04-13,Great value
R000580,O006534,5.0,2026-05-04,Fast delivery
R000581,O006061,3.0,2026-05-07,Great value
R000582,O002863,4.0,2026-06-17,Damaged package
R000583,O003784,4.0,2026-05-21,Good quality
R000584,O001375,3.0,2026-03-03,Average experience
R000585,O005211,4.0,2026-05-01,Good quality
R000586,O002465,5.0,2026-01-24,Excellent product
R000587,O006416,5.0,2026-08-27,Average experience
R000588,O003983,5.0,2026-05-18,Damaged package
R000589,O001783,5.0,2026-01-09,Excellent product
R000590,O001821,4.0,2026-05-10,Not as expected
R000591,O003173,5.0,2026-06-18,Late delivery
R000592,O000536,5.0,2026-02-09,Excellent product
R000593,O002800,4.0,2026-05-17,Not as expected
R000594,O001516,5.0,2026-08-20,Late delivery
R000595,O001062,5.0,2026-03-16,Great value
R000596,O002118,5.0,2026-04-04,Late delivery
R000597,O003871,5.0,2026-05-31,Late delivery
R000598,O001048,2.0,2026-06-16,Excellent product
R000599,O003519,3.0,2026-03-06,Fast delivery
R000600,O006147,2.0,2026-01-16,Excellent product
R000601,O001766,3.0,2026-02-10,Great value
R000602,O005473,5.0,2026-07-22,Damaged package
R000603,O005545,3.0,2026-07-16,Late delivery
R000604,O000474,4.0,2026-03-15,Late delivery
R000605,O006758,4.0,2026-01-25,Excellent product
R000606,O006278,2.0,2026-08-10,Fast delivery
R000607,O001808,5.0,2026-07-10,Damaged package
R000608,O002418,5.0,2026-08-04,Fast delivery
R000609,O002790,1.0,2026-08-20,Not as expected
R000610,O001278,4.0,2026-05-03,Fast delivery
R000611,O000470,4.0,2026-08-26,Late delivery
R000612,O003036,4.0,2026-06-12,Great value
R000613,O003863,3.0,2026-06-10,Fast delivery
R000614,O006969,3.0,2026-08-13,Fast delivery
R000615,O000248,2.0,2026-01-19,Excellent product
R000616,O003001,5.0,2026-04-01,Damaged package
R000617,O003278,4.0,2026-04-18,Late delivery
R000618,O002273,4.0,2026-02-22,Good quality
R000619,O001439,4.0,2026-05-30,Excellent product
R000620,O004011,4.0,2026-06-04,Damaged package
R000621,O000801,5.0,2026-04-24,Average experience
R000622,O003313,3.0,2026-03-24,Good quality
R000623,O001411,5.0,2026-04-18,Fast delivery
R000624,O000229,3.0,2026-02-16,Great value
R000625,O001143,1.0,2026-02-17,Good quality
R000626,O000018,5.0,2026-02-26,Damaged package
R000627,O001384,5.0,2026-01-05,Excellent product
R000628,O004871,5.0,2026-08-17,Excellent product
R000629,O001431,4.0,2026-02-27,Damaged package
R000630,O004679,5.0,2026-07-07,Good quality
R000631,O002092,3.0,2026-08-17,Fast delivery
R000632,O001222,4.0,2026-06-05,Excellent product
R000633,O003110,4.0,2026-01-19,Late delivery
R000634,O006716,5.0,2026-05-12,Excellent product
R000635,O004891,3.0,2026-08-31,Damaged package
R000636,O005577,2.0,2026-03-30,Great value
R000637,O005319,3.0,2026-06-13,Late delivery
R000638,O003188,4.0,2026-05-17,Damaged package
R000639,O005342,4.0,2026-08-02,Damaged package
R000640,O004897,5.0,2026-02-17,Average experience
R000641,O002471,2.0,2026-01-02,Great value
R000642,O000544,4.0,2026-05-29,Great value
R000643,O000787,4.0,2026-04-08,Average experience
R000644,O003500,3.0,2026-03-21,Average experience
R000645,O001748,3.0,2026-02-25,Not as expected
R000646,O005828,3.0,2026-05-13,Damaged package
R000647,O006246,5.0,2026-02-27,Good quality
R000648,O006556,4.0,2026-05-03,Good quality
R000649,O004651,5.0,2026-08-29,Excellent product
R000650,O003553,4.0,2026-07-24,Damaged package
R000651,O000097,1.0,2026-01-14,Not as expected
R000652,O005271,1.0,2026-08-07,Late delivery
R000653,O005984,4.0,2026-06-29,Great value
R000654,O004706,5.0,2026-03-09,Not as expected
R000655,O001407,4.0,2026-08-04,Late delivery
R000656,O001198,5.0,2026-08-31,Not as expected
R000657,O000157,4.0,2026-07-31,Not as expected
R000658,O000812,3.0,2026-06-02,Great value
R000659,O002003,4.0,2026-07-04,Late delivery
R000660,O002134,4.0,2026-08-13,Excellent product
R000661,O001594,1.0,2026-07-19,Damaged package
R000662,O002847,4.0,2026-01-16,Average experience
R000663,O000426,,2026-03-20,Excellent product
R000664,O001617,4.0,2026-01-17,Excellent product
R000665,O001769,4.0,2026-07-24,Excellent product
R000666,O001353,5.0,2026-08-11,Average experience
R000667,O006549,4.0,2026-02-13,Fast delivery
R000668,O000448,3.0,2026-08-15,Excellent product
R000669,O003581,5.0,2026-05-06,Not as expected
R000670,O001058,5.0,2026-04-23,Damaged package
R000671,O006748,3.0,2026-04-20,Average experience
R000672,O000593,4.0,2026-01-17,Excellent product
R000673,O001220,1.0,2026-06-25,Fast delivery
R000674,O003247,4.0,2026-01-23,Damaged package
R000675,O005857,3.0,2026-01-11,Average experience
R000676,O000132,5.0,2026-01-18,Excellent product
R000677,O003269,5.0,2026-07-16,Fast delivery
R000678,O005039,2.0,2026-07-03,Late delivery
R000679,O002580,5.0,2026-08-07,Fast delivery
R000680,O002272,3.0,2026-06-22,Not as expected
R000681,O002269,4.0,2026-02-17,Average experience
R000682,O004966,5.0,2026-02-18,Great value
R000683,O006667,4.0,2026-08-05,Late delivery
R000684,O006085,1.0,2026-06-20,Fast delivery
R000685,O004694,2.0,2026-01-17,Great value
R000686,O005683,4.0,2026-03-24,Late delivery
R000687,O001189,5.0,2026-01-15,Late delivery
R000688,O006644,2.0,2026-04-11,Damaged package
R000689,O001154,3.0,2026-01-17,Not as expected
R000690,O001047,5.0,2026-08-12,Damaged package
R000691,O003133,4.0,2026-08-01,Excellent product
R000692,O000094,5.0,2026-07-26,Great value
R000693,O003394,4.0,2026-02-07,Late delivery
R000694,O001540,4.0,2026-07-19,Late delivery
R000695,O006894,5.0,2026-03-16,Fast delivery
R000696,O000958,5.0,2026-01-08,Excellent product
R000697,O005887,3.0,2026-08-19,Not as expected
R000698,O001075,5.0,2026-04-20,Average experience
R000699,O005720,4.0,2026-04-18,Excellent product
R000700,O005824,3.0,2026-04-28,Not as expected
R000701,O005118,1.0,2026-07-13,Good quality
R000702,O001806,4.0,2026-03-29,Fast delivery
R000703,O000477,2.0,2026-04-08,Average experience
R000704,O002046,5.0,2026-04-11,Fast delivery
R000705,O003723,3.0,2026-08-28,Damaged package
R000706,O004341,4.0,2026-02-15,Average experience
R000707,O005076,5.0,2026-01-07,Not as expected
R000708,O006241,4.0,2026-01-16,Not as expected
R000709,O006174,4.0,2026-06-24,Damaged package
R000710,O006111,4.0,2026-08-28,Average experience
R000711,O003101,3.0,2026-02-28,Good quality
R000712,O005573,4.0,2026-04-26,Average experience
R000713,O001025,5.0,2026-07-06,Fast delivery
R000714,O006115,5.0,2026-06-23,Average experience
R000715,O002729,4.0,2026-01-21,Late delivery
R000716,O004459,5.0,2026-04-08,Excellent product
R000717,O000352,5.0,2026-01-08,Excellent product
R000718,O000488,3.0,2026-03-06,Not as expected
R000719,O003483,5.0,2026-05-24,Excellent product
R000720,O001243,4.0,2026-04-07,Not as expected
R000721,O001010,5.0,2026-07-29,Excellent product
R000722,O002903,4.0,2026-05-13,Good quality
R000723,O005768,2.0,2026-03-23,Damaged package
R000724,O000938,3.0,2026-08-30,Great value
R000725,O000562,4.0,2026-03-09,Excellent product
R000726,O001651,1.0,2026-05-28,Excellent product
R000727,O005078,5.0,2026-05-07,Good quality
R000728,O000867,4.0,2026-01-11,Not as expected
R000729,O005599,1.0,2026-01-31,Fast delivery
R000730,O000335,4.0,2026-02-15,Damaged package
R000731,O003870,4.0,2026-06-21,Late delivery
R000732,O006905,2.0,2026-08-17,Great value
R000733,O006453,3.0,2026-04-05,Good quality
R000734,O004788,5.0,2026-02-11,Late delivery
R000735,O004481,3.0,2026-03-13,Late delivery
R000736,O002058,1.0,2026-06-01,Not as expected
R000737,O000024,5.0,2026-07-03,Good quality
R000738,O001169,4.0,2026-01-26,Late delivery
R000739,O001671,5.0,2026-07-10,Late delivery
R000740,O005037,4.0,2026-06-22,Excellent product
R000741,O006442,5.0,2026-03-15,Good quality
R000742,O006186,4.0,2026-06-03,Late delivery
R000743,O001790,5.0,2026-02-14,Average experience
R000744,O000843,5.0,2026-01-05,Good quality
R000745,O002165,3.0,2026-05-27,Good quality
R000746,O003922,1.0,2026-03-17,Good quality
R000747,O000446,4.0,2026-04-13,Excellent product
R000748,O005362,5.0,2026-07-07,Damaged package
R000749,O007033,4.0,2026-06-08,Damaged package
R000750,O002549,5.0,2026-02-06,Fast delivery
R000751,O001182,3.0,2026-05-23,Excellent product
R000752,O003304,2.0,2026-05-29,Good quality
R000753,O006293,3.0,2026-02-19,Great value
R000754,O001877,3.0,2026-04-26,Good quality
R000755,O004221,4.0,2026-06-03,Late delivery
R000756,O005051,4.0,2026-07-09,Excellent product
R000757,O005521,3.0,2026-06-06,Good quality
R000758,O006750,2.0,2026-04-02,Fast delivery
R000759,O003946,4.0,2026-04-15,Not as expected
R000760,O005474,5.0,2026-04-29,Average experience
R000761,O002447,5.0,2026-01-18,Late delivery
R000762,O002670,3.0,2026-07-30,Damaged package
R000763,O002190,4.0,2026-03-20,Late delivery
R000764,O002349,4.0,2026-07-06,Late delivery
R000765,O005221,5.0,2026-05-27,Excellent product
R000766,O006120,5.0,2026-03-12,Not as expected
R000767,O003353,3.0,2026-01-18,Good quality
R000768,O002454,3.0,2026-06-27,Great value
R000769,O002942,4.0,2026-05-13,Great value
R000770,O001401,5.0,2026-05-07,Excellent product
R000771,O002084,2.0,2026-03-21,Not as expected
R000772,O005697,4.0,2026-01-02,Damaged package
R000773,O003361,3.0,2026-07-24,Great value
R000774,O001889,5.0,2026-02-28,Fast delivery
R000775,O002679,5.0,2026-07-04,Late delivery
R000776,O005793,5.0,2026-03-26,Great value
R000777,O004672,5.0,2026-08-28,Average experience
R000778,O000379,5.0,2026-06-03,Not as expected
R000779,O002021,3.0,2026-03-17,Good quality
R000780,O004845,4.0,2026-08-14,Fast delivery
R000781,O006530,3.0,2026-02-10,Damaged package
R000782,O000200,4.0,2026-04-21,Great value
R000783,O003978,2.0,2026-04-26,Good quality
R000784,O002930,5.0,2026-01-16,Not as expected
R000785,O000928,2.0,2026-03-20,Average experience
R000786,O006720,5.0,2026-02-11,Great value
R000787,O004938,5.0,2026-05-07,Fast delivery
R000788,O004777,5.0,2026-07-01,Damaged package
R000789,O006353,1.0,2026-04-30,Great value
R000790,O001039,5.0,2026-08-18,Excellent product
R000791,O001861,4.0,2026-02-23,Not as expected
R000792,O003245,3.0,2026-06-27,Fast delivery
R000793,O001331,5.0,2026-06-10,Damaged package
R000794,O003788,2.0,2026-08-25,Fast delivery
R000795,O002088,5.0,2026-02-23,Not as expected
R000796,O004464,5.0,2026-02-12,Good quality
R000797,O001481,4.0,2026-03-28,Not as expected
R000798,O002264,4.0,2026-08-15,Excellent product
R000799,O002305,5.0,2026-07-30,Good quality
R000800,O004507,5.0,2026-02-18,Not as expected
R000801,O002389,1.0,2026-06-24,Late delivery
R000802,O004267,4.0,2026-06-02,Great value
R000803,O005587,4.0,2026-08-22,Late delivery
R000804,O003796,5.0,2026-04-18,Late delivery
R000805,O005134,5.0,2026-08-01,Fast delivery
R000806,O002645,4.0,2026-01-19,Good quality
R000807,O006744,,2026-08-10,Excellent product
R000808,O002693,4.0,2026-02-05,Average experience
R000809,O002779,4.0,2026-02-27,Good quality
R000810,O003045,4.0,2026-01-31,Good quality
R000811,O004857,5.0,2026-05-04,Excellent product
R000812,O003182,5.0,2026-08-28,Average experience
R000813,O001003,4.0,2026-08-19,Damaged package
R000814,O004236,5.0,2026-04-07,Great value
R000815,O005427,3.0,2026-02-07,Fast delivery
R000816,O003028,3.0,2026-03-28,Fast delivery
R000817,O005326,4.0,2026-02-01,Good quality
R000818,O000548,4.0,2026-08-14,Fast delivery
R000819,O006368,5.0,2026-05-29,Not as expected
R000820,O005225,2.0,2026-03-22,Damaged package
R000821,O005286,4.0,2026-07-30,Damaged package
R000822,O005435,5.0,2026-03-31,Great value
R000823,O005390,4.0,2026-06-11,Not as expected
R000824,O001942,3.0,2026-06-18,Not as expected
R000825,O006157,4.0,2026-08-29,Good quality
R000826,O001513,4.0,2026-08-16,Not as expected
R000827,O002945,4.0,2026-04-17,Damaged package
R000828,O002651,4.0,2026-01-17,Good quality
R000829,O003847,4.0,2026-04-14,Good quality
R000830,O005446,4.0,2026-02-08,Damaged package
R000831,O004764,2.0,2026-02-07,Late delivery
R000832,O005954,1.0,2026-05-12,Average experience
R000833,O006327,4.0,2026-06-08,Fast delivery
R000834,O003465,5.0,2026-03-10,Late delivery
R000835,O001371,5.0,2026-01-13,Average experience
R000836,O005874,4.0,2026-03-08,Average experience
R000837,O003617,4.0,2026-07-05,Great value
R000838,O002821,5.0,2026-04-11,Good quality
R000839,O006522,5.0,2026-01-06,Damaged package
R000840,O000519,5.0,2026-03-25,Damaged package
R000841,O000612,1.0,2026-08-30,Fast delivery
R000842,O004955,4.0,2026-07-03,Fast delivery
R000843,O005567,5.0,2026-06-04,Not as expected
R000844,O000878,2.0,2026-04-13,Excellent product
R000845,O003657,4.0,2026-08-03,Late delivery
R000846,O000492,3.0,2026-03-26,Late delivery
R000847,O005071,4.0,2026-06-27,Average experience
R000848,O001177,4.0,2026-01-15,Great value
R000849,O000324,3.0,2026-06-08,Good quality
R000850,O003722,4.0,2026-05-20,Good quality
R000851,O006743,3.0,2026-07-05,Late delivery
R000852,O001583,5.0,2026-05-13,Good quality
R000853,O003986,3.0,2026-03-12,Average experience
R000854,O006760,4.0,2026-05-17,Damaged package
R000855,O005603,4.0,2026-04-16,Great value
R000856,O007192,4.0,2026-02-19,Fast delivery
R000857,O003476,4.0,2026-01-18,Damaged package
R000858,O004819,5.0,2026-03-10,Good quality
R000859,O000325,4.0,2026-02-16,Great value
R000860,O006271,1.0,2026-05-05,Damaged package
R000861,O004425,5.0,2026-06-09,Fast delivery
R000862,O000587,4.0,2026-07-14,Damaged package
R000863,O004040,2.0,2026-01-07,Fast delivery
R000864,O001722,4.0,2026-04-05,Late delivery
R000865,O006163,3.0,2026-05-20,Damaged package
R000866,O000707,4.0,2026-02-13,Not as expected
R000867,O007150,4.0,2026-01-08,Excellent product
R000868,O001729,2.0,2026-05-04,Not as expected
R000869,O004926,4.0,2026-01-03,Damaged package
R000870,O004650,3.0,2026-01-05,Fast delivery
R000871,O002888,5.0,2026-06-05,Excellent product
R000872,O004119,5.0,2026-06-28,Good quality
R000873,O001894,3.0,2026-08-16,Fast delivery
R000874,O004564,4.0,2026-04-04,Great value
R000875,O006196,1.0,2026-02-15,Damaged package
R000876,O001536,4.0,2026-03-27,Fast delivery
R000877,O003059,5.0,2026-05-09,Not as expected
R000878,O003591,2.0,2026-01-18,Not as expected
R000879,O003017,3.0,2026-08-05,Damaged package
R000880,O001408,5.0,2026-04-02,Late delivery
R000881,O003950,4.0,2026-04-14,Not as expected
R000882,O000799,3.0,2026-07-23,Great value
R000883,O000089,3.0,2026-05-09,Late delivery
R000884,O000735,2.0,2026-06-23,Average experience
R000885,O001173,1.0,2026-07-25,Fast delivery
R000886,O004735,4.0,2026-06-30,Average experience
R000887,O001421,2.0,2026-01-27,Great value
R000888,O004411,4.0,2026-03-25,Damaged package
R000889,O005699,5.0,2026-06-27,Not as expected
R000890,O000853,1.0,2026-01-20,Good quality
R000891,O000487,5.0,2026-04-01,Excellent product
R000892,O004611,4.0,2026-01-25,Average experience
R000893,O003862,4.0,2026-06-15,Good quality
R000894,O005718,5.0,2026-08-26,Damaged package
R000895,O003255,4.0,2026-07-12,Good quality
R000896,O006764,1.0,2026-01-26,Great value
R000897,O006804,5.0,2026-03-05,Good quality
R000898,O001845,4.0,2026-01-07,Excellent product
R000899,O006821,5.0,2026-04-05,Good quality
R000900,O000199,3.0,2026-05-20,Average experience
R000901,O002544,3.0,2026-06-09,Not as expected
R000902,O003797,5.0,2026-06-06,Not as expected
R000903,O001884,4.0,2026-03-27,Late delivery
R000904,O000074,4.0,2026-05-13,Good quality
R000905,O005413,4.0,2026-01-31,Average experience
R000906,O002143,4.0,2026-02-07,Excellent product
R000907,O002274,5.0,2026-06-24,Average experience
R000908,O001329,3.0,2026-05-26,Not as expected
R000909,O001618,5.0,2026-08-30,Average experience
R000910,O003810,2.0,2026-03-02,Average experience
R000911,O004396,4.0,2026-07-19,Excellent product
R000912,O003012,5.0,2026-05-24,Average experience
R000913,O004512,4.0,2026-06-01,Late delivery
R000914,O005703,4.0,2026-07-13,Average experience
R000915,O006072,5.0,2026-06-15,Great value
R000916,O005279,2.0,2026-08-03,Late delivery
R000917,O001624,4.0,2026-06-30,Good quality
R000918,O001422,5.0,2026-06-06,Good quality
R000919,O001601,5.0,2026-08-30,Not as expected
R000920,O001607,4.0,2026-07-21,Late delivery
R000921,O004484,5.0,2026-03-17,Average experience
R000922,O004835,5.0,2026-08-14,Average experience
R000923,O006319,5.0,2026-05-07,Great value
R000924,O006567,4.0,2026-05-22,Average experience
R000925,O004746,1.0,2026-05-18,Damaged package
R000926,O002571,5.0,2026-03-03,Average experience
R000927,O006399,5.0,2026-02-23,Great value
R000928,O001264,4.0,2026-05-07,Damaged package
R000929,O004130,3.0,2026-07-17,Great value
R000930,O004843,5.0,2026-05-05,Average experience
R000931,O006250,4.0,2026-04-01,Late delivery
R000932,O006554,1.0,2026-01-14,Average experience
R000933,O001609,4.0,2026-03-24,Late delivery
R000934,O003204,5.0,2026-03-30,Average experience
R000935,O004064,4.0,2026-01-30,Good quality
R000936,O005441,5.0,2026-01-03,Late delivery
R000937,O006070,4.0,2026-02-23,Average experience
R000938,O006756,4.0,2026-01-30,Excellent product
R000939,O002706,5.0,2026-06-07,Average experience
R000940,O005193,3.0,2026-03-17,Good quality
R000941,O002901,4.0,2026-06-27,Average experience
R000942,O005528,5.0,2026-03-20,Damaged package
R000943,O003166,3.0,2026-02-07,Good quality
R000944,O003048,4.0,2026-03-22,Late delivery
R000945,O000209,2.0,2026-04-16,Good quality
R000946,O001946,5.0,2026-01-07,Damaged package
R000947,O002877,3.0,2026-06-04,Not as expected
R000948,O003050,4.0,2026-06-18,Great value
R000949,O000621,4.0,2026-06-12,Not as expected
R000950,O003040,4.0,2026-03-26,Fast delivery
R000951,O000168,3.0,2026-01-12,Not as expected
R000952,O006774,5.0,2026-02-16,Great value
R000953,O006728,3.0,2026-01-05,Good quality
R000954,O003290,4.0,2026-06-14,Late delivery
R000955,O000479,3.0,2026-05-17,Great value
R000956,O003461,4.0,2026-02-26,Damaged package
R000957,O006520,2.0,2026-03-13,Average experience
R000958,O001859,4.0,2026-03-14,Excellent product
R000959,O001323,4.0,2026-05-01,Good quality
R000960,O005157,4.0,2026-03-11,Late delivery
R000961,O002207,1.0,2026-06-30,Good quality
R000962,O005386,5.0,2026-05-03,Not as expected
R000963,O004640,1.0,2026-03-10,Good quality
R000964,O006292,5.0,2026-02-16,Fast delivery
R000965,O000287,5.0,2026-04-27,Average experience
R000966,O000551,2.0,2026-03-04,Average experience
R000967,O001796,4.0,2026-05-20,Great value
R000968,O002458,5.0,2026-01-04,Damaged package
R000969,O005147,3.0,2026-08-17,Damaged package
R000970,O003753,2.0,2026-07-16,Damaged package
R000971,O007097,4.0,2026-02-21,Excellent product
R000972,O002648,3.0,2026-06-17,Fast delivery
R000973,O004946,5.0,2026-01-01,Average experience
R000974,O005661,5.0,2026-08-30,Damaged package
R000975,O007008,4.0,2026-01-17,Excellent product
R000976,O004488,5.0,2026-08-13,Average experience
R000977,O001787,3.0,2026-05-25,Late delivery
R000978,O005317,5.0,2026-04-19,Fast delivery
R000979,O000402,4.0,2026-06-03,Great value
R000980,O004626,5.0,2026-05-22,Average experience
R000981,O003359,5.0,2026-05-29,Average experience
R000982,O000748,4.0,2026-01-22,Average experience
R000983,O005687,1.0,2026-03-22,Good quality
R000984,O001262,4.0,2026-06-25,Late delivery
R000985,O001453,4.0,2026-04-22,Average experience
R000986,O005839,5.0,2026-07-29,Excellent product
R000987,O000042,5.0,2026-08-29,Damaged package
R000988,O004435,4.0,2026-04-14,Good quality
R000989,O004669,4.0,2026-03-25,Excellent product
R000990,O006264,4.0,2026-08-01,Fast delivery
R000991,O003976,5.0,2026-06-01,Damaged package
R000992,O003314,3.0,2026-04-06,Late delivery
R000993,O002837,5.0,2026-01-02,Late delivery
R000994,O005842,4.0,2026-08-13,Average experience
R000995,O005364,5.0,2026-07-26,Late delivery
R000996,O001085,3.0,2026-01-28,Average experience
R000997,O001616,4.0,2026-07-25,Average experience
R000998,O000738,3.0,2026-08-31,Not as expected
R000999,O001437,4.0,2026-07-18,Not as expected
R001000,O005543,5.0,2026-06-25,Average experience
R001001,O005670,4.0,2026-01-28,Average experience
R001002,O001056,1.0,2026-05-07,Damaged package
R001003,O003693,5.0,2026-05-28,Fast delivery
R001004,O001245,2.0,2026-02-14,Good quality
R001005,O004240,4.0,2026-02-01,Average experience
R001006,O001563,4.0,2026-05-22,Fast delivery
R001007,O003363,4.0,2026-05-25,Good quality
R001008,O003806,1.0,2026-01-22,Excellent product
R001009,O005122,3.0,2026-01-05,Excellent product
R001010,O004476,3.0,2026-04-20,Damaged package
R001011,O006392,3.0,2026-02-16,Late delivery
R001012,O000749,2.0,2026-08-07,Average experience
R001013,O004337,5.0,2026-03-11,Late delivery
R001014,O006865,2.0,2026-04-11,Great value
R001015,O004665,4.0,2026-06-23,Average experience
R001016,O002667,4.0,2026-03-24,Great value
R001017,O007079,1.0,2026-07-16,Fast delivery
R001018,O004258,4.0,2026-08-20,Damaged package
R001019,O006648,4.0,2026-06-28,Fast delivery
R001020,O004462,5.0,2026-04-12,Great value
R001021,O006381,2.0,2026-01-17,Average experience
R001022,O001868,2.0,2026-03-28,Average experience
R001023,O006784,3.0,2026-04-09,Damaged package
R001024,O004454,4.0,2026-08-10,Late delivery
R001025,O001927,2.0,2026-03-09,Fast delivery
R001026,O000834,4.0,2026-01-15,Damaged package
R001027,O001336,5.0,2026-06-06,Fast delivery
R001028,O000550,4.0,2026-03-06,Not as expected
R001029,O001021,4.0,2026-06-28,Good quality
R001030,O000249,4.0,2026-06-20,Great value
R001031,O006203,3.0,2026-06-02,Excellent product
R001032,O000297,5.0,2026-04-20,Fast delivery
R001033,O004990,4.0,2026-01-05,Average experience
R001034,O002399,5.0,2026-02-27,Good quality
R001035,O005107,5.0,2026-05-13,Late delivery
R001036,O004882,3.0,2026-05-30,Great value
R001037,O000101,5.0,2026-08-28,Average experience
R001038,O006689,5.0,2026-03-22,Excellent product
R001039,O005251,4.0,2026-03-29,Damaged package
R001040,O003842,5.0,2026-01-22,Not as expected
R001041,O006140,4.0,2026-04-24,Average experience
R001042,O001426,4.0,2026-03-11,Good quality
R001043,O001566,4.0,2026-05-19,Good quality
R001044,O006038,5.0,2026-05-03,Damaged package
R001045,O007063,4.0,2026-05-24,Not as expected
R001046,O000347,3.0,2026-05-12,Damaged package
R001047,O006461,5.0,2026-02-25,Great value
R001048,O000682,5.0,2026-07-23,Excellent product
R001049,O004272,5.0,2026-02-03,Excellent product
R001050,O003923,1.0,2026-05-04,Fast delivery
R001051,O006877,5.0,2026-07-04,Fast delivery
R001052,O002253,4.0,2026-02-08,Great value
R001053,O001057,5.0,2026-03-06,Not as expected
R001054,O001979,4.0,2026-07-29,Not as expected
R001055,O005771,4.0,2026-03-02,Late delivery
R001056,O003266,1.0,2026-05-15,Fast delivery
R001057,O001804,4.0,2026-07-05,Damaged package
R001058,O006622,4.0,2026-04-26,Fast delivery
R001059,O005808,1.0,2026-01-09,Excellent product
R001060,O007183,5.0,2026-03-19,Average experience
R001061,O001447,4.0,2026-03-20,Excellent product
R001062,O005029,2.0,2026-07-28,Good quality
R001063,O002805,5.0,2026-02-02,Average experience
R001064,O006033,3.0,2026-05-30,Late delivery
R001065,O000085,2.0,2026-07-16,Good quality
R001066,O006041,2.0,2026-03-11,Damaged package
R001067,O002307,4.0,2026-01-13,Late delivery
R001068,O002949,3.0,2026-02-16,Late delivery
R001069,O004646,5.0,2026-06-05,Good quality
R001070,O005909,4.0,2026-08-31,Good quality
R001071,O001881,3.0,2026-01-23,Damaged package
R001072,O003439,4.0,2026-05-27,Damaged package
R001073,O004536,5.0,2026-05-07,Fast delivery
R001074,O003338,5.0,2026-08-22,Average experience
R001075,O002230,3.0,2026-02-08,Damaged package
R001076,O004801,5.0,2026-02-02,Good quality
R001077,O002967,4.0,2026-02-18,Not as expected
R001078,O006945,4.0,2026-06-18,Great value
R001079,O005924,4.0,2026-04-23,Excellent product
R001080,O004128,5.0,2026-06-12,Late delivery
R001081,O006785,4.0,2026-07-04,Not as expected
R001082,O006916,,2026-01-23,Damaged package
R001083,O004596,3.0,2026-07-13,Average experience
R001084,O001194,4.0,2026-04-17,Great value
R001085,O005777,5.0,2026-02-09,Late delivery
R001086,O006798,4.0,2026-02-03,Late delivery
R001087,O004866,5.0,2026-02-21,Excellent product
R001088,O001657,2.0,2026-03-15,Great value
R001089,O001776,1.0,2026-08-05,Damaged package
R001090,O001560,2.0,2026-08-22,Great value
R001091,O005523,5.0,2026-03-31,Late delivery
R001092,O004013,2.0,2026-05-06,Late delivery
R001093,O005532,4.0,2026-02-22,Fast delivery
R001094,O003648,3.0,2026-04-13,Not as expected
R001095,O001466,3.0,2026-05-13,Excellent product
R001096,O000374,5.0,2026-05-09,Late delivery
R001097,O003935,4.0,2026-03-04,Fast delivery
R001098,O005190,5.0,2026-07-21,Excellent product
R001099,O006135,5.0,2026-04-21,Late delivery
R001100,O002403,4.0,2026-04-19,Late delivery
R001101,O005930,2.0,2026-04-10,Fast delivery
R001102,O005853,4.0,2026-06-29,Excellent product
R001103,O004513,4.0,2026-03-23,Late delivery
R001104,O006786,3.0,2026-06-23,Not as expected
R001105,O004255,4.0,2026-01-17,Average experience
R001106,O000813,,2026-03-22,Good quality
R001107,O004563,3.0,2026-04-09,Excellent product
R001108,O002719,5.0,2026-03-17,Damaged package
R001109,O005721,2.0,2026-07-05,Excellent product
R001110,O005301,5.0,2026-02-21,Good quality
R001111,O004739,2.0,2026-02-28,Not as expected
R001112,O001176,5.0,2026-07-04,Excellent product
R001113,O001730,4.0,2026-08-05,Great value
R001114,O005442,3.0,2026-03-08,Good quality
R001115,O000922,1.0,2026-04-25,Good quality
R001116,O000323,5.0,2026-03-03,Fast delivery
R001117,O002406,5.0,2026-07-02,Great value
R001118,O006098,4.0,2026-02-24,Excellent product
R001119,O003397,4.0,2026-03-24,Late delivery
R001120,O004770,5.0,2026-05-27,Fast delivery
R001121,O004333,2.0,2026-04-10,Good quality
R001122,O003524,4.0,2026-02-23,Fast delivery
R001123,O004360,4.0,2026-02-16,Excellent product
R001124,O000232,3.0,2026-01-19,Late delivery
R001125,O006048,3.0,2026-01-29,Late delivery
R001126,O003833,5.0,2026-01-04,Not as expected
R001127,O001080,5.0,2026-02-27,Average experience
R001128,O005380,4.0,2026-03-19,Average experience
R001129,O001116,4.0,2026-05-15,Excellent product
R001130,O004253,4.0,2026-02-15,Excellent product
R001131,O005560,5.0,2026-08-17,Damaged package
R001132,O005150,5.0,2026-05-10,Damaged package
R001133,O002448,4.0,2026-04-19,Late delivery
R001134,O001394,3.0,2026-01-04,Average experience
R001135,O007164,2.0,2026-01-02,Average experience
R001136,O005976,5.0,2026-08-09,Fast delivery
R001137,O006993,5.0,2026-03-07,Not as expected
R001138,O001500,4.0,2026-08-06,Excellent product
R001139,O001555,3.0,2026-08-11,Damaged package
R001140,O003916,5.0,2026-03-08,Not as expected
R001141,O000266,4.0,2026-02-12,Damaged package
R001142,O004251,5.0,2026-06-11,Fast delivery
R001143,O001756,5.0,2026-05-16,Great value
R001144,O002267,5.0,2026-04-08,Fast delivery
R001145,O000839,2.0,2026-05-11,Great value
R001146,O000015,4.0,2026-03-12,Good quality
R001147,O003183,5.0,2026-04-19,Fast delivery
R001148,O001916,4.0,2026-07-07,Great value
R001149,O001298,5.0,2026-08-22,Average experience
R001150,O000009,4.0,2026-02-17,Damaged package
R001151,O001040,4.0,2026-01-13,Not as expected
R001152,O003888,5.0,2026-08-14,Late delivery
R001153,O005809,5.0,2026-05-08,Fast delivery
R001154,O003197,5.0,2026-03-18,Average experience
R001155,O005348,5.0,2026-03-14,Fast delivery
R001156,O000340,5.0,2026-03-11,Late delivery
R001157,O006817,4.0,2026-01-23,Average experience
R001158,O006999,5.0,2026-06-19,Excellent product
R001159,O002300,5.0,2026-07-19,Not as expected
R001160,O001091,5.0,2026-03-07,Not as expected
R001161,O002338,4.0,2026-03-13,Late delivery
R001162,O000623,5.0,2026-06-29,Average experience
R001163,O007126,3.0,2026-05-15,Good quality
R001164,O006286,2.0,2026-03-16,Damaged package
R001165,O006202,5.0,2026-05-25,Good quality
R001166,O001296,4.0,2026-05-28,Great value
R001167,O002179,4.0,2026-05-21,Excellent product
R001168,O003387,4.0,2026-03-14,Not as expected
R001169,O005650,3.0,2026-07-17,Average experience
R001170,O002433,4.0,2026-07-25,Great value
R001171,O003520,2.0,2026-02-01,Damaged package
R001172,O006158,5.0,2026-04-05,Late delivery
R001173,O000197,4.0,2026-07-30,Not as expected
R001174,O004052,4.0,2026-03-04,Damaged package
R001175,O001923,1.0,2026-04-20,Fast delivery
R001176,O003470,4.0,2026-07-19,Fast delivery
R001177,O006489,4.0,2026-05-06,Average experience
R001178,O004175,4.0,2026-01-24,Late delivery
R001179,O000433,5.0,2026-01-05,Excellent product
R001180,O003705,5.0,2026-02-27,Great value
R001181,O002628,5.0,2026-03-22,Damaged package
R001182,O005113,5.0,2026-03-23,Average experience
R001183,O001570,3.0,2026-05-17,Average experience
R001184,O001109,4.0,2026-08-24,Good quality
R001185,O005863,5.0,2026-01-05,Late delivery
R001186,O001727,4.0,2026-01-06,Great value
R001187,O004757,5.0,2026-04-24,Fast delivery
R001188,O006049,4.0,2026-05-26,Fast delivery
R001189,O004898,4.0,2026-01-21,Fast delivery
R001190,O000605,2.0,2026-07-05,Excellent product
R001191,O006767,2.0,2026-07-14,Not as expected
R001192,O004275,2.0,2026-08-24,Damaged package
R001193,O002174,3.0,2026-03-30,Excellent product
R001194,O005091,5.0,2026-05-06,Damaged package
R001195,O003786,3.0,2026-02-10,Late delivery
R001196,O004592,2.0,2026-07-28,Great value
R001197,O004797,4.0,2026-06-04,Late delivery
R001198,O006195,5.0,2026-05-09,Not as expected
R001199,O001159,1.0,2026-01-24,Great value
R001200,O006413,4.0,2026-08-23,Late delivery
R001201,O003654,3.0,2026-04-03,Late delivery
R001202,O005654,5.0,2026-08-01,Damaged package
R001203,O004585,4.0,2026-02-04,Average experience
R001204,O006166,4.0,2026-04-26,Not as expected
R001205,O003782,4.0,2026-05-20,Fast delivery
R001206,O002524,5.0,2026-07-04,Damaged package
R001207,O005160,4.0,2026-02-13,Not as expected
R001208,O006842,5.0,2026-02-07,Average experience
R001209,O002156,4.0,2026-06-22,Great value
R001210,O000905,5.0,2026-05-28,Great value
R001211,O006751,2.0,2026-05-28,Great value
R001212,O004382,3.0,2026-06-05,Fast delivery
R001213,O003382,4.0,2026-04-26,Good quality
R001214,O006396,3.0,2026-07-05,Excellent product
R001215,O006370,2.0,2026-04-16,Damaged package
R001216,O005375,3.0,2026-08-30,Damaged package
R001217,O005104,3.0,2026-06-08,Excellent product
R001218,O006407,4.0,2026-02-06,Good quality
R001219,O005304,3.0,2026-01-27,Late delivery
R001220,O003540,5.0,2026-03-21,Late delivery
R001221,O007011,3.0,2026-07-02,Not as expected
R001222,O003429,5.0,2026-08-17,Not as expected
R001223,O006933,4.0,2026-08-22,Great value
R001224,O003754,5.0,2026-08-16,Great value
R001225,O004310,5.0,2026-01-24,Good quality
R001226,O004996,3.0,2026-07-17,Great value
R001227,O000255,4.0,2026-06-25,Fast delivery
R001228,O003802,3.0,2026-07-28,Fast delivery
R001229,O003329,5.0,2026-06-30,Good quality
R001230,O000222,5.0,2026-07-05,Good quality
R001231,O003993,4.0,2026-07-04,Not as expected
R001232,O006095,4.0,2026-06-05,Average experience
R001233,O004598,4.0,2026-04-05,Great value
R001234,O001227,4.0,2026-08-19,Damaged package
R001235,O002572,2.0,2026-02-01,Damaged package
R001236,O003564,4.0,2026-07-23,Good quality
R001237,O006207,5.0,2026-05-15,Fast delivery
R001238,O002699,4.0,2026-05-28,Fast delivery
R001239,O002463,4.0,2026-05-12,Excellent product
R001240,O001316,1.0,2026-05-02,Great value
R001241,O005292,4.0,2026-01-28,Late delivery
R001242,O001211,4.0,2026-04-28,Excellent product
R001243,O005404,3.0,2026-04-30,Not as expected
R001244,O006639,1.0,2026-04-29,Good quality
R001245,O005423,,2026-04-26,Not as expected
R001246,O006067,4.0,2026-03-12,Damaged package
R001247,O000377,3.0,2026-02-05,Good quality
R001248,O000756,3.0,2026-03-18,Late delivery
R001249,O000292,4.0,2026-06-18,Average experience
R001250,O004833,4.0,2026-05-03,Great value
R001251,O004410,4.0,2026-02-28,Good quality
R001252,O000189,5.0,2026-07-30,Great value
R001253,O005501,4.0,2026-08-24,Excellent product
R001254,O001202,5.0,2026-02-19,Fast delivery
R001255,O004884,5.0,2026-02-01,Fast delivery
R001256,O004332,5.0,2026-02-07,Fast delivery
R001257,O004994,4.0,2026-05-05,Excellent product
R001258,O000502,5.0,2026-05-19,Great value
R001259,O001731,4.0,2026-03-17,Late delivery
R001260,O002543,3.0,2026-05-25,Late delivery
R001261,O003887,3.0,2026-06-17,Excellent product
R001262,O005876,3.0,2026-06-09,Good quality
R001263,O002742,4.0,2026-07-12,Not as expected
R001264,O004216,4.0,2026-03-13,Average experience
R001265,O006664,5.0,2026-01-12,Late delivery
R001266,O000673,5.0,2026-08-23,Good quality
R001267,O004699,3.0,2026-04-11,Not as expected
R001268,O001430,5.0,2026-01-07,Damaged package
R001269,O006014,5.0,2026-02-03,Great value
R001270,O007180,4.0,2026-04-18,Not as expected
R001271,O003298,5.0,2026-05-23,Fast delivery
R001272,O005644,5.0,2026-01-21,Excellent product
R001273,O001193,4.0,2026-04-11,Fast delivery
R001274,O005376,1.0,2026-05-14,Damaged package
R001275,O000217,5.0,2026-05-06,Good quality
R001276,O005660,5.0,2026-03-16,Good quality
R001277,O000422,3.0,2026-04-20,Damaged package
R001278,O000506,5.0,2026-08-07,Good quality
R001279,O004768,3.0,2026-08-01,Damaged package
R001280,O001510,4.0,2026-01-22,Good quality
R001281,O003910,4.0,2026-06-07,Excellent product
R001282,O006139,3.0,2026-02-23,Great value
R001283,O000507,1.0,2026-04-15,Damaged package
R001284,O001546,3.0,2026-03-07,Good quality
R001285,O004103,4.0,2026-06-23,Late delivery
R001286,O004109,3.0,2026-06-30,Good quality
R001287,O004281,5.0,2026-01-13,Average experience
R001288,O001929,4.0,2026-06-05,Late delivery
R001289,O004639,4.0,2026-06-05,Good quality
R001290,O004547,3.0,2026-03-19,Average experience
R001291,O005554,,2026-04-19,Great value
R001292,O002943,5.0,2026-07-10,Damaged package
R001293,O001322,4.0,2026-08-19,Good quality
R001294,O006001,4.0,2026-06-07,Fast delivery
R001295,O004320,1.0,2026-03-28,Average experience
R001296,O000348,5.0,2026-05-07,Good quality
R001297,O002978,4.0,2026-08-18,Damaged package
R001298,O000334,2.0,2026-02-07,Late delivery
R001299,O004324,5.0,2026-02-28,Not as expected
R001300,O003287,3.0,2026-02-18,Not as expected
R001301,O006776,4.0,2026-02-27,Excellent product
R001302,O006892,4.0,2026-05-15,Not as expected
R001303,O005575,3.0,2026-02-13,Excellent product
R001304,O006741,4.0,2026-02-04,Damaged package
R001305,O002950,5.0,2026-06-29,Great value
R001306,O004641,4.0,2026-05-08,Great value
R001307,O000747,2.0,2026-08-12,Late delivery
R001308,O005524,2.0,2026-06-08,Excellent product
R001309,O002276,4.0,2026-08-01,Great value
R001310,O003613,5.0,2026-03-08,Fast delivery
R001311,O006591,4.0,2026-02-26,Great value
R001312,O004141,5.0,2026-07-17,Damaged package
R001313,O003934,5.0,2026-08-16,Fast delivery
R001314,O002606,5.0,2026-07-20,Excellent product
R001315,O002390,4.0,2026-05-31,Damaged package
R001316,O000260,4.0,2026-08-24,Excellent product
R001317,O006012,4.0,2026-06-09,Great value
R001318,O004095,1.0,2026-04-13,Late delivery
R001319,O002747,1.0,2026-07-27,Late delivery
R001320,O003185,5.0,2026-07-01,Good quality
R001321,O002108,,2026-01-22,Late delivery
R001322,O003011,5.0,2026-02-03,Excellent product
R001323,O000600,2.0,2026-04-16,Average experience
R001324,O000046,3.0,2026-06-05,Fast delivery
R001325,O004767,2.0,2026-05-18,Not as expected
R001326,O006249,5.0,2026-01-03,Average experience
R001327,O003780,3.0,2026-08-09,Damaged package
R001328,O006887,5.0,2026-07-10,Great value
R001329,O001666,5.0,2026-05-22,Late delivery
R001330,O005935,2.0,2026-04-09,Fast delivery
R001331,O002184,3.0,2026-08-03,Excellent product
R001332,O002570,4.0,2026-05-12,Fast delivery
R001333,O004398,5.0,2026-04-18,Excellent product
R001334,O007176,5.0,2026-05-27,Great value
R001335,O002499,4.0,2026-02-11,Average experience
R001336,O002971,5.0,2026-01-23,Average experience
R001337,O001299,5.0,2026-02-15,Fast delivery
R001338,O000427,4.0,2026-01-01,Average experience
R001339,O001427,3.0,2026-05-14,Fast delivery
R001340,O000806,3.0,2026-04-04,Excellent product
R001341,O000411,4.0,2026-08-22,Late delivery
R001342,O006019,2.0,2026-03-31,Excellent product
R001343,O003758,5.0,2026-06-05,Damaged package
R001344,O000439,4.0,2026-08-28,Fast delivery
R001345,O002329,5.0,2026-06-09,Great value
R001346,O003694,5.0,2026-05-30,Average experience
R001347,O000435,4.0,2026-02-20,Not as expected
R001348,O005068,5.0,2026-02-11,Great value
R001349,O006222,5.0,2026-02-27,Average experience
R001350,O001644,3.0,2026-03-01,Not as expected
R001351,O006539,2.0,2026-04-13,Excellent product
R001352,O005724,1.0,2026-04-01,Damaged package
R001353,O001742,5.0,2026-03-02,Late delivery
R001354,O004869,5.0,2026-05-04,Fast delivery
R001355,O002446,4.0,2026-04-01,Good quality
R001356,O001050,4.0,2026-03-05,Good quality
R001357,O000627,3.0,2026-05-07,Good quality
R001358,O003876,5.0,2026-08-22,Damaged package
R001359,O001224,1.0,2026-07-12,Not as expected
R001360,O000211,3.0,2026-05-28,Fast delivery
R001361,O004048,5.0,2026-03-20,Fast delivery
R001362,O006137,4.0,2026-07-14,Late delivery
R001363,O004976,4.0,2026-08-12,Fast delivery
R001364,O000052,4.0,2026-02-19,Great value
R001365,O001110,3.0,2026-03-04,Average experience
R001366,O002623,5.0,2026-07-16,Not as expected
R001367,O001619,5.0,2026-02-13,Late delivery
R001368,O002477,4.0,2026-02-28,Late delivery
R001369,O003412,3.0,2026-08-31,Fast delivery
R001370,O005019,5.0,2026-08-31,Late delivery
R001371,O004276,4.0,2026-06-08,Average experience
R001372,O006117,5.0,2026-06-23,Good quality
R001373,O006971,5.0,2026-03-03,Not as expected
R001374,O006347,5.0,2026-01-16,Fast delivery
R001375,O003078,5.0,2026-03-11,Average experience
R001376,O003690,5.0,2026-03-26,Fast delivery
R001377,O004591,5.0,2026-01-20,Excellent product
R001378,O005643,5.0,2026-02-09,Excellent product
R001379,O005588,4.0,2026-01-13,Great value
R001380,O003143,3.0,2026-05-11,Fast delivery
R001381,O006143,5.0,2026-08-10,Damaged package
R001382,O005352,3.0,2026-03-14,Not as expected
R001383,O002933,4.0,2026-04-25,Damaged package
R001384,O006026,5.0,2026-01-22,Great value
R001385,O003378,4.0,2026-01-12,Great value
R001386,O000706,3.0,2026-05-26,Fast delivery
R001387,O001562,3.0,2026-02-25,Fast delivery
R001388,O006263,1.0,2026-06-17,Good quality
R001389,O000058,5.0,2026-03-15,Great value
R001390,O005741,4.0,2026-03-05,Good quality
R001391,O006209,4.0,2026-01-12,Good quality
R001392,O000528,3.0,2026-06-22,Excellent product
R001393,O005429,3.0,2026-07-29,Fast delivery
R001394,O004988,4.0,2026-01-18,Damaged package
R001395,O000566,3.0,2026-04-03,Late delivery
R001396,O007005,3.0,2026-07-26,Great value
R001397,O002583,5.0,2026-06-18,Great value
R001398,O000641,4.0,2026-08-25,Excellent product
R001399,O003735,2.0,2026-08-03,Average experience
R001400,O003317,5.0,2026-08-07,Fast delivery
R001401,O000731,2.0,2026-04-30,Fast delivery
R001402,O002432,4.0,2026-02-06,Fast delivery
R001403,O006045,4.0,2026-07-28,Fast delivery
R001404,O000326,5.0,2026-01-29,Late delivery
R001405,O004565,2.0,2026-04-13,Late delivery
R001406,O000291,4.0,2026-01-24,Fast delivery
R001407,O005600,4.0,2026-01-01,Great value
R001408,O002261,4.0,2026-03-03,Great value
R001409,O006334,4.0,2026-06-20,Damaged package
R001410,O004247,4.0,2026-03-23,Great value
R001411,O006981,5.0,2026-03-10,Excellent product
R001412,O003600,5.0,2026-01-08,Late delivery
R001413,O003771,4.0,2026-05-28,Good quality
R001414,O001898,5.0,2026-07-23,Damaged package
R001415,O006101,4.0,2026-04-25,Great value
R001416,O006542,2.0,2026-07-03,Great value
R001417,O002620,3.0,2026-05-26,Fast delivery
R001418,O000865,4.0,2026-05-08,Fast delivery
R001419,O005805,3.0,2026-05-14,Fast delivery
R001420,O006096,,2026-08-31,Good quality
R001421,O001895,3.0,2026-04-21,Average experience
R001422,O004693,4.0,2026-02-10,Excellent product
R001423,O002630,4.0,2026-01-18,Late delivery
R001424,O004223,5.0,2026-07-02,Damaged package
R001425,O000372,1.0,2026-04-02,Great value
R001426,O002185,4.0,2026-08-13,Fast delivery
R001427,O003127,4.0,2026-07-18,Damaged package
R001428,O006711,4.0,2026-03-07,Excellent product
R001429,O001738,3.0,2026-08-25,Late delivery
R001430,O005682,1.0,2026-07-04,Damaged package
R001431,O002893,5.0,2026-01-10,Damaged package
R001432,O005729,5.0,2026-07-17,Average experience
R001433,O005228,2.0,2026-03-23,Damaged package
R001434,O005538,4.0,2026-07-29,Late delivery
R001435,O006514,4.0,2026-07-21,Good quality
R001436,O003791,2.0,2026-04-26,Great value
R001437,O000912,4.0,2026-01-11,Average experience
R001438,O006521,1.0,2026-06-14,Excellent product
R001439,O002996,4.0,2026-05-07,Good quality
R001440,O003342,3.0,2026-08-29,Excellent product
R001441,O002035,4.0,2026-01-02,Not as expected
R001442,O003251,4.0,2026-04-05,Average experience
R001443,O003367,2.0,2026-08-29,Great value
R001444,O001424,4.0,2026-08-19,Late delivery
R001445,O000123,4.0,2026-01-25,Great value
R001446,O000480,4.0,2026-02-18,Fast delivery
R001447,O001812,5.0,2026-02-15,Excellent product
R001448,O002518,4.0,2026-08-20,Not as expected
R001449,O000294,4.0,2026-08-28,Average experience
R001450,O005379,5.0,2026-06-05,Excellent product
R001451,O006283,4.0,2026-07-14,Excellent product
R001452,O000941,4.0,2026-04-06,Late delivery
R001453,O006023,4.0,2026-03-19,Great value
R001454,O005262,3.0,2026-06-07,Good quality
R001455,O000440,4.0,2026-03-06,Damaged package
R001456,O001380,3.0,2026-06-05,Fast delivery
R001457,O000848,3.0,2026-01-31,Not as expected
R001458,O004191,5.0,2026-03-12,Late delivery
R001459,O004546,5.0,2026-07-06,Fast delivery
R001460,O003054,5.0,2026-02-02,Good quality
R001461,O001444,4.0,2026-05-06,Excellent product
R001462,O002292,2.0,2026-05-14,Excellent product
R001463,O001174,4.0,2026-06-03,Not as expected
R001464,O004031,5.0,2026-02-05,Not as expected
R001465,O002684,5.0,2026-02-12,Excellent product
R001466,O001863,5.0,2026-02-07,Good quality
R001467,O002192,5.0,2026-01-21,Average experience
R001468,O006495,4.0,2026-07-21,Damaged package
R001469,O005578,4.0,2026-03-08,Average experience
R001470,O004978,4.0,2026-01-25,Late delivery
R001471,O000280,4.0,2026-04-02,Fast delivery
R001472,O006672,4.0,2026-01-02,Damaged package
R001473,O002376,4.0,2026-04-02,Great value
R001474,O002474,5.0,2026-05-28,Great value
R001475,O003955,3.0,2026-07-14,Damaged package
R001476,O004289,3.0,2026-04-16,Fast delivery
R001477,O006219,3.0,2026-03-11,Great value
R001478,O004723,5.0,2026-01-23,Late delivery
R001479,O003756,5.0,2026-04-26,Good quality
R001480,O002587,5.0,2026-05-03,Fast delivery
R001481,O001102,4.0,2026-03-29,Good quality
R001482,O007168,4.0,2026-06-06,Fast delivery
R001483,O001544,1.0,2026-07-07,Excellent product
R001484,O004551,4.0,2026-03-28,Damaged package
R001485,O004713,5.0,2026-06-13,Fast delivery
R001486,O005653,5.0,2026-04-06,Damaged package
R001487,O003627,4.0,2026-08-01,Excellent product
R001488,O000578,5.0,2026-02-19,Not as expected
R001489,O000060,4.0,2026-04-17,Average experience
R001490,O003219,2.0,2026-07-17,Fast delivery
R001491,O000788,4.0,2026-08-01,Good quality
R001492,O002586,5.0,2026-06-25,Average experience
R001493,O004783,5.0,2026-04-07,Average experience
R001494,O006044,5.0,2026-07-08,Late delivery
R001495,O004254,4.0,2026-04-15,Great value
R001496,O006576,5.0,2026-08-26,Damaged package
R001497,O004909,4.0,2026-02-20,Excellent product
R001498,O001534,4.0,2026-06-11,Not as expected
R001499,O001346,4.0,2026-02-26,Excellent product
R001500,O005318,4.0,2026-01-05,Good quality
R001501,O001184,5.0,2026-03-20,Not as expected
R001502,O006990,4.0,2026-06-18,Excellent product
R001503,O006607,5.0,2026-03-20,Not as expected
R001504,O002860,5.0,2026-05-25,Damaged package
R001505,O001871,5.0,2026-05-15,Excellent product
R001506,O003257,1.0,2026-07-18,Fast delivery
R001507,O006109,3.0,2026-01-14,Late delivery
R001508,O000185,5.0,2026-02-23,Good quality
R001509,O001741,5.0,2026-03-15,Fast delivery
R001510,O002610,3.0,2026-06-28,Damaged package
R001511,O000421,4.0,2026-01-19,Not as expected
R001512,O005022,1.0,2026-06-09,Fast delivery
R001513,O000554,5.0,2026-01-27,Good quality
R001514,O001398,4.0,2026-05-04,Not as expected
R001515,O006437,4.0,2026-05-16,Good quality
R001516,O001920,3.0,2026-04-30,Damaged package
R001517,O002252,1.0,2026-03-10,Great value
R001518,O005275,5.0,2026-04-13,Great value
R001519,O003140,5.0,2026-02-02,Damaged package
R001520,O000444,3.0,2026-01-23,Great value
R001521,O002886,1.0,2026-02-16,Excellent product
R001522,O004623,4.0,2026-04-25,Great value
R001523,O001784,,2026-03-23,Damaged package
R001524,O006342,4.0,2026-02-19,Average experience
R001525,O001957,4.0,2026-07-02,Average experience
R001526,O006141,5.0,2026-01-10,Damaged package
R001527,O002226,4.0,2026-05-06,Great value
R001528,O001836,5.0,2026-05-08,Average experience
R001529,O000182,4.0,2026-07-08,Late delivery
R001530,O004686,1.0,2026-08-12,Good quality
R001531,O000795,5.0,2026-07-31,Excellent product
R001532,O003152,5.0,2026-07-11,Good quality
R001533,O002407,2.0,2026-02-21,Average experience
R001534,O001673,4.0,2026-06-18,Fast delivery
R001535,O002078,5.0,2026-02-09,Great value
R001536,O006323,5.0,2026-06-05,Late delivery
R001537,O001703,5.0,2026-02-27,Late delivery
R001538,O002167,5.0,2026-02-11,Average experience
R001539,O003543,5.0,2026-01-04,Fast delivery
R001540,O004029,4.0,2026-04-03,Excellent product
R001541,O005210,3.0,2026-04-03,Great value
R001542,O000531,5.0,2026-06-16,Late delivery
R001543,O005574,5.0,2026-02-17,Late delivery
R001544,O005769,1.0,2026-06-22,Excellent product
R001545,O000711,5.0,2026-05-04,Excellent product
R001546,O003297,2.0,2026-03-13,Excellent product
R001547,O003480,5.0,2026-07-12,Average experience
R001548,O000559,3.0,2026-07-20,Good quality
R001549,O006062,5.0,2026-06-19,Fast delivery
R001550,O004538,5.0,2026-03-20,Fast delivery
R001551,O001372,5.0,2026-08-08,Fast delivery
R001552,O006724,3.0,2026-04-22,Great value
R001553,O006779,3.0,2026-01-05,Average experience
R001554,O000908,4.0,2026-01-10,Not as expected
R001555,O003151,3.0,2026-01-16,Not as expected
R001556,O001434,4.0,2026-04-23,Great value
R001557,O001872,5.0,2026-05-05,Great value
R001558,O006106,4.0,2026-06-18,Late delivery
R001559,O003826,4.0,2026-04-23,Fast delivery
R001560,O003781,5.0,2026-04-19,Not as expected
R001561,O004085,4.0,2026-03-11,Damaged package
R001562,O005832,4.0,2026-08-29,Late delivery
R001563,O003019,5.0,2026-05-08,Great value
R001564,O004319,3.0,2026-03-07,Late delivery
R001565,O000927,2.0,2026-01-23,Average experience
R001566,O003579,3.0,2026-07-03,Average experience
R001567,O001818,4.0,2026-02-24,Great value
R001568,O006879,5.0,2026-03-21,Late delivery
R001569,O000016,5.0,2026-07-04,Late delivery
R001570,O006511,2.0,2026-08-07,Damaged package
R001571,O000316,5.0,2026-05-07,Average experience
R001572,O004473,5.0,2026-01-15,Fast delivery
R001573,O005114,3.0,2026-02-08,Not as expected
R001574,O001162,4.0,2026-07-05,Damaged package
R001575,O003296,4.0,2026-05-02,Fast delivery
R001576,O001802,3.0,2026-02-12,Good quality
R001577,O002339,4.0,2026-03-19,Late delivery
R001578,O001363,3.0,2026-07-07,Average experience
R001579,O001922,4.0,2026-01-15,Good quality
R001580,O001213,4.0,2026-07-26,Great value
R001581,O003948,4.0,2026-04-05,Late delivery
R001582,O005479,4.0,2026-06-11,Fast delivery
R001583,O001892,4.0,2026-05-12,Excellent product
R001584,O005592,3.0,2026-06-17,Average experience
R001585,O005983,1.0,2026-05-28,Excellent product
R001586,O006917,4.0,2026-06-29,Good quality
R001587,O001171,4.0,2026-01-14,Good quality
R001588,O003263,2.0,2026-04-24,Good quality
R001589,O004002,4.0,2026-06-08,Not as expected
R001590,O004595,5.0,2026-02-11,Not as expected
R001591,O007163,4.0,2026-01-07,Great value
R001592,O005406,5.0,2026-03-28,Good quality
R001593,O001324,5.0,2026-07-21,Great value
R001594,O005323,5.0,2026-07-11,Good quality
R001595,O001966,4.0,2026-08-27,Excellent product
R001596,O002652,5.0,2026-02-15,Average experience
R001597,O002081,4.0,2026-03-18,Damaged package
R001598,O002690,3.0,2026-06-26,Average experience
R001599,O001870,3.0,2026-06-07,Great value
R001600,O000388,4.0,2026-07-10,Excellent product
R001601,O005973,5.0,2026-07-24,Fast delivery
R001602,O001033,2.0,2026-08-05,Late delivery
R001603,O004625,4.0,2026-06-24,Damaged package
R001604,O005514,4.0,2026-03-22,Excellent product
R001605,O006148,5.0,2026-07-18,Excellent product
R001606,O004776,4.0,2026-03-04,Late delivery
R001607,O006775,4.0,2026-01-23,Damaged package
R001608,O003004,5.0,2026-01-26,Not as expected
R001609,O002111,3.0,2026-04-09,Good quality
R001610,O001011,4.0,2026-06-21,Not as expected
R001611,O003024,1.0,2026-03-21,Average experience
R001612,O000932,1.0,2026-04-15,Fast delivery
R001613,O002155,4.0,2026-03-09,Great value
R001614,O000692,5.0,2026-05-22,Fast delivery
R001615,O000534,4.0,2026-03-24,Fast delivery
R001616,O005503,4.0,2026-01-09,Damaged package
R001617,O004479,4.0,2026-03-23,Great value
R001618,O003919,4.0,2026-03-08,Late delivery
R001619,O000653,4.0,2026-07-03,Damaged package
R001620,O000034,5.0,2026-03-02,Not as expected
R001621,O003134,4.0,2026-05-03,Average experience
R001622,O000045,5.0,2026-03-24,Great value
R001623,O003571,4.0,2026-02-20,Damaged package
R001624,O005195,3.0,2026-03-26,Not as expected
R001625,O000965,2.0,2026-03-13,Great value
R001626,O005313,4.0,2026-02-23,Fast delivery
R001627,O006411,5.0,2026-07-16,Good quality
R001628,O006346,4.0,2026-02-17,Fast delivery
R001629,O002754,5.0,2026-03-10,Damaged package
R001630,O006105,3.0,2026-06-15,Excellent product
R001631,O004451,4.0,2026-06-29,Great value
R001632,O002953,4.0,2026-01-24,Excellent product
R001633,O002861,4.0,2026-02-12,Average experience
R001634,O005361,4.0,2026-08-21,Damaged package
R001635,O002437,5.0,2026-02-26,Great value
R001636,O002692,5.0,2026-07-29,Fast delivery
R001637,O000027,,2026-03-29,Good quality
R001638,O003795,4.0,2026-07-12,Good quality
R001639,O000064,5.0,2026-08-28,Damaged package
R001640,O001045,5.0,2026-01-28,Late delivery
R001641,O002826,3.0,2026-01-10,Fast delivery
R001642,O003321,5.0,2026-04-04,Great value
R001643,O002796,2.0,2026-03-20,Excellent product
R001644,O001455,3.0,2026-01-20,Good quality
R001645,O000228,5.0,2026-08-24,Fast delivery
R001646,O002487,2.0,2026-05-12,Excellent product
R001647,O003899,5.0,2026-06-16,Great value
R001648,O003746,5.0,2026-07-27,Average experience
R001649,O004491,5.0,2026-01-06,Not as expected
R001650,O003347,4.0,2026-08-05,Good quality
R001651,O002023,5.0,2026-04-11,Not as expected
R001652,O002318,5.0,2026-07-21,Damaged package
R001653,O000970,5.0,2026-02-20,Great value
R001654,O004707,4.0,2026-08-30,Excellent product
R001655,O002352,5.0,2026-01-23,Damaged package
R001656,O002277,4.0,2026-02-12,Good quality
R001657,O002030,3.0,2026-06-10,Average experience
R001658,O004921,5.0,2026-02-15,Great value
R001659,O005095,4.0,2026-02-05,Great value
R001660,O006640,3.0,2026-08-17,Damaged package
R001661,O004658,4.0,2026-08-22,Average experience
R001662,O004594,5.0,2026-06-22,Late delivery
R001663,O006138,5.0,2026-01-30,Not as expected
R001664,O006918,3.0,2026-05-15,Not as expected
R001665,O004246,5.0,2026-03-25,Not as expected
R001666,O001791,3.0,2026-01-14,Excellent product
R001667,O006726,4.0,2026-02-11,Damaged package
R001668,O000253,3.0,2026-05-08,Not as expected
R001669,O002120,3.0,2026-08-15,Damaged package
R001670,O004656,5.0,2026-04-22,Not as expected
R001671,O001579,4.0,2026-05-24,Fast delivery
R001672,O002621,5.0,2026-03-15,Good quality
R001673,O005385,4.0,2026-05-02,Excellent product
R001674,O003471,1.0,2026-04-13,Damaged package
R001675,O006846,4.0,2026-03-31,Fast delivery
R001676,O001887,4.0,2026-07-05,Average experience
R001677,O004529,3.0,2026-08-22,Great value
R001678,O006318,3.0,2026-02-23,Not as expected
R001679,O007037,4.0,2026-04-11,Good quality
R001680,O005810,5.0,2026-04-18,Fast delivery
R001681,O007108,4.0,2026-04-11,Not as expected
R001682,O006792,4.0,2026-01-27,Excellent product
R001683,O003825,2.0,2026-06-03,Not as expected
R001684,O000642,5.0,2026-04-06,Fast delivery
R001685,O005322,5.0,2026-05-31,Damaged package
R001686,O005366,4.0,2026-06-28,Average experience
R001687,O001761,4.0,2026-03-03,Excellent product
R001688,O000298,2.0,2026-01-22,Not as expected
R001689,O000304,5.0,2026-01-18,Late delivery
R001690,O003937,4.0,2026-08-16,Not as expected
R001691,O007076,3.0,2026-07-21,Not as expected
R001692,O007015,5.0,2026-07-05,Good quality
R001693,O002311,5.0,2026-02-02,Late delivery
R001694,O003845,3.0,2026-07-15,Not as expected
R001695,O003003,4.0,2026-02-16,Not as expected
R001696,O000656,4.0,2026-05-03,Excellent product
R001697,O002200,4.0,2026-02-24,Good quality
R001698,O004790,5.0,2026-04-04,Fast delivery
R001699,O004933,5.0,2026-07-07,Not as expected
R001700,O002169,5.0,2026-03-04,Not as expected
R001701,O000241,4.0,2026-06-05,Not as expected
R001702,O000784,5.0,2026-08-19,Excellent product
R001703,O001355,3.0,2026-08-30,Not as expected
R001704,O001019,3.0,2026-05-13,Good quality
R001705,O003299,4.0,2026-08-30,Late delivery
R001706,O000978,4.0,2026-05-22,Average experience
R001707,O000810,1.0,2026-03-05,Damaged package
R001708,O005248,4.0,2026-02-06,Great value
R001709,O001993,1.0,2026-05-08,Excellent product
R001710,O000258,3.0,2026-03-17,Late delivery
R001711,O001600,4.0,2026-07-04,Average experience
R001712,O000894,5.0,2026-02-18,Good quality
R001713,O005815,3.0,2026-08-12,Late delivery
R001714,O006504,4.0,2026-03-30,Good quality
R001715,O005591,4.0,2026-01-17,Late delivery
R001716,O007052,3.0,2026-07-10,Not as expected
R001717,O003800,2.0,2026-02-15,Good quality
R001718,O001955,1.0,2026-01-27,Good quality
R001719,O001621,5.0,2026-02-26,Fast delivery
R001720,O003264,1.0,2026-04-10,Average experience
R001721,O003459,4.0,2026-08-31,Damaged package
R001722,O006849,1.0,2026-06-27,Great value
R001723,O005329,5.0,2026-07-13,Damaged package
R001724,O006836,4.0,2026-02-17,Average experience
R001725,O003997,5.0,2026-03-28,Average experience
R001726,O001358,5.0,2026-02-09,Late delivery
R001727,O002848,5.0,2026-02-25,Great value
R001728,O006210,2.0,2026-05-25,Average experience
R001729,O002551,4.0,2026-07-05,Good quality
R001730,O006169,5.0,2026-07-26,Great value
R001731,O002604,2.0,2026-01-16,Excellent product
R001732,O005873,3.0,2026-07-03,Late delivery
R001733,O005133,4.0,2026-04-01,Not as expected
R001734,O003079,5.0,2026-02-03,Late delivery
R001735,O002579,5.0,2026-02-26,Damaged package
R001736,O004901,5.0,2026-02-17,Average experience
R001737,O004740,3.0,2026-03-28,Late delivery
R001738,O004813,5.0,2026-08-26,Not as expected
R001739,O000368,2.0,2026-04-06,Not as expected
R001740,O005519,5.0,2026-03-24,Damaged package
R001741,O005026,4.0,2026-08-05,Damaged package
R001742,O006780,5.0,2026-08-11,Average experience
R001743,O004195,5.0,2026-07-13,Average experience
R001744,O003393,4.0,2026-07-17,Excellent product
R001745,O007000,4.0,2026-01-11,Damaged package
R001746,O006721,4.0,2026-07-22,Not as expected
R001747,O002795,2.0,2026-06-24,Average experience
R001748,O001093,5.0,2026-03-23,Good quality
R001749,O005028,5.0,2026-06-18,Average experience
R001750,O000125,5.0,2026-05-07,Average experience
R001751,O003521,5.0,2026-01-02,Late delivery
R001752,O005247,3.0,2026-07-30,Great value
R001753,O004385,2.0,2026-07-17,Late delivery
R001754,O005268,,2026-06-09,Fast delivery
R001755,O006113,4.0,2026-06-01,Fast delivery
R001756,O005608,5.0,2026-08-30,Good quality
R001757,O001554,5.0,2026-07-20,Average experience
R001758,O006688,1.0,2026-07-30,Fast delivery
R001759,O004295,4.0,2026-04-25,Damaged package
R001760,O000599,3.0,2026-02-11,Great value
R001761,O000076,3.0,2026-05-17,Average experience
R001762,O001340,5.0,2026-04-13,Average experience
R001763,O001417,5.0,2026-05-14,Damaged package
R001764,O004630,4.0,2026-08-09,Excellent product
R001765,O005838,1.0,2026-05-02,Damaged package
R001766,O005868,4.0,2026-01-19,Not as expected
R001767,O004954,5.0,2026-07-27,Great value
R001768,O004158,4.0,,Average experience
R001769,O003894,5.0,2026-03-26,Late delivery
R001770,O000150,4.0,2026-06-10,Fast delivery
R001771,O003154,4.0,2026-01-14,Excellent product
R001772,O001558,4.0,2026-08-02,Average experience
R001773,O006027,5.0,2026-02-01,Damaged package
R001774,O000454,5.0,2026-03-04,Late delivery
R001775,O001833,4.0,2026-05-08,Damaged package
R001776,O002032,5.0,2026-04-15,Late delivery
R001777,O000416,5.0,2026-03-23,Excellent product
R001778,O003662,5.0,2026-03-13,Damaged package
R001779,O000809,5.0,2026-06-19,Not as expected
R001780,O005757,3.0,2026-04-12,Good quality
R001781,O004303,1.0,2026-07-24,Damaged package
R001782,O005101,2.0,2026-03-06,Late delivery
R001783,O006419,4.0,2026-08-06,Damaged package
R001784,O001120,5.0,2026-07-12,Damaged package
R001785,O003411,2.0,2026-08-25,Average experience
R001786,O000811,4.0,2026-03-16,Late delivery
R001787,O004237,4.0,2026-03-24,Not as expected
R001788,O001130,4.0,2026-05-16,Excellent product
R001789,O000835,4.0,2026-06-22,Excellent product
R001790,O002250,3.0,2026-03-19,Not as expected
R001791,O006588,1.0,2026-05-02,Not as expected
R001792,O006883,3.0,2026-02-13,Fast delivery
R001793,O002113,1.0,2026-07-31,Good quality
R001794,O001236,4.0,2026-05-09,Damaged package
R001795,O001226,4.0,2026-06-01,Late delivery
R001796,O004688,4.0,2026-07-16,Great value
R001797,O001980,5.0,2026-04-20,Damaged package
R001798,O002466,2.0,2026-07-31,Good quality
R001799,O006268,4.0,2026-04-11,Great value
R001800,O006878,3.0,2026-08-21,Fast delivery
R001801,O004388,4.0,2026-04-06,Not as expected
R001802,O006218,5.0,2026-02-25,Not as expected
R001803,O001917,4.0,2026-03-23,Excellent product
R001804,O006099,4.0,2026-08-29,Fast delivery
R001805,O002299,4.0,2026-08-14,Damaged package
R001806,O001028,4.0,2026-07-13,Late delivery
R001807,O004079,5.0,2026-05-08,Late delivery
R001808,O003803,4.0,2026-07-15,Excellent product
R001809,O001658,2.0,2026-05-30,Good quality
R001810,O000350,5.0,2026-03-09,Damaged package
R001811,O000453,2.0,2026-08-25,Late delivery
R001812,O000663,4.0,2026-01-13,Excellent product
R001813,O000173,4.0,2026-03-29,Great value
R001814,O001406,4.0,2026-05-09,Average experience
R001815,O001913,5.0,2026-05-10,Average experience
R001816,O004349,3.0,2026-06-07,Not as expected
R001817,O004652,4.0,2026-04-09,Excellent product
R001818,O000423,4.0,2026-01-26,Great value
R001819,O002139,4.0,2026-07-31,Great value
R001820,O006692,1.0,2026-05-09,Good quality
R001821,O000882,4.0,2026-03-24,Fast delivery
R001822,O007010,5.0,2026-06-25,Good quality
R001823,O001254,3.0,2026-05-24,Fast delivery
R001824,O002955,5.0,2026-07-12,Not as expected
R001825,O006354,5.0,2026-05-27,Excellent product
R001826,O002345,5.0,2026-05-09,Good quality
R001827,O004218,4.0,2026-04-14,Average experience
R001828,O006762,5.0,2026-01-24,Fast delivery
R001829,O006325,3.0,2026-08-17,Damaged package
R001830,O000103,4.0,2026-02-12,Not as expected
R001831,O004727,4.0,2026-08-11,Late delivery
R001832,O006844,5.0,2026-08-04,Damaged package
R001833,O006829,3.0,2026-08-31,Excellent product
R001834,O007071,4.0,2026-06-28,Damaged package
R001835,O002183,5.0,2026-06-24,Great value
R001836,O002576,4.0,2026-08-18,Late delivery
R001837,O001581,4.0,2026-07-22,Late delivery
R001838,O003772,2.0,2026-03-02,Late delivery
R001839,O004140,5.0,2026-04-26,Damaged package
R001840,O003307,5.0,2026-05-19,Late delivery
R001841,O003406,5.0,2026-03-22,Great value
R001842,O002150,4.0,2026-03-01,Damaged package
R001843,O005308,2.0,2026-03-28,Late delivery
R001844,O000136,5.0,2026-08-06,Late delivery
R001845,O002655,5.0,,Fast delivery
R001846,O004026,5.0,2026-05-27,Excellent product
R001847,O001311,1.0,2026-06-06,Damaged package
R001848,O006477,4.0,2026-07-24,Good quality
R001849,O004802,3.0,2026-04-26,Damaged package
R001850,O006839,4.0,2026-03-22,Excellent product
R001851,O006934,5.0,2026-02-14,Average experience
R001852,O003998,5.0,2026-06-15,Not as expected
R001853,O004297,3.0,2026-08-03,Damaged package
R001854,O004106,4.0,2026-08-13,Good quality
R001855,O003883,4.0,2026-04-12,Not as expected
R001856,O003291,4.0,2026-03-16,Good quality
R001857,O003656,2.0,2026-05-20,Good quality
R001858,O000808,4.0,2026-02-17,Excellent product
R001859,O004756,4.0,2026-06-16,Good quality
R001860,O000463,2.0,2026-04-11,Fast delivery
R001861,O000880,2.0,2026-02-15,Damaged package
R001862,O003892,,2026-02-01,Not as expected
R001863,O002987,4.0,2026-02-15,Late delivery
R001864,O005418,3.0,2026-01-18,Average experience
R001865,O005946,5.0,2026-04-15,Good quality
R001866,O003704,5.0,2026-05-12,Not as expected
R001867,O000800,3.0,2026-01-15,Fast delivery
R001868,O000355,5.0,2026-03-16,Excellent product
R001869,O005243,4.0,2026-02-21,Fast delivery
R001870,O001074,4.0,2026-02-02,Excellent product
R001871,O003259,5.0,2026-05-03,Fast delivery
R001872,O003951,4.0,2026-01-20,Fast delivery
R001873,O000145,4.0,2026-06-15,Damaged package
R001874,O000381,1.0,2026-07-03,Average experience
R001875,O001341,5.0,2026-07-31,Great value
R001876,O002522,3.0,2026-08-22,Excellent product
R001877,O005395,4.0,2026-01-25,Not as expected
R001878,O000122,5.0,2026-07-26,Good quality
R001879,O002441,2.0,2026-02-03,Late delivery
R001880,O003942,5.0,2026-05-18,Late delivery
R001881,O001883,4.0,2026-02-23,Damaged package
R001882,O001361,4.0,2026-07-16,Fast delivery
R001883,O000419,5.0,2026-02-16,Excellent product
R001884,O003823,4.0,2026-02-08,Not as expected
R001885,O005674,3.0,2026-01-19,Good quality
R001886,O001515,3.0,2026-05-19,Average experience
R001887,O006009,4.0,2026-05-24,Late delivery
R001888,O002414,5.0,2026-08-12,Not as expected
R001889,O002334,3.0,2026-01-20,Late delivery
R001890,O004539,5.0,2026-05-31,Not as expected
R001891,O000556,4.0,2026-02-28,Average experience
R001892,O006330,5.0,2026-07-08,Great value
R001893,O004374,5.0,2026-04-27,Great value
R001894,O002743,1.0,2026-08-25,Average experience
R001895,O001486,5.0,2026-01-01,Average experience
R001896,O005129,5.0,2026-05-14,Not as expected
R001897,O001273,5.0,2026-02-09,Damaged package
R001898,O006747,4.0,2026-05-21,Damaged package
R001899,O001412,4.0,2026-02-12,Average experience
R001900,O007093,4.0,2026-04-08,Damaged package
R001901,O006577,2.0,2026-02-13,Late delivery
R001902,O001472,3.0,2026-07-28,Great value
R001903,O002909,5.0,2026-03-31,Damaged package
R001904,O005629,4.0,2026-04-09,Damaged package
R001905,O005197,3.0,2026-04-22,Not as expected
R001906,O005764,5.0,2026-05-29,Late delivery
R001907,O004252,3.0,2026-02-08,Good quality
R001908,O003464,5.0,2026-04-19,Excellent product
R001909,O005015,5.0,2026-04-18,Excellent product
R001910,O005947,5.0,2026-01-07,Late delivery
R001911,O005836,4.0,2026-08-15,Damaged package
R001912,O003015,4.0,2026-03-22,Late delivery
R001913,O001841,2.0,2026-05-30,Fast delivery
R001914,O006761,5.0,2026-08-01,Great value
R001915,O000982,4.0,2026-07-20,Not as expected
R001916,O001733,4.0,2026-03-27,Great value
R001917,O006110,2.0,2026-02-23,Damaged package
R001918,O006211,3.0,2026-04-26,Great value
R001919,O003414,5.0,2026-01-28,Damaged package
R001920,O006351,4.0,2026-07-10,Great value
R001921,O001269,4.0,2026-07-10,Good quality
R001922,O000415,3.0,2026-07-12,Average experience
R001923,O002599,5.0,2026-05-25,Late delivery
R001924,O000269,5.0,2026-06-26,Good quality
R001925,O002819,4.0,2026-05-05,Excellent product
R001926,O002880,5.0,2026-01-09,Late delivery
R001927,O005966,4.0,2026-04-10,Average experience
R001928,O000655,5.0,2026-06-29,Average experience
R001929,O006446,3.0,2026-08-13,Damaged package
R001930,O006443,4.0,2026-04-16,Good quality
R001931,O003616,4.0,2026-07-28,Fast delivery
R001932,O004920,3.0,2026-06-23,Great value
R001933,O002459,4.0,2026-05-10,Excellent product
R001934,O004732,5.0,2026-01-15,Not as expected
R001935,O000774,3.0,2026-01-10,Fast delivery
R001936,O002575,4.0,2026-06-28,Good quality
R001937,O000590,5.0,2026-03-18,Late delivery
R001938,O005310,4.0,2026-04-27,Excellent product
R001939,O004506,5.0,2026-02-23,Great value
R001940,O002288,5.0,2026-02-28,Good quality
R001941,O004185,3.0,2026-05-28,Late delivery
R001942,O003194,5.0,2026-01-02,Good quality
R001943,O000602,5.0,2026-07-06,Great value
R001944,O006205,5.0,2026-08-15,Damaged package
R001945,O003498,2.0,2026-07-15,Not as expected
R001946,O005163,3.0,2026-02-28,Excellent product
R001947,O000702,1.0,2026-06-25,Great value
R001948,O004059,4.0,2026-07-24,Great value
R001949,O006310,4.0,2026-02-10,Great value
R001950,O004336,4.0,2026-05-29,Good quality
R001951,O000678,3.0,2026-07-10,Not as expected
R001952,O002878,5.0,2026-06-11,Average experience
R001953,O005372,5.0,2026-06-15,Average experience
R001954,O005082,2.0,2026-02-24,Fast delivery
R001955,O006861,3.0,2026-05-25,Not as expected
R001956,O005141,3.0,2026-06-23,Great value
R001957,O000694,5.0,2026-03-06,Average experience
R001958,O001514,4.0,2026-08-18,Not as expected
R001959,O003025,4.0,2026-02-18,Not as expected
R001960,O006244,4.0,2026-03-01,Excellent product
R001961,O003026,5.0,2026-05-01,Late delivery
R001962,O007089,5.0,2026-06-10,Damaged package
R001963,O000111,4.0,2026-08-05,Fast delivery
R001964,O003208,3.0,2026-03-23,Late delivery
R001965,O005266,5.0,2026-05-01,Great value
R001966,O003333,5.0,2026-05-29,Average experience
R001967,O005851,1.0,2026-01-21,Damaged package
R001968,O002096,4.0,2026-01-31,Fast delivery
R001969,O001612,1.0,2026-07-14,Damaged package
R001970,O000857,4.0,2026-05-26,Average experience
R001971,O006962,5.0,2026-07-29,Great value
R001972,O004731,1.0,2026-06-15,Damaged package
R001973,O002851,4.0,2026-08-26,Great value
R001974,O004383,4.0,2026-02-21,Fast delivery
R001975,O005904,3.0,2026-08-21,Not as expected
R001976,O002099,2.0,2026-08-03,Average experience
R001977,O006525,3.0,2026-06-30,Excellent product
R001978,O001759,4.0,2026-08-13,Good quality
R001979,O005767,4.0,2026-07-06,Good quality
R001980,O007013,5.0,2026-01-31,Not as expected
R001981,O000606,5.0,2026-03-16,Damaged package
R001982,O007056,4.0,2026-03-18,Excellent product
R001983,O002562,2.0,2026-03-22,Excellent product
R001984,O004012,2.0,2026-06-21,Excellent product
R001985,O006017,5.0,2026-01-09,Excellent product
R001986,O001469,4.0,2026-03-05,Not as expected
R001987,O006484,3.0,2026-01-13,Damaged package
R001988,O005350,5.0,2026-04-15,Great value
R001989,O002956,5.0,2026-03-17,Not as expected
R001990,O006481,3.0,2026-04-16,Good quality
R001991,O005338,5.0,2026-05-24,Average experience
R001992,O005658,5.0,2026-02-08,Excellent product
R001993,O004339,5.0,2026-08-30,Average experience
R001994,O000108,5.0,2026-02-13,Damaged package
R001995,O006895,1.0,2026-05-03,Good quality
R001996,O000030,4.0,2026-02-24,Late delivery
R001997,O003615,2.0,2026-04-15,Not as expected
R001998,O003310,4.0,2026-06-24,Excellent product
R001999,O002304,4.0,2026-05-14,Late delivery
R002000,O002834,4.0,2026-05-18,Great value
R002001,O002882,5.0,2026-03-08,Excellent product
R002002,O000752,3.0,2026-08-14,Not as expected
R002003,O005407,4.0,2026-05-08,Excellent product
R002004,O000585,5.0,2026-01-11,Damaged package
R002005,O001221,4.0,2026-02-15,Not as expected
R002006,O003551,3.0,2026-03-27,Good quality
R002007,O002907,4.0,2026-01-03,Excellent product
R002008,O006417,1.0,2026-07-16,Average experience
R002009,O003044,4.0,2026-05-25,Great value
R002010,O006190,4.0,2026-03-30,Late delivery
R002011,O000549,3.0,2026-05-28,Excellent product
R002012,O005572,3.0,2026-03-22,Fast delivery
R002013,O004582,2.0,2026-04-14,Excellent product
R002014,O006123,5.0,2026-08-03,Late delivery
R002015,O007078,1.0,2026-02-23,Fast delivery
R002016,O006899,5.0,2026-06-03,Fast delivery
R002017,O002836,5.0,2026-01-11,Late delivery
R002018,O004948,4.0,2026-05-31,Not as expected
R002019,O006935,5.0,2026-08-21,Average experience
R002020,O007135,4.0,2026-05-03,Not as expected
R002021,O002127,1.0,2026-06-12,Excellent product
R002022,O007048,3.0,2026-08-20,Excellent product
R002023,O001204,5.0,2026-05-12,Average experience
R002024,O000345,5.0,2026-06-17,Not as expected
R002025,O004428,5.0,2026-07-26,Average experience
R002026,O005373,4.0,2026-07-24,Damaged package
R002027,O001576,3.0,2026-02-28,Great value
R002028,O005680,3.0,2026-01-12,Excellent product
R002029,O007110,5.0,2026-03-17,Average experience
R002030,O006753,3.0,2026-03-23,Late delivery
R002031,O007151,4.0,2026-01-31,Not as expected
R002032,O002926,5.0,2026-06-24,Excellent product
R002033,O005571,5.0,2026-07-31,Not as expected
R002034,O002284,4.0,2026-05-28,Great value
R002035,O004378,4.0,2026-05-05,Average experience
R002036,O005618,4.0,2026-07-25,Good quality
R002037,O000091,4.0,2026-04-15,Late delivery
R002038,O003072,3.0,2026-08-11,Good quality
R002039,O006406,2.0,2026-03-01,Damaged package
R002040,O005295,4.0,2026-07-05,Excellent product
R002041,O002581,3.0,2026-05-12,Late delivery
R002042,O005712,2.0,2026-04-27,Not as expected
R002043,O002727,5.0,2026-07-26,Fast delivery
R002044,O000625,4.0,2026-07-15,Fast delivery
R002045,O000070,5.0,2026-03-07,Excellent product
R002046,O002938,5.0,2026-08-15,Good quality
R002047,O000890,,2026-08-04,Excellent product
R002048,O007171,4.0,2026-03-14,Good quality
R002049,O005462,4.0,2026-02-09,Average experience
R002050,O006028,2.0,2026-08-19,Excellent product
R002051,O004161,4.0,2026-02-12,Fast delivery
R002052,O000948,4.0,2026-03-11,Average experience
R002053,O006763,4.0,2026-04-16,Late delivery
R002054,O002678,4.0,2026-08-16,Not as expected
R002055,O003408,5.0,2026-04-25,Great value
R002056,O004150,4.0,2026-05-07,Fast delivery
R002057,O006687,4.0,2026-01-31,Great value
R002058,O005886,4.0,2026-08-23,Great value
R002059,O002615,5.0,2026-03-13,Not as expected
R002060,O006600,5.0,2026-05-17,Damaged package
R002061,O006455,5.0,2026-02-28,Average experience
R002062,O004794,5.0,2026-05-11,Fast delivery
R002063,O004455,5.0,2026-08-03,Good quality
R002064,O004782,5.0,2026-06-27,Great value
R002065,O005142,4.0,2026-06-30,Great value
R002066,O005034,3.0,,Damaged package
R002067,O005452,5.0,2026-01-10,Not as expected
R002068,O002674,5.0,2026-01-02,Excellent product
R002069,O003707,3.0,2026-08-29,Good quality
R002070,O005706,3.0,2026-04-08,Damaged package
R002071,O003539,5.0,2026-04-08,Late delivery
R002072,O004864,4.0,2026-07-29,Excellent product
R002073,O005781,5.0,2026-01-31,Excellent product
R002074,O004214,1.0,2026-08-01,Not as expected
R002075,O001187,4.0,2026-02-16,Excellent product
R002076,O005994,4.0,2026-01-30,Not as expected
R002077,O005165,3.0,2026-03-28,Damaged package
R002078,O005471,4.0,2026-08-11,Good quality
R002079,O007043,5.0,2026-07-13,Great value
R002080,O000152,1.0,2026-06-26,Good quality
R002081,O000916,5.0,2026-06-27,Good quality
R002082,O001306,4.0,2026-08-03,Not as expected
R002083,O005516,4.0,2026-04-07,Great value
R002084,O005154,5.0,2026-01-01,Good quality
R002085,O004225,5.0,2026-01-28,Average experience
R002086,O006823,4.0,2026-01-10,Good quality
R002087,O001399,4.0,2026-01-01,Excellent product
R002088,O000184,5.0,2026-07-16,Late delivery
R002089,O002813,5.0,2026-05-29,Excellent product
R002090,O005004,5.0,2026-02-26,Average experience
R002091,O002482,4.0,2026-06-10,Damaged package
R002092,O000472,5.0,2026-02-15,Average experience
R002093,O000968,1.0,2026-08-28,Average experience
R002094,O004014,5.0,2026-02-27,Late delivery
R002095,O001962,4.0,2026-01-14,Fast delivery
R002096,O000897,4.0,2026-02-17,Late delivery
R002097,O006259,2.0,2026-07-16,Not as expected
R002098,O002115,4.0,2026-05-17,Average experience
R002099,O004384,3.0,2026-05-13,Good quality
R002100,O001774,4.0,2026-04-06,Damaged package
R002101,O003479,4.0,2026-06-02,Good quality
R002102,O001210,5.0,2026-01-12,Damaged package
R002103,O004087,3.0,2026-02-25,Fast delivery
R002104,O007061,4.0,2026-07-20,Good quality
R002105,O006979,3.0,2026-03-05,Excellent product
R002106,O003039,4.0,2026-02-13,Great value
R002107,O003132,3.0,2026-03-03,Excellent product
R002108,O002616,3.0,2026-02-14,Good quality
R002109,O005508,4.0,2026-08-26,Excellent product
R002110,O000293,3.0,2026-06-06,Fast delivery
R002111,O002517,4.0,2026-08-17,Fast delivery
R002112,O003443,2.0,2026-08-04,Good quality
R002113,O005894,,2026-02-03,Not as expected
R002114,O000273,1.0,2026-05-07,Great value
R002115,O002043,5.0,2026-05-08,Fast delivery
R002116,O005917,3.0,2026-05-18,Average experience
R002117,O006201,5.0,2026-03-01,Great value
R002118,O004170,2.0,2026-05-11,Late delivery
R002119,O003574,4.0,2026-06-06,Average experience
R002120,O001087,5.0,2026-03-13,Late delivery
R002121,O006456,4.0,2026-05-03,Excellent product
R002122,O003478,3.0,2026-07-06,Good quality
R002123,O005144,4.0,2026-02-06,Damaged package
R002124,O002246,4.0,2026-03-04,Average experience
R002125,O007146,1.0,2026-06-26,Excellent product
R002126,O004559,4.0,2026-05-14,Damaged package
R002127,O004837,5.0,2026-05-21,Not as expected
R002128,O004763,4.0,2026-05-02,Damaged package
R002129,O002478,4.0,2026-02-23,Not as expected
R002130,O002918,4.0,2026-08-18,Fast delivery
R002131,O005042,5.0,2026-06-10,Excellent product
R002132,O000614,2.0,2026-07-07,Average experience
R002133,O002624,4.0,2026-01-31,Fast delivery
R002134,O007120,3.0,2026-02-18,Damaged package
R002135,O005368,4.0,2026-05-16,Damaged package
R002136,O005437,5.0,2026-06-07,Great value
R002137,O005681,3.0,2026-03-25,Not as expected
R002138,O001749,4.0,2026-03-22,Late delivery
R002139,O006492,3.0,2026-04-12,Not as expected
R002140,O004334,4.0,2026-02-09,Average experience
R002141,O002573,4.0,2026-06-01,Excellent product
R002142,O006734,5.0,2026-01-18,Fast delivery
R002143,O001345,4.0,2026-06-20,Average experience
R002144,O006963,4.0,2026-03-27,Excellent product
R002145,O005399,1.0,2026-02-15,Average experience
R002146,O006454,1.0,2026-03-09,Average experience
R002147,O000953,5.0,2026-07-20,Average experience
R002148,O002234,5.0,2026-03-02,Excellent product
R002149,O001505,3.0,2026-07-18,Damaged package
R002150,O007161,5.0,2026-07-05,Good quality
R002151,O002520,5.0,2026-02-17,Damaged package
R002152,O001122,5.0,2026-07-02,Not as expected
R002153,O004018,4.0,2026-04-14,Excellent product
R002154,O003423,3.0,2026-02-05,Good quality
R002155,O004268,5.0,2026-02-19,Not as expected
R002156,O004508,4.0,2026-03-20,Average experience
R002157,O004293,3.0,2026-01-16,Late delivery
R002158,O000417,4.0,2026-01-23,Good quality
R002159,O006949,5.0,2026-05-12,Excellent product
R002160,O000565,5.0,2026-08-10,Great value
R002161,O001225,5.0,2026-07-14,Not as expected
R002162,O000143,4.0,2026-03-23,Average experience
R002163,O001491,5.0,2026-02-19,Excellent product
R002164,O007181,5.0,2026-07-17,Average experience
R002165,O002665,5.0,2026-04-27,Average experience
R002166,O002005,4.0,2026-07-04,Good quality
R002167,O001195,4.0,2026-06-13,Late delivery
R002168,O002527,5.0,2026-01-15,Average experience
R002169,O001757,4.0,2026-05-06,Average experience
R002170,O000498,3.0,2026-03-29,Good quality
R002171,O004601,4.0,2026-07-13,Good quality
R002172,O007039,5.0,2026-01-08,Fast delivery
R002173,O006400,1.0,2026-02-06,Excellent product
R002174,O000722,4.0,2026-08-06,Fast delivery
R002175,O005231,5.0,2026-06-13,Fast delivery
R002176,O006602,4.0,2026-03-19,Great value
R002177,O001497,4.0,2026-07-27,Average experience
R002178,O007082,5.0,2026-07-10,Fast delivery
R002179,O001521,4.0,2026-05-07,Damaged package
R002180,O004583,4.0,2026-02-04,Excellent product
R002181,O006175,3.0,2026-03-29,Good quality
R002182,O007047,5.0,2026-04-14,Average experience
R002183,O004424,2.0,2026-04-20,Great value
R002184,O005803,5.0,2026-03-30,Late delivery
R002185,O000109,4.0,2026-03-04,Damaged package
R002186,O001755,3.0,2026-04-13,Not as expected
R002187,O005036,2.0,2026-06-30,Damaged package
R002188,O001352,4.0,2026-02-25,Fast delivery
R002189,O004923,2.0,2026-03-19,Excellent product
R002190,O005027,5.0,2026-02-28,Damaged package
R002191,O003488,5.0,2026-07-14,Not as expected
R002192,O001974,5.0,2026-07-17,Great value
R002193,O000337,5.0,2026-02-02,Damaged package
R002194,O006593,3.0,2026-07-28,Average experience
R002195,O004729,5.0,2026-02-26,Not as expected
R002196,O002865,4.0,2026-05-19,Average experience
R002197,O003051,1.0,2026-03-21,Average experience
R002198,O000725,4.0,2026-03-05,Damaged package
R002199,O000766,2.0,2026-08-07,Late delivery
R002200,O003149,5.0,2026-04-16,Late delivery
R002201,O003981,5.0,2026-07-10,Excellent product
R002202,O000308,5.0,2026-07-03,Average experience
R002203,O001279,2.0,2026-08-28,Average experience
R002204,O003195,1.0,2026-05-25,Late delivery
R002205,O004846,3.0,2026-06-16,Average experience
R002206,O006909,5.0,2026-03-10,Excellent product
R002207,O002685,4.0,2026-01-07,Fast delivery
R002208,O006524,4.0,2026-05-30,Not as expected
R002209,O001792,2.0,2026-05-09,Average experience
R002210,O003413,4.0,2026-02-09,Great value
R002211,O003719,4.0,2026-01-22,Late delivery
R002212,O005056,5.0,2026-04-15,Excellent product
R002213,O002054,5.0,2026-08-15,Not as expected
R002214,O003007,3.0,2026-04-20,Not as expected
R002215,O000072,4.0,2026-03-19,Damaged package
R002216,O004602,5.0,2026-01-09,Average experience
R002217,O005957,5.0,2026-03-29,Average experience
R002218,O001261,4.0,2026-01-09,Damaged package
R002219,O001667,5.0,2026-02-25,Damaged package
R002220,O007196,4.0,2026-02-07,Excellent product
R002221,O003280,1.0,2026-06-21,Good quality
R002222,O003575,5.0,2026-02-04,Excellent product
R002223,O005131,5.0,2026-04-26,Average experience
R002224,O002168,3.0,2026-05-24,Excellent product
R002225,O006856,4.0,2026-04-30,Average experience
R002226,O001696,4.0,2026-05-05,Damaged package
R002227,O001096,4.0,2026-01-18,Fast delivery
R002228,O005647,5.0,2026-01-26,Excellent product
R002229,O003860,5.0,2026-08-22,Not as expected
R002230,O006696,2.0,2026-05-20,Fast delivery
R002231,O001631,5.0,2026-04-10,Late delivery
R002232,O004394,3.0,2026-04-03,Great value
R002233,O001882,4.0,2026-06-04,Average experience
R002234,O004895,5.0,2026-08-08,Excellent product
R002235,O001613,3.0,2026-01-02,Damaged package
R002236,O000979,4.0,2026-02-07,Excellent product
R002237,O006251,5.0,2026-01-05,Excellent product
R002238,O006545,4.0,2026-01-21,Good quality
R002239,O004004,2.0,2026-05-28,Great value
R002240,O000849,4.0,2026-06-21,Damaged package
R002241,O003552,4.0,2026-02-08,Damaged package
R002242,O005111,5.0,2026-04-18,Fast delivery
R002243,O001831,4.0,2026-05-04,Great value
R002244,O006694,2.0,2026-08-06,Not as expected
R002245,O000048,5.0,2026-07-28,Damaged package
R002246,O003474,4.0,2026-07-01,Good quality
R002247,O001351,1.0,2026-01-06,Not as expected
R002248,O002523,5.0,2026-06-21,Average experience
R002249,O000447,5.0,2026-01-03,Late delivery
R002250,O003859,5.0,2026-03-31,Late delivery
R002251,O001744,4.0,2026-02-03,Fast delivery
R002252,O000845,3.0,2026-04-18,Good quality
R002253,O003169,5.0,2026-06-14,Late delivery
R002254,O004560,3.0,2026-07-13,Excellent product
R002255,O005604,5.0,2026-01-10,Excellent product
R002256,O004728,5.0,2026-07-02,Late delivery
R002257,O004937,5.0,2026-01-07,Average experience
R002258,O001295,4.0,2026-08-13,Not as expected
R002259,O004169,5.0,2026-03-02,Good quality
R002260,O003124,1.0,2026-08-09,Good quality
R002261,O004035,1.0,2026-04-16,Average experience
R002262,O006725,5.0,2026-04-01,Average experience
R002263,O005139,5.0,2026-06-07,Late delivery
R002264,O004291,3.0,2026-02-02,Good quality
R002265,O001113,4.0,2026-05-03,Excellent product
R002266,O000777,5.0,2026-01-25,Excellent product
R002267,O006806,5.0,2026-04-22,Average experience
R002268,O003621,4.0,2026-08-10,Great value
R002269,O002229,5.0,2026-06-17,Fast delivery
R002270,O002154,4.0,2026-01-09,Average experience
R002271,O004886,4.0,2026-08-06,Average experience
R002272,O006609,4.0,2026-01-19,Average experience
R002273,O002516,3.0,2026-02-11,Good quality
R002274,O004056,4.0,2026-04-24,Not as expected
R002275,O006337,4.0,2026-02-19,Excellent product
R002276,O001852,4.0,2026-06-14,Not as expected
R002277,O001964,5.0,2026-08-21,Late delivery
R002278,O003371,5.0,2026-08-15,Excellent product
R002279,O004142,1.0,2026-07-30,Excellent product
R002280,O003160,5.0,2026-03-25,Damaged package
R002281,O000486,5.0,2026-06-13,Average experience
R002282,O002240,5.0,2026-08-24,Excellent product
R002283,O004370,3.0,2026-06-08,Excellent product
R002284,O005850,5.0,2026-06-10,Fast delivery
R002285,O005517,5.0,2026-04-21,Fast delivery
R002286,O000031,3.0,2026-06-26,Great value
R002287,O001880,5.0,2026-01-26,Excellent product
R002288,O004100,3.0,2026-06-11,Excellent product
R002289,O003323,5.0,2026-05-29,Fast delivery
R002290,O002772,4.0,2026-02-17,Great value
R002291,O004636,2.0,2026-02-20,Not as expected
R002292,O006831,5.0,2026-03-27,Average experience
R002293,O005102,4.0,2026-05-07,Great value
R002294,O000637,5.0,2026-06-10,Damaged package
R002295,O004561,4.0,2026-05-25,Excellent product
R002296,O002500,2.0,2026-08-11,Fast delivery
R002297,O001084,3.0,2026-01-03,Fast delivery
R002298,O000862,4.0,2026-07-03,Average experience
R002299,O005823,1.0,2026-02-17,Average experience
R002300,O000904,4.0,2026-03-16,Damaged package
R002301,O002992,4.0,2026-08-03,Fast delivery
R002302,O000110,3.0,2026-06-09,Good quality
R002303,O006926,5.0,2026-01-03,Fast delivery
R002304,O003949,4.0,2026-08-29,Excellent product
R002305,O002664,4.0,2026-08-28,Damaged package
R002306,O003350,5.0,2026-05-29,Not as expected
R002307,O006047,4.0,2026-08-10,Damaged package
R002308,O006193,1.0,2026-08-27,Fast delivery
R002309,O004075,4.0,2026-07-18,Excellent product
R002310,O001832,3.0,2026-06-19,Good quality
R002311,O007031,5.0,2026-03-21,Good quality
R002312,O000783,4.0,2026-07-14,Good quality
R002313,O007030,4.0,2026-05-25,Good quality
R002314,O003506,4.0,2026-01-11,Great value
R002315,O002928,3.0,2026-01-12,Average experience
R002316,O003167,4.0,2026-03-27,Average experience
R002317,O001826,5.0,2026-08-03,Late delivery
R002318,O001095,4.0,2026-01-26,Good quality
R002319,O005040,4.0,2026-05-12,Good quality
R002320,O003933,5.0,2026-05-30,Not as expected
R002321,O002756,5.0,2026-03-22,Great value
R002322,O006082,2.0,2026-05-27,Not as expected
R002323,O002717,3.0,2026-05-11,Fast delivery
R002324,O002358,5.0,2026-04-06,Excellent product
R002325,O001655,5.0,2026-04-05,Late delivery
R002326,O006809,3.0,2026-01-11,Not as expected
R002327,O002324,4.0,2026-07-01,Great value
R002328,O006094,3.0,2026-04-06,Average experience
R002329,O005611,4.0,2026-02-16,Great value
R002330,O005449,2.0,2026-08-27,Average experience
R002331,O004673,3.0,2026-08-15,Average experience
R002332,O002642,2.0,2026-02-04,Excellent product
R002333,O005363,5.0,2026-08-14,Damaged package
R002334,O002803,3.0,2026-07-11,Great value
R002335,O000179,4.0,2026-03-02,Not as expected
R002336,O003334,3.0,2026-06-15,Great value
R002337,O006382,2.0,2026-01-12,Good quality
R002338,O006322,1.0,2026-07-06,Great value
R002339,O001205,2.0,2026-03-24,Excellent product
R002340,O002203,4.0,2026-08-29,Not as expected
R002341,O006550,4.0,2026-05-27,Great value
R002342,O006961,3.0,2026-07-26,Late delivery
R002343,O005549,5.0,2026-05-22,Great value
R002344,O006136,4.0,2026-02-22,Fast delivery
R002345,O007162,5.0,2026-07-10,Great value
R002346,O001771,4.0,2026-03-16,Great value
R002347,O000830,3.0,2026-08-10,Excellent product
R002348,O003650,3.0,2026-02-21,Excellent product
R002349,O002590,3.0,2026-07-24,Excellent product
R002350,O000628,5.0,2026-07-28,Not as expected
R002351,O004222,5.0,2026-08-18,Good quality
R002352,O000926,3.0,2026-04-16,Late delivery
R002353,O000296,5.0,2026-02-06,Not as expected
R002354,O001053,5.0,2026-01-15,Not as expected
R002355,O002629,3.0,2026-01-12,Not as expected
R002356,O006597,4.0,2026-06-23,Late delivery
R002357,O002701,5.0,2026-03-01,Late delivery
R002358,O000945,5.0,2026-07-05,Excellent product
R002359,O006972,4.0,2026-08-12,Not as expected
R002360,O005970,5.0,2026-02-13,Damaged package
R002361,O000013,5.0,2026-03-16,Good quality
R002362,O001118,5.0,2026-05-25,Fast delivery
R002363,O006425,4.0,2026-05-12,Not as expected
R002364,O002908,4.0,2026-08-23,Fast delivery
R002365,O002852,4.0,2026-07-05,Damaged package
R002366,O003943,,2026-02-23,Damaged package
R002367,O001320,3.0,2026-06-15,Fast delivery
R002368,O000780,5.0,2026-06-09,Late delivery
R002369,O007036,4.0,2026-07-19,Average experience
R002370,O006585,4.0,2026-03-29,Fast delivery
R002371,O003834,5.0,2026-08-14,Damaged package
R002372,O006634,5.0,2026-04-21,Average experience
R002373,O005820,4.0,2026-05-09,Damaged package
R002374,O000654,5.0,2026-03-21,Damaged package
R002375,O002619,4.0,2026-02-10,Average experience
R002376,O003699,4.0,2026-02-27,Late delivery
R002377,O004296,4.0,2026-08-31,Good quality
R002378,O002506,4.0,2026-04-24,Fast delivery
R002379,O007022,5.0,2026-06-09,Good quality
R002380,O006035,4.0,2026-05-15,Fast delivery
R002381,O006221,5.0,2026-05-31,Great value
R002382,O002550,3.0,2026-02-08,Good quality
R002383,O005240,4.0,2026-04-11,Late delivery
R002384,O006745,4.0,2026-03-19,Excellent product
R002385,O004992,4.0,2026-01-07,Late delivery
R002386,O000571,1.0,2026-03-25,Great value
R002387,O001449,4.0,2026-04-26,Good quality
R002388,O006429,4.0,2026-01-14,Not as expected
R002389,O003289,5.0,2026-02-23,Late delivery
R002390,O003902,5.0,2026-01-06,Damaged package
R002391,O001746,4.0,2026-07-29,Great value
R002392,O005345,5.0,2026-05-24,Fast delivery
R002393,O003104,4.0,2026-01-07,Excellent product
R002394,O000288,4.0,2026-08-14,Late delivery
R002395,O001739,5.0,2026-01-18,Damaged package
R002396,O006866,5.0,2026-04-03,Damaged package
R002397,O006357,4.0,2026-05-25,Great value
R002398,O003379,3.0,2026-08-26,Late delivery
R002399,O004033,,2026-06-13,Great value
R002400,O004997,5.0,2026-08-06,Great value
R002401,O002973,3.0,2026-08-04,Great value
R002402,O006227,1.0,2026-08-17,Average experience
R002403,O001685,4.0,2026-06-11,Great value
R002404,O004681,4.0,2026-08-03,Good quality
R002405,O001339,3.0,2026-06-15,Excellent product
R002406,O003103,4.0,2026-06-07,Fast delivery
R002407,O006679,3.0,2026-05-15,Not as expected
R002408,O005224,4.0,2026-06-10,Late delivery
R002409,O003940,4.0,2026-02-03,Not as expected
R002410,O002259,5.0,2026-02-18,Damaged package
R002411,O004153,4.0,2026-04-05,Great value
R002412,O004353,3.0,2026-08-23,Good quality
R002413,O003209,5.0,2026-01-06,Great value
R002414,O005818,1.0,2026-02-17,Good quality
R002415,O006247,5.0,2026-03-25,Excellent product
R002416,O001565,1.0,2026-08-07,Fast delivery
R002417,O005494,2.0,2026-06-06,Fast delivery
R002418,O005502,4.0,2026-06-27,Late delivery
R002419,O002578,5.0,2026-04-14,Great value
R002420,O002186,3.0,2026-06-12,Late delivery
R002421,O007069,4.0,2026-03-14,Excellent product
R002422,O001232,5.0,2026-01-25,Late delivery
R002423,O004519,5.0,2026-05-24,Great value
R002424,O001259,4.0,2026-07-23,Average experience
R002425,O002255,4.0,2026-08-30,Late delivery
R002426,O001952,4.0,2026-05-26,Average experience
R002427,O006690,4.0,2026-01-06,Damaged package
R002428,O000114,3.0,2026-01-16,Excellent product
R002429,O006112,2.0,2026-05-04,Great value
R002430,O005264,5.0,2026-01-10,Fast delivery
R002431,O004830,4.0,2026-01-08,Good quality
R002432,O000508,5.0,2026-03-25,Average experience
R002433,O003729,4.0,2026-06-10,Average experience
R002434,O003316,1.0,2026-07-27,Excellent product
R002435,O002869,4.0,2026-02-13,Great value
R002436,O002649,4.0,2026-02-26,Great value
R002437,O003576,3.0,2026-02-16,Late delivery
R002438,O004196,5.0,2026-01-23,Excellent product
R002439,O006773,5.0,2026-03-28,Damaged package
R002440,O000351,5.0,2026-04-14,Excellent product
R002441,O006013,4.0,2026-04-15,Excellent product
R002442,O005005,5.0,2026-05-11,Great value
R002443,O003957,3.0,2026-06-03,Late delivery
R002444,O001115,5.0,2026-04-06,Excellent product
R002445,O005331,5.0,2026-07-29,Average experience
R002446,O000299,1.0,2026-06-13,Late delivery
R002447,O004499,4.0,2026-07-01,Great value
R002448,O005715,2.0,2026-08-04,Good quality
R002449,O002771,4.0,2026-04-24,Damaged package
R002450,O005484,5.0,2026-08-27,Fast delivery
R002451,O005877,3.0,2026-05-14,Great value
R002452,O005201,4.0,2026-02-07,Fast delivery
R002453,O003046,2.0,2026-03-18,Not as expected
R002454,O000230,4.0,2026-05-14,Great value
R002455,O003856,2.0,2026-06-03,Fast delivery
R002456,O003018,5.0,2026-01-08,Great value
R002457,O004986,4.0,2026-07-24,Not as expected
R002458,O004463,3.0,2026-08-31,Average experience
R002459,O004621,5.0,2026-03-22,Fast delivery
R002460,O002104,4.0,2026-05-29,Fast delivery
R002461,O005664,4.0,2026-03-10,Great value
R002462,O006613,5.0,2026-05-22,Great value
R002463,O007045,5.0,2026-04-27,Excellent product
R002464,O007113,5.0,2026-04-01,Not as expected
R002465,O001615,4.0,2026-02-11,Average experience
R002466,O000608,4.0,2026-08-14,Fast delivery
R002467,O003164,4.0,2026-04-08,Damaged package
R002468,O001094,4.0,2026-07-01,Average experience
R002469,O005831,4.0,2026-06-03,Great value
R002470,O007073,3.0,2026-02-09,Not as expected
R002471,O006835,4.0,2026-05-07,Great value
R002472,O000204,5.0,2026-02-12,Excellent product
R002473,O002388,3.0,2026-06-21,Good quality
R002474,O003002,4.0,2026-02-08,Late delivery
R002475,O004126,3.0,2026-04-01,Damaged package
R002476,O000838,4.0,2026-06-19,Not as expected
R002477,O006008,5.0,2026-03-15,Good quality
R002478,O007143,3.0,2026-05-25,Fast delivery
R002479,O001231,5.0,2026-07-08,Fast delivery
R002480,O005461,4.0,2026-07-20,Late delivery
R002481,O001610,5.0,2026-06-27,Good quality
R002482,O004511,2.0,2026-02-06,Great value
R002483,O004229,5.0,2026-02-19,Not as expected
R002484,O003640,5.0,2026-08-09,Damaged package
R002485,O002822,5.0,2026-03-07,Fast delivery
R002486,O006220,5.0,2026-06-30,Good quality
R002487,O006808,3.0,2026-06-08,Damaged package
R002488,O002618,4.0,2026-01-01,Not as expected
R002489,O005489,2.0,2026-01-18,Great value
R002490,O003275,1.0,2026-03-13,Late delivery
R002491,O005657,5.0,2026-06-16,Damaged package
R002492,O000658,5.0,2026-04-12,Good quality
R002493,O000791,2.0,2026-07-26,Average experience
R002494,O002514,4.0,2026-03-04,Damaged package
R002495,O006519,3.0,2026-07-18,Great value
R002496,O005938,4.0,2026-05-06,Fast delivery
R002497,O001360,5.0,2026-05-17,Not as expected
R002498,O005276,5.0,2026-08-24,Damaged package
R002499,O002348,4.0,2026-06-22,Excellent product
R002500,O004872,5.0,2026-07-28,Not as expected
R002501,O002657,3.0,2026-03-14,Great value
R002502,O005278,5.0,2026-04-22,Good quality
R002503,O005463,2.0,2026-06-21,Good quality
R002504,O006290,4.0,2026-06-03,Great value
R002505,O007060,4.0,2026-08-31,Fast delivery
R002506,O003356,2.0,2026-07-05,Damaged package
R002507,O005500,2.0,2026-05-01,Average experience
R002508,O006890,4.0,2026-07-10,Late delivery
R002509,O006036,4.0,2026-03-09,Average experience
R002510,O006149,3.0,2026-04-01,Late delivery
R002511,O001781,4.0,2026-02-18,Good quality
R002512,O003108,,2026-08-14,Excellent product
R002513,O000804,2.0,2026-03-03,Excellent product
R002514,O000858,4.0,2026-06-02,Good quality
R002515,O004097,3.0,2026-05-05,Fast delivery
R002516,O006657,4.0,2026-06-05,Average experience
R002517,O003514,3.0,2026-08-20,Excellent product
R002518,O005073,3.0,2026-06-26,Fast delivery
R002519,O000220,4.0,2026-01-03,Fast delivery
R002520,O001289,2.0,2026-07-23,Excellent product
R002521,O000583,1.0,2026-03-27,Late delivery
R002522,O000044,5.0,2026-05-09,Fast delivery
R002523,O001235,3.0,2026-07-25,Late delivery
R002524,O002797,4.0,2026-06-09,Not as expected
R002525,O006967,4.0,2026-05-10,Good quality
R002526,O001893,4.0,2026-05-21,Damaged package
R002527,O004367,3.0,2026-03-03,Great value
R002528,O006303,3.0,2026-04-30,Excellent product
R002529,O004105,4.0,2026-07-24,Fast delivery
R002530,O005953,4.0,2026-08-31,Great value
R002531,O001072,3.0,2026-05-27,Good quality
R002532,O000719,3.0,2026-04-08,Not as expected
R002533,O002365,4.0,2026-02-12,Late delivery
R002534,O001506,2.0,2026-03-13,Not as expected
R002535,O000671,,2026-04-28,Not as expected
R002536,O005171,5.0,2026-05-19,Late delivery
R002537,O005761,4.0,2026-07-01,Excellent product
R002538,O004162,1.0,2026-03-26,Fast delivery
R002539,O000898,3.0,2026-08-25,Average experience
R002540,O005797,4.0,2026-05-24,Great value
R002541,O002982,5.0,2026-01-07,Late delivery
R002542,O001531,3.0,2026-07-15,Average experience
R002543,O006412,2.0,2026-07-21,Not as expected
R002544,O005750,4.0,2026-03-25,Damaged package
R002545,O003106,4.0,2026-06-29,Late delivery
R002546,O004809,5.0,2026-04-22,Good quality
R002547,O005829,4.0,2026-04-26,Good quality
R002548,O004356,1.0,2026-06-25,Late delivery
R002549,O005488,4.0,2026-07-06,Good quality
R002550,O001875,3.0,2026-05-09,Average experience
R002551,O002371,5.0,2026-07-26,Not as expected
R002552,O001770,4.0,2026-07-10,Damaged package
R002553,O007198,5.0,2026-02-01,Good quality
R002554,O005862,3.0,2026-01-02,Excellent product
R002555,O001984,4.0,2026-07-20,Excellent product
R002556,O000532,5.0,2026-08-30,Not as expected
R002557,O005688,1.0,2026-03-26,Damaged package
R002558,O003270,4.0,2026-07-20,Not as expected
R002559,O003774,5.0,2026-06-22,Good quality
R002560,O005239,4.0,2026-06-08,Late delivery
R002561,O002164,2.0,2026-06-13,Fast delivery
R002562,O000732,1.0,2026-04-18,Damaged package
R002563,O002340,3.0,2026-08-05,Great value
R002564,O005229,3.0,2026-06-15,Damaged package
R002565,O002233,4.0,2026-03-20,Not as expected
R002566,O006788,1.0,2026-06-02,Fast delivery
R002567,O004127,3.0,2026-05-03,Great value
R002568,O007064,3.0,2026-05-26,Damaged package
R002569,O005900,5.0,2026-01-05,Excellent product
R002570,O001256,,2026-03-24,Late delivery
R002571,O002105,5.0,2026-05-13,Good quality
R002572,O004205,5.0,2026-07-22,Not as expected
R002573,O003820,5.0,2026-05-05,Excellent product
R002574,O000899,2.0,2026-02-10,Great value
R002575,O000429,5.0,2026-02-06,Not as expected
R002576,O004968,5.0,2026-05-14,Not as expected
R002577,O002958,4.0,2026-01-04,Excellent product
R002578,O005636,5.0,2026-02-07,Late delivery
R002579,O006516,5.0,2026-07-29,Late delivery
R002580,O001223,5.0,2026-03-11,Fast delivery
R002581,O005659,4.0,2026-04-20,Excellent product
R002582,O003886,4.0,2026-05-08,Late delivery
R002583,O003096,4.0,2026-03-07,Good quality
R002584,O006181,5.0,2026-06-10,Damaged package
R002585,O001622,5.0,2026-07-17,Late delivery
R002586,O006432,4.0,2026-05-14,Fast delivery
R002587,O004971,4.0,2026-01-05,Late delivery
R002588,O001097,5.0,2026-07-26,Average experience
R002589,O002073,3.0,2026-03-22,Not as expected
R002590,O006503,4.0,2026-04-20,Average experience
R002591,O004152,4.0,2026-05-13,Excellent product
R002592,O005813,3.0,2026-04-07,Great value
R002593,O006076,4.0,2026-03-30,Late delivery
R002594,O002589,4.0,2026-05-19,Not as expected
R002595,O001789,4.0,2026-07-14,Great value
R002596,O005214,4.0,2026-05-15,Fast delivery
R002597,O003207,5.0,2026-02-06,Good quality
R002598,O000529,5.0,2026-04-12,Excellent product
R002599,O004366,5.0,2026-07-13,Not as expected
R002600,O000193,4.0,2026-06-18,Fast delivery
R002601,O002844,5.0,2026-04-26,Fast delivery
R002602,O001127,5.0,2026-02-19,Excellent product
R002603,O002830,4.0,2026-01-25,Late delivery
R002604,O004982,2.0,2026-01-17,Fast delivery
R002605,O004953,4.0,2026-01-05,Good quality
R002606,O000305,4.0,2026-04-11,Not as expected
R002607,O003232,5.0,2026-08-08,Late delivery
R002608,O001293,5.0,2026-05-20,Late delivery
R002609,O000071,4.0,2026-01-10,Late delivery
R002610,O006025,4.0,2026-07-29,Damaged package
R002611,O004924,5.0,2026-03-27,Late delivery
R002612,O002752,5.0,2026-01-04,Good quality
R002613,O000832,3.0,2026-07-12,Fast delivery
R002614,O004634,4.0,2026-04-20,Great value
R002615,O001457,3.0,2026-04-02,Good quality
R002616,O005509,5.0,2026-07-31,Great value
R002617,O004387,4.0,2026-01-16,Average experience
R002618,O000239,2.0,2026-04-27,Damaged package
R002619,O000093,4.0,2026-05-10,Late delivery
R002620,O002828,4.0,2026-07-15,Average experience
R002621,O003665,4.0,2026-08-13,Late delivery
R002622,O005745,3.0,2026-04-17,Damaged package
R002623,O004249,5.0,2026-04-13,Good quality
R002624,O002782,3.0,2026-05-06,Great value
R002625,O006936,5.0,2026-03-10,Excellent product
R002626,O004696,5.0,2026-04-30,Average experience
R002627,O001002,4.0,2026-06-26,Late delivery
R002628,O005217,4.0,2026-02-01,Damaged package
R002629,O006901,3.0,2026-05-12,Good quality
R002630,O002378,2.0,2026-07-11,Not as expected
R002631,O003956,5.0,2026-07-24,Fast delivery
R002632,O002927,5.0,2026-03-23,Not as expected
R002633,O002681,4.0,2026-07-18,Fast delivery
R002634,O001533,5.0,2026-07-11,Not as expected
R002635,O002411,5.0,2026-03-18,Fast delivery
R002636,O004354,4.0,2026-01-22,Not as expected
R002637,O000412,3.0,2026-05-13,Fast delivery
R002638,O005607,5.0,2026-05-19,Excellent product
R002639,O006908,3.0,2026-05-22,Fast delivery
R002640,O006650,5.0,2026-03-31,Good quality
R002641,O005287,3.0,2026-05-30,Average experience
R002642,O003880,4.0,2026-07-23,Great value
R002643,O004661,2.0,2026-03-15,Excellent product
R002644,O006771,3.0,2026-01-13,Good quality
R002645,O006568,4.0,2026-01-11,Late delivery
R002646,O005483,4.0,2026-06-30,Fast delivery
R002647,O004839,4.0,2026-06-27,Great value
R002648,O000634,4.0,2026-04-11,Not as expected
R002649,O000499,4.0,2026-01-25,Great value
R002650,O002464,4.0,2026-06-25,Good quality
R002651,O005615,5.0,2026-07-26,Good quality
R002652,O000638,5.0,2026-04-19,Fast delivery
R002653,O000721,3.0,2026-03-05,Not as expected
R002654,O000289,4.0,2026-01-31,Excellent product
R002655,O000758,2.0,2026-03-28,Excellent product
R002656,O002677,3.0,2026-06-01,Excellent product
R002657,O003115,4.0,2026-04-27,Damaged package
R002658,O004747,5.0,2026-01-21,Great value
R002659,O004305,5.0,2026-01-02,Not as expected
R002660,O005138,5.0,2026-04-01,Average experience
R002661,O000597,4.0,2026-04-27,Late delivery
R002662,O005926,5.0,2026-07-17,Great value
R002663,O001069,5.0,2026-07-15,Late delivery
R002664,O001943,3.0,2026-04-12,Not as expected
R002665,O001648,4.0,2026-07-15,Not as expected
R002666,O003222,5.0,2026-01-01,Great value
R002667,O001701,4.0,2026-01-15,Not as expected
R002668,O005775,3.0,2026-07-08,Excellent product
R002669,O004442,5.0,2026-02-09,Late delivery
R002670,O003198,4.0,2026-03-06,Fast delivery
R002671,O006363,4.0,2026-04-24,Good quality
R002672,O002124,4.0,2026-08-31,Late delivery
R002673,O003396,4.0,2026-03-15,Damaged package
R002674,O000087,4.0,2026-04-14,Great value
R002675,O002309,5.0,2026-07-20,Not as expected
R002676,O006884,4.0,2026-04-02,Good quality
R002677,O002843,5.0,2026-01-04,Not as expected
R002678,O002595,4.0,2026-01-10,Great value
R002679,O005602,4.0,2026-04-26,Late delivery
R002680,O001030,5.0,2026-04-29,Good quality
R002681,O003211,3.0,2026-06-19,Good quality
R002682,O006824,4.0,2026-07-15,Good quality
R002683,O002145,4.0,2026-01-29,Excellent product
R002684,O004504,3.0,2026-02-15,Great value
R002685,O001201,4.0,2026-01-02,Average experience
R002686,O002026,4.0,2026-07-04,Fast delivery
R002687,O000622,5.0,2026-07-07,Average experience
R002688,O006912,4.0,2026-02-28,Fast delivery
R002689,O000567,4.0,2026-04-12,Damaged package
R002690,O006713,5.0,2026-07-01,Fast delivery
R002691,O001838,3.0,2026-06-08,Average experience
R002692,O001335,2.0,2026-07-09,Damaged package
R002693,O003150,4.0,2026-05-31,Not as expected
R002694,O006848,2.0,2026-01-13,Fast delivery
R002695,O002100,4.0,2026-08-27,Late delivery
R002696,O005438,3.0,2026-08-29,Average experience
R002697,O006515,3.0,2026-08-25,Good quality
R002698,O004078,3.0,2026-06-24,Good quality
R002699,O001689,3.0,2026-03-29,Late delivery
R002700,O000746,4.0,2026-08-13,Not as expected
R002701,O004914,1.0,2026-05-10,Average experience
R002702,O002964,4.0,2026-07-14,Average experience
R002703,O002188,5.0,2026-04-25,Average experience
R002704,O000196,5.0,2026-01-11,Great value
R002705,O001153,4.0,2026-02-03,Good quality
R002706,O005098,4.0,2026-02-18,Not as expected
R002707,O006924,4.0,2026-03-23,Good quality
R002708,O000803,4.0,2026-05-13,Not as expected
R002709,O004403,2.0,2026-06-13,Not as expected
R002710,O002351,4.0,2026-03-02,Good quality
R002711,O005158,5.0,2026-03-16,Not as expected
R002712,O006518,4.0,2026-05-17,Good quality
R002713,O006178,3.0,2026-07-04,Late delivery
R002714,O002069,3.0,2026-01-30,Average experience
R002715,O005558,2.0,2026-02-22,Average experience
R002716,O000645,5.0,2026-01-12,Excellent product
R002717,O006366,4.0,2026-06-04,Excellent product
R002718,O007199,5.0,2026-04-02,Not as expected
R002719,O005826,5.0,2026-08-13,Damaged package
R002720,O004995,4.0,2026-05-22,Average experience
R002721,O000121,4.0,2026-01-06,Excellent product
R002722,O001778,4.0,2026-01-01,Late delivery
R002723,O003612,4.0,2026-04-05,Not as expected
R002724,O005786,3.0,2026-08-09,Damaged package
R002725,O002136,4.0,2026-05-18,Late delivery
R002726,O006812,4.0,2026-02-18,Excellent product
R002727,O007027,4.0,2026-03-13,Damaged package
R002728,O000135,2.0,2026-06-02,Late delivery
R002729,O006360,4.0,2026-07-24,Excellent product
R002730,O003568,2.0,2026-05-17,Average experience
R002731,O003253,5.0,2026-04-28,Average experience
R002732,O002560,4.0,2026-03-22,Not as expected
R002733,O000063,5.0,2026-04-20,Good quality
R002734,O004691,3.0,2026-08-11,Average experience
R002735,O006269,4.0,2026-01-15,Good quality
R002736,O005303,3.0,2026-07-01,Good quality
R002737,O004918,4.0,2026-04-25,Late delivery
R002738,O003969,4.0,2026-03-11,Good quality
R002739,O000680,4.0,2026-08-24,Good quality
R002740,O003945,2.0,2026-06-24,Great value
R002741,O000742,5.0,2026-08-01,Great value
R002742,O001212,4.0,2026-04-09,Late delivery
R002743,O002171,5.0,2026-04-11,Average experience
R002744,O003882,3.0,2026-08-15,Excellent product
R002745,O004913,5.0,2026-08-31,Good quality
R002746,O000568,5.0,2026-04-04,Average experience
R002747,O001874,5.0,2026-03-05,Great value
R002748,O005207,5.0,2026-08-08,Fast delivery
R002749,O002597,4.0,2026-01-04,Not as expected
R002750,O001718,3.0,2026-06-17,Great value
R002751,O001393,3.0,2026-03-22,Average experience
R002752,O005403,5.0,2026-06-16,Excellent product
R002753,O004465,3.0,2026-01-24,Damaged package
R002754,O003804,3.0,2026-05-05,Good quality
R002755,O000490,3.0,2026-03-28,Damaged package
R002756,O000494,4.0,2026-06-24,Great value
R002757,O000691,4.0,2026-03-15,Late delivery
R002758,O003542,5.0,2026-05-30,Not as expected
R002759,O000603,4.0,2026-06-23,Excellent product
R002760,O001912,4.0,2026-03-27,Fast delivery
R002761,O004944,5.0,2026-07-19,Not as expected
R002762,O003246,3.0,2026-07-02,Late delivery
R002763,O005092,4.0,2026-02-07,Late delivery
R002764,O002887,4.0,2026-07-23,Good quality
R002765,O005260,4.0,2026-03-09,Late delivery
R002766,O004922,5.0,2026-08-31,Late delivery
R002767,O002367,1.0,2026-04-11,Damaged package
R002768,O001188,5.0,2026-08-21,Excellent product
R002769,O000275,4.0,2026-01-24,Great value
R002770,O004042,5.0,2026-06-14,Average experience
R002771,O006707,4.0,2026-01-27,Great value
R002772,O001362,3.0,2026-03-31,Damaged package
R002773,O003083,4.0,2026-06-11,Excellent product
R002774,O001527,5.0,2026-01-25,Damaged package
R002775,O003484,2.0,2026-06-25,Excellent product
R002776,O005083,5.0,2026-02-22,Fast delivery
R002777,O007096,4.0,2026-08-15,Damaged package
R002778,O005837,5.0,2026-03-20,Average experience
R002779,O006566,5.0,2026-05-15,Fast delivery
R002780,O006769,2.0,2026-08-16,Late delivery
R002781,O001338,4.0,2026-04-23,Great value
R002782,O000946,4.0,2026-03-27,Fast delivery
R002783,O005663,5.0,2026-07-28,Fast delivery
R002784,O002251,4.0,2026-07-23,Average experience
R002785,O003996,5.0,2026-03-10,Fast delivery
R002786,O003890,1.0,2026-08-22,Fast delivery
R002787,O003661,4.0,2026-06-29,Fast delivery
R002788,O002347,4.0,2026-08-01,Not as expected
R002789,O000069,4.0,2026-08-22,Damaged package
R002790,O005267,2.0,2026-01-28,Good quality
R002791,O005108,4.0,2026-04-17,Average experience
R002792,O003716,3.0,2026-04-15,Damaged package
R002793,O001599,4.0,2026-07-20,Late delivery
R002794,O003481,4.0,2026-06-02,Average experience
R002795,O006022,5.0,2026-07-15,Good quality
R002796,O004662,2.0,2026-08-30,Late delivery
R002797,O001504,4.0,2026-01-31,Great value
R002798,O006255,5.0,2026-05-31,Good quality
R002799,O000151,4.0,2026-02-04,Great value
R002800,O002985,3.0,2026-04-20,Good quality
R002801,O002087,5.0,2026-03-22,Late delivery
R002802,O006562,4.0,2026-04-15,Excellent product
R002803,O002260,4.0,2026-06-08,Not as expected
R002804,O003205,4.0,2026-01-25,Damaged package
R002805,O005245,2.0,2026-06-11,Average experience
R002806,O005548,4.0,2026-03-11,Damaged package
R002807,O006497,5.0,2026-07-18,Damaged package
R002808,O000860,4.0,2026-05-29,Fast delivery
R002809,O002841,5.0,2026-03-14,Good quality
R002810,O002859,3.0,2026-03-17,Late delivery
R002811,O005433,3.0,2026-04-07,Not as expected
R002812,O005341,3.0,2026-07-28,Not as expected
R002813,O000367,3.0,2026-03-20,Late delivery
R002814,O001433,4.0,2026-03-04,Average experience
R002815,O006620,3.0,2026-01-22,Damaged package
R002816,O001780,5.0,2026-03-14,Fast delivery
R002817,O004380,2.0,2026-03-28,Damaged package
R002818,O003426,5.0,2026-03-13,Damaged package
R002819,O001819,4.0,2026-01-09,Not as expected
R002820,O004589,4.0,2026-01-31,Great value
R002821,O000842,4.0,2026-04-22,Late delivery
R002822,O002705,5.0,2026-02-22,Great value
R002823,O001190,2.0,2026-05-23,Excellent product
R002824,O000176,3.0,2026-04-17,Average experience
R002825,O005925,5.0,2026-04-25,Excellent product
R002826,O000618,4.0,2026-06-09,Good quality
R002827,O002094,3.0,2026-01-27,Good quality
R002828,O007111,4.0,2026-03-14,Average experience
R002829,O000083,2.0,2026-06-14,Good quality
R002830,O003913,4.0,2026-06-06,Not as expected
R002831,O001031,4.0,2026-01-07,Damaged package
R002832,O003319,3.0,2026-08-24,Not as expected
R002833,O000301,2.0,2026-07-28,Good quality
R002834,O001473,4.0,2026-08-14,Fast delivery
R002835,O000284,5.0,2026-02-28,Damaged package
R002836,O002029,5.0,2026-04-23,Late delivery
R002837,O004351,3.0,2026-07-17,Great value
R002838,O004957,4.0,2026-05-24,Good quality
R002839,O005711,5.0,2026-02-10,Average experience
R002840,O001814,5.0,2026-05-01,Average experience
R002841,O001272,5.0,2026-02-16,Great value
R002842,O004406,3.0,2026-04-27,Great value
R002843,O006633,5.0,2026-03-16,Excellent product
R002844,O003838,,2026-08-29,Good quality
R002845,O002314,1.0,2026-08-26,Excellent product
R002846,O002009,4.0,2026-08-04,Fast delivery
R002847,O004329,4.0,2026-01-16,Average experience
R002848,O002643,5.0,2026-01-14,Late delivery
R002849,O003435,5.0,2026-04-15,Great value
R002850,O006560,5.0,2026-03-16,Fast delivery
R002851,O003995,5.0,2026-04-17,Damaged package
R002852,O003618,3.0,2026-03-14,Average experience
R002853,O003358,5.0,2026-05-07,Damaged package
R002854,O000100,3.0,2026-07-04,Late delivery
R002855,O004206,3.0,2026-02-13,Not as expected
R002856,O000745,4.0,2026-07-07,Fast delivery
R002857,O006660,5.0,2026-06-02,Fast delivery
R002858,O000481,3.0,2026-06-23,Excellent product
R002859,O004754,5.0,2026-08-26,Fast delivery
R002860,O006991,4.0,2026-06-25,Great value
R002861,O007112,2.0,2026-03-21,Fast delivery
R002862,O001158,5.0,2026-01-31,Average experience
R002863,O006797,5.0,2026-03-08,Great value
R002864,O001438,5.0,2026-05-31,Late delivery
R002865,O002415,4.0,2026-07-11,Great value
R002866,O004197,2.0,2026-03-29,Damaged package
R002867,O000403,4.0,2026-03-07,Late delivery
R002868,O002196,3.0,2026-01-03,Not as expected
R002869,O000950,4.0,2026-02-12,Damaged package
R002870,O006876,4.0,2026-06-27,Damaged package
R002871,O002068,4.0,2026-02-22,Not as expected
R002872,O003400,5.0,2026-05-13,Good quality
R002873,O005762,3.0,2026-03-06,Average experience
R002874,O000669,,2026-05-14,Late delivery
R002875,O000219,4.0,2026-05-04,Average experience
R002876,O001963,4.0,2026-08-02,Average experience
R002877,O003170,4.0,2026-01-21,Great value
R002878,O004217,5.0,2026-01-28,Fast delivery
R002879,O002214,2.0,2026-08-21,Good quality
R002880,O002634,5.0,2026-08-11,Excellent product
R002881,O001660,2.0,2026-04-19,Excellent product
R002882,O003614,4.0,2026-03-02,Great value
R002883,O004814,4.0,2026-02-17,Excellent product
R002884,O004959,3.0,2026-08-09,Great value
R002885,O002146,4.0,2026-04-21,Late delivery
R002886,O000778,4.0,2026-03-24,Great value
R002887,O002435,2.0,2026-05-03,Late delivery
R002888,O005156,4.0,2026-05-05,Fast delivery
R002889,O004102,4.0,2026-05-06,Not as expected
R002890,O004865,4.0,2026-01-23,Good quality
R002891,O001492,4.0,2026-02-10,Damaged package
R002892,O003067,5.0,2026-06-26,Great value
R002893,O003008,5.0,2026-06-13,Not as expected
R002894,O005219,5.0,2026-05-19,Average experience
R002895,O005383,5.0,2026-07-28,Average experience
R002896,O005748,4.0,2026-02-17,Fast delivery
R002897,O000518,4.0,2026-07-01,Average experience
R002898,O006252,4.0,2026-03-19,Excellent product
R002899,O003410,5.0,2026-04-27,Average experience
R002900,O004021,5.0,2026-08-16,Not as expected
R002901,O005821,4.0,2026-01-08,Excellent product
R002902,O007009,3.0,2026-06-19,Excellent product
R002903,O006632,3.0,2026-05-24,Good quality
R002904,O003908,4.0,2026-06-08,Great value
R002905,O000569,4.0,2026-08-27,Great value
R002906,O000361,4.0,2026-04-11,Damaged package
R002907,O003283,4.0,2026-08-08,Not as expected
R002908,O006204,4.0,2026-08-28,Damaged package
R002909,O004936,4.0,2026-06-02,Great value
R002910,O003419,5.0,2026-06-07,Late delivery
R002911,O003830,4.0,2026-03-05,Good quality
R002912,O000760,1.0,2026-04-20,Excellent product
R002913,O005096,4.0,2026-05-22,Damaged package
R002914,O006766,5.0,2026-04-27,Not as expected
R002915,O005845,5.0,2026-02-09,Great value
R002916,O005447,3.0,2026-05-17,Fast delivery
R002917,O000215,4.0,2026-03-15,Late delivery
R002918,O003081,5.0,2026-04-28,Damaged package
R002919,O006642,2.0,2026-01-31,Late delivery
R002920,O004073,5.0,2026-02-04,Fast delivery
R002921,O004355,1.0,2026-03-20,Fast delivery
R002922,O006699,3.0,2026-02-20,Damaged package
R002923,O003308,4.0,2026-07-18,Great value
R002924,O001474,4.0,2026-01-30,Damaged package
R002925,O002245,4.0,2026-01-28,Damaged package
R002926,O000726,4.0,2026-03-20,Excellent product
R002927,O004999,5.0,2026-01-05,Great value
R002928,O000050,5.0,2026-08-15,Average experience
R002929,O005639,5.0,2026-07-19,Good quality
R002930,O000888,4.0,2026-01-23,Damaged package
R002931,O006300,4.0,2026-07-27,Not as expected
R002932,O002894,4.0,2026-01-22,Not as expected
R002933,O004961,5.0,2026-01-11,Good quality
R002934,O006502,5.0,2026-03-25,Good quality
R002935,O000517,1.0,2026-06-14,Good quality
R002936,O005633,5.0,2026-08-30,Great value
R002937,O000140,3.0,2026-02-13,Great value
R002938,O004120,4.0,2026-07-16,Damaged package
R002939,O006768,5.0,2026-04-18,Good quality
R002940,O004516,5.0,2026-08-08,Damaged package
R002941,O006051,1.0,2026-04-07,Damaged package
R002942,O000464,4.0,2026-07-27,Not as expected
R002943,O004429,2.0,2026-02-14,Late delivery
R002944,O001234,5.0,2026-03-08,Fast delivery
R002945,O000595,3.0,2026-06-28,Great value
R002946,O000451,2.0,2026-08-28,Late delivery
R002947,O005285,2.0,2026-04-07,Excellent product
R002948,O003380,5.0,2026-01-05,Not as expected
R002949,O005496,2.0,2026-08-03,Damaged package
R002950,O000313,4.0,2026-01-07,Average experience
R002951,O003239,3.0,2026-04-25,Not as expected
R002952,O004343,4.0,2026-05-14,Excellent product
R002953,O004841,3.0,2026-04-16,Average experience
R002954,O000452,3.0,2026-08-24,Late delivery
R002955,O005816,5.0,2026-01-27,Great value
R002956,O000891,1.0,2026-06-22,Great value
R002957,O002764,1.0,2026-06-19,Fast delivery
R002958,O000659,5.0,2026-04-24,Fast delivery
R002959,O001507,3.0,2026-06-28,Good quality
R002960,O003258,3.0,2026-04-17,Good quality
R002961,O006736,1.0,2026-01-18,Damaged package
R002962,O001000,4.0,2026-01-17,Damaged package
R002963,O000390,4.0,2026-08-18,Late delivery
R002964,O002331,5.0,2026-05-10,Damaged package
R002965,O001477,2.0,2026-04-03,Average experience
R002966,O002241,5.0,2026-08-10,Average experience
R002967,O006472,2.0,2026-02-06,Not as expected
R002968,O006482,3.0,2026-04-12,Excellent product
R002969,O006006,3.0,2026-04-06,Not as expected
R002970,O003196,5.0,2026-05-25,Average experience
R002971,O006074,3.0,2026-04-05,Not as expected
R002972,O002776,1.0,2026-04-28,Damaged package
R002973,O001924,4.0,2026-05-25,Good quality
R002974,O000759,3.0,2026-06-15,Damaged package
R002975,O000701,4.0,2026-04-04,Not as expected
R002976,O006302,4.0,2026-06-21,Not as expected
R002977,O001294,2.0,2026-01-27,Damaged package
R002978,O007125,5.0,2026-01-30,Good quality
R002979,O002874,3.0,2026-03-20,Not as expected
R002980,O006024,1.0,2026-01-31,Damaged package
R002981,O003438,4.0,2026-06-22,Excellent product
R002982,O001908,5.0,2026-05-21,Great value
R002983,O004952,4.0,2026-07-11,Great value
R002984,O004991,5.0,2026-08-21,Fast delivery
R002985,O000369,2.0,2026-07-05,Not as expected
R002986,O001938,3.0,2026-01-11,Not as expected
R002987,O001152,4.0,2026-05-09,Great value
R002988,O006906,5.0,2026-07-05,Damaged package
R002989,O004562,2.0,2026-08-04,Damaged package
R002990,O006254,4.0,2026-01-08,Good quality
R002991,O007083,5.0,2026-08-20,Late delivery
R002992,O000192,2.0,2026-05-27,Good quality
R002993,O006393,3.0,2026-05-17,Late delivery
R002994,O003850,4.0,2026-05-05,Damaged package
R002995,O000175,4.0,2026-03-21,Late delivery
R002996,O001904,4.0,2026-08-29,Good quality
R002997,O001100,5.0,2026-07-03,Damaged package
R002998,O004765,2.0,2026-07-20,Average experience
R002999,O003077,5.0,2026-01-09,Average experience
R003000,O002293,5.0,2026-08-15,Late delivery
R003001,O006272,4.0,2026-02-20,Fast delivery
R003002,O007002,5.0,2026-07-31,Damaged package
R003003,O004773,4.0,2026-08-23,Fast delivery
R003004,O003752,3.0,2026-07-14,Not as expected
R003005,O001165,4.0,2026-02-07,Not as expected
R003006,O003965,2.0,2026-05-14,Good quality
R003007,O004163,5.0,2026-03-08,Great value
R003008,O003177,2.0,2026-06-26,Excellent product
R003009,O005358,4.0,2026-01-21,Fast delivery
R003010,O005087,4.0,2026-05-05,Good quality
R003011,O001662,4.0,2026-04-07,Average experience
R003012,O000509,4.0,2026-06-30,Fast delivery
R003013,O000167,4.0,2026-06-28,Excellent product
R003014,O003403,5.0,2026-04-19,Good quality
R003015,O005860,4.0,2026-04-07,Not as expected
R003016,O003318,4.0,2026-04-11,Excellent product
R003017,O004848,2.0,2026-05-05,Damaged package
R003018,O000104,5.0,2026-01-06,Good quality
R003019,O003544,4.0,2026-08-05,Great value
R003020,O004358,4.0,2026-02-23,Damaged package
R003021,O003306,5.0,2026-02-01,Excellent product
R003022,O006127,5.0,2026-08-29,Great value
R003023,O004421,4.0,2026-02-13,Late delivery
R003024,O001753,4.0,2026-04-09,Late delivery
R003025,O006431,3.0,2026-06-20,Great value
R003026,O003990,4.0,2026-06-16,Not as expected
R003027,O006107,4.0,2026-02-18,Average experience
R003028,O002917,4.0,2026-02-02,Damaged package
R003029,O006953,3.0,2026-01-09,Good quality
R003030,O001659,5.0,2026-05-18,Fast delivery
R003031,O000153,4.0,2026-02-17,Average experience
R003032,O004032,4.0,2026-04-17,Fast delivery
R003033,O002484,3.0,2026-07-09,Average experience
R003034,O001584,5.0,2026-06-03,Average experience
R003035,O006058,3.0,2026-04-16,Late delivery
R003036,O002553,4.0,2026-07-17,Great value
R003037,O003594,5.0,2026-07-15,Average experience
R003038,O006084,4.0,2026-03-24,Late delivery
R003039,O003769,4.0,2026-07-27,Not as expected
R003040,O005282,5.0,2026-07-12,Average experience
R003041,O003249,5.0,2026-01-18,Great value
R003042,O006885,3.0,2026-08-19,Damaged package
R003043,O002210,4.0,2026-03-20,Great value
R003044,O007149,4.0,2026-03-23,Not as expected
R003045,O005791,2.0,2026-02-15,Damaged package
R003046,O002986,4.0,2026-03-31,Damaged package
R003047,O001823,5.0,2026-01-27,Damaged package
R003048,O005552,5.0,2026-05-14,Not as expected
R003049,O004111,5.0,2026-01-10,Fast delivery
R003050,O004318,1.0,2026-06-24,Fast delivery
R003051,O004555,4.0,2026-05-07,Late delivery
R003052,O000310,5.0,2026-03-11,Late delivery
R003053,O000213,4.0,2026-05-10,Excellent product
R003054,O003572,5.0,2026-06-13,Average experience
R003055,O004311,4.0,2026-07-25,Great value
R003056,O003787,4.0,2026-06-27,Good quality
R003057,O000496,4.0,2026-04-24,Fast delivery
R003058,O000206,5.0,2026-07-20,Not as expected
R003059,O001435,4.0,2026-08-01,Excellent product
R003060,O001136,4.0,2026-08-15,Not as expected
R003061,O002585,5.0,2026-03-08,Late delivery
R003062,O000869,4.0,2026-01-25,Great value
R003063,O002750,4.0,2026-03-28,Good quality
R003064,O000306,5.0,2026-04-26,Late delivery
R003065,O001850,4.0,2026-04-19,Great value
R003066,O005744,4.0,2026-08-07,Fast delivery
R003067,O001989,2.0,2026-08-20,Great value
R003068,O002799,5.0,2026-08-18,Not as expected
R003069,O005557,4.0,2026-03-10,Good quality
R003070,O001535,5.0,2026-01-13,Excellent product
R003071,O000844,5.0,2026-01-23,Good quality
R003072,O001988,5.0,2026-06-06,Good quality
R003073,O004942,3.0,2026-03-04,Excellent product
R003074,O004831,4.0,2026-05-17,Average experience
R003075,O005914,1.0,2026-07-24,Average experience
R003076,O000384,4.0,2026-04-13,Not as expected
R003077,O001539,5.0,2026-08-12,Damaged package
R003078,O000212,4.0,2026-08-14,Average experience
R003079,O001958,4.0,2026-03-11,Not as expected
R003080,O004705,3.0,2026-08-08,Great value
R003081,O002439,4.0,2026-07-14,Late delivery
R003082,O002728,5.0,2026-04-12,Damaged package
R003083,O003425,4.0,2026-03-10,Great value
R003084,O003985,5.0,2026-03-11,Late delivery
R003085,O001350,4.0,2026-02-05,Good quality
R003086,O004503,4.0,2026-04-17,Fast delivery
R003087,O003136,3.0,2026-01-25,Good quality
R003088,O005507,2.0,2026-02-02,Fast delivery
R003089,O000681,5.0,2026-05-21,Damaged package
R003090,O000181,5.0,2026-06-03,Great value
R003091,O006853,3.0,2026-02-01,Excellent product
R003092,O007188,4.0,2026-01-23,Great value
R003093,O006651,4.0,2026-03-14,Excellent product
R003094,O004300,5.0,2026-04-13,Great value
R003095,O000279,3.0,2026-06-09,Excellent product
R003096,O003122,2.0,2026-05-08,Late delivery
R003097,O006172,3.0,2026-04-28,Not as expected
R003098,O002481,3.0,2026-03-02,Not as expected
R003099,O000290,3.0,2026-03-04,Late delivery
R003100,O003076,5.0,2026-08-20,Late delivery
R003101,O006349,5.0,2026-07-28,Fast delivery
R003102,O005405,4.0,2026-02-05,Average experience
R003103,O000994,5.0,2026-05-18,Damaged package
R003104,O002237,4.0,2026-02-05,Average experience
R003105,O003814,4.0,2026-03-17,Excellent product
R003106,O000040,5.0,2026-08-30,Not as expected
R003107,O005075,5.0,2026-02-25,Excellent product
R003108,O002755,4.0,2026-01-19,Average experience
R003109,O005772,5.0,2026-03-05,Good quality
R003110,O003545,1.0,2026-08-11,Excellent product
R003111,O000271,2.0,2026-05-25,Not as expected
R003112,O003155,4.0,2026-01-16,Not as expected
R003113,O002884,4.0,2026-01-23,Fast delivery
R003114,O005885,3.0,2026-04-07,Average experience
R003115,O005759,5.0,2026-02-15,Good quality
R003116,O004759,4.0,2026-03-16,Damaged package
R003117,O005594,4.0,2026-02-12,Fast delivery
R003118,O000112,,2026-03-08,Good quality
R003119,O001392,5.0,2026-04-02,Damaged package
R003120,O002601,5.0,2026-04-24,Damaged package
R003121,O000221,4.0,2026-08-01,Not as expected
R003122,O006114,4.0,2026-08-04,Fast delivery
R003123,O004340,4.0,2026-02-11,Excellent product
R003124,O004377,5.0,2026-04-05,Damaged package
R003125,O000084,4.0,2026-07-02,Good quality
R003126,O000874,2.0,2026-07-29,Damaged package
R003127,O006671,4.0,2026-05-27,Fast delivery
R003128,O006092,3.0,2026-06-18,Not as expected
R003129,O000462,4.0,2026-03-09,Average experience
R003130,O006331,4.0,2026-06-16,Not as expected
R003131,O000552,3.0,2026-01-10,Late delivery
R003132,O007021,5.0,2026-05-09,Not as expected
R003133,O002375,4.0,2026-06-05,Late delivery
R003134,O006053,4.0,2026-02-19,Good quality
R003135,O002247,5.0,2026-08-14,Not as expected
R003136,O006989,4.0,2026-03-22,Damaged package
R003137,O006654,1.0,2026-01-31,Great value
R003138,O002451,4.0,2026-06-08,Average experience
R003139,O002330,5.0,2026-05-24,Not as expected
R003140,O006054,5.0,2026-04-18,Late delivery
R003141,O002147,2.0,2026-03-22,Average experience
R003142,O004155,4.0,2026-07-07,Good quality
R003143,O003835,3.0,2026-02-27,Fast delivery
R003144,O006355,5.0,2026-08-22,Excellent product
R003145,O000651,5.0,2026-08-11,Great value
R003146,O000709,4.0,2026-01-03,Excellent product
R003147,O006156,5.0,2026-04-10,Damaged package
R003148,O003608,3.0,2026-07-03,Damaged package
R003149,O003541,4.0,2026-05-06,Average experience
R003150,O003451,1.0,2026-01-04,Great value
R003151,O003064,2.0,2026-02-09,Great value
R003152,O004825,4.0,2026-01-04,Not as expected
R003153,O001425,5.0,2026-03-21,Fast delivery
R003154,O001217,1.0,2026-03-25,Fast delivery
R003155,O005495,4.0,2026-02-14,Average experience
R003156,O001925,4.0,2026-05-28,Great value
R003157,O005901,4.0,2026-07-03,Late delivery
R003158,O003952,1.0,2026-03-09,Great value
R003159,O000315,4.0,2026-06-27,Average experience
R003160,O004016,2.0,2026-03-10,Damaged package
R003161,O001428,4.0,2026-06-18,Fast delivery
R003162,O005704,5.0,2026-07-27,Late delivery
R003163,O005669,4.0,2026-01-10,Fast delivery
R003164,O003130,5.0,2026-05-06,Fast delivery
R003165,O004122,3.0,2026-06-21,Damaged package
R003166,O005825,5.0,2026-07-17,Good quality
R003167,O003009,3.0,2026-07-21,Great value
R003168,O005959,5.0,2026-04-20,Great value
R003169,O001106,5.0,2026-05-25,Great value
R003170,O003783,5.0,2026-06-10,Damaged package
R003171,O005293,3.0,2026-07-05,Late delivery
R003172,O004417,4.0,2026-04-18,Good quality
R003173,O007200,1.0,2026-07-17,Not as expected
R003174,O004605,4.0,2026-05-05,Damaged package
R003175,O000685,1.0,2026-08-14,Good quality
R003176,O005270,1.0,2026-05-11,Good quality
R003177,O004627,3.0,2026-01-13,Damaged package
R003178,O002766,5.0,2026-02-03,Damaged package
R003179,O003440,,2026-05-03,Late delivery
R003180,O004003,5.0,2026-01-18,Fast delivery
R003181,O002452,4.0,2026-02-14,Damaged package
R003182,O003652,4.0,2026-02-01,Good quality
R003183,O000327,4.0,2026-03-27,Fast delivery
R003184,O002653,4.0,2026-05-12,Great value
R003185,O006021,3.0,2026-01-18,Not as expected
R003186,O002177,4.0,2026-05-05,Damaged package
R003187,O003817,1.0,2026-07-28,Excellent product
R003188,O005949,4.0,2026-02-23,Damaged package
R003189,O006231,4.0,2026-05-07,Excellent product
R003190,O004369,1.0,2026-04-16,Great value
R003191,O002788,4.0,2026-02-02,Good quality
R003192,O004899,5.0,2026-03-04,Late delivery
R003193,O006422,3.0,2026-05-16,Average experience
R003194,O001677,4.0,2026-06-08,Late delivery
R003195,O000349,5.0,2026-03-07,Fast delivery
R003196,O005252,5.0,2026-06-10,Great value
R003197,O005274,3.0,2026-07-21,Average experience
R003198,O004571,3.0,2026-07-15,Excellent product
R003199,O001627,3.0,2026-08-10,Average experience
R003200,O004373,4.0,2026-05-27,Fast delivery
R003201,O003320,5.0,2026-05-19,Not as expected
R003202,O003625,3.0,2026-07-05,Late delivery
R003203,O000872,4.0,2026-02-22,Good quality
R003204,O004211,5.0,2026-06-30,Damaged package
R003205,O003867,3.0,2026-03-28,Good quality
R003206,O006200,2.0,2026-01-13,Great value
R003207,O002219,2.0,2026-01-23,Not as expected
R003208,O005649,4.0,2026-06-05,Damaged package
R003209,O002122,3.0,2026-02-06,Excellent product
R003210,O003932,4.0,2026-06-02,Great value
R003211,O003530,5.0,2026-02-04,Damaged package
R003212,O005648,4.0,2026-04-10,Fast delivery
R003213,O000086,4.0,2026-03-23,Good quality
R003214,O004113,5.0,2026-07-31,Damaged package
R003215,O001878,5.0,2026-01-29,Damaged package
R003216,O002802,4.0,2026-08-12,Average experience
R003217,O005685,5.0,2026-07-08,Damaged package
R003218,O002641,3.0,2026-08-18,Average experience
R003219,O006164,3.0,2026-08-02,Late delivery
R003220,O002881,5.0,2026-01-09,Good quality
R003221,O003495,5.0,2026-04-05,Great value
R003222,O000495,4.0,2026-04-22,Damaged package
R003223,O002020,5.0,2026-04-15,Average experience
R003224,O002526,3.0,2026-06-05,Damaged package
R003225,O006274,2.0,2026-07-17,Excellent product
R003226,O003327,5.0,2026-01-08,Average experience
R003227,O005564,4.0,2026-08-07,Good quality
R003228,O004060,2.0,2026-02-19,Damaged package
R003229,O001271,4.0,2026-04-02,Late delivery
R003230,O004863,4.0,2026-06-20,Average experience
R003231,O004020,4.0,2026-03-09,Average experience
R003232,O002896,1.0,2026-04-16,Good quality
R003233,O003873,5.0,2026-07-16,Damaged package
R003234,O005951,5.0,2026-06-25,Great value
R003235,O000619,5.0,2026-02-02,Not as expected
R003236,O006162,5.0,2026-03-09,Good quality
R003237,O004023,5.0,2026-07-25,Not as expected
R003238,O003857,,2026-06-09,Late delivery
R003239,O003906,4.0,2026-05-17,Good quality
R003240,O006921,4.0,2026-07-03,Late delivery
R003241,O005788,4.0,2026-07-01,Damaged package
R003242,O001414,3.0,2026-03-19,Damaged package
R003243,O002202,2.0,2026-07-18,Excellent product
R003244,O002002,5.0,2026-04-17,Late delivery
R003245,O005369,4.0,2026-01-12,Excellent product
R003246,O000870,2.0,2026-05-16,Damaged package
R003247,O002359,5.0,2026-03-27,Good quality
R003248,O002007,5.0,2026-04-01,Average experience
R003249,O003091,4.0,2026-08-17,Damaged package
R003250,O006789,,2026-06-26,Damaged package
R003251,O004985,5.0,2026-01-07,Excellent product
R003252,O000357,2.0,2026-03-21,Not as expected
R003253,O001163,5.0,2026-07-23,Great value
R003254,O005580,2.0,2026-04-19,Late delivery
R003255,O003065,5.0,2026-03-30,Excellent product
R003256,O007105,3.0,2026-01-29,Not as expected
R003257,O003162,4.0,2026-06-10,Damaged package
R003258,O003536,,2026-02-24,Good quality
R003259,O006281,3.0,2026-06-07,Average experience
R003260,O003947,5.0,2026-03-17,Excellent product
R003261,O007131,2.0,2026-02-08,Good quality
R003262,O001891,1.0,2026-06-23,Not as expected
R003263,O000580,1.0,2026-07-03,Great value
R003264,O002320,5.0,2026-05-25,Excellent product
R003265,O003762,4.0,2026-07-26,Excellent product
R003266,O001692,4.0,2026-06-13,Damaged package
R003267,O000863,5.0,2026-05-24,Late delivery
R003268,O004873,4.0,2026-08-06,Damaged package
R003269,O007190,5.0,2026-07-21,Great value
R003270,O002381,1.0,2026-04-01,Average experience
R003271,O002379,3.0,2026-04-02,Average experience
R003272,O005787,5.0,2026-04-03,Late delivery
R003273,O005072,5.0,2026-02-17,Damaged package
R003274,O006983,5.0,2026-04-19,Not as expected
R003275,O003793,4.0,2026-08-22,Good quality
R003276,O001117,5.0,2026-05-29,Great value
R003277,O001542,3.0,2026-04-30,Late delivery
R003278,O004044,4.0,2026-03-25,Late delivery
R003279,O006857,5.0,2026-04-26,Late delivery
R003280,O006623,4.0,2026-06-08,Fast delivery
R003281,O007044,5.0,,Not as expected
R003282,O004858,4.0,2026-08-31,Late delivery
R003283,O005752,5.0,2026-05-24,Late delivery
R003284,O003468,3.0,2026-04-05,Excellent product
R003285,O005360,4.0,2026-04-11,Average experience
R003286,O004687,4.0,2026-08-24,Good quality
R003287,O002501,4.0,2026-02-13,Average experience
R003288,O006952,4.0,2026-08-12,Excellent product
R003289,O005458,5.0,2026-03-15,Not as expected
R003290,O006383,3.0,2026-07-09,Late delivery
R003291,O006938,2.0,2026-04-14,Good quality
R003292,O007085,4.0,2026-03-08,Average experience
R003293,O003529,5.0,2026-05-02,Late delivery
R003294,O005421,5.0,2026-02-27,Great value
R003295,O007029,5.0,2026-06-02,Late delivery
R003296,O006862,5.0,2026-07-20,Average experience
R003297,O006925,2.0,2026-02-09,Late delivery
R003298,O004230,4.0,2026-08-29,Great value
R003299,O005357,4.0,2026-06-28,Damaged package
R003300,O005188,4.0,2026-05-18,Damaged package
R003301,O006904,,2026-06-12,Great value
R003302,O002053,5.0,2026-03-14,Fast delivery
R003303,O001777,5.0,2026-08-07,Good quality
R003304,O005170,1.0,2026-02-15,Good quality
R003305,O004405,1.0,2026-07-02,Damaged package
R003306,O002537,2.0,2026-03-10,Good quality
R003307,O005166,4.0,2026-05-24,Good quality
R003308,O003928,5.0,2026-02-08,Late delivery
R003309,O001593,4.0,2026-03-02,Fast delivery
R003310,O001724,4.0,2026-07-17,Great value
R003311,O005637,5.0,2026-03-12,Fast delivery
R003312,O006307,3.0,2026-03-19,Good quality
R003313,O002612,5.0,2026-06-22,Great value
R003314,O006805,3.0,2026-08-28,Great value
R003315,O000491,4.0,2026-04-08,Not as expected
R003316,O006056,5.0,2026-06-04,Late delivery
R003317,O002911,5.0,2026-08-21,Average experience
R003318,O001007,3.0,2026-01-01,Great value
R003319,O004624,2.0,2026-04-26,Damaged package
R003320,O002504,4.0,2026-08-23,Fast delivery
R003321,O004537,5.0,2026-03-18,Good quality
R003322,O002315,5.0,2026-07-02,Great value
R003323,O002555,1.0,2026-08-31,Not as expected
R003324,O001418,5.0,2026-05-13,Fast delivery
R003325,O003097,4.0,2026-08-02,Great value
R003326,O000026,4.0,2026-07-26,Excellent product
R003327,O002410,4.0,2026-04-23,Great value
R003328,O003271,5.0,2026-04-15,Great value
R003329,O001114,4.0,2026-01-31,Damaged package
R003330,O004274,1.0,2026-04-30,Fast delivery
R003331,O001553,4.0,2026-05-16,Late delivery
R003332,O006154,4.0,2026-08-12,Great value
R003333,O006199,5.0,2026-04-03,Average experience
R003334,O003482,4.0,2026-04-08,Average experience
R003335,O003215,4.0,2026-08-16,Average experience
R003336,O000434,5.0,2026-02-01,Damaged package
R003337,O000980,3.0,2026-04-02,Fast delivery
R003338,O002656,1.0,2026-05-27,Late delivery
R003339,O001848,5.0,2026-08-18,Good quality
R003340,O004879,5.0,2026-08-26,Great value
R003341,O007068,5.0,2026-06-15,Excellent product
R003342,O001128,3.0,2026-03-02,Average experience
R003343,O004413,4.0,2026-03-23,Average experience
R003344,O005340,1.0,2026-05-06,Damaged package
R003345,O004248,5.0,2026-01-22,Damaged package
R003346,O002519,3.0,2026-02-23,Great value
R003347,O006920,4.0,2026-05-30,Not as expected
R003348,O001103,4.0,2026-05-17,Good quality
R003349,O003277,4.0,2026-03-10,Late delivery
R003350,O006159,1.0,2026-06-09,Fast delivery
R003351,O004881,4.0,2026-02-01,Great value
R003352,O005613,4.0,2026-07-02,Not as expected
R003353,O006493,3.0,2026-07-01,Not as expected
R003354,O006900,4.0,2026-04-19,Damaged package
R003355,O000195,5.0,2026-02-13,Fast delivery
R003356,O000616,5.0,2026-01-23,Damaged package
R003357,O000644,5.0,2026-04-14,Not as expected
R003358,O006702,5.0,2026-01-30,Damaged package
R003359,O003286,5.0,2026-06-20,Not as expected
R003360,O003117,5.0,2026-07-26,Excellent product
R003361,O003584,4.0,2026-04-12,Average experience
R003362,O002777,3.0,2026-02-10,Late delivery
R003363,O005905,5.0,2026-05-03,Late delivery
R003364,O006087,4.0,2026-02-01,Average experience
R003365,O005511,5.0,2026-02-22,Fast delivery
R003366,O000331,5.0,2026-03-10,Late delivery
R003367,O002208,4.0,2026-04-12,Average experience
R003368,O004715,5.0,2026-08-06,Excellent product
R003369,O005181,2.0,2026-07-14,Great value
R003370,O002671,3.0,2026-06-29,Damaged package
R003371,O003300,4.0,2026-01-01,Great value
R003372,O000973,5.0,2026-02-02,Not as expected
R003373,O000484,5.0,2026-02-14,Damaged package
R003374,O002421,4.0,2026-07-20,Good quality
R003375,O002603,4.0,2026-01-18,Fast delivery
R003376,O000720,4.0,2026-08-16,Good quality
R003377,O005457,5.0,2026-05-02,Fast delivery
R003378,O002060,5.0,2026-04-22,Late delivery
R003379,O002804,3.0,2026-03-14,Excellent product
R003380,O002567,2.0,2026-06-16,Excellent product
R003381,O006344,2.0,2026-06-26,Good quality
R003382,O000033,5.0,2026-03-26,Late delivery
R003383,O000665,5.0,2026-07-06,Damaged package
R003384,O005776,3.0,2026-04-10,Average experience
R003385,O004792,5.0,2026-07-30,Fast delivery
R003386,O005944,4.0,2026-08-17,Good quality
R003387,O001445,4.0,2026-06-14,Great value
R003388,O003528,4.0,2026-01-01,Good quality
R003389,O002793,5.0,2026-02-28,Fast delivery
R003390,O003505,3.0,2026-03-05,Not as expected
R003391,O007016,5.0,2026-02-19,Average experience
R003392,O001706,5.0,2026-08-01,Great value
R003393,O004149,1.0,2026-04-09,Fast delivery
R003394,O005440,5.0,2026-02-28,Fast delivery
R003395,O003801,4.0,2026-01-07,Late delivery
R003396,O004177,4.0,2026-06-08,Great value
R003397,O005695,2.0,2026-07-08,Average experience
R003398,O003228,4.0,2026-07-10,Damaged package
R003399,O000119,5.0,2026-07-15,Damaged package
R003400,O002278,1.0,2026-05-30,Fast delivery
R003401,O002906,4.0,2026-04-29,Not as expected
R003402,O003626,4.0,2026-03-19,Fast delivery
R003403,O001402,3.0,2026-03-24,Not as expected
R003404,O000740,5.0,2026-04-21,Fast delivery
R003405,O002457,5.0,2026-03-18,Damaged package
R003406,O000171,5.0,2026-04-28,Great value
R003407,O000541,4.0,2026-07-10,Great value
R003408,O000884,2.0,2026-06-21,Damaged package
R003409,O006930,5.0,2026-08-31,Fast delivery
R003410,O005396,2.0,2026-03-30,Fast delivery
R003411,O004828,5.0,2026-01-18,Not as expected
R003412,O004820,3.0,2026-02-06,Late delivery
R003413,O005410,5.0,2026-08-27,Good quality
R003414,O000675,4.0,2026-06-12,Average experience
R003415,O003210,4.0,2026-06-15,Excellent product
R003416,O000398,5.0,2026-03-11,Fast delivery
R003417,O002916,5.0,2026-01-07,Not as expected
R003418,O003816,2.0,2026-02-18,Not as expected
R003419,O001816,5.0,2026-01-09,Damaged package
R003420,O004587,1.0,2026-03-25,Excellent product
R003421,O003765,4.0,2026-06-25,Fast delivery
R003422,O002101,5.0,2026-05-19,Late delivery
R003423,O004317,4.0,2026-06-06,Good quality
R003424,O007136,5.0,2026-07-18,Excellent product
R003425,O006068,4.0,2026-05-15,Great value
R003426,O002102,4.0,2026-05-31,Great value
R003427,O006770,5.0,2026-02-03,Great value
R003428,O004766,5.0,2026-02-23,Average experience
R003429,O005256,5.0,2026-02-27,Damaged package
R003430,O001549,2.0,2026-03-14,Late delivery
R003431,O004314,3.0,2026-03-24,Average experience
R003432,O005897,4.0,2026-04-21,Not as expected
R003433,O003324,5.0,2026-06-06,Average experience
R003434,O000356,5.0,2026-04-01,Damaged package
R003435,O003672,4.0,2026-05-19,Fast delivery
R003436,O003972,5.0,2026-03-21,Excellent product
R003437,O004987,5.0,2026-06-14,Late delivery
R003438,O002536,4.0,2026-08-16,Fast delivery
R003439,O006378,3.0,2026-01-02,Late delivery
R003440,O003221,4.0,2026-06-05,Great value
R003441,O005130,4.0,2026-08-12,Good quality
R003442,O002374,4.0,2026-05-27,Late delivery
R003443,O001052,5.0,2026-04-12,Damaged package
R003444,O003075,5.0,2026-03-14,Good quality
R003445,O002322,5.0,2026-03-01,Good quality
R003446,O004597,4.0,2026-06-04,Average experience
R003447,O003335,3.0,2026-04-23,Fast delivery
R003448,O004642,1.0,2026-07-28,Late delivery
R003449,O001752,2.0,2026-08-29,Late delivery
R003450,O004081,2.0,2026-04-24,Good quality
R003451,O001773,5.0,2026-02-08,Damaged package
R003452,O001197,3.0,2026-04-03,Excellent product
R003453,O001879,2.0,2026-07-11,Good quality
R003454,O002669,5.0,2026-02-01,Average experience
R003455,O007186,5.0,2026-06-27,Excellent product
R003456,O002017,4.0,2026-06-01,Average experience
R003457,O002006,4.0,2026-02-20,Fast delivery
R003458,O005843,5.0,2026-07-21,Not as expected
R003459,O001483,,2026-06-25,Average experience
R003460,O003238,1.0,2026-04-20,Damaged package
R003461,O000329,4.0,2026-06-17,Not as expected
R003462,O000649,4.0,2026-07-29,Fast delivery
R003463,O002946,5.0,2026-03-12,Good quality
R003464,O003593,4.0,2026-03-05,Average experience
R003465,O001124,5.0,2026-08-05,Damaged package
R003466,O006510,5.0,2026-06-17,Fast delivery
R003467,O002789,2.0,2026-04-19,Fast delivery
R003468,O004210,5.0,2026-02-20,Not as expected
R003469,O003622,4.0,2026-03-17,Excellent product
R003470,O004852,5.0,2026-07-18,Good quality
R003471,O005038,4.0,2026-02-28,Good quality
R003472,O006030,4.0,2026-04-23,Excellent product
R003473,O001260,3.0,2026-07-29,Good quality
R003474,O004265,3.0,2026-05-21,Good quality
R003475,O005999,5.0,2026-04-17,Excellent product
R003476,O006579,2.0,2026-08-15,Fast delivery
R003477,O001520,3.0,2026-06-12,Great value
R003478,O007035,4.0,2026-03-11,Damaged package
R003479,O001379,3.0,2026-05-30,Good quality
R003480,O005254,4.0,2026-08-30,Great value
R003481,O001024,4.0,2026-05-14,Excellent product
R003482,O002588,3.0,2026-07-04,Average experience
R003483,O002919,5.0,2026-04-26,Late delivery
R003484,O005013,3.0,2026-06-26,Not as expected
R003485,O005121,3.0,2026-05-04,Damaged package
R003486,O003967,3.0,2026-03-31,Late delivery
R003487,O000913,3.0,2026-08-07,Great value
R003488,O002858,1.0,2026-08-22,Fast delivery
R003489,O007006,5.0,2026-03-14,Late delivery
R003490,O001676,4.0,2026-03-24,Average experience
R003491,O001747,1.0,2026-08-22,Great value
R003492,O003027,4.0,2026-03-14,Good quality
R003493,O000533,5.0,2026-04-29,Great value
R003494,O001737,4.0,2026-07-14,Damaged package
R003495,O001630,5.0,2026-04-06,Not as expected
R003496,O004748,2.0,2026-02-15,Late delivery
R003497,O000431,4.0,2026-03-12,Good quality
R003498,O001809,4.0,2026-02-12,Good quality
R003499,O004578,4.0,2026-06-27,Damaged package
R003500,O003510,4.0,2026-07-31,Fast delivery
R003501,O006833,4.0,2026-07-20,Average experience
R003502,O004680,5.0,2026-01-31,Late delivery
R003503,O000235,4.0,2026-01-15,Good quality
R003504,O004526,4.0,2026-08-09,Late delivery
R003505,O002223,3.0,2026-04-24,Late delivery
R003506,O004392,4.0,2026-07-25,Good quality
R003507,O004123,4.0,2026-02-27,Late delivery
R003508,O006168,5.0,2026-03-24,Excellent product
R003509,O004437,5.0,2026-04-29,Damaged package
R003510,O006427,5.0,2026-05-14,Average experience
R003511,O001949,5.0,2026-05-07,Average experience
R003512,O005506,4.0,2026-02-21,Great value
R003513,O006394,3.0,2026-08-03,Fast delivery
R003514,O005470,5.0,2026-07-19,Average experience
R003515,O003493,4.0,2026-07-01,Average experience
R003516,O006592,5.0,2026-01-10,Good quality
R003517,O001996,5.0,2026-01-12,Not as expected
R003518,O002672,2.0,2026-03-30,Great value
R003519,O007051,1.0,2026-04-05,Not as expected
R003520,O002225,4.0,2026-07-13,Good quality
R003521,O001107,3.0,2026-02-17,Fast delivery
R003522,O005936,3.0,2026-05-21,Great value
R003523,O000819,4.0,2026-08-31,Good quality
R003524,O003667,5.0,2026-07-10,Not as expected
R003525,O004657,3.0,2026-08-03,Fast delivery
R003526,O005963,5.0,2026-04-02,Excellent product
R003527,O005230,4.0,2026-02-06,Late delivery
R003528,O001698,5.0,2026-08-19,Not as expected
R003529,O004055,3.0,2026-06-12,Good quality
R003530,O000137,3.0,2026-01-31,Fast delivery
R003531,O001643,4.0,2026-05-18,Not as expected
R003532,O006473,5.0,2026-01-26,Late delivery
R003533,O004811,5.0,2026-03-17,Not as expected
R003534,O006386,3.0,2026-05-30,Average experience
R003535,O001181,,2026-08-02,Late delivery
R003536,O004517,4.0,2026-04-17,Excellent product
R003537,O000889,4.0,2026-05-01,Late delivery
R003538,O002988,5.0,2026-03-27,Excellent product
R003539,O003909,5.0,2026-05-13,Excellent product
R003540,O002438,4.0,2026-05-26,Late delivery
R003541,O003766,1.0,2026-07-19,Good quality
R003542,O006343,2.0,2026-08-24,Good quality
R003543,O000818,4.0,2026-05-10,Damaged package
R003544,O001112,5.0,2026-02-16,Great value
R003545,O003415,4.0,2026-03-01,Damaged package
R003546,O004501,5.0,2026-05-20,Good quality
R003547,O002342,5.0,2026-07-05,Good quality
R003548,O003168,5.0,2026-05-09,Late delivery
R003549,O005307,4.0,2026-01-04,Average experience
R003550,O006262,5.0,2026-03-19,Good quality
R003551,O006860,4.0,2026-08-01,Late delivery
R003552,O003066,3.0,2026-05-04,Late delivery
R003553,O001265,5.0,2026-03-06,Great value
R003554,O000991,4.0,2026-07-22,Not as expected
R003555,O001465,3.0,2026-03-31,Good quality
R003556,O001740,4.0,2026-03-02,Excellent product
R003557,O005175,4.0,2026-03-11,Fast delivery
R003558,O006034,2.0,2026-01-06,Great value
R003559,O000354,4.0,2026-05-30,Good quality
R003560,O005490,3.0,2026-05-03,Great value
R003561,O003938,3.0,2026-05-18,Good quality
R003562,O005997,5.0,2026-01-04,Great value
R003563,O005055,4.0,2026-06-23,Excellent product
R003564,O001490,4.0,2026-03-23,Excellent product
R003565,O004838,3.0,2026-08-22,Fast delivery
R003566,O004824,5.0,2026-05-09,Damaged package
R003567,O003131,1.0,2026-03-31,Fast delivery
R003568,O001229,1.0,2026-01-07,Excellent product
R003569,O004288,4.0,2026-01-18,Great value
R003570,O004915,2.0,2026-03-14,Not as expected
R003571,O003962,3.0,2026-05-11,Fast delivery
R003572,O006816,3.0,2026-07-19,Good quality
R003573,O005021,4.0,2026-06-18,Average experience
R003574,O007074,5.0,2026-02-22,Damaged package
R003575,O000053,4.0,2026-04-03,Average experience
R003576,O004315,5.0,2026-02-02,Excellent product
R003577,O004036,,2026-01-20,Not as expected
R003578,O005356,5.0,2026-03-01,Damaged package
R003579,O003086,5.0,2026-02-19,Great value
R003580,O000160,5.0,2026-03-14,Not as expected
R003581,O004880,2.0,2026-03-28,Not as expected
R003582,O001588,3.0,2026-04-15,Good quality
R003583,O001590,3.0,2026-04-23,Excellent product
R003584,O001480,5.0,2026-07-23,Not as expected
R003585,O003556,4.0,2026-08-23,Excellent product
R003586,O004514,4.0,2026-06-16,Not as expected
R003587,O003146,5.0,2026-03-14,Late delivery
R003588,O001470,1.0,2026-06-19,Great value
R003589,O004285,5.0,2026-01-03,Great value
R003590,O003095,4.0,2026-02-04,Average experience
R003591,O004093,4.0,2026-07-21,Great value
R003592,O003718,3.0,2026-08-03,Late delivery
R003593,O002079,3.0,2026-02-17,Not as expected
R003594,O007050,4.0,2026-04-14,Damaged package
R003595,O004524,5.0,2026-03-16,Great value
R003596,O005806,5.0,2026-01-18,Great value
R003597,O007094,5.0,2026-04-21,Excellent product
R003598,O006947,4.0,2026-02-02,Good quality
R003599,O003822,4.0,2026-04-20,Excellent product
R003600,O002829,4.0,2026-01-22,Excellent product
R003601,O000437,2.0,2026-06-26,Damaged package
R003602,O004160,4.0,2026-07-30,Damaged package
R003603,O006970,1.0,2026-05-27,Average experience
R003604,O002961,5.0,2026-07-13,Not as expected
R003605,O006606,5.0,2026-03-22,Damaged package
R003606,O001589,5.0,2026-02-28,Damaged package
R003607,O004695,4.0,2026-08-19,Late delivery
R003608,O002781,4.0,2026-02-02,Average experience
R003609,O005297,5.0,2026-08-31,Great value
R003610,O001591,4.0,2026-05-30,Damaged package
R003611,O004393,1.0,2026-05-10,Average experience
R003612,O000974,4.0,2026-05-20,Average experience
R003613,O001239,,2026-05-15,Damaged package
R003614,O002952,5.0,2026-01-25,Late delivery
R003615,O006448,5.0,2026-05-05,Fast delivery
R003616,O002343,4.0,2026-04-20,Fast delivery
R003617,O005191,3.0,2026-04-04,Excellent product
R003618,O004308,4.0,2026-01-04,Good quality
R003619,O006814,5.0,2026-01-26,Not as expected
R003620,O006151,3.0,2026-01-29,Average experience
R003621,O002232,5.0,2026-01-03,Not as expected
R003622,O005153,2.0,2026-03-12,Not as expected
R003623,O001498,5.0,2026-07-06,Great value
R003624,O000450,,2026-05-03,Excellent product
R003625,O002370,5.0,2026-03-06,Excellent product
R003626,O003961,4.0,2026-01-26,Damaged package
R003627,O003430,5.0,2026-05-02,Excellent product
R003628,O004114,4.0,2026-02-02,Great value
R003629,O006385,2.0,2026-03-17,Average experience
R003630,O002423,4.0,2026-01-07,Fast delivery
R003631,O006465,5.0,2026-05-26,Great value
R003632,O006224,1.0,2026-08-27,Not as expected
R003633,O004232,4.0,2026-08-19,Damaged package
R003634,O001552,4.0,2026-07-29,Good quality
R003635,O006388,5.0,2026-02-18,Average experience
R003636,O001147,3.0,2026-03-26,Average experience
R003637,O004714,2.0,2026-02-12,Great value
R003638,O002093,3.0,2026-04-07,Average experience
R003639,O001314,4.0,2026-07-19,Damaged package
R003640,O002016,4.0,2026-04-02,Great value
R003641,O000188,4.0,2026-01-25,Damaged package
R003642,O006755,4.0,2026-01-18,Excellent product
R003643,O003427,4.0,2026-01-10,Good quality
R003644,O004241,2.0,2026-02-01,Average experience
R003645,O001382,2.0,2026-06-17,Fast delivery
R003646,O005534,4.0,2026-01-26,Good quality
R003647,O000414,5.0,2026-02-05,Excellent product
R003648,O004412,4.0,2026-03-06,Damaged package
R003649,O003456,4.0,2026-03-16,Good quality
R003650,O000942,5.0,2026-04-04,Average experience
R003651,O000802,4.0,2026-03-31,Damaged package
R003652,O003337,2.0,2026-05-07,Fast delivery
R003653,O003607,4.0,2026-06-13,Excellent product
R003654,O006746,1.0,2026-04-09,Late delivery
R003655,O002751,5.0,2026-05-29,Average experience
R003656,O003689,5.0,2026-05-25,Late delivery
R003657,O004418,3.0,2026-08-19,Late delivery
R003658,O000257,4.0,2026-05-13,Great value
R003659,O004164,2.0,2026-08-13,Not as expected
R003660,O007062,3.0,2026-01-08,Great value
R003661,O003200,2.0,2026-02-15,Damaged package
R003662,O002236,1.0,2026-08-11,Late delivery
R003663,O000648,4.0,2026-03-07,Average experience
R003664,O001768,4.0,2026-06-30,Excellent product
R003665,O004935,5.0,2026-01-04,Excellent product
R003666,O003669,5.0,2026-04-01,Not as expected
R003667,O006538,5.0,2026-02-11,Late delivery
R003668,O006083,1.0,2026-03-28,Damaged package
R003669,O004321,,2026-08-18,Fast delivery
R003670,O000025,5.0,2026-04-30,Late delivery
R003671,O005694,5.0,2026-07-28,Average experience
R003672,O001089,5.0,2026-02-13,Damaged package
R003673,O004129,3.0,2026-01-24,Fast delivery
R003674,O002695,4.0,2026-05-20,Good quality
R003675,O003872,3.0,2026-01-20,Good quality
R003676,O003399,3.0,2026-06-28,Excellent product
R003677,O003560,3.0,2026-03-09,Average experience
R003678,O000113,5.0,2026-06-16,Fast delivery
R003679,O002842,5.0,2026-01-18,Great value
R003680,O002312,4.0,2026-02-21,Damaged package
R003681,O003442,5.0,2026-08-08,Excellent product
R003682,O004077,5.0,2026-03-28,Damaged package
R003683,O006840,4.0,2026-05-23,Average experience
R003684,O004817,5.0,2026-03-08,Fast delivery
R003685,O000057,3.0,2026-02-24,Good quality
R003686,O001310,4.0,2026-05-15,Not as expected
R003687,O000696,2.0,2026-08-14,Late delivery
R003688,O004199,5.0,2026-08-14,Great value
R003689,O005965,3.0,2026-08-27,Average experience
R003690,O001228,2.0,2026-05-11,Late delivery
R003691,O002000,5.0,2026-04-16,Not as expected
R003692,O000277,5.0,2026-08-19,Damaged package
R003693,O003915,5.0,2026-01-04,Excellent product
R003694,O004174,4.0,2026-02-03,Excellent product
R003695,O001834,5.0,2026-06-13,Great value
R003696,O005709,3.0,2026-04-12,Late delivery
R003697,O007170,3.0,2026-08-20,Average experience
R003698,O000683,3.0,2026-02-10,Not as expected
R003699,O004326,1.0,2026-05-11,Good quality
R003700,O006783,4.0,2026-03-21,Fast delivery
R003701,O005205,5.0,2026-05-17,Not as expected
R003702,O004145,4.0,2026-05-15,Great value
R003703,O001138,4.0,2026-06-15,Damaged package
R003704,O002768,4.0,2026-07-16,Good quality
R003705,O004818,5.0,2026-03-24,Damaged package
R003706,O004533,4.0,2026-05-24,Great value
R003707,O004709,4.0,2026-08-15,Good quality
R003708,O000943,5.0,2026-01-01,Good quality
R003709,O001037,3.0,2026-05-20,Average experience
R003710,O005642,1.0,2026-04-21,Average experience
R003711,O005804,4.0,2026-03-11,Fast delivery
R003712,O001347,4.0,2026-03-19,Fast delivery
R003713,O003647,2.0,2026-03-02,Average experience
R003714,O003759,3.0,2026-05-18,Average experience
R003715,O006855,4.0,2026-02-04,Damaged package
R003716,O002785,4.0,2026-05-05,Not as expected
R003717,O000881,5.0,2026-08-06,Not as expected
R003718,O002385,4.0,2026-02-06,Great value
R003719,O002989,5.0,2026-03-23,Great value
R003720,O000116,4.0,2026-01-14,Damaged package
R003721,O005018,4.0,2026-02-14,Average experience
R003722,O003401,4.0,2026-05-12,Good quality
R003723,O007165,3.0,2026-08-13,Average experience
R003724,O003120,1.0,2026-07-22,Damaged package
R003725,O005100,3.0,2026-07-04,Not as expected
R003726,O003839,2.0,2026-04-26,Fast delivery
R003727,O005168,5.0,2026-04-03,Average experience
R003728,O002820,5.0,2026-05-15,Late delivery
R003729,O003785,4.0,2026-08-08,Late delivery
R003730,O005024,3.0,2026-01-13,Excellent product
R003731,O005993,3.0,2026-07-18,Good quality
R003732,O005921,4.0,2026-04-16,Fast delivery
R003733,O000082,4.0,2026-04-10,Fast delivery
R003734,O003022,5.0,2026-01-10,Fast delivery
R003735,O001973,5.0,2026-07-21,Good quality
R003736,O001715,5.0,2026-08-16,Not as expected
R003737,O003537,4.0,2026-03-28,Good quality
R003738,O004900,5.0,2026-01-16,Late delivery
R003739,O005417,5.0,2026-02-23,Damaged package
R003740,O004101,4.0,2026-04-28,Great value
R003741,O004644,4.0,2026-04-07,Damaged package
R003742,O001947,4.0,2026-04-26,Fast delivery
R003743,O005544,4.0,2026-04-24,Fast delivery
R003744,O005215,4.0,2026-06-28,Good quality
R003745,O005050,3.0,2026-04-26,Fast delivery
R003746,O003489,5.0,2026-08-30,Good quality
R003747,O001611,3.0,2026-08-13,Late delivery
R003748,O004998,3.0,2026-01-31,Not as expected
R003749,O001252,5.0,2026-05-25,Excellent product
R003750,O000695,5.0,2026-02-10,Not as expected
R003751,O003071,5.0,2026-06-10,Damaged package
R003752,O004386,5.0,2026-01-31,Fast delivery
R003753,O007032,3.0,2026-04-12,Average experience
R003754,O002868,4.0,2026-07-19,Late delivery
R003755,O005550,3.0,2026-02-03,Excellent product
R003756,O005590,4.0,2026-03-24,Not as expected
R003757,O003376,5.0,2026-04-28,Excellent product
R003758,O000666,5.0,2026-03-27,Not as expected
R003759,O002195,5.0,2026-06-09,Fast delivery
R003760,O004708,4.0,2026-05-07,Average experience
R003761,O005883,4.0,2026-02-23,Great value
R003762,O006128,4.0,2026-05-20,Good quality
R003763,O005196,4.0,2026-03-15,Great value
R003764,O001018,2.0,2026-01-14,Average experience
R003765,O000558,4.0,2026-03-08,Late delivery
R003766,O004741,3.0,2026-01-17,Fast delivery
R003767,O004490,2.0,2026-05-12,Excellent product
R003768,O001208,5.0,2026-05-19,Good quality
R003769,O004939,4.0,2026-08-02,Late delivery
R003770,O004344,4.0,2026-01-11,Damaged package
R003771,O004307,5.0,2026-02-28,Not as expected
R003772,O001511,4.0,2026-03-31,Damaged package
R003773,O006965,5.0,2026-03-26,Fast delivery
R003774,O003733,5.0,2026-07-18,Excellent product
R003775,O006859,3.0,2026-06-09,Good quality
R003776,O003212,4.0,2026-07-03,Great value
R003777,O003631,3.0,2026-08-05,Damaged package
R003778,O004906,5.0,2026-07-16,Excellent product
R003779,O004908,2.0,2026-04-08,Good quality
R003780,O000267,5.0,2026-04-02,Great value
R003781,O006919,5.0,2026-01-18,Great value
R003782,O001141,5.0,2026-05-02,Excellent product
R003783,O003163,4.0,2026-01-27,Not as expected
R003784,O002112,4.0,2026-02-19,Damaged package
R003785,O005103,4.0,2026-03-02,Not as expected
R003786,O005553,3.0,2026-05-16,Good quality
R003787,O001910,3.0,2026-06-02,Good quality
R003788,O004306,5.0,2026-02-27,Average experience
R003789,O006145,4.0,2026-07-31,Good quality
R003790,O000657,5.0,2026-01-13,Damaged package
R003791,O005770,3.0,2026-07-15,Not as expected
R003792,O005378,3.0,2026-07-07,Damaged package
R003793,O004610,4.0,2026-01-08,Late delivery
R003794,O000999,2.0,2026-06-19,Damaged package
R003795,O005986,5.0,2026-03-22,Damaged package
R003796,O002835,3.0,2026-02-17,Fast delivery
R003797,O002810,4.0,2026-03-25,Damaged package
R003798,O006121,2.0,2026-08-05,Fast delivery
R003799,O001785,4.0,2026-05-15,Not as expected
R003800,O001238,4.0,2026-08-01,Fast delivery
R003801,O005996,4.0,2026-02-07,Not as expected
R003802,O006992,5.0,2026-06-11,Fast delivery
R003803,O004480,5.0,2026-03-08,Damaged package
R003804,O006338,4.0,2026-02-27,Fast delivery
R003805,O005844,4.0,2026-05-04,Damaged package
R003806,O007106,5.0,2026-04-16,Good quality
R003807,O002187,5.0,2026-07-11,Not as expected
R003808,O002914,3.0,2026-04-27,Great value
R003809,O001135,,2026-05-10,Late delivery
R003810,O000909,1.0,2026-01-18,Good quality
R003811,O004742,1.0,2026-04-20,Excellent product
R003812,O003709,5.0,2026-03-10,Fast delivery
R003813,O001304,4.0,2026-08-13,Great value
R003814,O006717,5.0,2026-08-30,Fast delivery
R003815,O001628,4.0,2026-08-14,Not as expected
R003816,O004631,3.0,2026-01-09,Damaged package
R003817,O001523,4.0,2026-06-21,Great value
R003818,O000836,4.0,2026-04-15,Not as expected
R003819,O000359,4.0,2026-07-04,Damaged package
R003820,O000139,4.0,2026-05-14,Good quality
R003821,O000300,4.0,2026-06-13,Late delivery
R003822,O001557,3.0,2026-03-27,Excellent product
R003823,O001004,5.0,2026-03-11,Great value
R003824,O000383,4.0,2026-07-27,Excellent product
R003825,O004967,2.0,2026-08-05,Average experience
R003826,O004104,4.0,2026-05-08,Average experience
R003827,O005880,3.0,2026-08-31,Average experience
R003828,O000762,5.0,2026-04-12,Damaged package
R003829,O003879,4.0,2026-04-30,Good quality
R003830,O006888,3.0,2026-01-28,Great value
R003831,O005222,4.0,2026-06-08,Damaged package
R003832,O005655,3.0,2026-06-18,Good quality
R003833,O004316,5.0,2026-02-13,Excellent product
R003834,O006230,1.0,2026-07-28,Average experience
R003835,O005822,3.0,2026-03-30,Excellent product
R003836,O004950,5.0,2026-08-16,Late delivery
R003837,O001403,5.0,2026-07-21,Damaged package
R003838,O000821,2.0,2026-01-05,Good quality
R003839,O006183,4.0,2026-03-07,Not as expected
R003840,O002722,5.0,2026-08-11,Not as expected
R003841,O001933,3.0,2026-07-13,Average experience
R003842,O004363,5.0,2026-04-14,Not as expected
R003843,O003561,4.0,2026-06-26,Not as expected
R003844,O006474,5.0,2026-03-27,Average experience
R003845,O006509,4.0,2026-01-04,Excellent product
R003846,O004167,5.0,2026-03-18,Fast delivery
R003847,O005736,4.0,2026-03-26,Great value
R003848,O003056,5.0,2026-04-18,Damaged package
R003849,O003808,4.0,2026-06-24,Fast delivery
R003850,O006153,1.0,2026-05-23,Not as expected
R003851,O006731,5.0,2026-03-23,Good quality
R003852,O004787,3.0,2026-05-16,Excellent product
R003853,O002686,2.0,2026-01-15,Good quality
R003854,O005716,5.0,2026-07-08,Fast delivery
R003855,O000059,5.0,2026-08-17,Fast delivery
R003856,O000077,4.0,2026-02-12,Fast delivery
R003857,O000797,3.0,2026-04-24,Damaged package
R003858,O002417,3.0,2026-02-20,Great value
R003859,O002249,4.0,2026-03-24,Not as expected
R003860,O005261,5.0,2026-01-05,Great value
R003861,O000786,2.0,2026-07-01,Excellent product
R003862,O001732,5.0,2026-02-25,Average experience
R003863,O007007,5.0,2026-04-02,Not as expected
R003864,O003159,,2026-05-02,Good quality
R003865,O003107,4.0,2026-07-29,Damaged package
R003866,O000124,4.0,2026-02-07,Good quality
R003867,O002218,4.0,2026-02-07,Damaged package
R003868,O001573,4.0,2026-01-15,Average experience
R003869,O004826,5.0,2026-07-25,Good quality
R003870,O007197,5.0,2026-01-18,Not as expected
R003871,O004039,4.0,2026-07-16,Great value
R003872,O005584,2.0,2026-03-07,Damaged package
R003873,O006093,4.0,2026-07-24,Late delivery
R003874,O000911,1.0,2026-05-30,Damaged package
R003875,O002173,5.0,2026-04-26,Great value
R003876,O001851,5.0,2026-01-22,Not as expected
R003877,O002310,5.0,2026-06-09,Late delivery
R003878,O006739,,2026-07-31,Excellent product
R003879,O003635,5.0,2026-05-11,Late delivery
R003880,O001258,4.0,2026-04-19,Excellent product
R003881,O002496,4.0,2026-08-12,Damaged package
R003882,O005428,5.0,2026-07-01,Good quality
R003883,O005161,4.0,2026-05-06,Not as expected
R003884,O003502,5.0,2026-07-15,Excellent product
R003885,O001179,4.0,2026-08-05,Good quality
R003886,O004371,5.0,2026-06-19,Great value
R003887,O007115,5.0,2026-01-24,Great value
R003888,O005419,4.0,2026-04-26,Excellent product
R003889,O005888,2.0,2026-07-30,Fast delivery
R003890,O003651,3.0,2026-03-23,Excellent product
R003891,O000443,5.0,2026-01-12,Fast delivery
R003892,O005518,2.0,2026-06-01,Not as expected
R003893,O001400,5.0,2026-04-17,Fast delivery
R003894,O002974,4.0,2026-05-04,Damaged package
R003895,O002885,5.0,2026-02-08,Excellent product
R003896,O001458,5.0,2026-01-04,Damaged package
R003897,O004422,5.0,2026-05-13,Damaged package
R003898,O006858,1.0,2026-08-21,Average experience
R003899,O003460,5.0,2026-02-04,Great value
R003900,O001055,5.0,2026-03-27,Not as expected
R003901,O003930,4.0,2026-06-11,Late delivery
R003902,O004368,5.0,2026-08-19,Not as expected
R003903,O003276,4.0,2026-05-18,Not as expected
R003904,O005520,4.0,2026-08-13,Average experience
R003905,O003700,4.0,2026-05-26,Excellent product
R003906,O003760,5.0,2026-05-06,Good quality
R003907,O000930,5.0,2026-05-07,Late delivery
R003908,O001416,4.0,2026-03-13,Late delivery
R003909,O002373,4.0,2026-01-02,Excellent product
R003910,O006802,4.0,2026-03-16,Average experience
R003911,O001830,5.0,2026-07-31,Good quality
R003912,O006102,3.0,2026-04-18,Average experience
R003913,O000817,5.0,2026-06-18,Not as expected
R003914,O004670,5.0,2026-05-29,Fast delivery
R003915,O005049,4.0,2026-04-04,Excellent product
R003916,O006601,5.0,2026-05-17,Excellent product
R003917,O001503,5.0,2026-07-29,Not as expected
R003918,O005799,5.0,2026-01-05,Good quality
R003919,O001451,4.0,2026-06-26,Average experience
R003920,O004772,5.0,2026-02-12,Fast delivery
R003921,O002012,4.0,2026-01-16,Good quality
R003922,O005456,4.0,2026-05-20,Damaged package
R003923,O003516,,2026-04-17,Late delivery
R003924,O004889,4.0,2026-08-08,Damaged package
R003925,O005460,1.0,2026-08-01,Late delivery
R003926,O006089,5.0,2026-07-21,Damaged package
R003927,O006907,4.0,2026-08-29,Average experience
R003928,O002607,4.0,2026-04-09,Excellent product
R003929,O003265,5.0,,Excellent product
R003930,O005807,4.0,2026-02-24,Damaged package
R003931,O005439,2.0,2026-08-31,Average experience
R003932,O006301,4.0,2026-03-06,Average experience
R003933,O004775,5.0,2026-04-10,Excellent product
R003934,O000007,5.0,2026-04-08,Great value
R003935,O002981,5.0,2026-06-18,Excellent product
R003936,O003740,5.0,2026-07-04,Late delivery
R003937,O002488,4.0,2026-03-18,Fast delivery
R003938,O003362,4.0,2026-01-27,Fast delivery
R003939,O000679,4.0,2026-05-01,Damaged package
R003940,O001944,4.0,2026-01-10,Good quality
R003941,O004702,5.0,2026-05-15,Late delivery
R003942,O006625,5.0,2026-01-25,Fast delivery
R003943,O006090,5.0,2026-01-27,Not as expected
R003944,O003897,3.0,2026-01-04,Good quality
R003945,O005913,3.0,2026-06-15,Damaged package
R003946,O004725,5.0,2026-01-07,Late delivery
R003947,O002608,3.0,2026-06-05,Not as expected
R003948,O006561,4.0,2026-01-26,Late delivery
R003949,O004603,2.0,2026-01-13,Average experience
R003950,O006621,3.0,2026-08-27,Great value
R003951,O003135,4.0,2026-06-25,Damaged package
R003952,O001065,2.0,2026-07-30,Damaged package
R003953,O002895,4.0,2026-02-02,Damaged package
R003954,O004568,4.0,2026-02-07,Not as expected
R003955,O004711,4.0,2026-01-24,Great value
R003956,O002243,5.0,2026-06-30,Good quality
R003957,O001475,4.0,2026-02-03,Damaged package
R003958,O005333,2.0,2026-04-04,Great value
R003959,O001890,5.0,2026-06-16,Fast delivery
R003960,O003436,5.0,2026-05-05,Not as expected
